"fecha","Cerrillos","Cerro Navia","Conchalí","El Bosque","Estación Central","Huechuraba","Independencia","La Cisterna","La Florida","La Granja","La Pintana","La Reina","Las Condes","Lo Barnechea","Lo Espejo","Lo Prado","Macul","Maipú","Ñuñoa","Pedro Aguirre Cerda","Peñalolén","Providencia","Pudahuel","Puente Alto","Quilicura","Quinta Normal","Recoleta","Renca","San Joaquín","San Miguel","San Ramón","Santiago","Vitacura"
2010-01-01,17.9957086426753,12.9029399797026,9.44184952562014,18.8756968420588,12.4003089054528,9.33371879185517,8.35710717187801,18.11897339559,12.5616968956918,15.9192212548507,14.6831893507817,10.5489122001741,9.47901432520827,9.38972131543532,17.8888109447429,13.5753928860881,13.4937021963784,17.9138341051977,10.7510582189895,14.4266750896001,11.6080168466,9.38273519100586,13.6120998365755,8.72991154813358,11.8084909346186,12.0575595202556,8.4230438112352,10.9778576519511,12.4136206422306,12.8106246493108,17.4704246907887,9.75268259603492,9.15128336641251
2010-01-02,20.3781304325474,18.605548311216,12.7875761631622,21.9408798028511,13.1090726037564,12.7042986172483,10.9775346259933,20.8038762668297,13.5039037815802,17.9084042734316,16.3861722702207,15.4444602767769,13.0954493874118,16.1772737398339,20.2456706956959,17.8995710574838,14.7753767891304,20.6971685454183,13.1200496775408,14.7696050428964,14.8684447641779,11.8776330593617,19.09985640631,8.54491179845071,17.4041874701997,14.4660863935119,11.2431590486022,17.0017350409652,12.2473554148108,12.8549224504184,20.0675400400329,11.2353667863834,12.9627095738385
2010-01-03,19.3845520317575,14.6437511350236,11.6389068101345,17.1307403549866,14.7673913217928,11.912722057239,9.96097949911488,17.0617726503067,12.5238385398557,15.4277031221633,14.032533078684,14.0439061824671,12.1526170376692,13.826840892923,18.3405144080095,15.414208276168,14.4090211862904,19.0444461657421,13.0957483457045,16.1941673923412,14.0231387311008,11.4680192860433,15.1801805977765,8.56618241232075,15.8324650225875,14.208915281325,10.1963525541752,13.2833620198135,14.6840278498642,14.966352787353,16.4122227653139,11.7121263206875,11.9489051765627
2010-01-04,17.3463897855577,13.1612198292721,9.63453102922973,15.0763882932905,12.2110065458302,9.06060660134125,8.42680927397527,15.0890111296548,12.0477540684142,14.0643112918331,13.1047342297762,9.20126158145705,8.77199937455609,7.5857208314694,16.3370304208403,13.6301060631901,12.8718654958939,17.05741139495,10.1701313806883,13.6680981655687,10.7385827588409,9.06992036944323,13.6770614920216,9.0891487758745,12.054359195834,12.1155540471041,8.39521710475947,11.4181282938088,12.0944120594104,12.4781590856278,14.7833505103734,9.6941871033244,8.54801023739129
2010-01-05,15.9137634376281,12.3225979983272,8.81509625324888,14.216446851301,10.4551767369875,8.24024974627768,7.48563666344162,14.1630580074527,12.2235628397847,13.4964384814622,13.0205399932032,8.33442517398723,7.78986483976483,6.8335591305129,15.1097353870157,12.5299137368112,11.9274425047012,15.7441592632134,9.04159138798502,11.9859750839223,9.8649034064101,7.98769441567111,12.8500866194528,10.3444569225735,12.3458336440836,10.6943936030989,7.50358395094354,11.0126170351966,10.3251429063982,10.7783937917293,14.1094151949696,8.34443239996356,7.63432825808307
2010-01-06,17.1324403189865,14.0069032544417,10.0332811489441,17.618802483466,11.7056592903461,9.34369056029531,8.56566128594118,16.9321374272516,12.1262310564799,14.9540472834461,14.0480582797908,8.98714696427643,8.6721039197867,7.54289376104814,16.8722890148164,14.0955945612139,12.6556286360197,17.2191550685054,9.8553117905047,13.3064240463405,10.4130852951814,8.95794967185516,14.5909700150424,9.01867282675388,13.9025398869145,11.9443836019275,8.5698400055134,12.5636403225859,11.4068473454652,11.8171592420557,16.4024566305552,9.49484531613725,8.62773110752934
2010-01-07,21.786341247231,18.0340201071369,13.1381268980444,17.5045560245339,15.4228513039412,11.7268343911605,11.6496623885507,17.2856821676959,12.4873289468615,14.7584058038944,14.6137345957466,9.19076387797836,10.3268944082019,7.45094383030273,19.6225565192018,18.157434596988,13.2548977165045,21.4573708591639,11.4058168894501,16.1036737849273,10.7844753673981,11.3255162084433,18.5679322422143,10.5853300345699,16.0148183133146,15.8301502647476,11.4532920040867,15.9387807965885,14.2955501246688,14.6550907958134,16.4379399092999,12.7688296604377,10.5839213903658
2010-01-08,15.5452971568674,13.9393329906828,9.47489086299741,16.4176852111381,9.51794606586625,9.55353376890653,8.07470966678094,15.5075329496649,12.3428054158388,13.6462214389465,14.1338593151981,11.9741149200098,9.94355944359376,12.9502256467106,15.2542793248724,13.378699532728,10.6004564377231,15.7410346269291,9.70953327178051,10.7375677660463,11.1346478482088,8.7924206411917,14.3309036638872,12.0895419561514,13.2583026678059,10.6803298799499,8.32806616951011,12.7899462400136,8.71503192556766,9.20636688768402,15.2446917628685,8.15162553392845,9.87691210626489
2010-01-09,18.5420190699744,16.5552485484537,12.0295843741271,17.4299895751562,11.4179458187934,11.5441571128761,9.8968290349823,16.7508914179142,12.0623535803504,14.5089324816724,14.2128120526545,11.7842494749862,10.6435615941035,12.0518956077495,17.4832826901426,15.9218583301397,11.9759094588536,18.6105318802629,10.6523639720831,12.500367982738,11.6697713066843,10.0638164907593,17.0189541874709,9.83274767058599,19.2079998735033,12.8030673833529,10.132841783161,16.1304707791299,10.3263315407956,10.886089318661,16.256050615075,9.87108719442399,10.9694188074237
2010-01-10,20.6808861094667,16.8765656001811,11.9551343635519,17.9420459180935,12.7945688305309,12.0827283833238,10.2652131740658,17.3751346701525,12.5424775075734,14.8090397979637,14.8667169240964,14.5848154234934,12.4059068152471,15.907205487035,18.9509941028157,16.6619402970852,12.2858767419748,20.4115724255036,12.0399282245345,13.8556758633637,13.3088892339291,11.1095998811529,17.3501427737097,10.8620617652794,16.4009317875603,13.9268866903725,10.5606973207558,15.4263195845379,11.5459638527217,12.1022546403409,16.7336083083184,10.6826647115818,12.4347618328976
2010-01-11,13.6639412603353,10.7926048210371,7.73391598578729,12.9404891166585,9.37973568761653,8.21198405430915,6.97992155409165,12.7868135064787,10.7438520646011,12.1084644739207,11.5305010418207,11.4212937536781,9.25115006252362,11.8302792646466,13.2363947260833,10.9748477478168,10.7381606749974,13.5832350835007,9.59037940155421,10.6993264508967,11.0251760094313,8.22630271431395,11.2371267268249,8.81031897081056,9.08731714841986,9.52225937401419,7.18724278076277,9.28731145749702,9.33836053487171,9.69741878774997,12.6901656332576,7.70897573904404,8.8299023630227
2010-01-12,17.6287606262058,13.4430869943495,9.61093885500041,17.1557761987957,11.1362898095824,9.70997818294074,8.23367527409498,16.4890677032489,11.4728171975066,14.2753520388021,13.5797728545686,11.2303950343592,9.71167330275301,11.1833915394682,16.9196581540947,13.6578691390788,11.8601690586792,17.6036859689401,10.2032640158253,12.7709060790261,11.2786869267818,9.09135230869815,14.1992742498039,8.58691096870599,13.9268637370756,11.4139092367258,8.44842626735774,12.0652540617525,10.6895475336762,11.1595826580988,15.9076002627718,9.00396395620307,9.6277161823101
2010-01-13,23.0733452745898,19.3285194871479,12.3157562374849,25.5836020263436,14.2063165410589,12.7360286109752,9.3365122623084,23.670601639838,13.4244194420619,18.7326489193266,17.8899842758246,17.1824693533022,13.3592504508779,19.1118535321766,22.8300252605186,19.0057999643479,13.8978920882102,23.3294966594206,13.1758683389622,16.2696071969981,15.1453124016962,11.2303228580969,19.9313794355813,9.20868774893939,19.9253979877073,15.1941289039124,9.85480792402278,17.4136931612293,12.9239444691727,13.5219120184706,22.2621900454588,10.6437277191351,13.3289916046418
2010-01-14,18.912356658353,18.4987081564616,12.4853522886798,19.5479991064684,11.5595330965608,12.3496655313975,9.9602085577087,18.6558688478048,15.4765020860937,16.9245737479942,17.277743963931,15.2741184025473,12.4325229703066,16.524299967505,18.5201926255623,17.3380261810096,13.4641853776594,19.2421127278673,12.1534133470308,12.9470477844051,14.2573230395255,10.8473210961474,18.7890641659505,14.7624201726133,19.8138220679604,13.469138001892,10.3500583611553,17.7424227566733,10.490303125305,11.1511702440286,18.537567378392,9.87656847430927,12.4885076840775
2010-01-15,24.2982781078302,22.9304125505994,19.7200252104508,26.0700860465694,18.7821235205107,18.0574394512965,18.1340263268343,24.7424541280955,17.2454700404766,21.2659162760462,20.4052710868515,13.311678061737,15.3889352421734,11.3859671767316,24.0901599129473,22.3881724188191,18.5429846522693,24.6318276049272,16.0884703826808,19.6275435852997,15.353558804944,16.7869559157782,23.4418268663719,13.7424400976117,25.9700998082637,19.8229186681039,17.9842180562621,22.8729672168922,17.7247184496416,18.0984560690333,23.7175591798782,17.9014856022629,16.1128049517864
2010-01-16,21.4200558447839,18.9339674923371,17.0122386887697,20.3880154561072,18.2057175981605,15.5638387099543,16.2375797606325,19.8612435789646,13.8889579241801,17.2444712242951,16.1212075229469,11.0088255955213,13.4930327865293,8.6849155718103,20.538974705536,19.1932424837186,16.3860809241036,21.3412150754905,14.5812982298027,18.5900008111415,13.2065619579449,15.2179406666682,19.3695869793202,10.3585393573336,19.3864878850258,18.132894068537,15.9478750257653,18.1507743239627,17.5716237841477,17.6921447212782,18.8384909347754,16.8608186824966,13.9532648636096
2010-01-17,19.7857400174716,17.3038092339726,13.3254531169595,19.4486761693894,14.16529690073,13.0471819102127,11.765272996101,18.7935902771339,13.0758124673721,16.455793124457,15.2931752016158,13.7232842664818,12.6748279785172,13.6168803029369,19.1388194624021,17.1358419149125,14.4775883270697,19.8597948342426,13.0568132465033,15.3629255515009,13.844358361172,12.2653440493593,17.8234945391321,9.23853808228791,17.8842396673298,14.7665842527597,11.9192294293241,16.2197056288183,13.5200338431845,13.9315139743066,18.0906889419653,12.3204935959552,12.7430806762786
2010-01-18,13.9771269499157,10.5352012819528,7.92576368000758,12.6883163877414,9.80470865569139,8.1986195571793,7.02536910193518,12.5136378536436,10.2033630963725,11.4855398140288,11.186518753925,10.1697495668917,8.66168489624276,10.2344007664196,13.2709485670149,10.9242601570694,10.1597900230161,13.7976454697449,9.13005538123399,10.9616902754602,10.0358165940881,8.02631356965741,11.0085784888362,8.77822937063574,10.0581654953694,9.71283158933351,7.19125308598456,9.26504737938821,9.65640013271289,9.95155841349264,12.2511143544477,7.93709031480821,8.43147805419026
2010-01-19,19.0085956386522,15.1664381503592,10.6424854604951,17.2121276900834,12.9403746752702,10.3399307638484,9.15911028863094,16.8253140330331,12.1954624769768,14.812338346697,14.0710646148665,11.6986321743664,10.4343570536144,11.2939643748474,17.9036964023601,15.3531222789478,12.894374816773,18.8032511005135,11.1874770841167,14.2945974342943,12.0228824760774,10.0372022084138,15.6512408490572,9.28801741610371,13.5662853570902,13.254471382682,9.25126249534478,13.2381765761838,12.3593683860976,12.7844450226409,16.2301794402567,10.3135998348426,10.2643167734174
2010-01-20,18.6244573328548,18.1856062800252,9.96539111730642,17.0597907908379,10.7425247345718,9.62288471369052,7.84224107148841,16.4453806901539,11.595499190686,14.2207279591867,13.7751836022353,12.648575502884,10.1459535112458,13.5236768770216,17.4222307134066,17.0458243490695,11.4350095615846,19.0260490625628,10.1511832936164,12.0213136161486,11.8854511900055,8.83121191900456,18.7979308752091,8.94571768452074,14.2492810637997,12.3904043821332,8.07007218948219,15.4965903452017,9.51977774522487,10.1620036502914,15.9740540191777,8.33633992005505,9.98801413414219
2010-01-21,18.1478241336118,18.517285945138,9.65200018940607,16.0534330448921,10.22059821887,9.13979191691194,6.92706469089153,15.3654775941077,11.5360799959307,12.9970668314509,13.6970141677585,11.9265436274573,9.34323850342368,13.1947043927626,16.6399192919061,17.1330188210958,9.80891614342999,18.5695179654262,9.13603499036944,11.1696068676609,10.7086501528143,7.89310057826869,18.9965133334059,11.2459278047339,15.4777968322635,12.1017684034079,7.19794816639926,16.0107086935957,8.6223871913381,9.23327899673384,14.913284839983,7.52035504664594,9.38688633299526
2010-01-22,20.2591639230588,15.4377000266942,9.79158885995161,15.5147711034785,11.3895528116124,9.2791480238629,7.98918090134968,15.2544753089707,11.5089387981919,12.9802213089821,13.5294620753266,10.1204130320825,8.97401055649329,10.1661258389529,17.8294606047021,15.390761641971,10.5325775979652,19.813195998203,9.27518588899125,12.538433389806,10.0864939656188,8.48056880939321,16.0369364785812,10.8014541151221,14.1444627325907,12.4260292575278,8.1144277707332,13.4523103320995,10.0730778975302,10.6869748918973,14.7335160124625,8.72462761170284,9.04235634032394
2010-01-23,18.0890173648322,15.158240847171,11.0503530985614,17.2541185812064,13.467587965252,11.6323439082307,9.7870746885299,17.0716824900992,14.0449236503362,16.0569738692825,15.1163220846213,15.0891756084905,12.5481892929686,15.36665035681,17.6117766705162,15.4028558790252,14.5794602812305,18.2180152830435,13.1888498111196,15.0819296055547,14.7212586793213,11.4246540967708,15.9266335289731,11.2385178582215,14.0944735869211,13.2502472385582,10.0694887235565,13.2508428127919,13.5351852547108,13.8922582349914,16.7999172680972,11.0504619923242,12.1396061535599
2010-01-24,25.8371974605699,20.1114296862936,15.6775419126716,24.6851259676294,18.6573660245684,14.4845317957065,13.8986272759761,23.966377357472,15.9450968283113,20.75289506036,18.9145934350829,12.6035984097896,13.1492765568412,10.1534678143236,24.7958476617828,20.7014318980393,18.4503302930061,25.5720958318676,14.9250950101842,20.4965791420718,14.916935541479,14.103552431434,20.8221252213581,10.279645613095,20.0844694894075,18.6214719885347,13.7842595685717,18.199411852785,18.1170692446553,18.5830786364561,22.8690994329446,15.4312270365073,13.2111903220905
2010-01-25,19.8057205880654,15.1386530763712,11.9728634192481,20.3444491410816,14.8913212846059,11.716114803512,10.672218999014,20.0608173037656,15.5694917022784,19.0131341236351,16.8540131756394,13.2848896127229,11.9494134913496,11.5176949050849,19.9159651544631,15.7854214116839,17.4043872515585,19.6220093963705,13.7062921313123,17.1002519456423,15.0041850674535,11.9073870909731,15.6138962305309,10.1811700720355,14.6196538463539,14.5752399873675,10.723513855827,13.5078503511836,15.3101502704795,15.7438256052559,19.749861122255,12.1614298575337,11.4497018300491
2010-01-26,19.212689760389,13.5337832759732,10.277672990344,16.183748321816,13.1261666321028,9.43479667542435,9.34045623764327,16.1375376014489,13.2705069128114,14.828414033096,14.5065726660456,8.61168280657223,8.90405425001498,6.58071378426542,17.7919533886641,14.2480294319896,13.2859446088543,18.6579125865762,10.3891075335703,14.5735920114623,10.568759571207,9.62134407985114,14.0354917994468,11.449034820826,11.7347250182187,13.0652742181624,9.20001499489614,11.6285669807761,12.8040593729869,13.226856327343,15.7948800153032,10.5700197005445,8.72453104352825
2010-01-27,13.5799592526937,13.7165010269853,8.49338023028275,11.0633036741724,8.58710228636989,7.75703518508493,6.67972801347934,11.1177176197396,10.1804852741926,10.6518956592644,10.7463400994872,8.03456029103203,7.18693859938125,7.59089094431198,12.4435009823379,12.8906317511257,9.33615968219471,13.8060807659089,7.68420030255641,9.33708743030063,8.57652813008962,6.94309408208141,14.1254390187615,9.53074272092869,13.2559243156444,9.69044397297032,6.76493017351952,12.4802947718955,7.89314761053677,8.33151298296741,11.1682186952533,6.98171991473075,7.26537772878497
2010-01-28,16.9888676299985,15.6606333504765,9.68847306894701,14.2965726191735,10.1981098433904,8.9636723457159,7.68863339705253,14.1957282629355,11.5946179338925,13.1236539322825,12.7678676326226,9.85116227461965,8.5873403661144,9.4274668926131,15.6529030577826,14.9463325646098,11.2758188792558,17.0684995056048,9.17268233462255,11.3642701682091,10.3984914621862,8.15965119215028,16.1301422529361,9.58993539875249,14.6921876923088,11.4723480451462,7.80209929734348,14.0478364577915,9.36366639322761,9.94276806482932,14.0704882015483,8.12036545164476,8.57332278905616
2010-01-29,16.2685049447262,12.1561697296058,8.1781072640426,12.599378170359,9.63214277435767,7.71736197945652,6.99998932526018,12.769868802179,11.5977775367463,12.2127809158774,12.2601716776205,8.06282064727832,7.40167218818085,6.99156033925785,14.6894096584571,12.3078576122993,10.7342174985074,15.9768911172388,8.32791011317811,11.0120560894608,9.21060261662877,7.41939206195393,12.8209513845267,10.6482746746881,11.4495094348799,10.1110243077324,7.04342381574934,10.5882587287397,9.22929643797814,9.76032330246471,12.8012497761176,7.63108867830856,7.26992991036158
2010-01-30,17.8413263474592,13.8169980404355,10.0714556456754,13.5610893567898,11.7671403404982,9.32798370667696,9.08817687173153,13.8908579045225,12.1933084413236,13.3148257861904,12.8591878619886,8.87928995396788,8.84782431790747,7.35913293229062,16.0968533599331,14.0335677192324,12.4269264884744,17.4473005527813,9.94523302182824,12.9199680872942,10.4447215233653,9.26245551551455,14.3698656964786,10.2230565931943,12.2503687075673,12.1666257701174,9.01783498455978,12.1299674436702,11.3533813627435,11.828418823541,13.8065759520264,9.78954272272951,8.72325990893328
2010-01-31,18.9448479566752,15.2344371922346,10.1605784298523,14.558516385792,11.9311211073324,10.2581518412854,8.47331711490575,14.756118237724,12.5918221612197,13.8275579229824,13.564714478816,13.3597101638408,10.9161943210817,13.8949926853285,17.0560918864633,15.1988240928662,12.3904309379631,18.5782119541582,11.2439666157777,13.1759473629925,12.8374461310911,9.74107155172229,15.6983611807787,10.7992765996083,13.8199624751161,12.6705457474196,8.72342823035664,13.3742453641416,11.2356914064658,11.7849662650494,14.6058948471271,9.37336914796589,10.6517727021282
2010-02-01,17.9257630745774,15.43786375215,10.8605164251484,12.6400867425234,12.1755209480858,10.5076277382617,9.44735347786085,13.0212102628105,11.4504082660637,12.2161570621478,12.199836611473,11.7545266425799,10.5663080412987,11.9058077685026,15.7384183969536,15.2460644066133,11.5057192811869,17.5666950774206,10.8215467298749,12.7371172488035,11.5928011052086,10.0291012329528,15.7792566028244,10.3293398054404,13.6658849830777,12.954097616475,9.54635573632043,13.7813018384695,11.2938785462825,11.7133473764837,12.8271994380272,10.1151387387754,10.5171779297466
2010-02-02,16.1109646098294,12.410841229235,9.23955126476829,11.9280055367793,10.7738413172996,9.63597608300073,8.10529693100147,12.4919181664774,11.7254648714282,12.6176806681609,11.8436366086819,12.5082373949403,10.3088943652338,12.6666821112953,14.602053387484,12.6737279845012,12.1740130524683,15.7545761755439,10.8171415275964,12.0350851954135,12.3915509975273,9.33856640250417,12.9569949439551,9.38497415380779,12.3920554530114,10.993064288622,8.35675164586788,11.1634176394774,10.6922187322353,11.1491008271476,12.6192292346145,8.85146514947885,9.97320601238132
2010-02-03,15.4726344706823,11.1517450647555,8.91551857855318,11.9119020825405,10.3622899669218,8.92093416703515,8.27306033474761,12.3066567953054,11.2364363961863,12.1720571345306,11.5456221812098,9.69770192314402,8.92260583438444,8.87962641647523,14.1177586183966,11.6284632152325,11.6158507577054,15.1079112464292,9.71370443343927,11.6055785981552,10.571619367271,8.82387578768062,11.8051069914098,9.18744073317353,11.2251616778537,10.3711501833657,8.35715940712132,10.0433686087442,10.3454623250453,10.7589898814825,12.3491475403084,8.84067345530663,8.71669442846583
2010-02-04,19.4690257756626,14.626940717092,10.8092383436322,15.4743389767635,13.2449386694737,10.3757119945482,9.64676858897847,15.6304932046512,11.8362335033504,14.2789347210727,13.1599843066434,10.7345616382661,10.155298436121,9.61774568684534,17.7414431350239,15.0957983025655,13.3266147029728,19.0409833967531,11.2103114508302,14.5472911285565,11.7935777650052,10.2440530065711,15.2509574007416,8.2522421427591,13.3621695816668,13.3303860186387,9.65998009616254,12.768306012009,12.837245955843,13.2788723159997,15.1776968304335,10.7558208248705,9.99502643990067
2010-02-05,23.1039209534003,18.1790123093542,14.57241147613,18.0008529850359,16.1450533926253,13.632700924488,13.2355648457789,18.1413466255734,13.4945632022491,16.2786439669774,15.2176690187613,11.9677596559304,12.4633399150785,10.5238366666878,20.8164299966492,18.5035276160569,15.4103896327186,22.5603041243732,13.3969511148687,17.0891596019432,13.398948372278,13.0862703379671,18.7618403585667,9.73418638224219,18.3935578209846,16.6002012634854,13.1735815805927,16.8514714196574,15.3046367803216,15.7738198364573,17.500227768851,13.9567622440513,12.6474209390401
2010-02-06,18.8457052198915,14.749331830977,12.441299727724,15.7564603008222,13.5462357031474,12.454373379021,11.6880905151547,16.1837828718881,13.2669719511452,15.9480817218807,13.8407159171072,13.6600327161391,12.5646751939292,12.7978103412455,17.7356343709425,15.10376745847,15.7556231300765,18.5069554386841,13.4209445103088,14.9848316103941,14.6501072330253,12.3322295751615,15.3368450048498,8.01608293900551,15.1456599358936,13.750315093817,11.8013273530204,13.8036951876746,13.6417107244047,14.1211429093979,16.1076842616724,12.1193445657859,12.2862191627812
2010-02-07,14.0286227401484,9.69506518209053,7.53264106067676,12.0115273044636,9.79650803477022,8.20301753534271,6.82341189463518,12.1173828090602,11.0326554899041,11.7274059950368,11.4868356290586,11.1123111904073,9.07591345084306,11.304243768263,13.2034489966829,10.3609378058848,10.6917917315675,13.746926487021,9.60906441905333,11.1683405407818,10.8511303084222,8.18364292812278,10.2994988307254,9.9131127036782,9.41037091564328,9.40865765062597,7.05773638017759,8.37261523780565,9.94049183485284,10.2555977832846,12.0782681255226,7.85791433220585,8.68923707164119
2010-02-08,14.8391014443024,11.4688213730767,8.68291878060472,9.74444856099239,9.49671647826019,8.74871474369599,7.90193782593877,10.4126101871196,10.6535995817188,10.7022119119438,10.5625774982567,10.0506089060724,8.89902319672119,9.90581841371166,12.9549006515356,11.6018838427726,10.4495845801655,14.4520314446612,9.26043878239906,10.3682718112549,10.3000481567333,8.44156783466979,12.0347500854647,9.65638794486669,11.2972267331551,9.93303691782332,8.04246219778372,10.4182099818455,9.1998842033143,9.64510174984458,10.6342569986152,8.18673520347915,8.74710879609105
2010-02-09,17.5577647941948,14.5237262215873,9.6002438364996,13.2623683559155,11.1236818495211,9.03853939382764,8.26067218542687,13.3190107526388,11.1858074241765,12.056552789831,12.334280370094,9.76183002284344,8.94489982444128,9.50256688636864,15.5883911010727,14.3727865880692,10.5995255489835,17.2457959384159,9.38228402045204,11.934127790694,10.0225765314709,8.67816021531208,14.9430055021165,10.5040229008319,12.0479213064177,11.9330600866217,8.29266771995335,12.5784142400349,10.187493702631,10.650772970792,13.0505485863601,8.95323576692149,8.88924962982784
2010-02-10,18.6471247939875,15.6124866802412,9.33889664709899,14.2971726443392,10.2775332374732,9.32115738132328,7.59734218279797,14.3535655885205,11.2450915496447,13.1057194089102,12.5993817298523,12.8377752267594,10.128473938289,13.7732277838297,16.642024562834,15.0940259995438,11.2849070866446,18.3807909418844,10.115261628304,11.5425723449328,12.0546667369991,8.70305372410069,16.0633814240669,8.62511597881651,12.9779419212593,11.7411970580727,7.86020376653567,13.51487182111,9.23638407923198,9.93110278031739,14.1760354905784,8.01029271435891,9.86039993704573
2010-02-11,17.4677308130156,14.5057167384265,9.55874504263047,14.2355656075519,10.5689629728125,9.36689900628213,7.59591285771043,14.2952509992684,12.4383208233699,13.5298565520569,13.3263407160224,11.1137386957709,9.25114360498314,10.9598268040002,16.0141449987518,14.2832843451406,11.7996454325787,17.3625286653708,9.85993360252904,11.9921432532829,11.3428251235914,8.50491612855504,15.1174492675003,10.8581942605936,15.2331387553478,11.3579552606725,7.83225828569288,13.1838541849569,10.0202011458994,10.5922484475578,14.2671441682093,8.27392171412244,9.16693126393519
2010-02-12,15.1111211283907,12.4359930074343,7.963545739984,10.2231821974624,8.99996510738084,7.61096628994705,6.67650868668402,10.4397734800079,9.40144578735276,9.53251746362275,10.1929163986478,7.70380372854525,7.11978638715339,7.48933755681336,12.9784050855239,12.2879366697297,8.37153589532167,14.9875052529497,7.44827381656768,9.70879934622627,7.92585124562977,6.93628818198218,13.1963927253737,9.66980960102267,11.8187731175769,9.56669654251414,6.77317029431874,10.8662961168801,8.18911701066388,8.61323763691577,10.2942980714927,7.18430358362466,7.23510489289647
2010-02-13,15.5756438321633,12.74993358719,8.74824557206261,14.7464357719163,10.1284077636794,8.59163726118585,7.7284106046651,14.1525832825846,10.6885075023072,12.2375858911109,12.4198915718648,10.0609397879818,8.88539635743175,10.2946142997711,14.7421455266395,12.6878742150486,10.0058314877724,15.4809266452925,9.07139775477454,11.1452815763683,9.82160789860346,8.32900873957154,13.1320853813658,9.83883692719417,10.5232743146896,10.7266548292107,7.82055903882857,11.0713953054331,9.40050378707167,9.78266062198398,13.6989290447234,8.32791228891601,8.76327870059872
2010-02-14,18.2779789485901,14.9791117395702,10.992531740093,14.626541510477,12.3200360784527,11.8740003221886,9.87579207845289,15.0432328793375,12.5000672200517,14.7216242917709,13.1097814543277,16.4882940101336,13.2208107540876,17.6008683739831,16.8993406042947,15.0240196126404,14.1811812609409,18.1040569464196,13.2986288249269,13.7450652207648,15.4672034350451,11.5225478249842,15.6659937074927,8.17421974944234,14.1248280961378,12.7453130464797,10.2638524557004,13.4123282204185,12.1853221261497,12.7091055675929,14.9931062560733,10.4728494950797,12.7611401060873
2010-02-15,19.0979954633682,17.2684275372067,13.4985632869509,16.1079232325339,12.9093711160734,13.5615643177212,12.5341769504766,16.1382915810271,12.7866770454396,15.0899269903144,13.9798910290799,14.9673354361299,13.593844517136,15.5813116469844,17.684094467543,16.758474413161,14.1569482380375,19.1077684747431,13.345471243633,13.765856907638,14.5854642509221,12.8037024466769,17.9008431522878,9.2356204897067,17.2686139121518,14.0576306053474,12.749738965215,16.386461084945,12.2042858102517,12.7321146396734,15.9206168196446,12.1677546124739,13.6144238733041
2010-02-16,19.8523981227029,15.8520227274413,11.0593556246999,16.7324045649226,12.7401649952978,11.0389066517371,9.24325362019238,16.6033261542521,12.7007283965059,14.9841709445251,14.2860381449919,12.6721005697005,10.926396919553,12.5712889405612,18.3134988838727,15.9406839379676,13.2154487382945,19.7322294408558,11.5384278531792,14.2481376241607,12.7606445830512,10.2292142810033,16.6633185622631,9.83129829972539,16.4803093383121,13.1450258535068,9.48602736920935,14.27017952359,12.1803305461279,12.7073664967454,16.18476306983,10.1854306706292,10.8654944198914
2010-02-17,16.1933721733033,13.4995480440904,8.45159666670307,13.0059961198754,9.53437449407913,8.62043917695022,6.81801232574251,13.0742664619904,11.307293137175,12.3427350686948,12.1551460700271,11.3316278259692,9.02636167360508,11.755654937215,14.7634943874083,13.2518733167988,10.7212034404048,16.1728705639513,9.33852508692826,10.8955953886957,10.984051189456,7.9295599863637,14.2047887742059,9.80199547954559,13.0493826866004,10.2599467981005,7.10059052287448,11.8778720491948,9.02101723413857,9.5699713815311,13.0476001096609,7.42798115942517,8.83653358204829
2010-02-18,12.8618482170086,10.8223977305763,6.84470410215056,11.7676357493156,7.878706886326,7.22467903501127,5.91985302227764,11.6181190535848,9.80430527048886,10.9672726981397,10.5936558314323,10.37910008464,8.14169334694508,10.9693783807761,12.248785824777,10.6368012601311,9.42166853531735,12.9359839897123,8.30242396732028,9.1439728406378,9.87378660066559,7.0240316896468,11.3625920219217,8.18853942493818,8.93722210645678,8.41437787972936,6.1494391148924,9.22404382847564,7.63269963305776,8.06566952400083,11.5961020637949,6.36816824359655,7.79276617610892
2010-02-19,15.1170890258487,11.2833810225857,7.85754253831476,13.4470938220682,9.59199866402273,7.5347156505439,6.91811267653759,13.3404769102027,11.3119471180031,12.5448085354818,12.1970727827723,7.98024273306312,7.36347639417148,6.77979519512667,14.2787149802238,11.563410427649,10.9370011601872,14.996950091386,8.41035821934378,11.1141472455453,9.21439316929472,7.44433715737388,11.969755728628,9.66574664212638,10.4124917186855,9.71762698949195,6.94774610562888,9.71352640347262,9.47561491643474,9.91663731343047,13.2476699065851,7.68526238408065,7.15735812461609
2010-02-20,18.7628891800035,16.1306283322609,10.8130983902469,19.2036967786432,11.6374688681771,10.1704003040273,8.59669293535432,18.0260272549607,12.1538996609368,14.8505263748452,15.0004017674669,9.86990453422735,9.12101264148174,9.53844504993367,18.0834528655748,15.7761808764871,11.3726941180099,19.0187665443783,9.60458748711329,13.0504952726546,10.1881202071882,8.90596436858877,16.8337882882669,10.6994669279357,17.5745778705459,12.4608789883635,8.75548878815601,14.8828078801251,10.6081119677869,11.0939118325726,17.2218727938022,9.27928343595558,9.41959020993508
2010-02-21,18.9131523510843,13.8439737888816,10.2367079320197,15.2824431294105,11.8740211391804,10.3200461393663,8.81416621331503,15.5139219820849,12.8928921799209,14.8236121769924,13.7788471848077,11.9740921445724,10.3183194631497,11.3619619397449,17.4104879994758,14.2365305656445,13.5869684124183,18.5861950933382,11.2124775023141,13.629188506626,12.6528288249212,9.79124935038535,14.6573431458663,9.55990113558151,15.0227012364917,12.1010974348289,9.03342391820484,12.567059101573,11.7187725609675,12.2930970480544,15.4159089777129,9.61772776627383,10.1106902816976
2010-02-22,16.961343775043,12.9373386795672,8.68357680948608,15.2255016585918,10.7895628951155,8.33793785970231,6.87034469375194,15.1813476080821,12.0191511023211,14.3085493688918,13.0790783603337,9.54094206033712,8.12316402441289,8.23686025122821,16.1640754848166,13.1914111193341,12.6682024324322,16.8294536552083,9.51984234014912,12.6997104680163,10.8434801053631,7.90582383424723,13.5799755778225,8.40959458163158,13.6127442408439,10.9427550923412,7.00494539127083,11.4487919925032,10.7579371435254,11.2777249614655,15.0150418986642,8.07398573912064,7.87746160731307
2010-02-23,17.4443576275174,12.8953572007754,8.64674673979139,13.0772033449527,10.1068191941267,8.11080971181212,7.73020627885039,13.1901176400875,11.6217084257979,12.2315899143444,12.5741657489352,7.68566011198503,7.56557875076476,6.52579726176252,15.4794824554479,13.0738006690292,10.6257079796109,17.1819493511651,8.39033089795812,11.4017272217056,8.92668026220311,7.83359416543252,13.7982426817692,11.0786965986305,11.5235450582668,10.5780393643526,7.72466518094303,11.0252530688452,9.51494481466729,10.06084265795,13.0957163437418,8.23116547616728,7.52951946060399
2010-02-24,17.2452387055576,14.5723473328405,9.26928677193819,13.1867333282802,11.0923362215571,8.78090464838642,8.13196835121646,13.658522490324,12.0703645865817,13.5327361078634,12.4706992111381,9.94134683991311,8.91524095573178,8.72485028068975,15.7245712652413,14.4327825266101,12.7904905362606,17.1863010389148,10.0536578867212,12.5135633129201,11.2406956375319,8.82122368322028,15.3172409074729,8.93505649640579,11.4691467454913,11.5943018675549,8.14509261092241,12.2158155587677,10.878635625782,11.4177164136531,13.7265518352713,8.92852043871171,8.56502238664906
2010-02-25,15.9741397883311,13.3290264035826,10.1592641593642,14.653251784341,11.2455222628363,9.74665902811445,9.05160016317326,14.6816129598433,12.0365987143742,14.1490454551022,12.7997337536303,10.1721486559393,9.4807216771793,8.9476555013044,15.4000280871049,13.3688055557287,13.1563036780381,15.9233351895728,10.523631369364,12.643570611281,11.4801067990906,9.52850658636747,13.8319372706472,8.42279342071507,13.3125852768355,11.564517076362,9.09462563630672,12.2242208809138,11.2269562640591,11.654068834473,14.5915758049735,9.62491475131453,9.29751323957865
2010-02-26,14.9760584067456,10.812835123828,7.24714924177841,12.3524836742604,9.0941838514238,6.96532796656275,6.17557559118646,12.333114796707,9.67687562703652,11.294794334526,10.7484712068543,7.56993937408132,6.81106518309316,6.63242458409678,13.7537790733817,11.1282844634739,9.89451037042538,14.7407483641017,7.73057481570321,10.495561976546,8.51316630809512,6.76223017323239,11.4748269110958,7.46818815500108,10.0852279442267,9.26217893930171,6.23316248685405,9.22625768583444,8.81509025784238,9.26167182610464,12.1040153459092,7.01269262803256,6.64638883453192
2010-02-27,17.9744536354645,14.4245312384185,11.2674446836854,14.8497183987903,12.9040995127593,10.8567514977701,10.3282686515387,14.6564187944886,11.2065195016556,12.7906064278835,12.7909940313533,10.7639982326505,10.5460140566888,10.5078242442487,16.3651136550133,14.6566579517847,11.5332527984276,17.6117153742871,10.8773914792816,13.5062005895674,10.9353804478434,10.5435484415477,14.8059575263548,9.98513093904935,13.1267931470503,13.212718412683,10.33316394539,13.0002625113915,12.0899867770356,12.3876266793385,14.0666097722239,11.0547307725813,10.6109697488963
2010-02-28,16.722376931961,14.7781171797621,11.2387252563612,14.9515978763842,12.5755887546651,11.2218972660195,10.0757891672682,14.5928564365469,11.1433755025135,12.754474045412,12.7185471217681,12.9562015993856,11.5839968984162,13.7735633420449,15.6276774322265,14.6824742773621,11.3538377360251,16.5561197338376,11.4744513444232,13.060739262765,12.0451977390354,10.7938412522875,14.9551738810015,9.98497549578698,13.1793032388063,13.074690645948,10.2153245317185,13.4264638413051,11.7531480108876,12.0040297111827,14.0222410318419,10.7867316766252,11.5504472551016
2010-03-01,12.891519797887,10.5373082818036,7.78893810491706,13.3959551313166,9.39287880630066,8.07122832678609,6.70190787876929,12.7256977851561,8.90936363276595,10.7913548257873,10.6000320590389,9.48242990608996,8.18861509623093,9.82429164241936,12.6490035097814,10.7522285732994,8.95720471019814,13.0410903822137,8.44330161764616,10.407043176641,9.0076893814896,7.57443012224855,11.1113732986034,7.58472841877711,10.9379794938667,9.21154140774369,6.8994289081826,9.43903038405644,9.1111224098382,9.30690548499633,12.1362574104716,7.61335174042961,8.16146149814725
2010-03-02,13.6068586264005,13.7734581202012,9.70057415324439,13.0815689202801,14.9064371580963,9.30975236006363,7.49760059856654,12.7433488407017,9.39577424419276,10.6581049398191,10.7689892335705,10.6953156432959,9.5522822157401,10.5591272398489,13.2327682883664,14.2256676298731,10.0904702149803,13.6526601880194,10.6800610446215,14.8912667338149,10.0657570167366,9.25024878022441,13.5704332836542,9.32697335084903,11.1727947913974,13.5835120201432,7.5077514663776,11.4888028577377,14.5891340824406,14.2559724727396,11.6825092433486,10.7297902402217,9.45028121281584
2010-03-03,12.3509895890623,10.5830515406858,8.61965794803106,9.96506925998517,8.10969844411656,7.94019104052998,7.25565089295754,10.3612344769622,10.1150708152618,10.8081776804477,10.021561689276,6.44477849933466,6.58292200072442,4.77997964176816,11.5356851630747,10.423759886588,10.378172991745,12.3265688073489,7.61052259504699,9.18494009846747,8.2963333620806,7.08468938253792,11.1065538249484,7.983107309393,14.5690141521006,8.61933341966703,7.31434425472656,10.8129812363599,8.1301862486097,8.55475536784399,10.6557150188754,7.24236772209993,6.75834274477996
2010-03-04,12.6520625235308,9.757157548886,9.66799089707848,9.84850579736454,7.7950825007917,9.22994089729135,6.82211812313898,9.94642215393336,8.19217401012596,9.25808429034963,8.92669844604828,6.05283975001706,6.17538649572022,5.11089257877235,11.4047247247445,9.83664139152084,8.42258116546089,12.5173992463425,6.75781189597927,8.67210785733363,7.08430242592205,6.48066739244432,10.3973674377849,6.62740158459876,23.6358319360884,8.14319802168335,7.20110102809832,12.4221151591403,7.44936898057856,7.82375984206924,9.82445708752106,6.74510950942704,7.14880606536226
2010-03-05,12.4802984293058,9.51931787124382,6.65620087618518,9.11827914037607,7.61244680471936,6.34000506659876,5.70670523055058,9.35580156414895,8.39540533922806,8.95147962264566,8.86550519760245,6.66657231620302,6.09859207931022,6.08204143021498,11.0890431499315,9.60608006409345,8.13141855356389,12.1943211183012,6.65921783609069,8.47511976253301,7.30099258301953,6.02036973851334,9.94773692222417,7.41926490510999,9.30500660166788,8.03112039229631,5.75951914093481,8.4916043913737,7.22539283055785,7.60916229412436,9.3431256350664,6.14445949778583,6.04218043179483
2010-03-06,14.1493308333503,11.6275958579652,7.83795773691663,10.5776600348254,8.42459049160136,7.37778247784756,6.5881651771646,10.7184731488242,9.0464256723329,9.96619992899038,9.83977174579848,7.5336719652067,6.92925322238534,7.064732234159,12.57632790991,11.4388086000383,8.87258491264855,13.9720372859724,7.38271489410157,9.28773559977945,8.08882698755468,6.79625261486014,12.1311614653208,7.75286098065147,11.4996638316953,9.17019164770992,6.66198368947779,10.5052562919436,7.79103373347853,8.24327710864037,10.618700832576,6.89452532652186,6.96938132622169
2010-03-07,13.9396690558036,8.92600088637798,7.18065205618368,10.8713840575144,8.7031159336859,7.46909521801317,6.88426615750035,10.930498521443,9.51845681424009,10.1242139789448,10.2865790655488,8.6020987490406,7.75037348747267,8.5114633367195,12.5482889951551,9.55963990193221,9.01307803515997,13.4892959317446,8.05691918428841,9.77281181178114,8.71237443072075,7.41755850852485,9.56010566141287,8.94986747698319,8.43770561024136,8.66842570770641,6.99465210052699,7.77979643272044,8.4488525773997,8.81352833207032,10.7928508878903,7.35836828546063,7.58202326175188
2010-03-08,16.5029914864231,12.1796855530868,8.65940614420246,14.2336154395638,10.4151546658228,8.22105808038438,7.76148337233713,14.0522565598266,11.0427057054663,12.7108567416262,12.3535614092237,7.99354612257102,7.78708671510887,6.76801146910836,15.3163189330649,12.5085112279355,11.0523823665995,16.3244040507513,8.74381603302455,11.8194121830969,9.23602950144413,8.04927799149693,12.9457515722733,9.13182297964881,11.2642188279217,10.5708640251468,7.7592546074741,10.5315894085123,10.0733210251993,10.5183011606118,13.7451686081565,8.48800510054302,7.69756172456306
2010-03-09,16.5427793128425,14.6771580300249,8.84571496874372,14.2734882593017,9.23305893893781,8.56172894216611,6.83473399207215,13.7854069142576,9.72318104367997,11.697862353886,11.6832924369373,10.2209788434455,8.42754136739763,10.9214825346958,15.0979891710561,14.0222970715524,9.28872750623432,16.6114555731057,8.37528164312259,10.2722343825015,9.60245065539354,7.46402251903941,15.2040848397256,8.09604910243813,14.270637003261,10.5375313074122,7.07458000709164,13.1860631901642,8.07673211966035,8.63306787166931,13.3263398299109,7.18812864793736,8.52252746274456
2010-03-10,19.7800457850784,17.2693504744818,11.7161540445088,16.1514180218714,12.1915903091715,10.6162228971542,9.89672708765085,15.7753162412758,9.71161174046324,13.0754985779403,12.1927139982426,9.95326168670866,9.73940295480313,9.62574721097544,17.767291179906,16.7049546810671,11.2890729745097,19.5305822721654,9.97975938672975,12.868072384119,10.3562111074941,9.73070159786265,17.567429256422,5.97480406069073,15.9051104000458,13.6755633813809,9.89372352044041,15.729908569827,10.7117392963154,11.2561085251541,14.9591463326523,10.1811226313796,9.99064625109405
2010-03-11,18.2638658449764,14.8593493007652,11.2509485834577,15.6932659179402,13.2849017896248,10.2872483389588,9.99778490366026,15.9619386425614,11.8082414141251,15.2022444740611,12.7946480968791,9.17383244070031,9.42950599803301,6.6630642608325,17.3036790745464,15.1354346358205,14.823168635485,18.1112252219511,11.2132887515184,14.7968256274903,11.6875383903335,10.2554091393212,15.4733292473273,5.84711136251508,14.4070803843958,13.2871712199047,9.88675122011199,13.3114245378988,13.3500577121144,13.7727275747466,15.6311152170757,11.0468132070787,9.2701993055596
2010-03-12,20.0570476286739,16.4331422041281,11.8324489615243,15.5209062417168,15.0915055752224,10.9502107085129,10.0519006039795,15.7561023853529,12.0162000401268,14.2183901060245,13.3352192084573,9.94922965531238,10.0272503380388,8.20798937178015,18.1638396466232,16.8583479429635,13.5894169716234,19.8084007914677,11.5283553344929,16.0748501683617,11.4296998261196,10.6051955874584,17.0908682584963,9.05449838404375,15.6455553885016,14.760288259526,9.99370919503378,14.3425902456668,14.6333288816975,14.9112533825721,15.1134616512862,11.8473979192015,10.0618754990335
2010-03-13,19.4746170871217,13.8499384195135,9.64298180294535,14.4806242707829,13.262823763273,8.81753340334343,7.92747542027069,14.5269442318801,10.2731154732513,12.3836864774961,12.0510916381542,7.87385954745619,7.95075369282816,6.3418584149015,17.2161137686732,14.61109983149,11.1616489110888,18.8910338066735,9.31446603632337,14.3358900315033,9.12537304139526,8.47174208755065,14.444680538247,8.14759863825818,13.1594396770589,12.9558590421812,7.87370937474517,11.7649744976733,12.5535310695819,12.8829700701847,13.7385215556528,9.78327875667098,8.00731580327704
2010-03-14,18.4472791608949,14.2150876773304,9.88627643099828,12.865164611607,11.1316559819491,9.17964007695328,9.35732466259038,12.8945047180493,9.15367191499484,10.8522397234706,10.9146865025031,7.50758952129902,8.31203994037327,6.68741311492213,15.8192880149725,14.3000677837071,9.70664919555604,18.1712249390055,8.64685626403967,11.759577667776,8.36300994648417,8.87650559705235,15.1858692501904,7.65358122652984,11.6082180491584,11.7026751006182,9.26121781296574,12.1157132192673,10.0259763242942,10.4820776669867,12.2855562667912,9.61420699550504,8.51541388054446
2010-03-15,14.9936708350118,13.417557082984,9.16702405500262,7.97861374271051,9.07238228295602,8.58806892459954,7.72696559935133,8.7121768839991,8.32053202708953,8.43630690206644,8.61569068565269,8.70052637997107,8.06564944713612,8.91210568419795,12.2294950437174,12.8816233277421,8.35667846666906,14.5998223339083,8.0029749041641,9.16924445456057,8.59788539236178,7.72082874352297,13.7253747599746,7.65230284444219,13.0967270117808,10.3330597240097,7.81837739380546,12.4425040145944,7.94359933476403,8.40128429769655,8.71260131686837,7.73662512831625,8.26523550714997
2010-03-16,15.5885047033077,12.2113004761242,7.70593959854424,12.9962156585951,9.61252688103349,8.1961538473183,6.32580870560627,13.1823388752675,10.9495207008127,12.7364888217701,11.6329690905241,11.8277853956659,9.09529148216286,12.0393453838784,14.5518987883099,12.3188854462312,11.5307130495966,15.546262859622,9.73309450396848,11.3224299092718,11.6487249766839,7.88896323783964,12.9819863525653,7.71960830818545,11.3511782507578,9.8271145596118,6.62728792609941,10.3781718439843,9.58483818210214,10.0993240827387,13.1570703639914,7.28974099671646,8.65897144681394
2010-03-17,17.5853150397498,13.8148941600791,10.2764806611838,14.0129372613165,12.7627140075211,9.83899568565664,9.03079490601856,14.3115997843663,11.6047807807207,13.5226548464393,12.4228369334683,10.0691454299769,9.53635213255949,8.73295647323916,16.1793994289035,14.2424159361683,12.9640976134098,17.3065240232074,10.7804260215201,13.9704488327684,11.3023459461802,9.71539237153075,14.4088688914727,8.42071430061361,13.0995284659674,12.5949117688052,9.04184397419766,12.1307672428168,12.6198359609987,12.9665977773289,14.0092856002042,10.2949856005239,9.37043688826359
2010-03-18,18.7157995638821,13.2727698019907,8.28755085038795,14.044502188579,11.3630874691422,7.24296072651143,6.943819878351,13.9777940296618,9.92686130800835,11.8944126468133,11.7461176084061,6.0750566752834,6.45059205403228,4.29881749928818,16.5005027374141,13.7457676695485,10.1961837095361,18.2348613397092,7.77122528594576,12.6030987539739,7.72159746268504,7.13944619901617,13.9679277656032,8.04324905850712,10.624116034953,11.5334149212713,6.80732319459471,10.7553627809109,10.5352055900302,10.9983227255674,13.3426614126334,8.32056941200708,6.43054842532375
2010-03-19,14.7035723677181,9.85276608548692,5.92286947944965,14.1077223707113,7.15687735239437,5.40418663271401,4.61889123791766,13.5179461005936,10.0667675186142,11.902401568438,11.7364184093366,5.41054652835082,4.83286350842997,4.07725394901932,13.988796321049,10.0453214115256,9.06361696027081,14.5859116003461,5.88482986651306,9.11327751759337,6.86929342133387,4.95184411045882,10.6188454045349,8.33170477473653,10.1923471507789,7.70165624454316,4.6783878870956,8.48050294764245,6.78132751218307,7.38795781276935,13.299659101722,5.15245706695836,4.74586336358651
2010-03-20,14.8039483107782,10.0307011174558,8.07202055908277,14.0111000298967,8.86455819836091,8.24958033555304,7.73391619669712,13.4925173091932,9.81562085648654,11.7817048924099,11.4696514401916,9.01020602006623,8.30246518759087,8.91540895107131,14.0264313300665,10.4360368086123,9.8141811389213,14.569625400215,8.48717750445178,10.1936951342214,9.21615344924784,8.01468477508603,10.7146631036446,7.92780495492252,9.9930594831679,9.16217266048876,7.84939242325852,9.07750469555135,8.49049505361152,8.92690187088185,13.1127445667313,7.84256950411956,8.21852203226912
2010-03-21,13.1637459188473,8.78404236152779,11.6093479889223,14.3800403092592,9.30960948303533,11.5909463191201,13.618277246617,13.5400501911196,9.58277766923785,11.6727003748538,11.3585484642928,8.17344651520568,10.6147094969972,7.62639977940064,12.989570759656,9.24979879659886,10.4468066645061,12.9363261366794,9.92298807052437,9.71477268026257,9.12661546385558,11.7179517524714,9.45726633144365,7.87960694818056,9.77927169392757,9.78475465749474,13.4525864130899,9.58387999621518,8.94839447156802,9.21846184970679,13.1027806102986,11.654996558232,10.9578990444673
2010-03-22,12.9104277414363,9.65691074934967,6.48568023299808,12.4323104162007,7.47188898734172,6.19110039901245,5.49552595369127,11.8942949077587,8.69519804013194,10.2868432018524,10.2242083190777,6.20159597162368,5.75693980885283,5.53903144744565,12.2847542353259,9.75066769460521,8.16565305425574,12.9201787161519,6.34374015606925,8.75942195438194,6.90794590335102,5.75361693633517,10.3096974487943,7.44077218426498,9.76065000376619,7.80845251460014,5.56317129661926,8.51272188030207,7.06321490931077,7.46431141742174,11.5544906730075,5.9456552094473,5.76500578271147
2010-03-23,14.1859738102629,10.8206381805994,6.19759752850043,16.1933554082672,7.34883144190881,6.09764351285478,4.787592916501,15.0134868747757,9.88555569384756,12.5486964221499,12.2841726840256,8.26558625549829,6.44741263318843,8.33320662626547,14.2461250784334,10.6648334502952,8.97677014859814,14.3001265216307,6.86333891327429,9.20691875310472,8.29003792828126,5.65321374263733,11.3143976403964,7.83100551711527,9.5750413119397,8.17031595003495,4.96532773877724,9.2069764143618,6.774065707081,7.32174800287863,14.5237061810041,5.33787158067931,6.23047395496664
2010-03-24,10.445011205725,9.34846000551268,5.36978845529112,11.3872166525111,5.70209761741477,5.85239431221675,4.08322495357162,10.66115365085,7.7089862624989,9.15577358994757,9.18962979349895,9.42339336703633,6.76446352970507,10.8904653651096,10.3398665217603,8.87937745809889,6.74677586814281,10.6606704614873,6.4070290445012,6.80380652746689,8.03510198080804,5.22069969283215,9.66757436244166,6.76967011362169,8.56442199551823,6.56924974958417,4.40834008883863,8.2446310859661,5.14329003161152,5.53905015833953,10.4153140368718,4.34372919858097,6.57141041189282
2010-03-25,13.4718728706294,11.3449260998829,6.49852020050359,12.1590155508377,7.00895203459832,6.27415754777746,4.85286486388461,11.6282323055646,8.42782592940935,9.89191044904939,10.0892614909636,8.45263759459813,6.57081536770522,9.18206706221004,12.4474586155439,10.852042553861,7.44549635096562,13.3571859335406,6.51368088789867,8.02920509074752,7.81646793619069,5.56013206490549,11.5449476273692,7.47945212422342,10.1123852146875,8.28044931170343,5.0468151843604,10.0043711875758,6.01052494982021,6.52406513387835,11.3204656740556,5.17802654004425,6.50215032086899
2010-03-26,12.4073404417647,9.310292173012,6.26190979697578,13.8294472608672,6.93538931442231,6.48515883860953,4.90475057585382,13.0669576732129,9.43381340406588,11.5400416916633,11.0281545373126,8.41918743466803,6.59460362167582,8.46213259997954,12.5146085848873,9.33709877495006,8.94568383418819,12.5364704141217,7.03151922567601,8.67011797984721,8.46748017491364,5.80495214025316,9.89806637362493,7.29416283786737,10.9827978100244,7.3463614980334,5.16892765283068,8.591950484099,6.77631552343319,7.23703330940021,12.814614538027,5.34816064207718,6.46402548808062
2010-03-27,12.6747536967394,10.4740288264108,6.87924117290644,15.5733563719718,7.55974326279658,6.57203535267778,5.33647483642354,14.261124913585,8.83352166695544,11.5709306684752,11.3309147799729,7.376006761749,6.28419537119989,7.30685866107175,13.0523279555125,10.267097288464,8.29419256185338,12.8884379113079,6.6451595480343,8.9749113056386,7.4670550688666,5.84466288024018,10.8009519382891,7.00055476963204,11.1100258957942,8.21661072664806,5.47991839039855,9.60779527287707,6.96541545951098,7.34591701706981,13.6074074923475,5.84563620146765,6.32486728038376
2010-03-28,15.1940743990678,10.654253076307,7.39736288652025,16.0529736925887,9.0812978335259,7.94704814983514,6.1007582017431,15.0922983202537,10.1508934323903,12.6371307295186,12.4192470593886,10.6984176539538,8.4646207881158,11.4093439308164,14.8920425452495,11.0221407650702,9.69321563388011,15.1470436852539,8.64315048418371,10.7856961945803,9.95072878029386,7.33546091623544,11.3133557654038,8.30312145553221,11.3795262906158,9.22012031933801,6.41503886670967,9.43191403166182,8.68066070389379,9.10476069419349,14.4809762684816,6.94810927073088,8.30345218989494
2010-03-29,9.82514304801263,8.9282277559803,5.37906176335674,14.5762010234883,5.80965982289866,6.15744099672771,4.38806168864922,13.2130865894879,9.18454193992572,11.2637672626353,11.113527221255,9.60622965844466,7.02493021702283,10.7040962745714,11.0389901754491,8.59120971983925,7.94637470526701,10.5481749499033,6.92041513023845,7.51742806974769,8.58456091093533,5.6198499327933,9.65754497183328,7.95585094306211,8.85740441128713,6.13511378673847,4.744051438433,7.81276388590814,5.76855414325021,6.1134673381308,12.8769645044962,4.69026262837416,6.77964096714647
2010-03-30,17.0246161818695,14.276645998262,6.54093529572727,10.8006324370512,8.95828995046391,5.94921095782528,4.72500215664547,10.9368012319549,8.36642294915848,9.20469528520718,9.84953681601135,7.49642322683335,6.10280045095019,7.61556820436213,14.2176963978756,13.8528206221141,7.43724424735659,16.8732681634329,6.50421522595164,9.80155037730664,7.29902636843639,5.50113960232074,15.0176120487473,8.08438070145161,9.38945393099378,9.92216820010358,4.79600371549025,11.0175181637152,7.62162728344523,8.16741417110867,10.5181525459071,5.86303098949039,6.00763410013958
2010-03-31,14.416249997544,10.9465968415759,5.68186746299905,9.88736479550078,8.44163964975596,5.56708018331294,4.41587198595729,10.1946012452012,8.82593152926473,9.49189097031839,9.50906833598959,7.83750090579769,6.17405219076226,7.60479692187021,12.5611330360775,11.0881444712842,8.3512807757026,14.1586080654791,6.9272637767458,9.60484789062419,7.98149984784016,5.56254592198764,11.5648993687363,7.85318721937352,7.40811913677464,8.67295776994835,4.51249095331711,8.35313874188089,7.95720638193406,8.3915380823136,10.0623890282652,5.69707282936304,5.8243774713135
2010-04-01,10.7373064941875,6.99022599383242,4.18981412126976,10.205673261559,5.37271752694108,4.13906572876899,3.31003652660982,9.75781854776825,7.49342057518073,8.52924228957401,8.70216639428398,5.10354727569101,4.14885576068458,4.72306451634863,10.1602298143546,7.22282581037555,6.39951821372547,10.6093828807917,4.67531136392105,6.74635075962601,5.53314429125931,3.85095133341748,7.53667569921271,6.8614511468174,6.85870649579312,5.66087316014978,3.41978181112778,5.86801185525733,5.07884102315704,5.49043888214589,9.58265140569076,3.81345868506796,4.0185522256623
2010-04-02,16.6506401430979,11.0964048065818,9.13890042263425,19.4072699208911,10.7967900694638,8.88002306013329,8.29029485712451,18.0364163110647,11.5839252378167,14.9473135231685,14.416673423639,8.00671537666984,8.08164378713397,6.71748821202896,16.9247409771175,11.803445119096,11.6190869369334,16.6508206911667,9.03549766022531,12.7350436115525,9.27395548438203,8.48638404293846,11.9047572442261,8.99259913822349,12.7661456890908,10.5740101042778,8.33128400853695,10.1983430355198,10.6022088350785,10.9814652917953,17.1989182632099,9.022213467586,8.13560346873949
2010-04-03,14.6541785528245,11.7283274668463,7.20794326410228,16.3959226135604,7.89691608651323,7.84883010095882,5.59147947513645,15.3005211768403,10.3032193009815,12.9637321996146,12.6008045509575,11.8532297363754,8.72081128607606,13.244839527914,14.6501023305329,11.4739082459598,9.59094539794053,14.8693480544474,8.54416192112474,9.70362018765601,10.5605698107519,6.99757843398856,12.3290298768768,8.07576336808831,12.0253613209941,8.72676507301829,6.00844078647859,10.4824910319566,7.34329817861229,7.89009979592461,14.8399997616727,6.02153173113632,8.50310154847267
2010-04-04,13.7401672088672,12.0943840951859,6.57175936916918,12.0945452075445,7.5160882738853,7.041898350271,4.91484429223753,11.614937156154,8.30513965697619,9.8201246263398,9.98305031376798,11.8129352776229,8.42732793420016,13.9759212550967,12.6050471479324,11.5225001562945,7.51146145765877,13.6656706107399,7.81327484702603,8.41954281014168,9.68291393495227,6.38903989226316,12.2670927538157,7.29040169590701,9.40160019443248,8.76766061519347,5.27626289527322,10.2810403309097,6.45091817184252,6.93283522331866,11.2460364915938,5.44369060630197,8.16112378640232
2010-04-05,14.2493953835025,10.8353007989927,5.92599822948673,11.9976780741782,8.36706042828351,6.26078664338551,4.42595872574145,11.9888238519995,9.77196133120758,11.1937263293497,10.6710738529764,10.3085626440024,7.43458001383152,10.7351820896498,13.2315859227943,10.9383171131815,9.5273385425793,14.0621257599374,8.01762068100033,9.93664540165871,9.84461738368315,6.11995539401975,11.2948373107459,7.6925376503865,8.47480621100966,8.70769842717555,4.68171824678942,8.68189924829476,8.09929472191902,8.58043314013283,11.8775778297582,5.65366703435787,6.93612750706054
2010-04-06,13.2130608788112,9.30070098667249,5.20829528148025,12.7468316099898,7.03086344668659,4.62742837541889,4.30148322921289,11.9500435149633,8.16903060622839,9.66729950619757,10.1912965214073,4.23838323097602,4.20297321822424,3.29622827922253,12.4000486445627,9.4739736926217,6.8830347065743,13.1738566003786,4.93354882264321,8.35795022090788,5.15736922371562,4.46239747555935,9.9805930299098,7.88595451252646,7.16402965994324,7.35598159795007,4.25927473219267,7.35634868153219,6.36711249794398,6.77554637488315,11.4234403343368,5.04038463125579,4.17817169134147
2010-04-07,10.9989801806214,7.41252906131577,4.27899607529182,12.2694227146177,5.43853056589676,4.02274704760765,3.66281294446536,11.4935705235424,8.22212443347606,9.96725833223267,9.78228335940963,4.58610186608175,4.00806694167019,3.6545046655735,11.017662279378,7.55830945526019,7.31678362244595,11.0631654112722,4.77621022645721,7.13206378164753,5.62720443045225,4.01457406699128,8.04451684139152,6.76400969481044,6.02255850987834,5.78978894874308,3.68395050828681,5.95933457840806,5.26719128071267,5.72130631201337,11.2667587530315,4.0478025751327,3.79033781993156
2010-04-08,12.8360548855205,10.6251155897159,6.13869274443725,10.8582785616749,7.6650076849906,6.16593095533342,4.85518651825564,10.5339373961723,7.91709383619268,8.96669358158166,9.29721853034771,7.99231128295288,6.46238534524064,8.49289695647399,11.6765712895383,10.4918294263054,7.15114506620983,12.8571895896769,6.60625370340773,8.56033643745616,7.43091350025647,5.69142270806203,11.1766855141144,7.49919140194526,8.96260676739045,8.09788480364425,5.02574090911695,8.85865276048004,6.97419477917353,7.32231186169075,10.1549430870789,5.64250489029839,6.38019797609868
2010-04-09,13.8853037508927,8.30735394897419,4.44030126898895,10.2420189851656,7.01170980900497,4.70711795234534,3.63016626142148,10.2880534897622,8.46611793673603,9.28470071972884,9.448646603703,6.97928160380854,5.34052216229702,6.80703190081596,12.2360638542123,8.88890391255871,7.57874124173777,13.4933509606295,5.98217941577783,8.57851461670759,7.12933288453948,4.71019351859567,9.13471441869848,7.64743111257809,6.21815161688214,7.02899236168234,3.78170128040215,6.13950350443049,6.69326709336984,7.18949408948651,10.1384734987229,4.64341376492213,4.98764236075949
2010-04-10,15.5128201881678,9.8280490638857,6.88850079389125,14.8404425280283,9.46922047241119,6.75384916132962,5.8152508095785,14.2413844326875,9.32836623970656,12.0268262071896,11.365608677756,6.71486448836584,6.26876568534326,5.47523916498205,14.7817352131146,10.618304887746,9.80200910197984,15.3676764322746,7.41632561580422,11.2764184975234,7.85005203874355,6.45654735309196,10.7694708127224,6.62099646020692,10.5304398215021,9.02464711981926,5.89147706875601,8.29342172671724,9.33306206911911,9.72069404857236,13.5900002978313,7.02882588475446,6.19580906466548
2010-04-11,13.5956178665625,10.328495097539,5.51660735752503,15.0040161579097,6.62209722505554,5.25780298232138,3.95141805759741,13.8573470749818,9.52978779917122,11.4371076149475,11.8164906635896,7.01435611811187,5.39643684046112,7.06497299337077,13.3970254964435,10.1165959409834,7.73988945733805,13.6598108070873,5.78164321653968,8.31681811086563,7.03669156609537,4.69404262462166,10.7715137070323,8.81801077042472,9.23336646913095,7.5387321913358,4.11061178069548,8.74695780547723,5.87652059562947,6.41779158438162,13.4225050088252,4.51918392492998,5.26806172911004
2010-04-12,11.4926915323502,8.43225782955121,4.86924134264994,11.643346836606,5.94846533050917,5.36457134189996,3.87614629951858,11.1396028499592,8.53846360382898,9.98478790946401,9.77305398394551,8.46912082163533,6.16641653404529,9.04059388032457,11.1970948769141,8.44633620956237,7.71343143407128,11.5612752762161,6.36122779084797,7.53383568942555,7.98212077102203,5.02699272563625,9.05516330676665,7.09964424114881,7.75001458949385,6.36935549109035,4.14929312940124,7.06756184549126,5.74361498372939,6.20627807671838,11.0111764461144,4.35367342158679,5.85447319149877
2010-04-13,11.4952416586481,8.95140228837703,4.93536732153918,11.432595344945,5.86072757082888,5.03104240416458,3.68860694514623,10.9701328740818,8.32692358371584,9.84805205187233,9.54980972081115,7.4407674011758,5.50214978697213,7.59949309159662,11.1303587211661,8.7832999661824,7.6116515040534,11.5585042850078,5.88162192874054,7.36818942969577,7.37989166673584,4.63056345440932,9.4480493392264,6.68176653896168,8.18216618903729,6.50937892174151,3.89526690600172,7.59656971002604,5.5386629499714,6.02226506499505,10.8525252090505,4.16190452695051,5.25068147407564
2010-04-14,11.7057846839656,9.22277647020341,5.08142005249908,10.1044985611011,6.04962239624428,5.47391049397874,4.10296450759623,10.0655610378977,8.2413779567045,9.56340693031264,8.96398580112933,8.84609256671967,6.43679708821441,9.37597613817601,10.9365012104471,9.04416789676092,8.06050271698659,11.7115512228403,6.65381486866992,7.46922344969849,8.44647954758707,5.25670914424742,9.79866070375114,6.08790617518476,7.46235478973414,6.69657042721352,4.35076764682237,7.60860288265966,5.81896629749037,6.32615626514492,10.1105168520117,4.49324456463271,6.04575324031274
2010-04-15,13.2419018535565,10.7275949138711,5.93305463476894,12.2452255114204,7.46216405323951,5.90167113390193,4.51183116216485,11.963104443738,9.72103111814132,10.9971231615913,10.7770576107592,8.18563372973534,6.3068811965701,8.02417627190427,12.588842405514,10.5787501601269,8.92229392976227,13.3366718701832,6.95830956626262,9.00670585705427,8.38615435049118,5.5624788969501,11.3432926057178,8.26233396485528,9.29276162031331,7.95811072740704,4.69007329308972,8.91273026316951,7.16129631038713,7.64323967416304,11.8705473025118,5.31282801698946,6.02550391538661
2010-04-16,11.440820776606,8.67628874589818,4.28014315939909,10.5661316383894,5.86430984952762,3.48984102127043,3.18836943742886,10.157008962401,9.05311938972872,9.16282953379312,10.0189496869535,3.36970619825246,3.15438757308952,2.05496391010672,10.7400737860643,8.60111305562159,6.72051911102932,11.4182268997327,4.16442753657977,7.18884880060477,4.71887591384276,3.43535732404788,9.15802864222852,9.89533406240023,6.2349954081991,6.39540995418285,3.11757391240855,6.79220894131216,5.4064947960771,5.84446626539548,10.1365653200358,3.90127693366019,3.0075695154563
2010-04-17,11.4359945695662,8.84599932873484,4.97149074382242,10.216484078513,6.29799439894687,4.55047802267759,3.97246764767232,10.0349467172258,8.70948626063868,9.36817178432388,9.46331760145114,5.3398268921283,4.55709542947815,4.48741454160604,10.745001710533,8.79078428873733,7.58175202425482,11.3938236022282,5.37062535413822,7.58876141564071,6.25409296641451,4.46395761768376,9.31956709122678,8.07147909157535,7.03877991163571,6.77566057450695,3.99231369974454,7.23905016178551,6.01116375568188,6.44086330020409,10.0435693295591,4.5702849593167,4.34154692647112
2010-04-18,8.91523316928808,5.57792473832202,3.557954099429,9.76752154367681,4.52791023595845,3.50945177349237,3.02088307783964,9.21622721660262,8.25875766076651,8.42785755759325,9.07994044172657,4.01004221209534,3.43792304129246,3.26969617003176,8.91145249038378,5.85683582433819,6.12802937133724,8.92668265945622,4.09391337311604,5.96515146706573,4.82444576293831,3.39835675718124,6.15327563144546,8.93598278283674,5.62134242234371,4.61972329414495,3.08461694135372,4.66785967930833,4.51812423335506,4.87336955787913,9.2571895808632,3.38634237285997,3.28343195172996
2010-04-19,8.38146590368208,5.73607643423914,3.46185753865603,10.2961149598057,4.25849505865865,3.4052374809233,3.06190573927357,9.60671056364668,8.11758442603191,8.75753131025446,9.0545482534019,4.17611122691001,3.52433385999764,3.44879049921689,8.76971257278153,5.84687131920148,6.35642372737541,8.54269480431579,4.15990426322213,5.76366982228379,5.01651996768213,3.44088242262615,6.288898302313,8.07245286061942,4.86355322542367,4.46331191292613,3.10736940037071,4.67003320104701,4.31226453967194,4.6730341236938,9.63240196042556,3.30806440272151,3.2922671141407
2010-04-20,7.30400893697418,5.51734422473915,2.68437142112814,7.93452208328717,3.35716165864498,2.42332112227161,2.10088829189728,7.48474808041743,5.88024283020593,6.69761483739274,6.73742011749406,2.73587356151063,2.31309212822238,1.97901243675303,7.26758550405061,5.42211495790072,4.86364533985807,7.4967193547187,2.91958492387812,4.54747741289645,3.58557780800388,2.33722898837626,6.05796514448004,5.28184268654266,4.42445477338377,3.68655336741982,2.11963976764574,4.35791115074838,3.24477927999256,3.58276311863578,7.44981687774345,2.353384740505,2.17553207524758
2010-04-21,9.4764411882994,7.25469912666271,4.20769207804895,10.6199855132365,4.79304622567923,3.93117376793959,3.29694266066149,10.0237469433164,7.56930189442723,8.97718962514238,8.72203367245534,4.56591380957462,3.80046518536176,3.83359580090804,9.57212689913761,7.14208044669576,6.75987053325025,9.62901134922472,4.46729047684921,6.24186395612265,5.41886698700104,3.66968783695285,7.74102819710847,6.18782266653126,6.96641112881546,5.2870817855431,3.36419832386463,6.25017254994719,4.64558009528858,5.05916665468702,9.93365016202791,3.57407163893266,3.65625589236566
2010-04-22,10.2321038789222,7.2470498647998,4.72575715378159,11.4727361362687,5.05932734674661,4.59733024017399,3.79924072319597,10.7435480900285,7.94514023695964,9.39610059510975,9.33977838135168,5.06011039693417,4.29671485592914,4.52693877777842,10.2643581549014,7.26588882510662,6.90451311307082,10.3298419686927,4.80447835052059,6.56834522289128,5.72585905555633,4.1075872278543,7.81890085752282,6.84437984888025,8.34581790115508,5.522263535378,3.92124422885549,6.59975603982287,4.85101466462363,5.2832391524897,10.5823830043023,3.95187012808898,4.25564731488374
2010-04-23,10.4686528260244,7.46287446237364,3.51190779693165,12.2943763059436,4.8972406024718,3.45179847792118,2.97345400557443,11.3915758284159,7.95338891442489,9.74474493171,9.62809936866672,5.47067567506476,4.15528098665083,5.18330363318479,10.6529330040087,7.42254943677335,6.82236162065117,10.5949984223964,4.66718127376758,6.58592706213016,5.86799794660538,3.66942326781141,7.97968463809802,6.60685097416985,3.93093785077549,5.44740344078547,3.02602783774225,5.47628317812245,4.62908636677171,5.09514476678176,11.1540609958088,3.40592021416035,3.75603164547004
2010-04-24,12.5676808663917,7.53062165675167,3.62483005135724,11.7864801497132,5.94455997213289,3.3882597357361,3.67588369488151,11.1930382785724,7.81663726520795,9.41462662854895,9.51347502859835,4.37793746587375,3.97476075318469,3.50562136504907,11.7561911851421,7.93340624199772,6.90465745694238,12.3706827999048,4.6844045957705,7.5463961250008,5.31685963122446,4.0448255280582,8.27659167186289,6.71537090852769,2.06513745946099,6.21343013064027,3.5813037084011,4.8252070172408,5.54516631885404,6.03016719973796,10.8540295094937,4.26318250881773,3.55252153020552
2010-04-25,14.0041233195055,8.92956033841779,5.03401585130431,13.5478919262675,7.55315296391197,4.84143574234991,5.17282530474449,12.9379854727867,8.42654200395124,10.9819892523687,10.3354870897647,6.31276843292282,5.70783921003543,5.50856767351114,13.3362335952044,9.35965320123438,8.68115431805392,13.7646353024427,6.43021214365997,9.1970443283915,7.18081236864902,5.67470179659983,9.57286018316625,5.71931796837187,2.71035124868447,7.82575613973503,5.06915506190541,6.08939109026538,7.20262601397747,7.68443440379623,12.4689702997857,5.82320081669271,5.18300689633334
2010-04-26,8.15939251434656,6.63854471417074,2.8278435967302,8.92633442775713,3.91013029908322,2.72918763175441,2.45801970943798,8.4378290335167,6.45309076879665,7.57583583949874,7.42035851629297,4.81916391566333,3.57870664520691,4.68949653863323,8.15747742640741,6.38023694700553,5.60734536591411,8.29944697584984,3.94861076255761,5.1168729516537,5.06142763050574,3.07843216521493,6.98491040569581,5.36642081713351,2.30268371920202,4.53701680086005,2.47627964192544,4.70182724488402,3.67267799783461,4.05654555765372,8.39280602027191,2.76015120396511,3.15853598562535
2010-04-27,11.8879182956663,8.80003785733236,4.203610406044,11.2978058136953,6.12962543215702,3.78614304085657,3.9818635704897,10.826774890259,7.63000766701098,9.38393705776628,9.08087611541175,5.06949580250393,4.45148518816655,4.31529530048058,11.2611238824748,8.76711914330276,7.27186560527903,11.8531602855412,5.12327157913852,7.49153834584564,5.90709585340711,4.39508965037915,9.33207298377959,5.85580376492964,2.73850483774509,6.70073517509362,3.88034895584157,6.0876911507547,5.6932788821854,6.15165445677272,10.5591497288394,4.5132975109005,4.01061143679059
2010-04-28,10.0489881347234,8.67410282990777,4.09338898447709,11.0942235729682,5.15939701431314,3.9695298136513,3.72103226194772,10.5129380186188,7.76431949894434,9.45716753310337,8.97269693807158,6.75518384241835,5.15916611340866,6.81128727227213,10.1029150001422,8.23860790310517,7.25841472578723,10.2036416723129,5.45464284487867,6.48487729099263,6.86078121964345,4.44860075917707,8.95512401596844,5.83296598214041,2.92212916430371,6.09094703265147,3.73670669514297,6.37230389389756,4.81206917719997,5.27054670213964,10.4278737128978,3.95036238343322,4.62439487849705
2010-04-29,10.2115338567061,9.13691137378492,4.39065294749697,10.8378845422207,5.2363198842818,4.05848702305906,3.74454469328131,10.3438668920656,8.08570881340908,9.45800890924239,9.13957294924932,6.27380712950942,4.89200730557413,6.08388608254388,10.1350838477196,8.60079504027829,7.30192825558225,10.3751686689729,5.30027246318652,6.50817848733542,6.6312989223589,4.34029485168454,9.39956555291174,6.52850220411143,4.21669915140631,6.26540942894592,3.75039556501092,7.02690168771582,4.83520590747617,5.30675021611905,10.3316440359803,3.96242450978833,4.45386590155519
2010-04-30,11.1926428011947,8.74954426432628,4.06668414532006,11.3737005412937,5.55202091789041,3.83550883964009,3.56532721622847,10.8211203545673,8.19872885617375,9.59421007198882,9.49786580595936,6.02132947876894,4.71785942618961,5.75705337053617,10.8668043420125,8.52599644429141,7.20295314849095,11.235705628913,5.2011588853161,6.97597383751784,6.40438432570869,4.22879010537986,9.16755089503585,6.9466880112221,3.50879562632794,6.32725387864854,3.56359109049727,6.34510384649158,5.13348601737702,5.6159463188078,10.6955808397625,3.99525415898493,4.25483836185459
2010-05-01,9.31954967871171,7.87719796328314,4.22396738481462,11.6703689129712,5.21960398329181,4.95871936428527,3.64995887243583,11.0365604691378,8.77645903468762,10.335780900415,9.72180464977325,9.96815133887139,6.83544275847608,11.0731581036059,9.96359013994572,7.61057457745088,8.0757761033778,9.53911595168605,6.83556695831174,6.81126195905393,9.00254136743063,5.18707844702946,8.15088637274018,6.82663919094214,4.38548157234037,5.84417092461537,3.91697006729649,6.18654007960367,5.2528180560604,5.67554273704152,11.0817897859863,4.00060065017805,6.17453492013196
2010-05-02,11.1504553510764,8.27073123669681,3.68251022374918,10.6800045644019,4.99169270316933,3.27124072044745,3.26535743195239,10.0749081456173,7.90433241883472,8.63034684996867,9.29521964913991,4.01364028244268,3.5305960362836,3.40805645108424,10.4668156511632,8.11176933949183,6.00117383495121,11.2310206762519,4.02511510972307,6.31724205223457,4.73212185218726,3.48267051403571,8.94101325408535,8.13133238280191,3.77771475634931,5.68228722892233,3.21650300203856,5.93018889743263,4.42220852263509,4.90084930899605,9.92388667031217,3.56959566281468,3.27750559994862
2010-05-03,8.3317330346914,6.00683620095164,3.01174025907667,8.0782852453933,4.11586732300199,3.40102576993846,2.87889643308923,7.8221157822209,6.81504009089228,7.32495928030671,7.42688505400859,6.10127835441931,4.48624260754665,6.45082986735433,8.02468335494571,6.01034558056577,5.71413602481047,8.37146914725052,4.62127857747078,5.29362808718477,5.85547651415655,3.69389510375429,6.5209581029473,6.37458786823554,2.6411660376325,4.46265116747899,2.99529219440072,4.29506134136635,4.01233347140156,4.37803678860071,7.88912845738252,3.13471796072519,4.05401913547146
2010-05-04,11.6922886376804,8.46082842456394,4.10892827138839,11.0644966519797,6.29133480397943,4.41208873551553,3.53515377827228,10.7356692427356,8.05174061222175,9.65328655937582,9.20443533175212,7.66341008303566,5.63503405406618,7.79864603730978,11.1756267824306,8.57711358094368,7.724973376476,11.6927903177458,6.12227703898748,7.84746464152328,7.55498787498332,4.74533154817769,9.07865009152288,6.14236933663996,4.18394841747792,6.54617097190232,3.66180964531293,6.02612264365844,6.12280368078597,6.56121116701529,10.5617455943475,4.35666304289775,5.09509614927837
2010-05-05,10.1986629231453,6.25150974100063,3.63835098179126,12.9292931374531,5.25289372389419,3.44290732559607,3.58241427402189,12.023561404553,8.28812430546992,10.5532058038494,9.87030654215462,4.2724416395327,3.82400365792222,2.95888246798278,10.812930797623,6.6009711383438,7.87857525840368,10.2806211554684,4.82579236090019,7.19713606205197,5.70760209437852,3.99192772157872,6.86013577237937,5.91812488654769,3.24443725060115,5.35464572879597,3.52334245399522,4.48819263822701,5.40906775954816,5.83702103013607,11.7975285420544,4.02287873534633,3.38500226863605
2010-05-06,7.29269198981466,4.71016360891311,2.57534717496842,9.27408001220629,3.53778360008957,2.55076191191269,2.52762382074698,8.60645167699342,7.31956121436025,7.8440813685217,8.16995182603976,3.60199873350369,2.99003132411189,2.96038726322296,7.72639276290639,4.84770045217192,5.57180934485153,7.40312065083648,3.54837767206192,4.93740534829661,4.35850509409963,2.8982967452626,5.17183644430932,7.40405453298377,2.35895107323936,3.73866961110649,2.52454616164538,3.39819298409955,3.60382463929316,3.93676376500964,8.65108791377742,2.73774118368936,2.65484451702594
2010-05-07,8.3037109099215,5.99194137252615,2.8250333340871,7.54539498098505,3.88525636107022,2.67024764473109,2.52337043981136,7.41635831065096,6.43341676369429,7.06519804370258,6.95076959017535,4.0082083504018,3.17711635810164,3.44773138735965,7.85739538261943,5.94861682678245,5.62676755550818,8.28038457764484,3.73411433919326,5.06838361847878,4.69165273009236,2.96927913817196,6.44037794211592,5.53094381826057,2.81490007147404,4.34176338780791,2.52182303882647,4.3283151437349,3.75854718141179,4.15506978368123,7.51898303464651,2.79747302923818,2.82086161981542
2010-05-08,10.7603874074512,9.15204367997311,4.42256149840744,7.99940745927539,5.0881767831976,4.09807854908666,3.92499395482076,8.14652573660323,8.00770117877568,8.06225669261645,8.30341041706626,5.78393758059706,4.71106141360302,5.55521294880037,9.56567910293476,8.67345086391221,6.71921994195576,10.7319911237076,5.02726277424295,6.07276986388237,6.21136504322991,4.29382721917776,9.61770232500013,7.69022715807371,4.48801978455901,6.14128164710938,3.92641576544194,7.02134655867593,4.57379293648166,5.08876967545592,8.40175799755044,3.96472226388005,4.36123823527048
2010-05-09,8.64230424402728,9.33337036055005,4.73688954440869,9.21365647126843,4.8636782394769,5.42477930054347,4.14167847009579,8.97840016761772,8.12896585856379,8.89011871404032,8.51936074856739,10.7874908114274,7.46151501900008,12.5550266539279,8.73139268832132,8.47752340054743,7.35259664674815,8.97921668162011,6.97019228640304,5.8552490266261,9.22444825916726,5.53105579493807,9.51977518399222,6.81410916277743,4.61057882909041,6.02609498345576,4.42353994920118,7.51635300676818,4.59199381536578,5.0153518524252,9.22083071010807,4.08342473204094,6.85550035104038
2010-05-10,8.57192059124732,6.39253108821417,3.45017129504852,8.65106872652931,4.38453448483461,3.93118459940928,3.06121877279192,8.50909600315222,8.0827804990164,8.53407335011973,8.34482419610966,7.61254019507856,5.313933228001,8.0786250977059,8.51610378749294,6.32656698990951,6.9673380669408,8.54388782994793,5.52513568849073,5.75831194858014,7.29895012133288,4.19437024123475,6.70709502976293,7.17725957884118,3.57628952455464,4.90191109132329,3.24085555488445,4.93528806068564,4.43827339355004,4.86064865280164,8.78577103375621,3.32069311825817,4.75366874869818
2010-05-11,8.11639349472577,5.3818938778571,2.85942900083939,8.39705833449745,4.02596692234967,3.34992429485623,2.56816423210077,8.16352845402359,6.56835379204493,7.767774396634,7.18095074117835,6.43873736842335,4.49849511192995,6.6727933777801,8.08824759810085,5.52037531488852,6.2884309807795,8.09526213916831,4.81123311567751,5.44582793140534,6.31523283037745,3.60238404658747,5.82540570533336,4.733399914344,3.13507329165195,4.26725165769012,2.73008187381946,3.9805786505501,4.14204316433085,4.52545445348503,8.22642724306884,2.92723974375444,4.00278150156935
2010-05-12,8.34065226717942,5.33054732978582,3.00711172555871,9.76435390817156,4.4115583543984,3.52999678593605,2.86075928877598,9.31810800937799,7.7508289303228,8.81033891794904,8.4534411291071,6.43616744868524,4.65245801900102,6.40943075389855,8.69461929962587,5.59657162107114,6.91655504967713,8.41829131317369,5.12475976893049,6.0443644380009,6.55864245534717,3.89903600612683,5.88264502274771,6.44033938605309,3.03624533713743,4.43148894433479,3.00301427140624,3.84341021217888,4.68814703616499,5.05309593776753,9.38593517523575,3.3044492873251,4.12398207274208
2010-05-13,6.79356426280617,4.32002827690386,2.19120787770513,7.33341041390422,3.02010580472495,2.17977049455101,1.96323540008904,6.89305395458008,5.99329539545715,6.22544038900997,6.70050444806253,3.09432747508508,2.46924077161424,2.71671211126525,6.71819845558607,4.42740736970893,4.36231325409169,6.81136437736664,2.860097242634,4.13643306579904,3.55934314825693,2.30122793756709,4.76084050551911,6.37631565645794,2.67634792077664,3.266141230638,1.99318643621187,3.18450370724859,2.92110345226249,3.2341539313601,6.92555287298191,2.17221595857454,2.24542153562235
2010-05-14,5.98259699008834,4.23209208422467,2.68100290085416,7.49214839625268,3.0590480614283,2.65255468177648,2.54912442129354,6.87191852972742,5.30785548446373,5.92234328977004,6.2384749070573,3.13957759750932,2.78436698708383,2.91095573425239,6.21827769136838,4.25219412250518,4.11795383674254,6.08974633483957,2.98575274723553,3.95248007304806,3.45282507881952,2.68671854904651,4.57649713228807,5.39143461458946,3.12792684189893,3.32018588311284,2.56949770094364,3.46341846384011,2.92562808649717,3.1626909104342,6.77062350005857,2.57680279586924,2.66350701995487
2010-05-15,9.04502913788647,6.94316239653352,4.0509155207341,9.91783116971618,4.97651603677729,4.03215095567723,3.84156100199504,9.31044599791162,8.04244381425302,8.33012286904191,9.00394802554656,5.34674456548951,4.54812486641802,5.23288813857506,8.99584080215872,6.89009774832217,6.11237528938702,9.14990707992907,4.79680002953688,6.0733974247591,5.54658264670392,4.23235854603261,7.38679961410131,8.72074747339719,3.92174513838126,5.38569559508892,3.86479769012998,5.39485026529912,4.71551038140511,5.0437075795935,9.27109947644762,4.05237201209185,4.28208913458064
2010-05-16,7.98545636380903,4.93725453423602,2.52481658278222,8.41739154412124,3.45923225894533,2.36670580803636,2.23413479791344,7.92562086215538,7.19258846647638,7.21349817064875,7.95230224370061,3.25274940094621,2.65413809725095,2.70379959525998,7.81917769928336,5.06256759847342,4.98608749182195,7.8967360531918,3.14178157057571,4.71314146216886,3.91424042067114,2.54182919737267,5.32279897433677,8.0223861370561,2.87775474969479,3.86523829343468,2.23561752081648,3.66751335876008,3.2690262860139,3.64822694959983,8.00965366276913,2.45291679680667,2.39600523625412
2010-05-17,8.31908784277254,5.60176301133844,3.00246380304249,7.85402239957677,3.93004987164413,2.79602242532276,2.69387666967615,7.54751989395211,5.95796578597079,6.75027555744761,6.80558797912678,3.44275250467387,2.98191711785668,2.87410832608415,7.87002036232898,5.67147909788499,5.12602882600344,8.24373214111787,3.45604593014429,5.01606938412715,4.10889040117538,2.93539808249558,6.03564157653662,5.30167335368004,3.43692652611959,4.32043637498628,2.68452126558817,4.26103209400744,3.69535551687025,4.05543990832096,7.49089733217226,2.92322850019586,2.76666570690012
2010-05-18,6.54500974022598,4.58115978546467,2.33939525961666,6.84450232233912,3.09050883427907,2.24154667609037,2.17847291050909,6.56485106315709,5.43444549843274,6.11321626734467,6.00801047099,2.96179211893777,2.48819575326988,2.34136517584914,6.47948256921279,4.60388676840516,4.71266537567531,6.62848649983344,2.99672409637433,4.17457945400662,3.68855950329508,2.44962930556817,5.05000272301388,4.67620791209171,2.60871244843528,3.33299155209778,2.17656275618664,3.37496677129699,3.09206264856105,3.40046506515108,6.60837188343676,2.34692475278204,2.23808239352919
2010-05-19,7.01625357489463,5.09638428160711,2.62611424457529,6.9151302141949,3.41543412549742,2.53494132011149,2.46941358392743,6.7228372165315,5.91961584269529,6.41787546182136,6.37026405186216,3.45563953432381,2.87959846196038,2.88119965811518,6.82854003553734,5.08187175919171,5.08619734050117,7.08322090905624,3.37721676622,4.48907114836494,4.14502241907638,2.78358664237584,5.56701682872134,5.29431660727048,2.71946722568201,3.71307051740473,2.46834294184808,3.76414676484682,3.39829977765323,3.72444433066801,6.82421302770791,2.63793431679202,2.59549444125795
2010-05-20,7.22397915917797,5.31678204630635,2.63053039556003,6.95208454824625,3.51984216264349,2.64446234840586,2.3730573768158,6.80829675959341,6.49852822181229,6.66851833459345,6.80480331708297,4.18333782662531,3.21434060250871,3.84191072296632,6.996741629856,5.27957897797916,5.27304823509518,7.26293283323923,3.66083530705829,4.62505356093395,4.63594519248927,2.88826789323323,5.74317942747412,6.29394903489577,2.7667006402199,3.863563705837,2.41045221434759,3.91330642017661,3.49825793249434,3.84050915986699,6.99142798846188,2.60976341315666,2.87196121515944
2010-05-21,9.03221736929841,5.54861069285491,2.79149204674173,6.80608144046974,4.39157791772448,2.54231234113761,2.38242780167879,6.69875594982745,5.24998530328048,5.7450632144679,6.11231834522134,2.67653474627563,2.49868391215532,1.9983330908268,7.9143399269792,5.8503196765728,4.40739361974641,8.82335751436001,3.06204936492863,5.31375290607119,3.34756191319587,2.6201824020364,6.11603629973115,5.1594020921795,3.49206130251465,4.49434889986398,2.3567654198395,3.96785073442582,4.03183699152573,4.34968117943366,6.52188455180382,2.94925023201635,2.37281029754107
2010-05-22,17.0073939148015,11.3937420872123,7.10866514646889,13.7926353373246,11.6057305259852,6.67302259320274,6.11464538667603,13.3972601402759,7.86776013687299,10.4776853088116,10.2333145817187,6.52262466692135,6.49961757695611,5.43605080710409,15.254805788131,12.3346140693904,8.84489842883264,16.639373515825,7.64575854727734,12.6961981217298,7.23564036283555,6.86774027105987,12.1702336447439,5.88210848202931,7.81527449861846,10.8505843024498,6.03030456489152,8.46000144928202,10.9860236154045,11.1943528650575,12.3085522682035,8.18091682871931,6.38457676484332
2010-05-23,10.5873108008964,7.09575417847761,5.2420457463954,13.1863399749892,6.43131795876988,5.59714883556729,5.24906095071515,12.3652764567063,9.57200505224924,11.174694511835,10.8546128805741,7.59780179689817,6.39452011565707,7.34657844948558,11.1981916837498,7.43516234275317,8.76527018409168,10.6627206075973,6.84493885307462,8.10551810973235,7.95993320966519,5.94490012010323,7.6377028123972,8.14187946616047,5.13569195969724,6.48532532758908,5.3351910537756,5.80170293117472,6.60038649096424,6.96044506536271,12.2285637064622,5.53223724696223,5.97206048521836
2010-05-24,7.5309903078317,4.89668950014026,2.42976988662509,8.09480761096659,3.45040666586259,2.31698381217561,2.25615506300966,7.68554860064092,5.86381170030403,6.93713683028596,6.7215615085518,3.29341280851741,2.69321159796946,2.63619840751444,7.49312389749538,4.99867427126545,5.20723155238722,7.54278159277857,3.26390456601146,4.72338835588667,4.06067979893597,2.61171698078951,5.3501835173293,4.71838927535162,2.42546363367155,3.73849127340062,2.24756336721346,3.49248246147896,3.40918595577216,3.76492476383694,7.65032353324014,2.50648939194444,2.37996232190089
2010-05-25,5.25446507273068,3.64773618070063,1.37083590867836,4.66599658168474,2.00287578576391,1.24584120773618,1.17562973366822,4.55456868353517,3.98807388084594,4.28370882325876,4.36240820121497,2.00874081091251,1.51901566442346,1.60844500519065,4.89512236890915,3.58883017016158,3.19091925220171,5.26537028817828,1.87729380390057,2.82313451983469,2.50609578295872,1.41226110577885,4.01378560939769,3.66296927632197,1.50047174052179,2.35353924520228,1.17309137141993,2.48594272956566,1.87733511105161,2.16406708126483,4.63872093039859,1.30267841682563,1.30256515700948
2010-05-26,6.10503475837242,3.82766935251097,1.80021215743265,6.01403298589012,2.63363887826982,1.71421463569286,1.66290111895725,5.84633613660918,5.23109194299865,5.62595206716656,5.60532066304252,2.59661875593499,2.04967874618621,1.96201970097183,5.94281328651794,3.92627606220445,4.33671197885263,6.07191320931275,2.58792612474686,3.71444256080106,3.3408256463822,1.98399886397477,4.21834346652529,4.70734253497931,1.84409330662781,2.87685217216489,1.65827734957377,2.67259911517676,2.66226090143979,2.97915308444028,5.97436595305793,1.85613403791463,1.75906582787284
2010-05-27,7.13772579842501,5.60618118766525,2.54386490708423,6.36482618085652,3.25657185284376,2.28367639612242,2.22441318580842,6.29171582102648,5.82760369069283,6.13576962015586,6.15567754125585,3.22336277436766,2.61616358613548,2.63047011083393,6.72278324710033,5.41983458741747,4.88454734470299,7.17967357153767,3.12217027427277,4.24171694205563,3.94770149131603,2.50951740353191,5.99954908457217,5.32151466036533,2.6847673481153,3.7849040031382,2.2044576345014,4.12818343331608,3.10684813513941,3.46722156423195,6.45558026016869,2.3773605958161,2.32994526465501
2010-05-28,7.58883727689246,4.76552364374823,2.14896883166946,7.87193662164041,3.48238010197556,2.06338345796816,1.85808875922709,7.45479676861589,5.59074155276275,6.55948291191795,6.52412335288542,3.0285964429616,2.39660722565523,2.41549858587896,7.41928344049568,4.94320771964107,4.78077106368426,7.59294139612484,2.99216509986553,4.73438786265527,3.69783337934118,2.29876343322635,5.26751771592269,4.78821892925035,2.43020057079864,3.63766930828307,1.86288321282357,3.26229460341392,3.40264864876333,3.73457741996972,7.3542997308844,2.29683380853816,2.11206765243288
2010-05-29,4.56204672635019,3.01345715001742,1.85016257744718,6.72613047711008,2.35948839088615,2.03616628498684,1.90561191823322,6.0999751465228,5.48552538478481,5.49641509511999,6.10290995278707,3.16721744850319,2.51620605785462,3.13017351763791,5.10753254993534,3.09749946712912,3.6679889141401,4.69720871090297,2.67508191404443,3.27358749285052,3.27709679514645,2.24232858547042,3.30247752809189,6.40019289028398,1.55881825964665,2.47035005621005,1.94699634870032,2.24878255993312,2.4078000772183,2.59988630071876,6.14221370292026,1.97815588503471,2.28751618837463
2010-05-30,6.91653327508497,4.71365372744735,2.39991187864965,7.2975075789439,3.29293576529046,2.54851715690102,2.24380808126724,7.02545934176538,6.77097229787378,6.82164536856387,7.12829947889913,4.29898169486087,3.22197996820642,4.07033756763316,6.89900701872276,4.76994437273093,5.18483211489751,6.95315399872441,3.61590968007626,4.48576527487212,4.64039848595878,2.81823694595701,5.14191495363872,6.94268193281876,2.40525385616209,3.55786980323201,2.30251228204114,3.41566542061281,3.3364944443075,3.67049769364041,7.21833882911126,2.45984720753691,2.85713267942259
2010-05-31,6.43734809845081,4.32292651761287,2.32547563885908,5.86054132279906,2.92971883534669,2.5270992054662,2.26637918351206,5.75433529414871,6.01673298105539,5.7011339954784,6.19902403058013,4.09010797895897,3.13058830388323,4.09244308955143,6.08555596994365,4.36392080469724,4.40968922282441,6.40576746148587,3.31142682986709,3.86375563780575,4.20755302084877,2.70839795998513,4.74535465677747,6.61785380444323,2.3417665200201,3.24009451654532,2.33512691991833,3.21176622134783,2.87244169056664,3.18526860415262,5.97815491614018,2.32309776647252,2.84323797516118
2010-06-01,7.28523177545252,4.52947677450347,2.0801692270017,5.88755323797152,3.33747002450809,1.97679703477713,1.84265646215474,5.80124213419919,5.37821044493184,5.36547417882727,5.8357726546409,2.73064996720692,2.24830445980427,2.23842722442688,6.57175911505543,4.71289848964987,4.06705049908866,7.15590543041389,2.72045381491209,4.26741765642753,3.266193989866,2.18050892127369,4.99379576148544,5.75196212491097,2.20482547318945,3.51310388440753,1.83727175618666,3.09390140522217,3.15233724754602,3.45861760835935,5.84520952314759,2.23209556916608,2.01973269702559
2010-06-02,5.27365846451091,2.99430148532519,1.21660248073118,7.21947035799985,1.86998990222151,1.1505869465728,1.0258265531693,6.34263187028462,5.40945085979927,5.1114070181932,6.48826429886799,1.33381623546479,1.13574874601767,1.04949642380622,5.52159718858141,3.10450813557877,2.51312742531888,5.41023821441202,1.36491339103313,2.8680948566408,1.66480087154718,1.12635329386409,3.44466599825199,7.63146183774315,1.90657373599786,2.04488156382807,1.03931638677751,2.0650130057535,1.63181250994806,1.87104980658731,6.25659148926942,1.17708308814918,1.07092715538058
2010-06-03,6.64266180173485,4.4161311317334,2.1571358502782,7.44301560840488,3.0715547637552,2.02639539073223,2.00277932055121,6.99763527494976,5.52774077055969,6.27077749838358,6.31968241110015,2.64787211018867,2.25209777577892,1.97950973558163,6.68820530125863,4.4952048899103,4.55438657314408,6.72643340170918,2.7889017247835,4.21906896762398,3.4044340863357,2.26295449058527,4.88286267478136,5.02180313540649,2.28862781882452,3.27603032505846,1.98665391411446,3.13780089804815,3.0394977485558,3.34314742604532,6.96850366138247,2.2376658865886,2.0059636786646
2010-06-04,7.30413344825388,5.1029072748613,2.51857436016191,6.54784422596581,3.15112356363602,2.34754255236268,2.30110665854425,6.41271886453845,5.77908128014223,6.10603736432353,6.22680744907408,3.09170052199024,2.58745960589456,2.52818371433949,6.84489740192728,5.06064776252428,4.73589042241959,7.28455735523513,3.03318761243979,4.18717547486108,3.79501231308787,2.51386319798838,5.56061274968242,5.41574613876046,2.8642778653922,3.60612498713166,2.29669363573784,3.81367502674522,3.00117123578842,3.3695300018903,6.53951361642796,2.37643236347259,2.34651987901263
2010-06-05,8.8853501671349,5.81344307195731,3.31479235306082,6.581827446342,3.80152126507759,3.15628477962827,3.26747531857399,6.67964617040888,6.98149979580781,6.6631207194166,7.16969206193206,3.77753546038805,3.38108807310903,3.22758925522243,7.86328370293096,5.84955534520209,5.41124634856996,8.67915987924507,3.73636316040145,4.80895233906448,4.52103228391156,3.33903892308829,6.34260611818813,7.35712597793889,3.46458178329902,4.38947588030741,3.25626995235034,4.50052347022868,3.54159256714517,3.98353750921158,6.95335533221196,3.15127587451157,3.14871646169333
2010-06-06,9.45088758411767,5.90614954174406,2.992005579192,7.90274353762283,4.09860131348673,2.90528827539879,2.66559262617078,7.82047232879534,6.9301016367459,7.40004295646972,7.50084126800396,4.16118664430312,3.31500558159484,3.60354952845167,8.66466901584295,6.0578477863309,5.81370224357186,9.25396728392353,3.86123226791006,5.40608013800869,4.8566237986261,3.0974297269445,6.43338761683201,6.33481324026521,3.52141095768586,4.54507698543432,2.69243105444485,4.36676234183278,3.90961107084292,4.36651082014981,7.9348324067995,2.91776036944963,2.99415124690044
2010-06-07,7.34821687898217,5.56643339373793,2.82700686290314,6.6854628241404,3.41134006581767,2.64389484970523,2.60163101246716,6.58524726940822,6.37772738154819,6.46868062939674,6.66665386425353,3.57194547528721,2.97566496857349,3.04043656252003,6.96070239939089,5.43573336522654,5.13018813167199,7.36778844332489,3.41853581583419,4.41788123454113,4.25093759792965,2.85313343871701,5.9811914080765,6.25745452402655,2.98381572106248,3.92108478616926,2.59441030208735,4.22395616992993,3.28322251561037,3.64768175603851,6.78917560254849,2.66503809354457,2.70089818849935
2010-06-08,6.67036022158659,4.37654882899625,2.09885148487067,5.39321583582943,2.86351047172378,2.3271212474073,1.8767922195099,5.41678921599945,5.56248014862798,5.41337378159849,5.71436755132175,4.17965645633944,2.99042290033565,4.25001592194436,6.09201042370547,4.42808436401083,4.29222318086522,6.58000991744549,3.20049590170609,3.81975995972574,4.21732401306427,2.45498572937588,4.80214913209423,5.70654024017746,2.46516541311829,3.19149937998169,1.9717802693738,3.18786380017343,2.77890824817493,3.11607955726891,5.6304740085454,2.04138566659545,2.68374182850172
2010-06-09,7.24975654068199,4.63722487085027,2.73926061751626,9.07982431744097,3.61731392816409,2.52609930813375,2.71527775681424,8.39882081990451,6.61040567667636,7.43363649095759,7.61646288471639,2.81000446618043,2.66927637031086,1.93268883325682,7.59791768193456,4.79651525569602,5.29818658308887,7.31966751037108,3.26967817056673,4.88662286047916,3.79190623307994,2.84352657247082,5.06267996687886,6.34067678476133,2.53062310009883,3.81723470876153,2.66120029877372,3.45010151165254,3.60797447042779,3.91591071046444,8.33484573234274,2.88708872088805,2.4239581443278
2010-06-10,4.94137735489884,3.09051955823508,1.37695195917114,6.02870504402347,2.06336061884516,1.27835868076592,1.23988334813815,5.53803719206545,4.80227075682669,4.89698826530317,5.44910248927222,1.68723656602372,1.40743956426505,1.1974730961854,5.08498915586892,3.1663511437822,3.16207404699766,5.02705472430247,1.79695530224418,2.99900206534238,2.24248808157696,1.41950630345078,3.46174055556699,5.48086690583981,1.61771809894993,2.22323512861211,1.23206519754422,2.13826139708123,2.00655105708839,2.24255545109718,5.55374543153047,1.41369184307382,1.24131488388667
2010-06-11,6.27534633840644,3.88954981875849,1.96335353735348,6.88641962805361,2.8534540789327,1.96156383061691,1.81794670421178,6.56073690502428,5.39544833674106,6.09670141050805,5.98642693131095,3.0065069440632,2.34807955718861,2.45982250017587,6.32530336753914,4.03086888597741,4.59564446957451,6.2835315247541,2.86494023357886,4.02345205336325,3.65128938175743,2.21272845705356,4.29479035589844,4.64137610023978,2.10727339642215,3.03160726672345,1.83444249720499,2.76908028043163,2.91454888819718,3.22190738558924,6.60736438343888,2.04962882994604,2.05114311289691
2010-06-12,6.83903527290599,4.41787219251805,2.22132485282737,6.69136715864958,2.95319319538581,2.17997645004209,2.05801219253157,6.45664641806596,6.16938596823849,6.17735799096609,6.57431065389702,3.30517531051608,2.60010639652461,2.90590675502955,6.59397245346515,4.47365197669729,4.59116655764029,6.77823729392807,2.99707788587084,4.03363310400311,3.83008988855124,2.39815370302348,4.79461120782799,6.45568131029645,2.30149481967361,3.33048137697727,2.0749432400867,3.23540283091239,2.86516875859224,3.21141312360434,6.62429740402656,2.18034689013245,2.31472003839628
2010-06-13,9.41794689055545,6.16068017210221,3.71059722929984,8.99614768906702,4.67393725908322,3.69357738604309,3.58338814727962,8.68630799280672,7.48543935764204,8.01252788429584,8.24280757897979,4.66944356847738,4.04353624824552,4.17420665286734,8.98499853487861,6.33385975869648,6.23442623641141,9.34006395886371,4.48877964393214,5.92753044197626,5.28930519491242,3.90229991848476,6.72140153582117,7.20081145152809,3.9529308080276,4.98965226650899,3.60186993461392,4.75773675196504,4.53373847871788,4.9273094367393,8.71718923080599,3.75173585006077,3.76977570696441
2010-06-14,11.8384071405305,10.650127027904,8.09914176629432,11.756543154224,7.76504627460405,7.66247292201959,7.37105006443271,11.2472931412996,9.15527856759386,10.0129885615795,10.3242805067782,7.02204835988671,7.04786294998521,6.70329531666795,11.3938234642165,10.3069680376931,8.27443190599539,11.9767801998386,7.16726981396355,8.43534646847689,7.46360189200753,7.12823691891221,11.059418674192,8.93117692694281,10.8200704958122,8.49699886733355,7.39703940156858,10.0823441138238,7.19907956237443,7.51670376022471,11.0494462532439,7.19336895383083,7.2081714167138
2010-06-15,5.68555380729099,3.67696734803098,2.43662008462594,6.95596627814831,2.89746234174574,2.35749853060358,2.54538585213002,6.46560952946897,5.12546909696459,5.7656065244048,5.86688220431,2.48567299648306,2.43710487021318,1.88905149363563,5.90800524152475,3.80163039331507,4.24080502158583,5.76521133977226,2.8039503428379,3.83875423641959,3.18401012138618,2.56984364668878,4.08163256961017,4.84131176775557,2.31646882651611,3.03546455707846,2.51665830332742,2.86137013893888,2.90894297078828,3.1451427389318,6.42586047391826,2.54165107535546,2.27641581917829
2010-06-16,5.00784250615799,3.12997090528023,1.42064689915071,6.29450774929153,2.09610555772658,1.34617817720079,1.27538569007704,5.77104737329963,4.71029614916831,5.0603466129952,5.43765194440933,1.83764408139198,1.49939844574261,1.35795078446698,5.22063920968994,3.20745791697845,3.30952276812737,5.1076470769076,1.89463541956743,3.08111028793745,2.38779344794938,1.4833144422125,3.50792296034798,4.99885177968713,1.72351222962524,2.25533344071153,1.27566453633046,2.1898169542614,2.06114709192539,2.30342457575683,5.75524338314942,1.44618902850591,1.32276573939302
2010-06-17,4.6348400202962,2.60025358100279,1.18686410856745,4.09344152636865,1.78320805154131,1.16122937141334,1.14944492224754,4.01912501512484,4.5460268510031,4.03602830012827,4.62348045661171,1.72168607701058,1.37436572457018,1.28320817775308,4.32637264540492,2.72868510264381,2.9425042474016,4.56299125401271,1.72606543501626,2.57007252682931,2.24822630873043,1.33955918264538,2.94956757066153,5.44540306781832,1.25394763961928,1.95205961771414,1.15085494316767,1.75229500738724,1.76971318871355,2.01813684770758,4.23317302187885,1.24554118928596,1.18098056894475
2010-06-18,7.0887924990158,4.76496719797748,3.09538835148504,8.23434034287753,3.58038633130085,3.32174369193112,3.03935079461662,7.64954979995373,6.43539274771079,6.78099945853037,7.30318513768432,4.53327102903413,3.74732312587873,4.62366033974967,7.17894398622003,4.85900555194915,4.83139976087832,7.15683456864318,3.82636035920361,4.60897506566464,4.54483564445425,3.37545992754571,5.21413793597441,6.90282577928285,3.47012575074397,3.83256570481154,3.11827754927804,3.85299170293581,3.45804824294162,3.74213600167123,7.61835040256478,3.0541879968201,3.55530430208947
2010-06-19,7.61528227415459,5.08841632716536,3.50788859803124,9.78311954912053,4.19419106576312,3.67725392378326,3.56961958867233,9.0897890543437,7.63893202243851,8.27288124104348,8.52681399837399,4.88968188406431,4.17268167152658,4.57970841519823,8.11105578623194,5.256713992492,6.12837141444262,7.72683953358012,4.51187025823712,5.49146553762663,5.31980676484448,3.94112746206491,5.54345842511032,7.59818512069779,3.38616989877677,4.35364576741783,3.60995376103767,4.06401834469691,4.27440843551368,4.57521793484194,9.09462242693757,3.64501506699758,3.8762847500371
2010-06-20,7.58426997245878,5.31714416212371,2.80186463723147,8.80874360334412,3.60290083480231,2.78903700667205,2.61981256202917,8.26736827601191,6.51471269874532,7.46375941237076,7.42280272939691,4.13435857161407,3.29984003400533,3.76100717361663,7.75334476997526,5.31712423914375,5.48831630662309,7.67188655169317,3.71553171487699,4.8786343006765,4.634556885328,3.03624206089918,5.74112190934939,5.74612041690024,2.83710384688842,3.98451326335855,2.64465212702812,3.97354747136543,3.53933060529147,3.89460952465042,8.25279235054385,2.7759900507624,2.9786661241404
2010-06-21,5.38945359634323,3.10472057434062,1.43685506000826,5.10419833088406,2.10089942465171,1.5186899889892,1.36296154896015,4.90891393857143,4.90327972425461,4.6628171381184,5.21971991857858,2.40909406413484,1.83592003696632,2.14828838838957,5.10887744977327,3.23856672533785,3.30423191239757,5.35304246454875,2.12187426577165,3.01004940647113,2.76017003015007,1.65556889073571,3.5313033815517,5.61736610757553,1.68741078052821,2.28497849729792,1.39894833467763,2.14038746263172,2.05064949594894,2.32733097986826,5.05211804470031,1.47669178495903,1.62695288626003
2010-06-22,6.16196398317618,4.25713467300715,2.11407807604681,4.65598200325418,2.72753305738466,2.1518088797581,2.00110583890787,5.43062624851181,8.72525539132656,7.75791095486452,7.1668291046155,4.38819206557393,3.00920775383279,3.03897679905233,6.06931781113211,4.25807712779818,7.51594794066456,6.09571796743538,4.16990044924574,4.34296703451655,6.02526153342655,2.76967973117635,4.67703014746265,7.68735970358084,2.21675125137749,3.05413386797248,2.03317345152692,3.11095219051825,3.50903030792059,3.99286601554575,6.49416027312167,2.08123754424641,2.32072138345391
2010-06-23,4.75758323839807,2.50139465506593,1.21408388346913,4.2546888797432,1.96400299396948,1.2198377708548,1.19754830768656,4.59707815461263,6.94552122460996,5.98536623812789,6.02933213150535,2.47744034433073,1.7134094137086,1.28719848944517,4.80396449416153,2.71262319859786,5.27957039363583,4.66846201054584,2.66618604537269,3.29865271634805,3.84836603578425,1.70385040052436,2.87056276288987,7.10614052681648,1.24653067607013,2.03149154458607,1.1992356916932,1.64478592786717,2.54127656887225,2.88978263278063,5.32161403545025,1.36592028052271,1.2350729718691
2010-06-24,9.82130392380459,6.30281913223786,4.3856741257678,10.3706300839985,5.56913294075943,4.59071485227065,4.46386804578574,10.3583114703653,9.40250568101382,10.7392049527265,9.509335003636,6.89304382948303,5.56334798003043,5.88535897848851,10.0923584017998,6.62731766648725,9.53395230478965,9.72140118744909,6.51808646104344,7.4291561103053,8.11854618652295,5.258892256876,6.79318174403052,6.41922917507095,3.83592821240862,5.71760915433428,4.5018212124912,4.92702263609958,6.12884124525601,6.59706297252907,10.7086454989336,4.69880054855715,4.90780130400594
2010-06-25,5.51892157406066,3.74352673709681,1.60049504668197,5.25292157839688,2.24145291399908,1.5311386896731,1.40064661804279,5.58592013382191,7.41654391082448,6.99215702739247,6.57909602245912,3.198301227245,2.13840422344303,1.95809895256156,5.67049613352779,3.73156192981646,6.19241914501042,5.5406405470465,3.1743290980598,3.7561407170436,4.66760315524524,2.01115651513919,4.13355263999492,6.54536368513077,1.9041658125352,2.54187900468391,1.41362118303539,2.64711258145126,2.8175689422387,3.240029497475,6.33116012151242,1.5379568113317,1.58787611691705
2010-06-26,6.82934025035759,4.83623949648887,2.14901473069544,7.60628036994581,2.96709275124329,1.89211459208432,1.83117757323361,7.71481617189447,7.55117431040435,8.6097596368666,7.27329376789203,3.50261262844634,2.46715220831698,1.86374483654993,7.3053213600158,4.78469022640194,7.52376301248624,6.91576565001196,3.76862458955485,4.81849372355347,5.39636985255547,2.45981207279275,5.2381288085573,4.52598365852578,2.48916936412768,3.3623239046232,1.80845375503598,3.49876829765894,3.58083588885982,4.06930008439286,8.2620749768486,2.04752786661967,1.84855315243227
2010-06-27,8.64796973983935,6.65712721444076,3.26803467403175,10.3528653111796,4.1164553464255,2.98929741491232,2.84617593494552,10.3106406193357,9.44471368375771,11.1154560702484,9.35989252772582,5.13481638271875,3.75455492462941,3.35446168585146,9.44934453476573,6.48823170152377,9.61915672201681,8.84253754104291,5.2152887416904,6.3457537585323,7.22585170633466,3.63404217193198,7.10841152051669,5.44073415514931,3.69733686571908,4.67319415094178,2.83505025740744,5.04864188574154,4.81246398626822,5.39268565253845,10.8773977458981,3.0617614011469,3.01339621279258
2010-06-28,8.36904387816896,6.078543032033,3.19028829842487,10.3984801205657,4.01442990828348,3.30561476818959,2.90141504882052,10.4032223354504,10.1353876443713,11.5426304493562,9.79499291466727,6.46760969910994,4.4824044950431,5.07738622474048,9.3618833989289,6.02525086864121,10.0726852759746,8.54618305553665,5.8179552296474,6.39155382550019,8.18872509039016,3.99410384946313,6.55182609526809,6.28280022133937,3.52901995668067,4.45247837174709,2.97631960382756,4.6260575949857,4.9125429247795,5.49931686894261,11.1075334805099,3.08170608607969,3.63061449405294
2010-06-29,7.44456134543015,4.56117655122282,2.20421890703329,7.30142766511956,3.17826978999387,2.06099386576785,2.06124491876132,7.64850796522078,8.4357257757861,9.00913063670288,7.77835737880392,3.99550559333601,2.82416683161468,2.2873673870014,7.66989288396741,4.69298889810821,8.12251782266395,7.3525359570869,4.19157205764539,5.14050506556113,5.98821846918061,2.77473681299386,4.98221792897054,5.70096059218418,2.1088688472271,3.52087366614718,2.0436074101344,3.20233113328631,3.89871320181049,4.43425265898338,8.37707252398272,2.26311556902893,2.11077296806313
2010-06-30,6.65965334724838,4.3652239426713,2.35939566223114,4.24561897570532,2.83610376420144,2.43973473052793,2.32682862995346,5.11430117918196,8.31788430427147,7.35946011053539,6.80773487101183,4.53915788680465,3.24523613058385,3.36122380706556,6.20189569470987,4.40530466950793,7.28775123200433,6.49547485239958,4.24324837815565,4.32702970016399,6.01607412414637,2.99011944730372,4.8217752800301,7.26193709498526,2.48259524047837,3.22091342119414,2.36742830842082,3.27878437647905,3.48832944224921,3.98678098437871,6.13487733623257,2.29028905335023,2.6135556194411
2010-07-01,6.65442010559178,3.6776194693282,2.00181157062743,4.39871218084604,2.87168886423418,2.30229895897153,1.92089169368843,5.0797160894302,6.96325176556901,6.62762278450035,5.982953801414,4.55185401362786,3.12784983138905,3.74575130753613,6.1326812551295,3.94640891220347,6.4391663523771,6.44134561344662,3.968656668969,4.31791853937413,5.56763507455928,2.72770669335335,4.18758435530554,5.53915852445307,2.43497003471151,2.99108946717981,2.0138786613493,2.64406298967109,3.44180202536559,3.87980975618712,5.79772745947852,2.10121857222831,2.5644649467255
2010-07-02,5.811079318434,3.57775127091698,1.96789631981005,5.0668985365699,2.57768783074097,1.98060141759499,1.90480923248465,5.64671600560578,8.4704911637723,7.66805218850005,7.15318578242237,3.88299899920806,2.71435267339131,2.47564188537859,5.92788563799476,3.69427182295355,7.18907709063651,5.70755444010373,3.8706374370916,4.19911577016406,5.56041611989124,2.58239408792815,3.935353671603,7.55595995971127,2.04351186580541,2.82388695123506,1.92220279530552,2.64896164900663,3.3553004617911,3.80724938668774,6.61013138106778,1.98658768598264,2.07332972663175
2010-07-03,7.74909394965993,4.82354815610933,2.42727353995571,6.06867503383281,3.66519578556157,2.70100418326338,2.15339888924114,6.85586073526084,9.38529507244824,9.02346715458887,8.01018315136704,5.8793877767037,3.87827544418784,4.6593957865398,7.59820779281395,5.03739737168254,8.68683648880693,7.59522569151143,5.16054493979404,5.60556207256117,7.35363264836676,3.34812638653834,5.31974130302152,7.34244369065473,2.8408620435145,3.82380341899094,2.25458967161634,3.44751637998054,4.54790549758525,5.08018914751079,7.84052960899456,2.54157115104403,3.06659161644472
2010-07-04,8.7878116461711,5.28866472163096,4.56741853901494,10.792797161177,5.06765093382017,4.74561933992864,4.98936374200234,10.5150725675503,9.75903451924437,10.8098267732317,9.92930920681526,6.07658909373965,5.37116904834856,4.87880735200136,9.52691279103353,5.66504942368653,9.29534213574639,8.75998927755528,6.23142343960419,6.89744932618548,7.54536797151126,5.37220984058428,5.78977732858014,7.59024449046544,3.96244077491889,5.17247631192273,4.99292321926255,4.49047177140694,5.71399922217372,6.14155324867647,10.8967038189461,4.84473231823075,4.8353446035041
2010-07-05,6.10534835924891,3.55093211095237,2.03405448298178,7.53778755695857,2.81276946564214,2.13086935809649,2.04774226682418,7.25122991418362,7.03761289769545,7.37190520269386,7.21479969164132,3.54040857278741,2.6961936002169,2.72189637168583,6.57627325662053,3.75336430598192,5.77778873997774,6.1423423630919,3.41213028538722,4.29605144329162,4.52289727721215,2.54958219856069,3.96931470910998,6.3944315397381,1.95920909792529,2.93695056719975,2.07159015239134,2.55528298399176,3.19386280436487,3.54353982272532,7.56252428226095,2.18901559261153,2.26196287950183
2010-07-06,6.96540519614161,4.49421059479243,2.90999539966716,6.98688146571445,3.25538769309603,3.09650974072825,2.96449974141119,6.87781407989375,7.12112374641774,7.06057298292485,7.19837688323959,4.40841394530796,3.58111469621294,3.99900804175839,6.89145159275555,4.59644742727224,5.73119288697095,6.96159758649459,3.96458617489067,4.47280032333144,5.00843517157946,3.31955812081887,4.9969933417359,7.0172930070696,3.19737075416181,3.54424576592569,3.02480250488309,3.59843740054341,3.42132532766923,3.78763927052835,7.21104522005362,2.86243723526969,3.25704050493159
2010-07-07,6.69251000449372,4.52719487951392,2.23642029787125,9.79438506067958,2.97701040522797,2.26327443449904,2.04061336148856,8.78958878682895,6.52178935202786,7.43920973538222,7.85842052191617,3.554804073428,2.74053199518995,3.3459326487746,7.39184328998734,4.53179398819402,4.68924854022312,6.89425313578247,3.04969938012063,4.32178169673192,3.86621145251467,2.44253893518088,4.90919275701109,6.65907970688943,2.36115678124826,3.32018870783004,2.07716844784102,3.3203718625403,2.87264219983129,3.18673272271719,8.65569427875272,2.19857877087602,2.46805151832139
2010-07-08,6.81634943681848,4.42977168843198,2.2825602935422,8.01069532076091,3.02828153330517,2.24001136675846,2.20009364288665,7.5119662862365,6.26589410248708,6.88113971390359,7.00958496678389,3.11581117790248,2.56863687460075,2.50631618748787,7.00348992014888,4.50623286278324,4.96995964688943,6.91295967039305,3.07100892921314,4.3056908247379,3.85435087556453,2.49221651138413,4.91765453850426,5.93667000762595,2.40611508835999,3.28885842073749,2.20480832164144,3.2160626880907,3.05281600304111,3.39100290689317,7.5644603971488,2.32010892208921,2.2837438507889
2010-07-09,7.44685578944012,5.429505301653,2.61999344027095,8.33283420235623,3.24676173494764,2.39005327044283,2.39015544087278,7.82328970968937,6.96869961131239,7.19255570092497,7.69553117337686,3.12165714863736,2.63814939969682,2.49496360335842,7.47636690827177,5.31865936791547,5.06435762475778,7.56611531395406,3.11884102742553,4.46039619066613,3.89451690546508,2.59018359907211,5.88319218441668,7.36153118142595,2.85016180271809,3.74912542059964,2.37150451189247,4.04337854987086,3.09386283776849,3.46754659466033,7.92802133449538,2.46351633299381,2.38196710042775
2010-07-10,7.41287536838265,4.84572198349707,3.20074689926503,7.77214254784132,3.46603535024889,3.15625622606484,3.44534353908099,7.46509010381743,7.28398986849072,7.25466588446307,7.66862136578335,3.90570480297767,3.54433394756361,3.38609462659785,7.33601789419658,4.90138019644782,5.594814400252,7.36262507242507,3.85568135042626,4.57257929447417,4.63103237324278,3.50606410614123,5.25728298872538,7.61893042444705,2.53639116223624,3.93236285094015,3.42229456079491,3.81017887440577,3.42767779432376,3.79635826818683,7.69953852222371,3.20921884632535,3.25637093292357
2010-07-11,15.3543858483775,10.2280691051599,5.40923646962786,14.9713506031785,7.82670342640728,4.83257351244981,4.87849160757764,13.7327706578165,7.70511013431704,10.0944900878139,10.8216631946992,4.48924175160604,4.66348553791045,3.90017330374594,14.2302287956256,10.5196850640993,6.55827985667178,15.236643409872,5.10120579798779,9.14913906283517,5.01875903656565,4.91560221277714,11.0246470936369,7.29972794092497,5.55220677489081,8.23511887845133,4.77648867283367,7.46212918852479,6.73240683184886,7.17055430604445,12.7591942294436,5.65494905951942,4.62516416753899
2010-07-12,6.88039207042386,4.62082346917721,2.79727102778193,13.2928614229462,2.99419169369576,2.84096103075376,2.8223191162093,11.5156523365337,7.19231187356048,9.15340587599788,9.46084165201685,3.63652280077745,3.12923534967644,3.38175864939653,8.53568102900961,4.59287786642247,5.26858658563257,7.3289142213284,3.32607353798114,4.65602341354515,4.05426824614805,2.96174668784,5.09060135605792,6.860543847636,3.02116524569269,3.39549115526876,2.85247249623617,3.68332157019055,2.90779816017096,3.2329693048876,11.1278626959404,2.6602459031201,2.92876878252454
2010-07-13,7.13164826803713,4.84154491642234,2.56086462053,10.9067934549144,3.02672496370562,2.51918419892158,2.46659815723526,9.73922274542027,7.03638217772971,8.20912950532165,8.57046299000066,3.35397945143742,2.80634831198768,2.91083509798078,8.016374997881,4.81252277040581,5.15423490526919,7.42785730998768,3.1642269369453,4.53152954896527,3.9499305851918,2.67783648515425,5.34503804772355,6.96453786283217,2.87636203629412,3.4257862036012,2.48382905901983,3.67405487268829,2.94622341083631,3.29974192881715,9.58755598247982,2.44510139097753,2.56794767311239
2010-07-14,7.82641569399692,5.19947835140065,2.61082199217741,11.7574843754072,3.44913826146169,2.56853067544858,2.36879144791594,10.5016404843534,6.7978532308901,8.61933273822557,8.64897989918334,3.5911614604991,2.89892108228706,3.12151973128899,8.72513397713729,5.23777481469456,5.44809717475976,8.11267657347624,3.35266938128117,5.07875586168765,4.17700385211196,2.72416868222578,5.72145978199222,5.90109953234544,3.10878849582046,3.77841958167382,2.3956141997265,3.85501195065836,3.35266391589413,3.71505469304925,10.1965371631919,2.55316572325433,2.63526253311934
2010-07-15,7.40574796607115,5.04861045286726,2.38808795384274,12.5985390514216,3.29115339612061,2.26087368752419,2.12194816830408,11.1598706556081,6.58795968253479,9.09533597493759,8.65876102529189,3.28704294935758,2.61054429805617,2.5750166520719,8.76491421513095,5.05002988306452,5.74503287592275,7.79088025551933,3.23432314793238,5.09393708805396,4.12101797707536,2.51082438696592,5.52606618604432,4.71598235590552,2.73049004573599,3.60426600458239,2.12464779177131,3.66131015489845,3.31285890511496,3.67293733196857,10.7816409268347,2.36136665542511,2.29168948131955
2010-07-16,9.66589963979847,5.50036922812017,3.12796138688727,13.7465355509784,4.1319359599859,3.1913737639341,3.08530911989156,12.2975383911275,7.03444035580779,9.79839559655134,9.46486418413313,4.25885744410538,3.5839096592622,3.79124691983295,10.4805449402555,5.77690657822525,6.27517466892454,9.82050578288041,4.00531979944531,6.03234818531475,4.87142718281171,3.41069008837878,6.13942749900688,5.0560569496071,3.36071742336986,4.44469016919139,3.11746570984783,4.06396659637157,3.97909458348163,4.41537816787448,11.7905790708219,3.20870344856953,3.29509839692417
2010-07-17,8.51377518867177,5.6259643275811,3.54527110044131,13.7750414581037,4.19605689340064,3.50774885702926,3.60516774145206,12.3894101417223,7.76085002693087,10.497544523749,9.7506191644398,4.49693398035397,3.92252646140365,3.66830170312977,9.93692435050916,5.7265356206538,7.28471149792507,8.84237105304712,4.54077605540605,6.12009567073201,5.51632695139407,3.88662330966292,6.15538531816846,5.25201242675975,3.39463455569656,4.51134254944129,3.59801075028999,4.37999977036825,4.34730143938493,4.74613304921771,12.0772684846585,3.60810486297408,3.55417050405709
2010-07-18,9.35959419768028,6.22231106216533,3.40081500751657,14.482616940477,4.33220896585571,3.89475991836555,3.18664774129495,12.9286590718546,8.08044054377018,10.6043511372755,10.3820377586725,6.81718242552394,4.97901331765218,7.24424758426385,10.5919298280499,6.28540832657446,6.85291953619792,9.68147703172505,5.09027926665238,6.28249447321523,6.53148407863732,4.0646905970839,6.77260085809315,6.47273225099598,3.70904155192008,4.738031060235,3.35257718571683,4.71405608751437,4.24969520460853,4.67356150591603,12.520440448041,3.36030780089674,4.54809543715103
2010-07-19,7.83865915505839,4.79049879039005,2.48219480063235,12.12593502724,3.34643843131742,2.98069877157265,2.33893591971751,10.8667822229848,7.15398891872134,9.11864117256634,8.94530148570951,5.7837967169372,4.03726331539035,6.10971973630997,8.90402713355569,4.91520391950743,5.90080653626805,8.0627850337753,4.19598461127951,5.14788919501002,5.59922496257179,3.19016565154292,5.27094779848928,5.8612217524972,2.66935785357052,3.67232769031101,2.49501536312521,3.49828486721064,3.37138654076122,3.76515258841878,10.6241466447994,2.49374389557972,3.60128380321611
2010-07-20,6.06173117743879,3.28966243726523,1.52534667431187,12.7304118095495,2.31582902523183,1.78506739787757,1.51996472899574,10.9308851730123,7.10013364867343,8.66959144599819,9.25314809360674,3.36502393455739,2.40655218216739,3.25593361316507,7.83593923112104,3.45623905170559,4.59370081125997,6.46119388167098,2.68121337611136,4.13794777134966,3.58105248368478,2.01901829550387,3.7526733691912,7.43163701651345,1.49759628106754,2.47773312235733,1.59072580300513,2.18734269120022,2.36353226955949,2.66943805065348,10.5952830430777,1.65662516607587,2.09152504447501
2010-07-21,5.16253727443887,2.84127088887131,1.21121898108951,11.498802741825,2.01603482286451,1.22175340532886,1.16877274652977,9.77718313123608,5.36982588522262,7.39211225574002,7.60243057982309,1.92711905751153,1.50546511777029,1.50300220577135,6.84057000741372,2.98507070866133,3.75618680463623,5.5609585653009,1.88740705079051,3.60159746607183,2.4185394537278,1.43921235039373,3.24146871711072,4.93738970743959,1.17190662206568,2.11387773647228,1.17360938672032,1.82123381100999,2.01943786017869,2.26142660941345,9.30423509056504,1.36324756265691,1.28642335976018
2010-07-22,9.03367017974526,6.1437067839313,4.05792772939803,12.2954031460116,4.57919642890916,4.16143603501424,4.16351053372979,11.2655504578009,8.29230422686668,9.85706290410401,9.78000852207454,5.5198583249188,4.73791017821693,5.19230023041402,9.77844777944505,6.21397182149408,7.0657885016683,9.20288047271072,5.04817241367258,6.16401248251899,6.0366735419453,4.4720501974485,6.63918156226695,7.2650746896904,3.73100333015245,5.00629766117725,4.1930301648247,4.907458818265,4.5529485474066,4.94958704998742,11.1293535895991,4.0706146651338,4.39743200102918
2010-07-23,4.63765681820869,2.84780839812443,1.52894329446374,6.28834616758838,1.95739955407819,1.63952611763248,1.55686635105617,5.73332632131887,5.65071757166821,5.27426735444032,6.14201925840126,2.47806028552987,1.96777164140317,2.27380168575854,4.99264246778884,2.92470922534813,3.3732130887554,4.7550857033498,2.18680486152938,2.92046941246591,2.77931801797382,1.79625105084379,3.21730545174136,7.08794399175227,1.56279599352492,2.12341819689631,1.58897878090673,2.06138679347621,1.9751227274455,2.20788913294698,5.86565415028359,1.57206043508025,1.76824441716976
2010-07-24,7.30808727851284,4.30271393232789,2.63427073960339,9.33732952354593,3.37433147326848,3.07197057941655,2.65585831919317,8.82529513929386,9.00586774753427,8.78405541519222,9.30418536225315,5.55601070100995,4.04128752202234,5.38840414411739,7.88420212224002,4.51576526292344,6.48794102675811,7.35432657344944,4.45895953417731,5.02308871299327,5.90702162161042,3.42491906312792,4.76476021971789,9.69022797548642,2.62828248129733,3.59031001902718,2.77469366072812,3.24459353757602,3.68075441261635,4.07698238364172,9.19738459685457,2.7348033219105,3.54790370334018
2010-07-25,8.36952012325544,6.192140791578,3.22189352431139,7.77566503256412,4.06439627785351,3.80284698541362,2.90645772782568,7.59581130534174,6.97894261191976,7.25506986678457,7.45812714635918,7.15315557131851,5.03918804045528,7.97775888004306,7.95818088568333,6.12583155855515,5.70062503627757,8.37684792284696,4.96057611223496,5.18812596807057,6.44519101010455,3.90023174773256,6.65215574039648,6.76983898645478,3.5576366558011,4.52817243277983,3.10748498919497,4.71164389388677,3.91129937758258,4.29329689461604,7.73049268942939,3.09814277560006,4.6181624870197
2010-07-26,7.44423394679801,5.79162376378363,2.91119485039716,6.87590449125057,3.41456939225402,2.91350113150813,2.70777883523756,6.72200222929224,6.14114650712565,6.44749693105825,6.56881319035859,4.32590619700106,3.42830450982928,4.17537501535312,7.05681779290264,5.61171174451374,5.06884911107903,7.51920027730175,3.67653546547267,4.40871569113455,4.62697451072298,3.07031372459662,6.25984946598603,5.80076986523574,3.10818515200743,3.95222981135134,2.74993727978611,4.39872741719388,3.24553337986461,3.6123854985092,6.86713247448284,2.72087576983665,3.14447766361485
2010-07-27,6.16322914731911,3.67577730512786,1.473345412754,6.01127958600857,2.62623960089971,1.56635789109556,1.21223880271244,5.8310073099848,6.25772941647355,5.76594892028545,6.43821902616461,3.02444718813678,2.08532791639554,2.6333524065188,5.9719074449997,3.84728705189856,4.17283883110111,6.13235593665142,2.59811108959778,3.77904416840672,3.48357686415687,1.79360733411236,4.10994739617574,7.25579716126437,1.79315738169922,2.746863268268,1.2618888156486,2.4114015087172,2.67866479847951,2.988479098458,6.07201920732817,1.5963534177535,1.75803962843028
2010-07-28,7.06851679891404,5.05322503204086,2.91271926207545,6.76266127703666,3.42666898744128,2.79732806194546,2.85634215066483,6.58636342667061,6.41723375036227,6.39402328463152,6.74161565747411,3.38667033192516,3.01901205344923,2.82550906205314,6.78838892640563,5.04266017777466,5.01821611833106,7.09222153097977,3.42295241831244,4.40576156430399,4.08635070843082,3.00194494745427,5.5137704302431,6.6462472682588,3.00201559019473,3.7831010218016,2.84502267063375,3.90656813462473,3.3563258250507,3.68279042367709,6.76443392724416,2.86191681390913,2.79224502756652
2010-07-29,5.0977044477826,2.8269473440894,1.25303148786501,4.66406305824265,1.91618259040678,1.32136077378978,1.1891334602097,4.48722229174777,4.78513919109908,4.28161887852726,5.03733885244298,2.05148901847584,1.5746692627494,1.78326320092487,4.76100053903435,2.97769384578491,2.93882102238811,5.05208429932437,1.84706334430001,2.7620870479586,2.39878047043933,1.43862806323846,3.25555324588114,5.94410262498768,1.52873525832056,2.0674344293464,1.21959875200377,1.90106866198579,1.8491017799837,2.10930371484842,4.64832293635363,1.30783503589822,1.39431769177966
2010-07-30,5.52622264615507,3.38478569300149,1.63524984488634,5.39271223552149,2.39590018327393,1.61400459488391,1.51455339521278,5.21283359865415,4.70531597105765,4.93250597764727,5.08318416833997,2.33484999985167,1.86572658030371,1.84421298252363,5.33321373130914,3.50912271452767,3.71650215304804,5.511098945972,2.29684244100609,3.34247841608142,2.9090771905517,1.79585270922447,3.7914180905664,4.57231093608455,1.8723571106608,2.55058111268014,1.5250329189299,2.37860095089364,2.40135873933241,2.67282427214088,5.30358581986262,1.69847479165736,1.64180907364801
2010-07-31,7.49790280887992,4.52202590640811,2.46610940642426,8.50421189676608,3.52864397678854,2.53475992896141,2.33870726098645,8.06417157643171,6.31513521514848,7.39674391139709,7.12165354216844,3.6889461247564,2.94563264568727,3.0252523345892,7.64933233541388,4.75754174175643,5.61443581926792,7.53993580237341,3.56508330892874,4.96514941893651,4.46178954496864,2.80645324556535,5.0678651451401,5.10610775722526,2.80547284883753,3.62857099487119,2.37058333039071,3.27224466964499,3.66194415684176,4.01302935003016,8.06269601765543,2.61766463089713,2.61103498137361
2010-08-01,4.9315331836192,3.35990437806058,1.57817745262022,5.93298454167423,2.18409804159647,1.57665045011604,1.39066730064393,5.54148375498884,4.48149354743306,5.02407463004726,5.07397165908901,2.36098323981713,1.82165759676183,1.9724147774978,5.11217815037072,3.38251008026414,3.57789887691717,5.05713805961025,2.20255156471982,3.15071866558217,2.82823738912162,1.6941068421067,3.74383127391336,4.14073420014657,2.03944884926172,2.35066538977554,1.41697801740787,2.44068244927051,2.2094639023527,2.45337559539446,5.55526758772787,1.55436318264198,1.61759336989796
2010-08-02,6.28235825516129,3.93487640416523,2.26054972662445,6.36726563878584,2.95072788811966,2.36015095530928,2.22164706185112,6.21966865410881,5.82876606141356,6.14367069989027,6.09317405415126,3.43577128212813,2.75509361548658,2.91809601700028,6.21704060406192,4.08502896502491,4.91732107052815,6.2893274862703,3.23285767149628,4.08915339826802,4.07879501548604,2.59731277179514,4.40837819493711,5.30971437698341,2.50201406745328,3.09663649675455,2.25719663717712,2.93621794107811,3.09728097161921,3.40992255362074,6.40133997776311,2.33658692815842,2.45702532686304
2010-08-03,8.16277538452439,5.21983531948024,2.82042580677006,7.62617911973027,3.90203892256936,2.87392168553876,2.57722227317506,7.48959635863914,7.14937008749881,7.30367921887803,7.49967345265641,4.14947616647796,3.29376308269001,3.57089863148765,7.81904272554993,5.40446410999522,5.77927417844574,8.11970810728225,3.88363089299437,5.20638922052306,4.83753497408299,3.08323463591782,5.77804294900724,6.99907188341619,3.41033412128223,4.08565733044968,2.62264813373565,3.88072272083654,3.95163935644656,4.32727931958252,7.67429149610659,2.87795406349102,2.96713487496303
2010-08-04,6.82412256816495,4.64444665289383,2.22671141535455,6.64251464270461,2.9697291205258,2.20022692578752,2.13283436868284,6.49620702392493,6.40923982467841,6.44887106890308,6.65142578260167,3.24644622017464,2.59319770034302,2.62311667554729,6.63295637582566,4.66393380020438,5.00949059339603,6.88626812508343,3.12459706881858,4.16099175391996,4.01366044430145,2.47386107538539,5.18116820741915,6.35831226549405,2.36696999957743,3.26117709792807,2.14429308632625,3.31335263081839,3.02610958029251,3.38532561360442,6.73648479986719,2.24579588211721,2.27449313278068
2010-08-05,6.45179488636479,3.90262505038747,2.02033149523306,4.97369309960168,2.7971128066058,2.14806847299913,1.90566402003326,5.04359645406658,6.12815268005572,5.25216236979312,6.04801225817989,3.30477652704932,2.55359380505727,3.04911005044494,5.8140047882207,4.06171771785631,4.10699463847105,6.33174575072434,2.88039935966535,3.71854633287576,3.66081584935233,2.29571811230302,4.37650354367534,7.40621762697154,2.37904874290789,2.99565077292914,1.95888865265943,2.82598150792828,2.76222675280718,3.07718030804723,5.36091217472933,2.05841980667377,2.30241357160171
2010-08-06,8.02477289736214,4.86238356412097,2.69180285178546,8.87251003688576,3.8136020439819,2.71833514697673,2.56655777699366,8.41871326093561,7.37112573248854,7.83574704586919,8.07239545102049,3.91859001883557,3.1719314865499,3.27638538168361,8.09010227132935,5.10048963507616,5.8175072951883,8.01042881873548,3.7739532832963,5.24363368696023,4.67273756239485,3.02470106548846,5.36727643046827,7.23702770152441,2.80540983162308,3.984754595992,2.58656477658785,3.53197003931164,3.87535511742884,4.24268763913233,8.50408588517458,2.8490089279848,2.8249031895342
2010-08-07,9.99979346754993,7.20872778723333,4.6528610340587,11.1542090372538,5.59515249538058,4.72492569406792,4.46620271232853,10.4846714386398,7.57219028492662,9.13784205602918,8.92680373196099,5.88465987876884,5.12080660849735,5.61660667457237,10.0361050755403,7.31179740792373,7.04091864773637,10.1049645213865,5.46351744866339,6.90772854778136,6.24983919605006,4.86177168375685,7.78724376177585,6.24206979418844,5.08082117879779,5.86158542964011,4.51377915366832,5.80658137402146,5.44746651050099,5.8006979630598,10.2518371547328,4.67411207374094,4.87053399217687
2010-08-08,8.73126565770486,7.12825287116549,3.83327631233228,9.47482267347269,4.25155996057186,3.74343671112579,3.54430594705841,8.92903516856878,6.90847356586361,7.9534476888887,7.96291348692494,4.86602834122878,4.09737124118223,4.65252191989176,8.65910881783943,6.85926243583159,5.93882559103251,8.96178517565609,4.34627381915984,5.41528508365338,5.23814916050536,3.80979351855245,7.6828016368475,6.10523202528919,4.40904616751249,4.87163262895567,3.57965061665103,5.63289536028286,3.9858551927973,4.3765890046834,8.86963861824047,3.52185014141763,3.867795786561
2010-08-09,7.80098684619789,5.43401007342074,2.83037993881547,8.13174055545988,3.72273534004297,2.93257941194649,2.52981824380334,7.74233852917322,6.34233740927056,7.04721584752945,7.12267341107062,4.54340931134956,3.48742440806261,4.40872915848484,7.66726643616265,5.4620768258257,5.27824314141334,7.83877119624774,3.81613976969347,4.91091707794484,4.77866915905187,3.06767405664292,5.89098736918197,5.8210104985524,3.29733566657278,4.0621437273427,2.59938790840282,4.10036789217691,3.61142084919706,3.96176840665381,7.74381692414784,2.76518931308997,3.18855310765735
2010-08-10,8.9319705518166,5.592616185647,2.65968691600903,7.9846422645601,4.08950619491414,2.50107940022449,2.35535334617944,7.75374538417721,7.04146388207459,7.1660747933077,7.6813037600708,3.30684937653926,2.76330315795886,2.5536213929071,8.32307435815224,5.80196358741779,5.34982611468252,8.83846357258056,3.42090506636154,5.36369546327508,4.13338874574617,2.73948185448198,6.17768742796524,7.37413093578787,3.02343193142431,4.30995421884199,2.34578976387044,3.9165599094551,3.93355938126414,4.32151622729313,7.81672498183616,2.79088582647812,2.48066448784147
2010-08-11,7.06068847486987,4.13049699627076,2.29287219284698,8.48758626992837,3.66603834454044,2.4315893485112,2.25198998083401,8.04306080801472,6.02705025907938,7.38842596832098,6.82691362691406,3.80845915081662,2.99683024855014,3.09677271910299,7.41561580051379,4.46270094156371,5.76531456353151,7.11464031079752,3.70500469786287,5.12798133385057,4.59280031985785,2.84938021295903,4.64338719835005,4.30793773947161,2.12012638213234,3.57415195124231,2.27582503333271,2.81100305175098,3.93954078274127,4.24411003630848,7.99670579203178,2.68500815695303,2.59410176408184
2010-08-12,7.92222967692091,5.51334180842082,2.98853427530153,6.60994011428893,3.81077148436899,2.7671332015368,2.76513732864256,6.55795192033898,5.66356381048586,6.1735678814546,6.15389193596862,3.191732223124,2.88142929521337,2.50577304820743,7.26698111025049,5.55365767196092,5.03404794632888,7.85591485091848,3.38840363018417,4.77532756729789,3.98511315125553,2.9295786539958,6.00233451802902,4.9776428382602,3.36883273455409,4.15722200582037,2.7422143069648,4.19012658017766,3.64220547195913,3.98906333035535,6.60772038432285,2.93643175559891,2.6765416547715
2010-08-13,8.28510154662426,5.38438017347847,2.83299132276984,6.3775146384744,3.92644984825275,2.73802983809153,2.57653794602175,6.57417695737165,7.11620020208227,6.87825851433729,7.05087984649998,3.90600401449921,3.14717064295761,3.14811854518457,7.54947846921278,5.53034605547486,5.82868480321928,8.11086856218079,3.82506608027995,5.10363494459068,4.79116108903834,3.02530580441624,5.86304836442313,7.00035541115795,3.13730322669549,4.22337348611198,2.58464867615245,3.97261320127973,3.9465909352067,4.34648362496837,6.90594328785922,2.86646074895023,2.79206938270454
2010-08-14,11.9338384528389,8.00496774982785,4.46787055107494,7.67280870572126,6.40119062432879,4.65850347210928,4.0024475250128,8.11851265845962,7.60035781290623,8.01207488675158,7.84377005952447,6.85468459059943,5.42784578049993,6.68810560493234,10.2876568768804,8.30430082862814,7.31011390689304,11.5988809121873,5.94405464774664,7.55132316756321,7.06344893079099,4.87288354302247,8.66638294371569,6.4534464695432,4.99617343652975,6.59209311879113,4.09663062783303,5.97503693305542,6.19220533447971,6.63204021305727,8.21015170503192,4.67008261697184,5.02851680979895
2010-08-15,14.9248516762678,10.7688583644074,7.50606959163157,10.9924702846266,10.3825126447334,7.08982914034959,7.58112269842943,11.082123605017,8.59348340133038,9.69655554135103,9.7225823066561,6.59764753751338,7.13730775366847,5.51789688011574,13.1620533966766,11.3453591644755,8.98798232403697,14.6088571709964,7.8939651909286,11.0645189969419,7.54496823880135,7.69545133619853,11.4976728735139,7.65038358840595,5.74355601087682,10.0806896162855,7.40332336607857,8.15514118980484,9.92564540428977,10.1608886410171,10.5949263707498,8.56396590512449,6.94393502409355
2010-08-16,5.30814999449557,3.68509771488709,1.58201204117991,4.31245841406846,2.15023270722019,1.49446487302248,1.37024978232958,4.30118817297941,4.92618466658771,4.35368110611967,4.97475560812274,2.00597020368591,1.61496499249853,1.54440966017908,4.83440289398079,3.66543198244931,3.26961214936694,5.33853007105782,1.99506074426402,2.93937329364706,2.55773228321135,1.56817222749032,4.14338630115037,5.85458980665442,2.19907722611904,2.39641674761775,1.38227323055362,2.64673721002466,2.07474197030039,2.34881869165516,4.53335655071013,1.49144825666067,1.44993802946733
2010-08-17,6.50734251617764,3.97113228399331,1.97726022150723,5.15546416715438,2.95763302107411,1.98446729323454,1.82083171200979,5.22515786050788,5.45522233473709,5.27754406190179,5.54083357550665,2.81961027946294,2.26344166233731,2.24672895219104,5.93460588119851,4.16044185286708,4.2950408576975,6.41849487728727,2.78397778261454,3.94065306615696,3.47368244186386,2.18125748962209,4.47287921562854,5.58072742947391,2.36278207036073,3.06325753743944,1.84045686648613,2.79898697966972,2.98498953021619,3.29060245621185,5.42872743949833,2.09167177160987,2.00883213541532
2010-08-18,8.06722941138867,5.52403408838438,2.99506714328707,5.86168726727421,4.08025909655786,2.87842493292638,2.77870905634208,6.09658020412246,6.72875887957997,6.36215891725718,6.64611139912334,3.81196991959005,3.21878489403095,3.13389858616324,7.21872213497427,5.63751552241904,5.49629048064913,7.91693165735506,3.81303218253315,5.05876043416998,4.58865479357624,3.14822443436396,6.00138146262636,6.87565150650188,3.13997610250889,4.33488982100115,2.77308703476857,4.09836937383446,4.03699171580081,4.38935703697766,6.383020681083,3.07444695964454,2.91648376628862
2010-08-19,8.19601466187256,6.27721381031814,3.35112415829808,4.82423616982455,4.09008833270445,3.22894736387499,3.10071533769687,5.30625769694862,6.50511861652405,5.88269528532406,6.15726659439461,4.30210107290408,3.60619549995481,3.85908975703226,6.97800251403109,6.1832994600321,5.42129887903945,8.05468807138666,4.02614283426365,4.85689532814853,4.87831060064327,3.41926627446145,6.75810990264916,6.65666940727702,3.59610340709217,4.56265325234973,3.11030149210974,4.81088386548965,3.92794286658239,4.30226844312067,5.6848813656696,3.22810822540327,3.32818385002067
2010-08-20,8.4666159129907,6.43131314260256,3.35334749072007,4.29638093271452,4.37055970571887,3.53023657783717,2.98782341136661,4.9872969101257,6.47163066227688,5.81109166151153,5.91430531219891,5.69587721585947,4.30382857320232,5.71026124980871,7.04037098716653,6.39090714153853,5.67144234206039,8.26285344986441,4.61987592018899,5.14232788874338,5.78583066510021,3.70048345332016,6.91140629476147,6.31892925416026,3.74830235857622,4.76296648778056,3.08290158722294,4.87286877862479,4.26317559843526,4.63982718223544,5.41014820358757,3.28311741944504,3.93454683921171
2010-08-21,10.5530161732296,7.5613799262787,4.68181727803712,5.77677079994311,6.06680287432573,4.64499352717396,4.48557314208042,6.42687069096371,6.79280952083579,6.71930929685029,6.64771048873295,5.72766793362518,5.06668829547378,5.31063397018574,8.80767207883052,7.74532939885065,6.65109930685506,10.2280347864737,5.51964401640615,6.78376298441323,6.20737959850257,4.89938541638311,8.1297860789678,6.06417478065399,4.64392420435747,6.29699011035254,4.49323973251985,5.85032395234708,5.8439620795779,6.20402698737177,6.60728016815053,4.87229013651803,4.78532423717883
2010-08-22,9.39760355499522,6.89753701777042,3.48827692367147,5.95274934847349,5.2095255481292,3.46923877327723,2.99842146371348,6.22124740544682,5.95403680253817,5.91091952565511,6.25242430135738,4.65879063470329,3.84543526068315,4.43236348909175,7.99935238256061,7.02349078152325,5.18764735051856,9.2686546027138,4.28173490332025,5.96211663199792,4.85934983012233,3.57562319709752,7.50044446264404,6.01626731319467,4.04973949325629,5.30930829977219,3.03657438556334,5.02150818182515,4.9074682326414,5.20691360600613,6.21982971873414,3.66798611734444,3.62021885651907
2010-08-23,11.8050357894572,6.65890290176678,3.52995786693948,6.59258138730801,5.61525546483043,3.25964134129465,3.16025269688099,7.05478384771515,6.81907681476678,6.76170306362486,7.14858308075049,3.78606562766566,3.41823089582168,2.87874798212408,9.71690254596898,7.17992045881725,5.90886157977315,11.2155610167867,4.17328772186867,6.67811537624932,4.72621010442358,3.51906227449634,7.28314641069263,6.69418445598851,3.82306417599655,5.80767003142144,3.12064801181362,4.69795569534975,5.21819331304195,5.67378855863963,7.11338190983714,3.8207816174204,3.15688345739811
2010-08-24,7.61550008043577,5.57258197841968,3.50851543120422,5.4402061030997,4.3916437361117,3.60356267851888,3.46297525425283,5.74086523132824,6.39268730717134,6.09807597702734,6.20957065768253,4.55310721952372,3.96162986752503,4.11581189438608,6.82853292650214,5.69007491395313,5.62631051881345,7.57015082880046,4.38946040873085,5.20729472877709,5.07464579462627,3.82530614485086,6.14108583166928,6.29883627439269,3.67291365489045,4.46826748990053,3.4918139590226,4.3286953242726,4.4487474447898,4.73222792325209,5.99910937051042,3.67095993204125,3.70179542816266
2010-08-25,15.1721816351574,6.89482777825818,3.47922739034509,6.06452817519394,5.8038176077948,3.42119278111147,3.27831468280219,6.90161282169562,6.5136602697413,6.36676885727292,7.03742484584267,4.33473448639261,3.73769185394374,3.85851874591823,11.5136515062188,7.76688553527721,5.58064766862674,14.0453011732528,4.18497500206842,6.95945854169354,4.90766766985881,3.60799214962504,7.75752155405821,6.42162923417795,3.76080643343953,6.24427892744754,3.29112572144059,4.59997198531479,4.97152039710992,5.63521431552927,6.91932879328035,3.77424111398543,3.48450335273953
2010-08-26,10.1533137669302,6.7297161377179,4.02492184727071,7.15888166833233,5.64391386132711,4.11413546339809,3.67387055242639,7.43726298580761,7.17360169248871,7.34991471586698,7.37147195807375,5.45263534975782,4.54668850576648,4.9949241601987,8.97485400798895,7.04980854649306,6.56861525669475,9.92559814160843,5.12890383740751,6.70992465722271,5.9447136324206,4.29387275861691,7.34745280713365,6.59836523630175,4.67564982438086,5.68274016153545,3.72856985703389,5.12955900107309,5.56718847264436,5.92453963699689,7.54151536407746,4.24005614924449,4.24390477708671
2010-08-27,9.06471915086744,5.91284781917391,3.34832296460499,6.64102931045728,4.63418426130378,3.34734986593336,3.07681228117383,6.86634491538775,7.01671148738084,6.95767863534435,7.0924480622046,4.39915535492698,3.67712647401202,3.74287250892142,8.10949330439639,6.15032691920439,6.0355389416532,8.89847704245984,4.30706237808309,5.75583590228556,5.13943855563037,3.54916083094195,6.52052716901851,6.74899022241948,3.96973274224038,4.76776822395222,3.10708091359836,4.4435996522891,4.61806662847073,4.99274573646959,7.08081920463148,3.46713224537536,3.37830096826601
2010-08-28,12.2737160864827,8.09573333968658,4.29521557362787,8.47756750806124,6.92572907011396,3.84479269892408,3.62076902741568,8.6235144055612,7.4022121259372,7.77398670266922,8.14855717895345,4.02250364261893,3.81828092264725,2.89575798765398,10.6300603608715,8.53051259380116,6.57400425560572,11.9419894553738,4.79097999304805,7.98207320596367,5.06520192760064,4.07099182986632,8.73553099043644,7.25278114534751,4.90499990995389,6.88523070417419,3.54946977047852,5.83436095688282,6.53691355672825,6.89244411197275,8.44814836864593,4.69789436705951,3.60296546578841
2010-08-29,10.7397108780305,7.49678162886705,4.64144080297783,7.88317732819468,6.28497871172365,4.65017327528556,4.37571658552816,8.23801663210486,7.38613337834135,8.26061491106083,7.57705501395185,6.16275598518249,5.22779778248642,5.49754840760036,9.68576472666179,7.76145293301603,7.74556576609653,10.5109812233687,5.94196377014621,7.43691883994709,6.89690522866466,5.01623248900168,8.0542511823954,5.34817833822857,4.67451763458747,6.40281915167291,4.39554642890876,5.75232671000128,6.302936445523,6.68717010013311,8.33657532543306,4.9162352713719,4.82392900669815
2010-08-30,8.85397746512589,5.29132919658363,2.30571193991012,5.22771041714263,3.7757739807139,2.23423005205017,1.95563216853916,5.48915329604971,5.94002708608177,5.35203972823506,6.11704153352731,3.09544792912744,2.48283812096448,2.6300495089041,7.35527742238051,5.54172022605373,4.28979919440534,8.57466192110908,2.96916270819413,4.71724812646231,3.60999064784736,2.35197788773269,5.9196560645392,6.83144972926664,2.93342073470981,3.99595597020505,1.97694861081644,3.60972819914896,3.47118800697454,3.85613567655109,5.64938032715171,2.406237234762,2.26141379361777
2010-08-31,10.0443041426812,8.40763672826327,4.33589658159253,10.4864201469139,5.80516676396468,3.65947091198155,3.412576578615,10.0746151061,7.82343178487108,9.17674022024001,8.80789092938468,3.76955368472832,3.4771313795051,2.34590376130505,9.96823379888846,8.24946636613802,7.30000991842468,10.2527247417555,4.58773478083259,7.16597846933045,5.23157348586714,3.75645735419836,8.89761063233045,6.29500502610763,5.87601527975678,6.14259819931773,3.3421731546633,6.604616384427,5.68162371137459,6.04800499048824,9.96309550383138,4.11118511725143,3.24629925834608
2010-09-01,8.39460092835514,6.15683960051989,3.38787487381472,7.29617344260095,4.51210630200536,3.19201195173911,2.92839864435307,7.11030486780252,6.46721382747861,6.49357292687689,7.06044402148993,3.55529184368279,3.19523301395027,3.00413491423314,7.74711843867058,6.22013521198181,5.04015478729854,8.40393300899859,3.68997113122697,5.41586926915032,4.13212899868816,3.19847442411607,6.68969778525988,7.01000480676524,4.40399394371129,4.6974741744948,2.93270373627044,4.77720033219006,4.27308967884839,4.56460336952433,7.09703533710216,3.34422853474427,3.06473163181646
2010-09-02,13.2004179921936,9.9459797041495,8.55225122607904,11.1427890576492,8.58406860148069,9.24239080878039,9.50116846387352,11.0859826173934,9.5642308134324,10.3951781408325,10.3155960250301,11.4499226868298,10.4418837448713,12.527330152985,12.1438709027619,10.0707139403487,9.57468831054443,12.9584708049583,9.74198758047151,9.20139414910179,10.6016937105559,9.67186433221502,10.5144083871578,8.54506971891847,6.11119429524584,9.16204068602909,9.59059085620065,8.62736336250678,8.18772048799992,8.55517425265352,11.0281804793417,8.85755981862241,10.1280978107066
2010-09-03,9.40119276174506,6.47055222115981,4.06393424421712,7.72074928719737,4.75984041723899,4.28396037042365,3.83024222089424,7.64193652043281,8.48626367490201,7.48530984718715,8.70011076794486,5.9170279487978,4.82688111042446,6.11751836049888,8.54658762480273,6.55831249005291,5.83689589068983,9.24460915161973,4.90218603351329,5.71810316186747,5.83389768600274,4.29382055696709,6.97035410955159,10.4112953182039,4.71428729495966,5.18805305373616,3.93387058961992,5.25621990343683,4.47652926832408,4.85440547057716,7.90640144900815,3.91317558803038,4.59576751634986
2010-09-04,10.2476217367129,7.57199405381412,4.76238953614319,8.32816964189674,5.71164804157766,4.70795830631884,4.49069148835307,8.37648996789775,7.43067878025552,8.04000406264252,7.89904120385705,5.9317593840411,5.13676049791453,5.5946448561474,9.3836132494768,7.61461451843977,6.98280163561765,10.1048227708479,5.52582763777895,6.71093672745078,6.38204244752291,4.88168609055942,8.04804013181997,6.4300243152493,5.04569061334004,6.13631910356903,4.5172414103986,6.09927587076819,5.4958839852111,5.88119653704091,8.43735192556713,4.70110663408288,4.85721491702138
2010-09-05,13.8578584129654,10.557776018769,7.04400855010273,9.29974383787607,7.95707379605638,6.86322132278085,6.65409008302446,9.69644716951067,8.95728505020391,9.41186669954573,9.35990108055903,7.82964153652694,7.13642744609577,7.55395498260236,12.0057129400559,10.5514273949471,8.70811619463227,13.5253855219323,7.42677675571148,8.79958831781902,8.24368935235988,6.90173847625658,11.1335878026052,7.90857738140988,7.72249011810688,8.6352852188061,6.675765438048,8.84839809573846,7.42868482205414,7.90483799853704,9.76237600892556,6.78514810284299,6.93084919528349
2010-09-06,10.3426213130067,7.98933423144822,4.39494248950801,7.09451170101017,5.47993344178397,5.10993616237917,3.88817692081545,7.37206721856094,7.3032465474508,7.30791686857708,7.49854182637887,9.09664328891164,6.54343762578359,10.3853336805934,9.03084728301757,7.9013031564265,6.418639857989,10.1833599338977,6.28201958892951,6.3591644137298,7.89179031143245,5.09401914104014,8.48436461829938,7.00599816235305,5.02328772627581,6.01833509402496,4.14728837984515,6.25875727018211,5.13103862596024,5.53901329338444,7.53353902172986,4.20861337499622,6.12116509961901
2010-09-07,11.3679130662912,8.79462730251864,4.89847706790059,8.38291080152848,5.68697503373516,5.3199184747911,4.18306623114697,8.45983412271096,7.34386781066322,7.89434853593683,7.99716864281316,8.47768274517489,6.31718801166487,9.47988102904599,10.0184290429313,8.6122691430629,6.60269821038844,11.2137390384947,6.12014133014886,6.64252803935245,7.59285450361342,5.1077809253014,9.30085205102181,6.60853491652876,6.37889993307824,6.45730989103356,4.40892876819813,7.17297184196112,5.1434912110504,5.61063525926022,8.48292255757251,4.38372411954988,6.02006430099742
2010-09-08,20.5947494432978,8.6062651620641,4.59723752408002,9.44480565848466,8.05483059503899,5.1069133739153,4.31954038246703,9.998159951285,7.03242749371263,7.7854213676178,8.88441380578927,7.59565540533719,6.02761279023258,8.42403401871204,15.7511957283457,10.0220092995567,6.09281824190632,18.9677703887811,5.88197043336361,9.39909695097751,6.77125748766655,5.13529256466379,9.64814024231016,6.94467311119405,4.82867524309249,8.49403617880775,4.48134818313295,5.67757434669704,6.58593470846365,7.37658778496947,9.46386760700705,5.15310671602979,5.7647769490337
2010-09-09,10.3845779821044,7.35117625318865,4.49395271009479,8.20506738366598,5.99823324494902,4.54404657056561,4.18358924445748,7.98391413192432,6.24983865150532,6.69997363120969,7.3271927631305,5.4645127020851,4.86033604492763,5.64031088821194,9.1940164640538,7.56053665243825,5.306822304313,10.2231544967039,4.94465567076431,6.66508645194173,5.25205708480282,4.56439397394395,7.8959306535092,6.64055391169456,4.73407649752226,6.15588147225199,4.2241515167727,5.68692855551909,5.45338952688817,5.72157857540104,7.68253697575849,4.68159618816734,4.74890443027507
2010-09-10,7.61361061812066,6.15802445542998,3.88469188469861,7.67233853680407,4.45009749188743,4.07357934866532,3.71271403507856,7.5064804945295,6.60434073410902,7.26360852476095,7.01061450484618,5.7501698285868,4.68386208369995,5.7214196380701,7.51973546749277,6.07903805833784,6.13878375499081,7.72663890260434,4.92416932455885,5.42961448752757,5.89398099010449,4.22687078172656,6.59243236657632,5.61378638934602,4.1671691712052,4.75394219833319,3.7915470171018,5.01005551989428,4.46466593961046,4.76304560473308,7.59775188114902,3.81416477672672,4.38301564149499
2010-09-11,7.82423174263299,8.93962673877445,6.098963170383,8.71686960153529,6.64826640760971,5.95909606545488,5.5606612972048,8.31062414244881,6.62453904350885,7.43153018544309,7.40429333227575,6.79647642617919,6.19898420622913,7.02059770773529,7.94529529987901,8.47452647850108,6.46357826654194,8.22275868976251,6.2473136069934,6.92390652486368,6.53357587295766,5.89235406189448,9.14991050699888,6.18857410963056,6.55300206275448,6.93663659839455,5.58512878061322,7.77458857423045,6.35980579249327,6.44087639230191,8.06749510970185,5.8974781808383,6.12674880911699
2010-09-12,10.8316647358361,11.2248859688955,9.95496956015562,14.4279262114832,11.2058295889109,10.366953038085,10.1028949040421,13.4249818362021,10.0540898348023,11.5681852468452,11.5663064737406,11.7738752174852,11.1189851741806,12.5718812378191,11.7778937912984,11.2478801608241,10.1728311923583,11.2784621322358,10.8741427292186,11.4633047392457,10.807474162334,10.6468749333965,11.4337223484059,9.69436332948558,8.34676453228854,10.8092159028196,10.1455351666887,10.0766797908932,11.117866032483,11.0019315086905,12.7801852242364,10.6552843831912,10.9751642823069
2010-09-13,7.02376880442098,6.40901926128646,3.67775929480305,7.71801367022406,4.41105030876479,4.14669365824144,3.25110256856932,7.33146932072185,8.0874057043456,7.08157151426943,8.33721629185005,6.86462323395171,5.10751289853904,7.71133524214352,7.0683608022368,6.19540424477471,5.26846826763678,7.26440392574803,4.98260841403183,5.19994521439915,6.04732360138064,4.1265543903547,6.76934733161315,10.3893457894035,4.22928038964064,4.69645285062676,3.4274105654312,5.15757289073551,4.26778743623242,4.48921081746174,7.53217883631615,3.54916956604908,4.82142256632138
2010-09-14,5.92531835986576,6.17421282875152,3.26746553085178,6.81687853572488,3.45133700252915,3.39216960345718,2.75900102577792,6.61803989339106,6.78517030128313,6.77825714263368,6.85543084851765,5.64264838387816,4.14142320173772,5.85795532157221,6.20256191131867,5.70254263492208,5.4916852493705,6.23193616947151,4.31682520760806,4.33868060928291,5.55911034516495,3.43007044448135,6.4270299627513,6.69861340438973,4.01933056238536,4.023695874344,2.87150045237189,5.08870462912122,3.4611232442911,3.74585957080578,6.90618690800563,2.82850933345254,3.81333525190405
2010-09-15,8.4792927481662,7.25307850823416,4.63024505462549,8.3171190758155,5.28609045629615,4.61456695994168,4.16704292043239,7.95366321420067,6.38928878029615,7.02006500858351,7.26315575735673,5.65591179658532,4.89346870224356,5.81978418207078,8.12845920914825,7.10392147087978,5.61149689715525,8.57427164890717,4.97298252251599,5.95609386391584,5.52427715110949,4.52270616747815,7.60300809372507,6.24056009892215,5.45420553357443,5.66135929001055,4.22799507009638,6.10523186747762,4.93502562704505,5.17568917312509,7.79411040230365,4.40244921005361,4.77964516838703
2010-09-16,8.11941425300768,7.50788256810552,4.89955635870708,9.71429222518103,5.9848321562178,5.36328255525466,4.47341338009741,8.99671228184524,6.1881082675438,7.46492357869703,7.52545389294527,7.42842213937191,6.0598015917023,8.27829050794257,8.3387966815837,7.41428922440538,5.8166569681181,8.4877143489096,5.90714503664039,6.67873862690742,6.50501129798354,5.25825880267035,7.98027278530772,5.68354611768722,5.60561327458633,5.95796561169355,4.63368163561023,6.19546409157237,5.7673584018474,5.88593147470241,8.57060969477252,4.98329747508931,5.90365212764263
2010-09-17,12.0152309872892,11.2917467974304,7.23900046782697,10.9633179480242,8.59396830445967,7.99619321577094,6.57436699677895,10.7014732419303,8.32576134990092,9.51635980110917,9.39917896168938,12.2231435214513,9.55282754484442,14.0654948310533,11.3343588271342,10.9991470441394,8.31239280212928,12.1692039731694,9.03467680011132,9.18939245927882,10.3311661257184,7.91949840870344,11.6720718894972,7.2921370902668,7.51995115165376,9.00004552278509,6.84381326915475,9.35190047018683,8.08902502565109,8.32867958381835,10.3783348955898,7.16369541655941,9.20050978926796
2010-09-18,10.6609186975571,10.6182965046321,7.62414834102278,11.1510479156585,8.1997874308099,8.94700781713779,7.32417754096858,10.5435766154935,7.69291450380962,8.93635022352565,9.0757883156928,14.0425043004681,10.9030411856333,17.1107760238964,10.4223387205911,10.2519727344608,7.53784942814061,10.939261290239,9.60275188295063,8.49844198793099,10.9399887974141,8.71983428119491,10.9371474344609,7.22494272675078,7.49303595297323,8.63097255779935,7.7117031139905,9.20695107548072,7.62025719242525,7.76365675666986,10.0869254836015,7.50097479763105,10.6175470822538
2010-09-19,13.4501932998747,12.2027910914031,9.452254759477,12.5295810526031,11.5648062840247,10.4784176485178,9.04618720940588,12.088869008591,8.68898266590297,10.1043688356435,10.2316475961737,14.3857917651835,12.0339897785149,16.7051815717452,12.7036186410339,12.3576041840046,9.17908467713908,13.4826407689777,11.2454299418591,11.6916214822652,11.8150755620912,10.4325436703941,12.5178164393075,8.17588925937611,8.86313671307836,11.3247166515929,9.31602423404792,10.4280331332946,10.9884199752611,10.9942622494791,11.3364889146479,10.0186538499434,11.8113947158308
2010-09-20,14.7735333070234,11.2398874591086,8.46586957416656,9.66496798130081,10.5481395407404,9.09742827878802,7.88246725273126,10.1926133473053,10.5211188156052,9.98936629960691,10.6308707272563,11.8518369628937,10.0145002446613,12.7559793587192,12.7949615403207,11.6718962660959,9.66388324114124,14.3687745034483,9.99278077725876,11.1171320974364,10.8405700749784,9.00781779129832,11.8069683640381,11.2210572215051,9.47676405085821,10.4190969687671,8.09493104960974,9.60008263176575,10.1823441823908,10.4429496346723,10.1733740237318,8.75919641418065,9.76555655019413
2010-09-21,9.57881170028069,8.07130003202903,5.79377524180259,9.09064452645679,7.1092672345283,6.16732853656015,5.50775394475571,8.97031688953479,8.39711530456172,8.58801378818698,8.78007325342135,8.1069440220036,6.87408509716648,8.37336153255217,9.2787770629762,8.18208807639117,7.60909683959785,9.68085003979845,7.0743370931922,7.89357626238416,7.81098739563072,6.28863483725619,8.54801637468026,8.41460547546262,6.10148470831044,7.00802230446479,5.62140637295506,6.73451808319699,7.10988954638161,7.2937947273131,8.94863950400885,6.05085675805868,6.60072819074927
2010-09-22,11.4060162374967,9.14479626944666,6.40757636552407,9.5121065306778,8.27374105895193,6.22452435749969,6.0538690559608,9.13367469414564,7.10264362615353,7.36608072122185,8.42772314780365,6.04039730159563,6.14474271039676,6.0792149047144,10.236907130263,9.37585934726051,6.03574945716832,11.3339966291689,6.24027966785959,8.51710866124941,5.82667065992499,6.20815590190888,9.63176586910523,8.45407726893159,6.39557606577927,8.152446072564,6.01689575852933,7.43654387404983,7.58720945878683,7.68691580062418,8.58821260896107,6.8202744336391,6.20454697886965
2010-09-23,11.1365218371814,9.84328422356847,7.02612746381299,10.0588717654201,9.24897854829732,6.95255807028184,6.68123826088354,9.6331098507087,7.42547467790685,7.86921643390848,8.71763942734921,7.24325260766143,7.12884458827298,7.44440098263988,10.329240700896,10.0332286301114,6.74324909698964,11.2160174411737,7.23688605904122,9.38271116332612,6.7919377310869,7.06780766942009,10.2694104755514,8.51295237553502,6.42685963425449,8.90129044977171,6.64968011785219,7.96061976200371,8.69956138214135,8.69457246977536,9.01792005708618,7.6899674630314,7.11989348088059
2010-09-24,15.450383857823,15.3617162712813,8.98378940114357,12.0759942541626,12.3204835544288,7.7089523054443,7.5314582928297,11.7798221868142,7.46663109858967,9.14182720772184,9.45847822142321,6.58252913292883,7.18309446110221,5.80613681752457,13.6811797453892,15.0435698984158,8.10148527831929,15.5574254543493,7.9250359456886,12.1975618397563,6.9696405663572,7.72522124002252,15.6538880389731,6.94597853506486,9.10416104426022,12.4405272367393,7.30188325504462,12.1453276512274,11.0910903235394,11.1381240889315,10.7403974417154,9.29350185033923,7.29557389491479
2010-09-25,21.5454582799739,17.5296744227449,13.5985589466698,17.2650392472404,17.7620578534205,12.8891056385107,12.4009957358484,17.1488328123352,11.3024520654271,14.2824267986848,13.5427533418214,12.0461151395226,12.4249767995303,11.1302107984037,19.5010692320395,18.2563682888574,13.7386463796848,21.1030172617436,13.3869113405465,18.104919494914,12.5170449258622,12.9244836422238,17.9449697981488,8.42885123625355,14.3169687492174,17.1122767130275,12.2690088374195,15.0095420276341,16.9323346942478,16.9934375874498,15.8951272917341,14.4710045428771,12.4808075122252
2010-09-26,19.9676347083873,16.8549712258313,14.5269792729832,15.9137858514671,16.5595703427632,13.6666377369803,13.7808992169975,15.5713285230624,9.85986815831008,12.3303490888704,12.3322203054827,10.6890881265709,12.3227508964286,10.1678259303999,17.8003825392206,17.2889789919878,11.7898123166962,19.5813873915461,12.4958804707743,16.1905699280331,10.8974136245566,13.2091821353736,17.2359583972129,8.4454042236404,15.8554599964268,16.371054307651,13.6164141293063,15.5507462994854,15.3074850952294,15.3127737666498,14.2485932925969,14.7477883035179,12.8402172716612
2010-09-27,13.0962499692236,12.1698178493621,9.41274915225011,14.3068093832574,10.8190627099504,9.35179105777837,8.78562109271801,13.429556925337,9.81804582906623,11.2287160092988,11.6285027314175,10.5884741194323,9.79573155624707,11.2773025768427,13.0109699463492,12.085738011744,9.33921643260657,13.1707818696033,9.65090889497409,11.1658804246711,9.75658805536806,9.29291894398337,12.2281837003036,9.79813725592109,9.34322008157115,11.0494228530414,8.82266924180889,10.7862572856235,10.1528229842592,10.2364134895975,12.7552001209138,9.4688147684365,9.73842303890581
2010-09-28,7.27278572688534,7.39531137137151,5.39527691743549,8.47123966055135,6.22518640480931,5.49000158462826,5.15361168857426,7.83083846894185,6.68661733915744,6.60398298841789,7.62672696567995,6.77150228194977,6.0613962073802,7.59562695313111,7.35446518578583,7.20312859610386,5.13440655890746,7.43940374776609,5.74739799308181,6.32148801728675,5.85354330631583,5.54554443684206,7.42809640777354,8.41114792221451,4.59755848510099,6.41820347890707,5.18923032817383,6.31097513231386,5.76280275621564,5.78211434916262,7.53273640826691,5.52116385857593,5.98173417397544
2010-09-29,10.1511923581065,9.54284234077158,6.92386855412342,9.03353241941221,10.501203841076,6.53187818277636,6.16046826300642,8.82870235996825,6.97259800190582,7.34829813940313,7.91040461886013,6.55292276725659,6.63402632882139,6.13648419588572,9.53875305286746,9.96331365788249,6.94351026424727,10.1212545212746,7.34207846055289,10.3830832830874,6.49401717185791,6.87151920378433,9.59446405375349,7.85171257880404,5.88004041419483,9.58908776360126,6.03816778428884,7.54143293289346,10.1817203352588,9.97129167268444,8.12578561722737,8.08015085932993,6.56176093029725
2010-09-30,16.7147012544611,14.2726674363855,11.1403477665841,14.955846950601,13.6774008420409,10.1261137152763,10.7247144884874,14.2869509903692,8.2764375066548,11.0118881185293,10.8605484879346,7.61348005173413,9.24672443164972,6.62942132442609,15.3899556197821,14.5768897654469,9.87174148559354,16.5682548028183,9.74310113205174,13.6599947559436,8.30746311452353,10.2615982247045,14.62901571706,6.63664725791251,10.2744852363099,13.4903621061542,10.452645607817,12.1693098440293,12.6496454235123,12.6656403243803,13.0177159295947,11.8127299539134,9.49337600197812
2010-10-01,10.7375234285477,11.0850291740154,8.38534552249141,12.8341437846279,9.48872246125938,8.3079281977553,7.48384311749917,11.6998149732879,6.94500067624649,8.86313195700038,9.21383229919183,8.87760401344921,8.32870823808477,9.84715571756108,10.8726733136422,10.8349025002315,6.97206815555894,11.0626032954015,7.97570111593321,9.51319528120541,7.68228029955702,7.86181146462422,11.1755986071048,6.7892678166445,9.58069361320274,9.60015891062344,7.55601566583235,10.0352861374567,8.6915848667153,8.64769150145547,10.7309618841997,8.20663966576907,8.50790587637742
2010-10-02,9.98466310770629,10.6934072865805,8.17874052169106,10.792086421278,10.1473635406125,8.48258168664375,7.25910829063264,10.2038874755898,6.8926114812303,8.30895963012327,8.32380164601974,10.73468075293,9.2706885935963,12.1169204263038,9.95696462087994,10.613909828687,7.48485758131667,10.1670673980726,8.97895720996728,10.0074123885561,9.02373143684575,8.32198494396197,10.6012219381056,6.46034738199526,8.37685733788456,9.88742343491079,7.39444765451997,9.42371134840383,9.65346351140473,9.51238064664266,9.42328480291145,8.47120126040655,9.20492849715196
2010-10-03,9.29944328667999,9.17983313133583,7.61499955204872,12.6405341761762,8.8399351086312,8.53554281598187,7.19515982076308,11.6050182588399,7.51638997556288,9.51500711785338,9.27512323086755,12.2294243921728,9.96205047291029,14.2814147281115,10.1051093687663,9.17504888154613,7.88195541301081,9.5587931885231,9.27669919876377,9.21712219806087,10.004467720141,8.45858784994784,9.17181016732579,6.46384828260161,7.3517215658353,8.71963321037722,7.45525921594997,8.28470132581456,8.57837855232544,8.53947045708546,10.8938454779613,7.8662325361666,9.73219470207938
2010-10-04,8.20413124083194,9.5188210367885,6.84495057914755,8.81741532297036,8.51800269605338,6.10373367212927,5.60535443408939,8.58435102627929,6.49710870678293,7.7012778848675,7.19417605722446,5.34836164813378,5.53886533869231,4.35217170648943,8.36827005474787,9.31640779216403,7.3184742228025,8.51982071948135,6.44172255518812,8.68741979258278,6.09654009632254,5.94788888084435,9.52802326459007,5.26453474574182,8.60171864932229,8.23939891790877,5.51782175172606,8.51139736879254,8.41364618084435,8.33817996960565,8.15609631099486,6.81633542926414,5.58920139042843
2010-10-05,9.82506845707747,10.3390283811274,6.28413339113166,7.21871081165159,8.40583680861201,5.28790591832461,5.12025615761412,7.22328867782966,6.46686792953432,6.18489880485576,7.11750247052314,4.0472130708839,4.65192720340586,3.21327658429434,8.63980397464439,10.0865693367648,5.62540458096575,9.91815647150175,5.33577290035951,8.21720754922538,4.6036299083907,5.19246585492873,10.4823220600694,7.93775491065725,7.08668200232887,8.40615792795412,4.95364023795863,8.46168160578226,7.69814596892721,7.69005910071542,6.82104942061818,6.36525653359006,4.78447163790656
2010-10-06,13.5324101210431,12.2531886145522,10.4742118544849,9.59029724488481,11.8714470506321,10.2795693803125,10.0516430569677,10.0615168726862,8.50951764558871,9.5282142153151,8.90226147261377,10.519166371157,10.3584687504588,10.5282106653455,12.0501853111543,12.4059992907393,10.2237051311158,13.2046793490792,10.519065811238,11.7173988524857,10.3766833023704,10.3124961152893,12.3489296600447,6.73576594550858,10.3899887961008,11.848993415099,10.024467546275,11.1989375006829,11.4415815561845,11.5008810488799,9.70440615829345,10.7059242318473,10.3351201861597
2010-10-07,9.12054324666537,8.9391790839842,6.36422697637885,6.03801077266304,7.58805294682581,6.37523919490306,5.4997468801346,6.28986688439362,6.15435821790309,5.85882140415962,6.39390660701372,8.38442616814282,7.06863419627011,9.46826578437167,7.87860201402014,8.75106019929575,5.77113903642598,8.83155933149134,6.79103533478905,7.31232971123051,7.15448223250006,6.23492233720745,8.70514540429542,6.89080140419908,6.5015813920305,7.97821667314003,5.58816482018588,7.85865533499624,6.91035580951086,6.97438910925031,6.11442130102705,6.20345062634497,6.9695604882986
2010-10-08,10.7148224567225,10.6341716401522,7.9938180528288,9.57209629612796,8.99328838784241,7.63121774272941,6.87378871530883,9.20676007060445,6.67892214712386,7.52609100713953,7.96114158316275,7.54793696266429,7.29043413371373,7.96401284443432,9.91230047271835,10.4247040407725,6.6297129576307,10.7338605095594,7.22715247681216,8.85413449728833,6.94337606249484,7.09715264015108,10.6694561829499,6.88426569826417,9.98726447196317,9.22222183490872,6.90857797271022,9.79942483583711,8.20491128094741,8.22916151993239,8.6047084605978,7.58568132481267,7.50811652040596
2010-10-09,11.5663000341198,10.9417992945041,7.90292430077889,7.30403529114471,9.87333513894736,7.45876026890237,7.20187856019092,7.65728321370171,6.81568576574889,6.87217107635305,7.2851721488503,7.92113052800292,7.68481656357484,8.1513773546845,9.85133712744934,10.903001066534,7.07988301296784,11.2339916615503,7.78527846410356,9.46523350731846,7.46623897795989,7.56005732278784,10.8576996478907,7.15929913476396,7.11340972760357,10.0261658333549,7.12528150765609,9.26398054770749,9.08894309551988,9.11244795144814,7.26970040167344,8.18015514656682,7.65433054226077
2010-10-10,12.2695004988548,10.4686893411675,8.69903534753811,9.97965683939979,11.6229190036404,8.80046494017097,8.15298265556143,9.93776232038343,7.49153464150842,8.42081555720232,8.52751394876241,9.73989758019401,9.21995045256794,10.1714955272433,11.206546666058,11.0182063925679,8.34966147727972,11.998158212331,9.39556037771115,11.4911499259397,8.92751862875946,8.94682885528807,10.5572362372714,7.2197538602761,8.0178483485823,10.9057777773768,8.16234161818275,8.95602827922479,11.2062802876967,11.0827812678046,9.20747688144854,9.63776751768869,9.15684136466485
2010-10-11,14.5465991954223,11.6721690882626,8.36496289315011,8.00549027128844,12.763021920265,8.07790767783857,7.0714351764218,8.49719431401275,6.92836399471106,6.91609725202842,7.80467112434343,8.24576994457957,8.00829222474433,8.2994644211035,11.9146427639464,12.4382382517472,7.2811726301308,13.9741418297066,8.56128497350357,12.3567226022153,7.60690850740309,7.9975800914662,11.8840440059039,8.08422911157173,8.96485622750254,11.8032919960139,7.04107782595023,9.42390353832469,11.9421477997823,11.811075954159,7.65662707195674,9.41195452273857,8.08962558054306
2010-10-12,13.3652811101543,14.3570591961174,9.87913681240927,12.1414218189199,12.9788985994152,8.50705015817622,8.052246861756,11.8735782945885,9.42696599848751,10.1784511790284,10.59878276814,6.74791919049849,7.5298580230591,5.34123577838854,12.6584642853777,14.1860711837887,9.43269744491833,13.5321401881375,8.74250634419177,12.8503192314598,7.70067300307642,8.33979691737234,14.2949216859068,9.81761397224633,11.5527885655972,12.6474150672998,7.83464735257329,12.3804751241258,12.326435613728,12.201929607006,11.1319720175586,10.0490669825073,7.70411810573068
2010-10-13,15.3606251460703,14.5526490744785,10.3942758990626,11.8702542500488,13.8241388462438,9.89711534289042,8.76377278229291,12.1746517084187,10.14318787157,11.2003019598403,10.820814516928,10.9341537843211,10.0524235274068,10.5480644378694,14.0256903016133,14.7066603887131,11.2271831103312,15.178404936234,10.9556616192804,13.9936855790068,10.9263526376272,9.86510789854125,14.5789260117881,8.8502836108355,11.7017759323526,13.4335381036122,8.75019261556165,12.4742144926892,13.388239714777,13.3945616148452,11.6302318173543,10.7704761081091,9.91135323529067
2010-10-14,9.01650764509813,9.70504902072847,6.13616883465593,6.72483343026191,7.97929360112781,5.6373066344215,5.29482920344108,6.90215506031077,6.11882462311002,6.36876097266345,6.46882897875241,6.3183938589348,5.89949841624242,6.20944038860362,8.10691949814798,9.42048128913803,6.29361993240962,9.0400687886165,6.28011920916744,7.87091305480312,6.23260575859722,5.79050850851841,9.68489096158989,6.00544036540192,5.72653899216829,8.11214341011386,5.22093963372953,7.92423320262804,7.4943684832626,7.51902683810839,6.63911359117823,6.31108674805928,5.7762506285065
2010-10-15,13.025638040745,13.3145324333513,9.81386895271293,12.4019372436787,11.1572999160753,9.1932192828393,8.14770954080876,11.9713116527838,9.11257991217362,10.2403191866063,10.471150846042,8.54481076140086,8.4027755421808,8.28515090813178,12.4382059740249,13.0358810195785,9.09005807555089,13.2592598593124,8.84605287321903,11.3271977392723,8.57125821985248,8.45930774553157,13.5190294614251,8.88702234286194,13.5542913432138,11.2323503675866,8.17869461347962,12.3391264012971,10.5086508827707,10.5514135120057,11.3519091005777,9.21380290646524,8.66748488800427
2010-10-16,10.5885318587323,12.643741188498,8.53647812592818,13.2239816177774,8.98532281408601,7.97132547681011,7.09010853334084,12.0847870988429,7.72609611779773,9.59161233741738,9.81097575206,8.16802790579357,7.65612481471838,8.66602352881264,10.9724356496345,11.8209381219005,7.44240772218433,11.1684826102385,7.55957187016974,9.12988534259771,7.53674147043611,7.32344495847645,12.6629107391077,7.32583709035527,11.032893784448,9.63713447981302,7.12943400259221,11.5367777098427,8.12201667315094,8.1763973284657,11.3154990031167,7.65344383392847,7.86268618031955
2010-10-17,10.7934904509539,10.9906470144781,9.43521116350776,9.7626209113732,10.1220760784727,10.2475413818607,8.6023996925708,9.57655612905034,7.63059568359108,8.38220150410626,8.51375282780839,13.2284664629348,11.1427255308867,15.4944413707734,10.1780807637028,10.8695282392865,8.08000149644433,10.8010235135826,10.2525119160245,9.85883252218567,10.7797436749085,9.65542606732415,10.9819258705668,7.46509022640281,11.0784214943647,10.176320057582,8.91127165905263,10.5839925151065,9.57612171079063,9.53732428518427,9.08459246565514,9.15245845714524,11.1673423633371
2010-10-18,8.75092937118412,10.13502264965,7.86626163850978,9.37037573942614,8.96672209618181,8.91147222903274,7.29690996624535,9.00773204769796,7.0354373811751,7.91257430679321,7.8780900989716,13.83617806996,10.863612473459,16.6881417908952,8.7870785292109,9.79825730876368,7.40366845300852,8.89954061902255,9.81025548267186,8.74250944377536,10.7965032384446,8.83924921914096,9.88975176649135,6.68931586884382,7.0151879902775,9.13811073016264,7.60724977806649,9.04062925773522,8.52371276294678,8.45179811467929,8.56540687577667,7.96707600338948,10.5594316027345
2010-10-19,10.4944670661283,10.8358614682959,9.00796819354644,7.90704398553482,10.6636657831866,9.22866913442647,8.4220506412636,8.11055104765445,7.67783350781477,7.47271347014427,7.97443583531027,10.9182903645278,9.9015763028941,12.1238741045704,9.45876893551133,10.8423511088392,7.81968791757942,10.3449840246456,9.55790180660988,10.0983284516708,9.43812313536359,9.18050985788945,10.6980760470634,8.53841304844317,8.49949548091033,10.4799254928578,8.50188610950895,9.76922169772184,10.1476602983427,10.021098324487,7.73744285744287,9.36432331086159,9.86123172779797
2010-10-20,7.85515166987795,8.06690879314703,6.67937814657263,6.32235435987426,8.02545556449299,6.3546154792806,6.1384002630655,6.36684900618808,6.35772993297229,5.82547086041881,6.59382609691653,5.68643869771218,6.02275491496542,5.49932633892912,7.19376807053743,8.12916700481273,5.79569154805338,7.86354941778452,6.26590479511528,7.70546542669121,5.64266625484506,6.2576316631577,8.12812943779549,7.85115965795217,7.08380871689759,7.69159780586742,6.08005927327624,7.30290332081396,7.70946475533112,7.59412315675482,6.09926018474449,6.95088652762488,6.15032336581487
2010-10-21,10.8296730029151,11.2773150399856,8.41109184275649,8.34211904536987,10.3357639319475,7.57433405819701,7.77229356663766,8.46356642432845,7.65589323079104,7.64814418607079,8.13079509277178,6.22608945907416,7.07798083882848,5.41869941575808,9.78203440342517,11.1807373314433,7.68513480070343,10.8545747696664,7.64930199823455,9.98667684764618,6.77650917624578,7.71038127597069,11.3686385251329,8.35218747677529,7.96235024801506,10.1603488762006,7.57659091215467,9.66781260117773,9.81082255799294,9.73612847009916,8.06097296015539,8.81241991353131,7.17270256154905
2010-10-22,9.05589444923968,8.41460360720185,6.21306699139544,7.75728770134143,8.00604866590797,5.77609971082575,5.37903110270408,7.69776909048556,6.5837132426562,6.87255435448196,7.16275548420014,5.41965962193281,5.48311998527097,4.8823027955356,8.43631510070446,8.52887849816792,6.4077805769611,9.03442390098494,6.0553220851113,8.14980951174199,5.7409005738451,5.70195551209583,8.54385680125116,6.84464057029628,7.17039769434673,7.74306071838349,5.32521264517109,7.30858306642578,7.71590913755684,7.71425604642998,7.36087648309914,6.41580765984159,5.51174177302648
2010-10-23,13.3600902572378,12.0928021708235,9.15002054033384,13.6936773802212,11.6713220987332,8.45078305875436,7.93735990518045,13.0469493577684,8.48008278265607,10.7310793923751,10.3505036143911,7.55751600672475,7.85658208959252,6.67347321094083,13.0746467782539,12.3091910550137,9.45860177756109,13.425215178837,8.70103555577606,12.1084343603944,8.12892957333964,8.29020206120416,12.2674327582331,6.87258015122259,10.7350254371854,11.2855408058794,7.84593532077228,10.6379023883268,11.2185183713355,11.2140622151911,12.1468177291759,9.40491466456907,7.95176241493752
2010-10-24,12.3842864701051,13.5179230446986,10.6597743507655,9.71120883715536,11.4638255791265,10.2865642272921,9.59482967318147,9.80499908941237,8.09237070221689,8.75980005939611,8.826587624231,10.5803158915542,10.1764506001427,11.2586535665114,11.2082051835032,13.0830922000436,8.87467637008635,12.3718224986729,9.95753691248001,10.9045874899624,9.71922644622478,9.8459115503279,13.4035379539898,7.73638433383349,11.924479846521,11.8430898198127,9.61849467900872,12.6033530746294,10.6398263094255,10.6229691921042,9.32059560154763,10.2264184669334,10.3506738321005
2010-10-25,15.4785953800526,15.7822194999506,12.2771198938129,12.1231210746836,13.9391415781742,12.0055418158192,11.1960668659289,12.4512546895404,9.86466852907474,11.5649977584711,10.5834550653238,13.5011393010507,12.4649744778855,14.0311217055402,14.177686299636,15.5018133768267,12.0316228272673,15.3275166738212,12.5521802490164,13.7354388036037,12.7823540291548,11.9142602192024,15.6644388619933,7.24897498138436,12.6651526347285,14.2395762571027,11.2246431756318,14.2588459200699,13.2974892375082,13.3595512147254,11.9457089900316,12.1739932246703,12.3627801691211
2010-10-26,12.6792825897672,14.3694468768751,11.2293672659933,11.3898089667324,11.9592697916199,11.4731329251681,10.2733499510126,11.5353393634467,9.71776764883659,11.0873005002397,10.1470803397898,14.348347424916,12.4265912392534,15.654193281461,12.2036034569075,13.8041431385775,11.3045168399641,12.8462833582954,12.1187203782322,11.879347488432,12.9504869247277,11.2668557312051,14.2736290805073,7.45308390292383,11.9822377493101,12.3902034923408,10.4449000509052,13.2721061947815,11.5753475759302,11.6353623692532,11.2674446643921,10.8421542395405,12.2379252433696
2010-10-27,18.4702361699353,17.9139851085607,16.38414301521,15.3581956802852,18.6183533815193,16.3104145576321,15.6554905156833,15.7566852059366,12.3957425847037,14.7315126895626,13.1549482283308,16.7919060795113,16.4278567120532,16.9047394739431,17.3530109388742,18.2275253746499,15.9720441169447,18.2486538906873,16.7407102152733,18.3020078975916,16.3570527452513,16.3007334597599,17.91168154734,8.74410652188791,16.6492931924649,18.038907684642,15.660051044086,16.8892437614066,18.3655514121919,18.2364469071126,15.0121858664407,16.9372159386033,16.4184916687319
2010-10-28,14.3066486732072,12.7553014817574,9.22638565349601,9.26511927849016,11.2393123612017,9.09823142912768,8.32006220471357,9.62741218050281,8.14435341576931,8.57314154457322,8.87719436235178,10.2221555946051,9.40882731240302,10.8537521251333,12.2297009664555,12.7853125341287,8.56120042820208,13.9793212302157,9.37098328043991,11.0935677352948,9.38205793755651,8.9254367185247,12.9579901404229,7.99785571372796,9.80161292027197,11.3928034671672,8.36574755446089,10.987373288676,10.3882895226393,10.5078466189671,9.17095554411469,9.31521610492757,9.39616089267216
2010-10-29,13.1043891504925,12.6086740571861,10.9210702352717,12.9664200873367,12.7907202209988,10.8987765225596,10.3982029155921,12.6544203864294,10.3899692864892,11.3359421639079,11.3688235972748,11.4649606441098,11.1016913412174,11.6717817977714,12.8360026264511,12.7997294141626,10.8244299021919,13.1424126990484,11.2839945858543,12.8303307133285,11.0041030110025,10.9358965618345,12.6997412703913,10.0881436932792,10.847653055888,12.3705035239264,10.4030740988924,11.5005998540173,12.5207242620622,12.4362516850414,12.0960320226249,11.4145201205201,11.0719931496637
2010-10-30,10.2145662370578,11.0059607998228,8.31986732695689,8.74389121783778,8.66619094575906,8.48960731046991,7.46711426830538,8.5839296563904,6.88969067604071,7.46083786810179,7.75209329005503,9.88513835294964,8.77138474023885,11.2120524202051,9.4003103843627,10.5645744170923,6.96276156294426,10.3722510899907,8.21175802055205,8.44357545701371,8.45782220925821,7.94417214323974,11.1444729049624,6.94142750833459,9.99545266722609,9.06724686183781,7.62646503551249,10.2038910185985,7.96467874326685,8.01680377395483,8.18646372403556,7.79321648742984,8.88269161576814
2010-10-31,13.80198197819,12.2901184873971,9.66054820370352,11.4360050549281,11.1233553037796,10.2700932790253,8.77017411649485,11.1010064999104,8.27875660634938,9.07432594908258,9.80165050553292,13.270318082026,11.2642292850093,15.6076311995264,12.4402973643577,12.3128090310883,8.07688446567157,13.5233474809578,10.3304150912928,10.9205688698581,10.7128074491175,9.79634758715368,12.2841534262738,8.85666783027567,10.469097887788,11.3937597334885,9.02244096442621,11.1271735755851,10.0931878806896,10.1534473154019,10.386516784997,9.53864239964881,11.2727671335854
2010-11-01,13.0287427667012,14.6060073022307,10.2281059103322,10.4139205338731,11.6289040182474,10.9197040005463,8.57882666472224,10.1369943076891,7.2786993488528,8.02250526495338,8.7832729716638,15.1844505997122,12.2232920325027,18.6076739154147,11.605590937474,13.9863737484929,7.36847218774662,13.0855431457675,10.8731235151975,10.8668839814867,11.4268874368339,10.0659210230443,14.4189827028426,8.03313032533417,12.0854885890091,12.1480236257324,8.94462416883499,13.1561558559548,10.2974371640905,10.2430763616774,9.30097768320348,9.63568047785375,12.2938271628127
2010-11-02,13.3729759907044,12.3536635182667,8.88612910424109,9.43906701643868,11.3213871306353,9.60354358199759,8.02663247017663,9.84150483901553,9.12296951389858,9.33355703837645,9.43871268377166,14.096116134542,11.3418566013925,16.0412450158734,11.8672650989993,12.3962777785344,9.40018738993148,13.0715569419973,10.9378399589165,11.3321137632986,11.9160073299189,9.67690829102524,12.3468935191648,8.87526068088665,8.3605357594711,11.3564644100114,8.26548591579612,10.4188480189968,10.7837070851367,10.8684761954795,9.57081512460906,9.25509256054368,10.9543328796247
2010-11-03,8.60647690828442,8.31729680274133,5.88611181777713,6.5619049273835,7.41628168483815,5.46585219463283,4.92268684611651,6.62697662648336,6.60658956578299,6.0789307586038,6.90501209713755,5.15042371017577,5.11286087080672,4.82786026471636,7.72596218075777,8.30582594338655,5.63698588893693,8.59521571150519,5.54575566460589,7.42103256544072,5.26848428314287,5.22591842096622,8.46351929989906,8.03917308818621,7.39821496298581,7.28124985983114,4.90068379760083,7.28829039263186,7.02007034859602,7.02988590024235,6.42818938906274,5.87076560329079,5.20091078284077
2010-11-04,12.322231136318,10.9286884149541,7.99776916522238,7.87722675231103,9.6829153421067,7.19416480110528,6.90443601856462,8.05276112406374,6.66209120430477,6.74436134469837,7.53376059095265,5.46198623881462,6.2307661293443,4.89951427863654,10.3818118540666,10.99606350531,6.48309525129124,12.0733724094504,6.62839905265167,9.4206861204232,5.78653559676455,6.75490679766137,11.1745367988149,7.5488810910747,9.97095316214112,9.70011265435075,6.80603374440937,9.69962314224458,8.79157219045524,8.84567205969538,7.52678366618019,7.86611628830196,6.54600419944702
2010-11-05,14.0765424988722,14.8612690630653,9.67369349341654,11.6493054683515,10.4146178037516,8.78634218096537,8.3376204272985,11.3350863168318,7.9455275978592,9.36816070016232,9.56126241112435,8.46423965200647,8.36903673379133,8.66669519381975,12.6907447766185,14.0591155298732,8.23192222569688,14.232867935788,8.3224086025561,10.2893697619048,8.17766379055157,8.28619711604689,15.0050113155883,7.23460924990281,11.3899410674702,11.4049697385283,8.28413004592532,13.0587818983461,9.15976529787466,9.3640628559605,10.6926321637918,8.82750973918167,8.5714337621923
2010-11-06,17.7344233962534,16.933335034409,11.7352066216406,16.1691911472242,11.9912293741044,11.3643611356542,10.2091230119484,15.4138946991228,9.7919909065678,12.4752478648146,12.3469390961467,12.1773902972599,11.1548574836194,13.2491049189134,16.4020219716802,16.2145279247603,10.386341915931,17.8709097733113,10.6673911098062,12.3528320377804,11.1060249787722,10.4209947574144,17.2965624002854,7.87752297582921,15.2609172688208,13.2114437456619,10.3513247769751,15.4440113075653,10.5714044370543,10.9344612905351,14.5306097204632,10.4259561246425,11.3974102931574
2010-11-07,8.26892946190999,7.64301246037633,5.57189808021132,9.20715643276182,6.64777500057132,5.78747043403745,4.89667079209265,8.76984611846577,8.17755244368123,8.07519448179079,8.75944284302333,7.55264876207081,6.30647222198864,8.02632623353211,8.40263608165682,7.60784853088656,6.62750053358839,8.41017776875595,6.40288053600106,7.23497877503255,6.99782692687163,5.66520037091548,7.80665497246046,9.28283015158267,6.6156987265609,6.66855268764333,5.02089990820344,6.74771232222568,6.5034880999659,6.60874651101079,8.67465035355787,5.51328594430764,6.14996547950306
2010-11-08,14.3016803572541,12.824934027492,9.66093059736593,11.1949797354863,11.3310754437342,10.4570026260423,8.78156913185565,11.2703651908401,10.1870636806936,10.3245721463916,10.8850154926304,14.1291445941271,11.6750569650374,16.0855971730217,12.9180602105285,12.848053421367,9.67219319611625,14.1628051094099,11.1098186297509,11.539148701529,12.0076779524799,10.1196807158641,13.1253042127077,10.684742355785,10.8744698766063,11.4266663096568,9.07848291517241,11.3423252890902,10.724865984543,10.869259492836,10.96134690803,9.6363394774498,11.4957677834832
2010-11-09,10.2087356315426,11.2335526893802,7.34891275414616,8.0651664046448,7.50901957710114,8.25789569383996,6.5674978243753,7.99226943407815,8.21858499762718,7.37004997962317,8.65314889491323,12.1740768116701,9.5202476650232,14.8341861714643,9.13556938109221,10.549903344205,6.39075309329532,10.5290374686283,8.36968167522283,7.46388685647754,9.48736566965611,7.65528669002328,11.6520550799881,10.3506090677698,8.9913481535647,8.15744670427767,6.92733536278157,9.89126984843608,6.74483955460996,6.91297849805636,7.93524697686064,6.6982142607847,9.44076175332342
2010-11-10,11.1198693632105,14.0828434120117,10.1087267457311,8.96358028168793,9.74089833421621,10.0780848679018,9.2480223195236,8.96519462982084,8.25966572568225,8.21676997536313,8.79556933934032,11.5492382358526,10.4432704201809,13.1893234879549,10.0886509484679,13.022201748635,7.96427883231589,11.5102720683377,9.5863427913598,9.12319134755363,9.87893683218427,9.51708486805847,14.1833622929242,8.98679040511415,11.2725953675365,10.6720592267439,9.37543071721925,12.9274590539845,8.77817702424339,8.84745711330981,8.72926687474744,9.22172856399118,10.5786341415947
2010-11-11,14.3856509499242,11.6518535373759,8.72820393763626,7.44218143329945,11.8458822758638,8.12213828463117,7.32265080387648,8.29244587413164,8.03761113246435,7.82292623136933,8.17683120944492,7.47192608286889,7.54607122442864,6.68815029063483,11.822238833415,12.1911257513023,8.52321632455838,13.7871178498105,8.43069018952438,11.7431060186279,7.89056139265562,7.86642718093886,11.8586046020779,8.23751949561588,10.8498047132824,11.3444420222065,7.27206422564576,10.1260800659459,11.2638135003295,11.30783925932,7.920627427453,9.06526345692513,7.64829713248988
2010-11-12,14.2362790471424,14.4668640994933,9.70267735224206,14.0766072703587,11.6206378290855,8.54900504388909,8.66511328350825,13.3854177612303,8.71845488235341,10.9268054214223,10.7479836588182,7.48137015928085,8.0849790274309,6.68276070889818,13.6569343811048,14.0365614313585,9.42521947221546,14.4425765679211,8.66830818287201,11.7917113905464,8.08624127690115,8.600075031938,14.5648549497357,7.30971168671083,9.63338366783285,12.0441378910402,8.45338540088279,12.2308217209829,10.6947412434038,10.7920698619939,12.5186662320771,9.67294400213722,8.15103783034857
2010-11-13,15.538340445291,14.6335403079198,10.7989864488937,11.3927100194551,9.77764929793056,9.76099828462881,9.35828693716323,11.2605956715843,8.74899947646237,9.55624338826168,10.2034630387386,7.65875486354271,8.2847149764435,7.59424742045562,13.4404483561959,13.8876597702215,8.3141814602717,15.4080278630193,8.03413452701388,9.71137592236705,7.84646732826745,8.54249587100697,14.9288206522506,8.73573696102018,15.5352454855115,11.24895668565,9.35741707870933,14.1919657144264,8.3014414182823,8.69555180990688,10.8495866010381,8.96437730703099,8.85262460581477
2010-11-14,19.8058640734817,16.118850603158,14.2277884928317,12.4049769283145,17.4815589896511,13.4862295628166,13.6749326396506,12.8919697326901,9.64232010194101,10.73735514579,11.0304604743785,10.6941023805155,12.3882433131291,9.99350061332391,16.7199250312216,16.9722895734538,11.6177429761381,19.1029236389648,12.8091292387431,16.7308002641306,10.9325893017739,13.3777648596583,16.4869017427827,9.24703524998549,14.2558220245238,16.6902204943817,13.4686006958305,14.4472587095584,16.4280687431379,16.310304027572,11.7845350122992,15.2098677741656,12.7936790342446
2010-11-15,14.4266448912725,13.1235701992956,9.89781656703686,9.2418473532675,12.3628642054028,9.92780959866552,8.99185102634399,9.70701419810401,8.16703401835863,8.69849439479778,8.80336358397223,11.2644707563458,10.3438048962676,12.0160039805055,12.3742915120863,13.2909746306235,9.1302394178284,14.119225001393,10.3326960400115,12.0727086107998,10.2108187132787,9.79785208369581,13.325054793076,7.75324286604748,10.3134962698832,12.1627900057178,9.05709124595049,11.338662799335,11.6414875871774,11.6566578092987,9.1649400908767,10.2719084095426,10.318499008479
2010-11-16,14.64787795935,13.6144748018543,10.3862098735329,9.9175859328928,12.6540315730074,10.0674636106261,8.96741438365655,10.278143057895,8.87473993579911,9.20384624188229,9.54967566812495,10.3379778509609,9.82085727214577,10.5777570788554,12.7366916952712,13.7197937217682,9.35107444310846,14.3868992544681,10.0879137934083,12.4033949807634,9.77362498676603,9.59393818827486,13.7581502329777,8.97676653948717,12.6509306833373,12.4791845341606,9.01628592872501,12.2569521231914,11.9045056698357,11.9131696322259,9.74326328934035,10.3503791885713,9.96805552696087
2010-11-17,14.3250564947455,13.1479243331337,11.3892436337128,10.7379951839621,13.0199944157153,11.1991817413281,10.1656974662706,11.1395223696614,8.78692376410531,10.3303977968508,9.39863302597553,11.5030892878466,10.951162151427,11.5565644213471,12.9788604228355,13.3636735716448,10.984251439531,14.0075782620528,11.2880876086836,12.9376258005518,11.2136130856792,10.7474269356518,13.1532436835022,6.35839051938326,13.8511445401498,12.8114659716269,10.2383590851819,12.5776031874341,12.6236142488679,12.6375274368907,10.6223949573858,11.2490443751285,11.0518179148115
2010-11-18,14.8906168725856,14.3891310164498,11.2002834290679,11.0500545346488,14.163748597905,10.6288997445526,9.72331324678536,11.6083085109294,10.8389199504443,11.2962287319142,10.9467352480675,10.7221842462085,10.3821360596541,9.90214284201097,13.5808917221124,14.594155317317,11.8786028821932,14.7207090202887,11.4168509736924,14.2072239318231,11.178980187164,10.5397627655962,14.4536608854626,9.8923794293097,12.9375173394701,13.6204891129734,9.68003780659921,12.8377976011187,13.9463570119073,13.9082341894277,11.2683513454878,11.5344143840483,10.3314836750087
2010-11-19,11.6457993013446,10.5257368979682,8.01306497163608,8.82605496265492,10.4244704823468,7.71078530035245,6.93746277429271,9.09848691876893,8.33242356369827,8.56025400778412,8.64882272533361,7.96747913672063,7.59068168653486,7.50957833472459,10.5792260526575,10.7911044231934,8.56315113524768,11.4979033813922,8.29413077229137,10.5958181682397,8.14472105520928,7.61451995739256,10.6958564821935,8.20709288769902,9.40899171413982,9.9685140287451,6.93364760287679,9.21979634362884,10.1932950251008,10.1956178646293,8.79019335289103,8.33408199440926,7.5539864651053
2010-11-20,13.0073000149455,12.8324262180985,11.2077699754651,10.746300526386,13.3200766490979,10.8084722385965,10.2998544177603,10.8773758501728,9.33655851675668,9.8947526494419,9.92625724244805,10.0936897055541,10.3704701303972,9.79190941938903,12.0879981910332,13.0707528755682,10.264044602824,12.9089785248137,10.8233958607398,12.9560016157615,10.0447775220479,10.6346239766686,12.8464262656555,9.16007233995735,12.1854004726555,12.7341256281697,10.2454606522101,11.9339263900541,12.9663804261354,12.8007485049824,10.3082799389423,11.6056464238895,10.5242163852239
2010-11-21,9.35384448613153,8.63799321897912,7.89213981642548,8.43057101858633,9.25958879937031,7.94419014804584,7.33492998140255,8.35646011764665,7.5046079986844,7.60055516122743,7.98008138991025,8.27264339221126,7.95032865724716,8.54941249242718,8.8910087566654,8.90568143596997,7.41345960087903,9.24544147166715,8.03959608057983,9.16253603727755,7.77414025272046,7.7758397184488,8.65278229565224,8.10134401882394,8.65483167998998,8.85320157317198,7.38016063265669,8.18067210907014,9.04054708885731,8.95186090717696,8.01079055108931,8.15750618116744,8.00832844873129
2010-11-22,12.3747960814795,12.2232592283441,10.5410834122183,11.185295021913,11.7109876750421,10.2163544262833,10.1122245444982,10.8856255429092,8.03202066047587,9.16284670587556,9.30409488966101,9.58314705468178,9.96080586397645,9.86882385550123,11.5938837411869,12.2126798328077,8.85535377337525,12.3443719621944,9.82700753540387,11.2931321351345,9.08183407683946,10.0746910669836,12.256041481723,7.73792756652121,10.4178772254276,11.6513254730513,10.0500279848439,11.300060225094,11.0236984077435,10.9380099934761,10.1654399805579,10.735286744333,10.1536557798317
2010-11-23,15.5818940490989,13.8926545962023,10.631142412534,8.51155981984404,12.8736584743965,10.272694109522,9.79779081216832,9.18550330648174,8.11708002950428,8.17150531206474,8.691595879329,10.5884110955218,10.3557608266884,11.1592019035302,12.7837356390646,14.0168581329614,8.85244952657398,15.0061025601495,10.2499456336651,12.2131002871754,9.73956442366276,10.1443756338653,13.9451444363498,8.42896025455769,10.5033901071716,12.9928331969754,9.76248629643882,12.1094847382334,11.7798177329102,11.8242823125834,8.64540052184547,10.8830870848414,10.4525173209106
2010-11-24,15.1311374094993,14.8550595406457,11.139858600806,9.8062243337554,12.8359496835176,10.631995495306,9.69464568829,10.1143155307099,8.00623114871847,8.62567867547931,9.00891856734767,10.7806126450284,10.3782147355899,11.5084010937625,12.8780154426581,14.6311301939795,8.81527153040238,14.815952572675,10.2164135321681,12.1644573016068,9.76425776622298,10.0528725466019,14.7933485378944,7.97231635710695,12.9475592420974,13.1752612399323,9.71628556228353,13.4770270808417,11.6342961728169,11.6554381740814,9.42984929938344,10.7694907653261,10.6270868527415
2010-11-25,15.4648995664771,13.3634187472012,11.2409742504238,11.0093392625019,12.5797613999079,11.0312970458002,10.3417644612586,11.0695182684393,8.2322336681628,9.22783579433639,9.57775300677862,10.9465720231902,10.7640441633755,11.7402418820569,13.4147221035756,13.5298586345947,9.05119803621813,14.9886596735359,10.4218910664883,12.152461241401,9.93749719915528,10.4985677186495,13.414331835024,7.9820464110297,12.6928102059601,12.7779994515919,10.3867384774255,12.4964370051122,11.4894655448824,11.5479421462334,10.3160843377578,11.0524985790586,11.0348376788732
2010-11-26,15.4932573194892,14.9312849550048,13.6145397303906,13.1309106815423,16.2490845092382,12.6890944992864,13.0248656800733,13.0788638761083,9.31444432695685,11.100994705339,10.6707054168077,10.2742556465435,11.8332777154259,9.39080268185853,14.3819381304969,15.3397865927379,11.6997207214938,15.2280082553415,12.4122431261596,15.5060322767434,10.7162120817409,12.8151940781029,14.7720961268621,7.92436055854112,12.7403893817181,15.5540657826905,12.7668583540638,13.7575879231504,15.6199765977533,15.3480525448294,12.0261640232118,14.474284382227,12.1017216003776
2010-11-27,21.9885901415251,19.579715312616,16.1651333982859,15.2148871356294,19.5607985833383,15.340965212583,13.8711762806093,15.593742689184,10.5571752535776,13.0202353549493,12.3842202113335,13.8275859536791,14.0896689201407,13.5708621076797,19.1506830815733,20.0687951552155,13.6674743739581,21.4014405040098,14.7064983694302,19.0116611220109,13.5170489534904,14.3731723489821,19.6467063801052,8.07157341499105,20.6576188345897,19.0254497724285,13.872975572852,18.3357899545629,18.3810050745495,18.2956654219728,14.269961531288,16.063443401023,14.5818691762975
2010-11-28,20.2642857048998,18.9835609255595,16.4368320970438,17.9653863772103,19.5766945667675,15.7776280514106,15.1291407769135,18.0132576324617,12.2544425829187,15.9923158402851,13.8908735036306,15.1084740927404,15.3007853303791,14.2149548746527,19.2846940942797,19.4034328365841,16.5797383391589,20.056843675002,16.275171550011,19.6265451692377,15.5875248182577,15.7106428401477,19.0002089780266,7.14486388623916,17.7159481854391,18.891231795135,15.0336619113893,17.5532288670142,19.224289500513,19.1278239309986,16.8931206101267,16.9755690567369,15.3539171203652
2010-11-29,16.0172287358602,14.5580212844939,10.8062334606557,12.534843880723,13.4745938001897,10.1582401241028,9.14516070515517,12.8023365558808,9.50248576613073,11.6088789180316,10.4943728917029,10.365304994712,9.85045803267702,9.63169619488666,14.6404653328666,14.6934348490068,11.635425655021,15.782812619853,10.7996479059056,13.8365223953454,10.8188232565422,9.89564272180051,14.6617183099638,6.44175578072342,13.2850672575755,13.3301470239992,9.13000358279764,12.9729599910362,13.0111203826057,13.1245375121501,12.1882766465954,10.7568964088684,9.82375578795779
2010-11-30,17.5975642621147,16.9247087710876,13.1385392954045,11.4984314230971,15.5156430413291,12.7924662692014,11.7106230160194,12.0483275663909,8.98131101323912,10.5895369457394,9.99821043373024,13.4270291853129,12.7664561656616,14.0742387184135,15.1799782916951,16.9000177343549,11.4470901014366,17.2378493365415,12.7960612814492,14.933461175292,12.4308917475977,12.3672123861211,16.957857486843,6.91707755146325,14.6749318842979,15.5299044342981,11.7494024894774,15.2608125177236,14.5051073859159,14.5027755494745,11.2300840482066,13.1152369160279,12.9058301715968
2010-12-01,15.8029796931714,14.8217443681489,13.0405265796295,13.8212208328554,15.7534361830095,13.0026304901878,11.9842803342541,13.9369587049155,10.9173925966102,12.7210453605459,11.802945752678,13.9022117188279,13.1834107462229,14.0077119790823,15.018996778073,15.240490513836,13.1388120608163,15.602700025197,13.6587227453691,15.7177673940992,13.4184841369855,12.9203630081259,14.7877258188097,8.63569415208318,13.9695595246085,15.0536710830839,12.0280587995993,13.7323183435372,15.5399796720715,15.4156847109629,13.2208615828259,13.5938878400545,13.1365787869774
2010-12-02,14.2749524620253,12.9969672175745,10.8302757888772,12.804028987738,13.5545200324693,10.3263640966578,9.53580296771924,12.8056680862756,11.2877002808962,11.8834005533152,11.9137849060429,9.83544120288214,9.83112681841392,8.87903569575469,13.6511267347195,13.4083531211718,11.5344806300663,14.1701435191918,10.852584880969,13.8603455165445,10.4434771427073,10.1652661772783,13.112357888528,11.046750114422,12.8710648026158,12.8540303108158,9.49438554382077,11.8948690834378,13.4264664905767,13.3707891717663,12.3508307080435,11.2015701419785,9.8629294179866
2010-12-03,14.9566728050152,13.7364832713502,11.5067674539006,12.2957676392797,14.1271883299416,10.9553495094204,10.4873732444052,12.3399244196881,9.45312360963345,10.8237506007789,10.5296835954564,10.1545324667281,10.4883270623591,9.61277428206301,13.7863407364259,14.0901155263404,10.9237061314038,14.7396601587268,11.1154572444294,13.9735592495754,10.3306871159014,10.8477039935094,13.7978374802582,8.28703038763236,12.3993812767371,13.5865406551858,10.3998948117609,12.4447163381772,13.6362131478142,13.5423002437692,11.5777924290356,11.9835746167248,10.6097164987157
2010-12-04,15.9072759049462,15.8415661592427,13.2947196411652,11.2428012011068,15.5623201112566,12.8320429639773,12.5216085902279,11.6991654165427,9.25229741636767,10.4909605342835,10.0117941592215,12.052274823402,12.4729166735305,11.9893084834395,14.0926299167106,15.9551668594023,11.595229151206,15.7414142315787,12.7141017475652,14.8591562123764,11.7545843589982,12.7303910159449,15.9758520025984,7.76743379073808,13.467914951866,15.1352014580334,12.4321599490698,14.3578541727428,14.8985614880542,14.7535817427353,10.9352201281403,13.7872009374969,12.6519490500322
2010-12-05,15.393214138101,15.530658691351,12.6050324861074,12.2700306269388,15.7387781072205,12.2342406153712,11.4855311170403,12.5941202358597,10.0127161963003,11.4889969745752,10.7221304672084,12.2884635966642,12.1356350119214,11.9565644749554,14.2379468657725,15.7564476782781,12.3141255856129,15.376640814482,12.8276066536786,15.4411378233109,12.1718040905189,12.2465540627017,15.6541466143676,8.1097446463041,13.1773758479579,14.9406345544013,11.4328093806413,13.7977695437421,15.4359566303813,15.2537419048006,11.8510003451065,13.3270804393365,12.1426315474774
2010-12-06,14.4485948805041,12.4127966832472,9.5934638871501,10.7658814062122,12.4108980644872,9.65574971915024,8.22078213534828,10.9131530603042,8.31656726167175,9.434083068318,9.36788273126715,10.7170403958038,9.70796104834479,11.149287964157,12.8813968730205,12.8335000405597,9.31199164078291,14.1956443597043,10.0248555176368,12.5057534929096,9.91040307830453,9.22946814375919,12.6810424625012,7.4816801044614,11.9872048226535,11.8607012300061,8.3474105692322,11.027124822573,11.8789140133493,11.8743880125403,10.2105849756341,9.86277371731707,9.76039648013665
2010-12-07,11.7147212657244,10.2521406620178,8.32535562873983,8.03022899488951,9.09691779183352,7.96635063595309,7.66572153895187,8.18595845466549,7.07371540335256,7.21861052038717,7.76211095139455,7.55300195559084,7.63248868142659,7.78220037212203,10.0953037631476,10.255903526025,7.00098438986848,11.3706550824203,7.52392874692046,8.86180785528593,7.22780510922049,7.61696413637019,10.3220648755995,7.52536938614608,9.40955027653246,9.43486924209479,7.65514105668986,9.51664568426449,8.28815472204813,8.39876645473315,7.83607930670017,8.04841896411958,7.81805225619968
2010-12-08,11.3406004057139,11.8448628672526,10.785427599523,11.525981228889,10.7604014571343,11.1581013920577,10.7492289613336,11.3632431021843,9.76179669117462,10.7882406687348,10.3017614618618,13.0094053835732,11.9377597522998,14.1394866863479,11.2958282605249,11.5830073916625,10.6164709476514,11.4173653136579,11.4079286364512,10.7255766657205,11.8952233149933,11.1639195518087,11.8063965754094,8.47378258356127,10.1509618522613,11.0928313220554,10.8557600816172,11.370223330757,10.5087333668218,10.5547776534325,11.1471539182195,10.6848440510506,11.8114638754726
2010-12-09,15.226545547543,13.5139487516376,11.1777454655344,10.2885433838077,12.7530559119942,11.2265355345073,10.4659827956323,10.7132225029277,9.8209816779586,9.9183865781936,10.317275764483,12.2352770866301,11.4889697628939,13.043888922196,13.2384684106522,13.66604694969,10.1595475726291,14.8165454261991,11.2798350267357,12.4794431513527,11.2402864170174,10.9788709842865,13.6498795315151,10.0241999448493,11.8644626874145,12.8187063319552,10.5428692479414,12.3336130824135,12.0047070933973,12.0816349139764,10.3386867009735,11.2454536328737,11.5308997417347
2010-12-10,9.80633175322587,10.6301026499841,9.15117486113037,9.54556505628204,9.77340099709104,9.33580308026604,8.82165498270297,9.54141369503365,9.57164363513193,9.42449031909178,9.6252710712991,10.6766087484547,9.83653606316149,11.2623083729959,9.6956831601303,10.4349338651678,9.27302075308299,9.96357969297523,9.72729747659396,9.75407661702476,10.0098496163886,9.33255053636336,10.6767825991859,9.96184499388306,9.1313921591471,9.77770974730307,8.89332469279566,9.93399548430597,9.66341353448522,9.65043541997226,9.49313494259517,9.20370518321533,9.72894618979801
2010-12-11,13.0138641307991,14.0210680831922,12.2779794311248,12.7796398551558,11.9648423123323,12.4740744996921,11.6726121909612,12.6671214216472,10.348212185156,11.9546281192315,11.0482764017072,13.8703773860046,12.7874915826023,14.832654363458,12.8122932166682,13.5586968027365,11.8552135142676,13.2103366124452,12.3826603535721,11.9819657981823,12.9272913308116,12.0564833205767,14.0808495186148,8.05438442216987,13.8080793448849,12.4323978190037,11.8233201654623,13.7295490411574,11.6292819127952,11.7191112526329,12.3744521114156,11.6498832164743,12.8045423443344
2010-12-12,20.8507323047825,19.8938034662963,17.5001410519188,21.2187526190893,19.4383115182797,17.1984834514314,16.5964155677643,20.2148627122915,12.5837848638458,16.4172486865662,15.6163265285474,16.4144707395443,16.704006248033,16.9277479392573,20.277725474901,20.0415629625789,15.3198320066639,20.9442299345515,16.5571110173701,19.240099651795,15.5404474871272,16.741610321089,20.0819369692283,9.66871747277428,18.6928238758035,19.142711667996,16.5854574780137,18.6956844924769,18.4776941076853,18.3580231503718,18.6680606022812,17.7083397778956,17.0424888383742
2010-12-13,15.1360265583728,16.0987331853457,13.1863987601813,13.3246174835073,13.2352332595733,12.8436791505434,12.5584830844464,12.9093561125722,8.96494419703314,10.6443617701401,10.7344607468283,12.3237011615056,12.4892974855507,13.3874103939361,13.9414476499695,15.5217719036407,10.1261101506384,15.2878935548617,11.7483006914006,12.5710410888953,11.1495205971972,12.2730313996226,16.2357881809563,8.18292018846731,14.0843718739093,13.8732970919883,12.5640475137628,15.1371777523586,12.0380578187246,12.0524871707483,12.048478923394,12.630908890544,12.8537569123398
2010-12-14,14.471200327687,15.305714840137,13.2576568558614,13.4363373869508,14.7652092684086,13.0212498436308,12.9397440965653,13.3709979945689,10.3811641172161,12.1298193696856,11.3283674026936,13.4484677639014,13.3389747215681,13.7651353560614,13.9551009575125,15.1797922312431,12.497116965125,14.5130246736391,13.333773597639,14.3527583967654,12.9108477527218,13.2416925627435,15.2110987307752,8.34519943094099,11.8126768328372,14.6597216073892,12.8655397492969,14.0019909485581,14.3258664886008,14.2103917409645,12.7140921729521,13.7236395501386,13.2965495303437
2010-12-15,21.6527392598764,19.0391000468191,15.1468122936766,18.367489708474,19.4020816645189,13.7798774521739,13.8676664555298,18.4150526094315,12.1933373436306,16.0669586859332,14.109891027139,11.8215976612725,12.9668460095844,9.62517621522931,20.2189001312325,19.606115736235,16.2227407210649,21.2955030682043,14.6431801641522,19.7503460563242,13.5785999814192,14.1521694771024,19.1605568202166,7.09335597539162,15.1448101434574,18.7366963882691,13.5561062271865,16.5468681834528,18.8993464201827,18.9045496823493,17.2204280613265,16.0923443268242,12.9382640008223
2010-12-16,16.7100372446441,15.917298321637,12.77381396507,13.7583046113415,14.5258149124126,11.9180977134694,11.5463665631939,13.902141243515,10.9943089170631,12.7067215863964,11.9702267961443,11.0989992119383,11.3435622634619,10.3005224787787,15.4617787435303,15.8599169934373,12.6774584161166,16.5188825791489,12.0332882793018,14.5856282811659,11.7056988659998,11.7084888883182,15.9338558373011,8.75970626620412,14.3391732763723,14.6668386933025,11.4444145009499,14.6439763058421,13.9189772410326,14.0121586105238,13.3410029777857,12.5993172800904,11.4340664851255
2010-12-17,12.4150227562185,11.5374361450306,8.82662260586576,11.1064120620964,10.7794154065763,8.58485779162433,7.86324974715192,11.0630482495522,9.10829667034528,10.1563060490703,9.84668347260062,9.41697964989515,8.73962596987545,9.2266766198522,11.8070718865419,11.6142584066254,9.67466581783499,12.3606442834452,9.25682257359972,11.1344578913062,9.41447133928443,8.54579303587607,11.6396864404611,7.99531426218492,9.78469196016772,10.6470924817663,7.87697632240485,10.2187990018497,10.5027852667236,10.5714379618967,10.6841015863113,8.96943519926124,8.62838284946714
2010-12-18,8.39035175220822,8.39804483199875,7.62770563438826,9.0166436156242,8.1590732018279,7.90022778797835,7.521094001074,8.70380807086689,7.59036230172759,7.96689557343915,8.16550776252412,9.17763257605407,8.44782717488671,9.98673081517195,8.45220517989754,8.36746887171466,7.42464123531991,8.43611074168136,8.1345522110872,8.1529499157556,8.29307516065291,7.92480716450861,8.36411493300137,7.79368656462729,7.08569011873096,8.17249044604958,7.59028351108309,7.91095810789658,7.94716399949655,7.92543018271908,8.45725825159855,7.77423710008799,8.37153497866729
2010-12-19,14.9903701058804,11.8873849683278,10.4365403539662,9.93117971771102,12.3956537332268,10.6411941601825,9.64891729985521,10.2321812523842,9.1102847388582,9.02611337629258,9.85977729775354,11.2250514659423,10.6320643929361,12.0639650558117,12.8576214492561,12.4476377340259,9.02728565157998,14.4289653680008,10.4313417033259,12.161713217496,10.1131785401806,10.1925904066853,12.109256643048,10.1325088847814,12.0247698572765,12.0750322377776,9.76783366745579,11.0493803525103,11.6444668643748,11.6711960016506,9.70757768084911,10.6550056880181,10.7990869624965
2010-12-20,13.956655542362,16.3486700273963,11.8794738448741,10.9294463778441,11.9354263829769,11.2988239895969,11.2458141586214,10.884951763144,9.12951262110345,9.5549467954999,10.115346059604,11.4198712728447,11.3408710997572,12.4274959931292,12.472270685611,15.3288751737873,9.27687134441203,14.1871594235547,10.6633185546785,11.1368618871768,10.3600621158946,11.0283099828454,16.3942884531615,9.5403646196655,11.4874071516738,12.9942358811812,11.1872581101265,14.6395614952809,10.6575439398104,10.7361894379625,10.4146416324685,11.2684257521512,11.5258457860265
2010-12-21,16.8080101350352,14.0043495484527,10.7747838632868,11.7051937885362,12.2721349620342,10.4250540989479,9.72317036212667,11.5902192708272,8.48318184771362,9.2099728853527,10.2464511053129,10.084708364116,10.0023624800993,10.9028865873323,14.3117447944746,14.1063941332351,8.29613546692643,16.3291350693307,9.60480641248985,11.9620999091083,9.05899574749936,9.77025779979502,14.2434413721537,9.3115920678892,12.6334247131126,12.686583791843,9.75947722276746,12.6670749843981,10.8443822757367,10.9994304793693,10.7541977215178,10.4433605299672,10.3413125954042
2010-12-22,13.7455414319513,12.3722157491921,8.97664303955214,10.851059861269,11.7580143913619,9.42882134452967,8.06468267945594,10.9499189060689,9.22695745388425,9.86859986692312,10.0062030618114,13.1180950142798,10.8704325102915,14.6090315839468,12.5040530355939,12.5305397317098,9.48813796676438,13.4448974140981,10.6958208415161,11.8520486439,11.3416258775199,9.55598860620603,12.31772499987,8.93068966689754,8.32671971576066,11.6744769939594,8.22837593846933,10.3809429520853,11.1820243142467,11.2338997979802,10.482506325941,9.47866141203142,10.5352268183497
2010-12-23,13.7954545228461,13.6630130897825,10.7997063048418,12.8122209561495,13.1997544465933,10.5129237460891,9.66227945323808,12.8142226864091,10.5572308099329,11.9352108735133,11.2492627571765,11.3136120064079,10.6362759205705,10.9447040309625,13.3934176130077,13.7432049938716,11.7872971356129,13.8582933498357,11.3643922494291,13.4884200724941,11.4017341008344,10.5092489589146,13.7415428572904,8.80879336385124,11.8715180379782,12.7942891979065,9.66466042915225,12.2330734485626,13.0703938767941,13.0478334088419,12.3488339942391,11.1085254222355,10.5099473064327
2010-12-24,13.3571712099341,11.7115963645843,9.63089354177608,10.8530835931225,11.4927544876073,9.35712451100654,9.16416798927595,10.8349095905561,9.26813227425333,9.67249254831629,10.0992255104339,9.61010356540057,9.50040837946527,9.70068814600647,12.1841565953186,11.9307486699564,9.26309904520469,13.0492043172694,9.64103646732655,11.4279502842082,9.32329705931782,9.46346864040838,11.7351439973949,9.57267582175562,9.01138217772888,11.443443525698,9.10708247127088,10.3718968229081,10.8925987941401,10.9266926906997,10.3792436108125,10.0282141751875,9.47718284371254
2010-12-25,12.8643975415369,12.3670659714191,9.71544279432847,12.0084370725454,10.2303896205684,9.95803150013393,8.60605546228278,11.5868830572869,9.37852449747847,10.06423147972,10.6084529389486,11.8154208307271,10.3050003747913,13.2608749217869,12.1435653597059,12.0919455160782,8.78562002483077,12.8722151913184,9.77013245795954,10.3484667056932,10.2772496071564,9.2769652457713,12.450207216034,9.74086154378393,12.1759611525527,10.7128941392026,8.82226900087359,11.6956225068617,9.45610325020541,9.59027443843534,11.1435487782765,9.03129004497839,10.3949767520183
2010-12-26,13.4176630082701,12.3268849494627,10.5419166272972,12.1675618717911,11.0324494252765,11.3096314745467,9.74816088430379,11.956408448216,10.1559487374669,10.8401368940434,11.0707997411445,14.1239986064795,12.077140126734,16.0119940144103,12.6713613146536,12.2777975409039,10.0293115305706,13.3636926254414,11.3583873182946,11.229591480451,12.1625439674307,10.6950403074917,12.5281275625146,10.0028832662724,12.7623999664011,11.2624566426039,10.0609042239144,11.8635760236579,10.5158408403967,10.6421522565375,11.6126271941532,10.0888679053666,12.0668740123249
2010-12-27,9.10533221229755,9.7343318817828,8.59076554258133,11.714145610812,8.47744892926893,8.68532128112824,8.07406419290435,11.1852370058128,9.63942605272519,10.6325890239535,10.2474176365568,9.8297884674134,8.93636938341911,10.0756207650446,9.93968589315225,9.4456583962288,9.5559484384453,9.41342874956339,8.98973095844757,9.0159017544224,9.62159112391906,8.48651497972733,9.75570569678057,8.6476671622367,9.91456975452144,8.72446607918161,8.17580264122059,9.59314593521156,8.52387826436824,8.61511930827375,11.0931473776422,8.15763038845102,8.84252088362421
2010-12-28,8.10657183808486,8.54929027344824,8.3201989507275,10.1459025002576,8.40952828422011,8.31380378800925,8.13422041338094,9.81000115932003,9.28250347865738,9.61287556840326,9.50509742033646,8.67755832487844,8.40683340719192,8.57058158625948,8.82193883365832,8.47461243345628,9.01892731270757,8.28710497728389,8.57212677638433,8.70007435839388,8.77973053966681,8.32541370596811,8.5015173536667,9.09434775200401,8.62970958866541,8.38483405032584,8.15133117192903,8.5363292340571,8.56056839979417,8.55907512107918,9.79087722162943,8.26304703635555,8.33749117134879
2010-12-29,8.93579416466034,8.01874628905683,6.27527834770451,7.37217682339842,7.48610128193625,6.1892840285614,5.78020496523512,7.26144036215577,6.10871708502291,6.28329376942451,6.80739963677715,6.45031651776085,6.20842886372896,6.72435835826863,8.12929773867701,8.10409259031921,5.76702464236744,8.84824574631619,6.21334773195807,7.46871809626656,6.02428466773361,6.05590808717645,8.16611215417541,6.74441734888766,6.7319592809107,7.42485968552023,5.79569675908333,7.10352022069394,7.02530755575642,7.04762151274966,6.90947363417158,6.40189828692804,6.25820564857028
2010-12-30,10.9339068050914,9.82449102974164,7.65984145203736,8.85660046027427,8.9325953435081,7.71325946839313,7.07300965346356,8.84061177487084,8.10067814937149,8.04457314171038,8.66625114601804,8.73936305009794,8.00639973367916,9.28286936628724,9.95876461043532,9.87145188166172,7.46581243995503,10.807291880073,7.94061096001953,9.01430765438182,8.06492521579484,7.56803500426999,9.99062418251912,8.91121501285409,8.23372140750519,8.983572660486,7.1397432126279,8.75043403888754,8.44583029736058,8.52573045442961,8.58633816113681,7.71140738968471,7.97942726938735
2010-12-31,17.6217210324928,16.7499424908318,13.2128211354822,14.0429673458548,15.2809226091409,11.9275790856994,12.1244256012914,14.0608093693518,10.4064329657973,12.181843831987,11.8397715658274,9.28025291782051,10.7165036549679,7.93405012026043,15.9761179732139,16.7254511450219,12.0608028511438,17.4825084804136,11.518256611964,15.0710866130278,10.3619681315254,11.7484768105783,16.9399676679692,8.7854109523092,14.327851014985,15.2933215654395,11.8817187474105,15.0869893062432,14.3992151864976,14.4308004311434,13.2267804920397,13.2664404137672,11.0055755923245
2011-01-01,21.706339639194,15.698582799995,11.9900517355866,13.0115763140059,18.2917953757533,11.9638143367359,10.3262475727531,13.8626943412248,10.6181000498279,12.0730084371676,11.7514040907152,13.6984420429034,12.4670049431694,13.6042206732149,18.3723709134737,17.1507196792092,12.8136738208365,20.6255017351961,13.5335998130149,18.4677027222759,13.0905548871831,12.1047782733178,15.9390531419468,8.94222027796778,12.7123353536969,16.8964582888434,10.3661732781022,12.83005279352,17.6266519334994,17.6021793297954,12.8099279794741,13.5691201192057,12.2637382877788
2011-01-02,17.5210062924046,15.89379109471,15.0953401357207,16.1324297819083,16.9681681175387,14.8795076854433,14.4413278384662,16.1678900794257,13.0248551198034,15.0409271173257,13.9301243805897,14.5444167954248,14.610319886354,14.0523692887103,16.9330034118353,16.3665409108984,15.339630716234,17.2913480109017,15.1689478784672,17.1031501157606,14.7970084651749,14.8213237299432,15.9467549788746,10.2954904010066,16.0138494319216,16.4121458768877,14.4165402821122,15.298326345843,16.8565423770449,16.8057522396162,15.5467748995577,15.5054875985009,14.6412129871385
2011-01-03,14.0003545504614,13.6189272164068,11.7263032832367,13.088193607501,13.8189496214793,11.525987710357,10.802496456984,13.3234248008269,11.7473638207935,13.1334602075945,11.9457783585333,12.4022882108367,11.7098306124594,11.7527391837539,13.809453003828,13.817875327788,13.4640493224935,13.9759781419618,12.5880579072365,14.2426100180755,12.8414822152085,11.6444597243724,13.639204476868,9.18359628762805,12.6463381590942,13.3463007954425,10.8064406103531,12.6103351474209,14.0106095817292,14.0076223529004,13.0774932480947,12.0698856741939,11.4973681989667
2011-01-04,11.8448981461438,10.5815964637089,9.16441415526277,10.7950008150832,10.0170256098445,9.20762256987259,8.72005596577797,10.6013516598108,9.38094798054988,9.66136808384839,10.1117739176024,10.0341463728734,9.44539210152253,10.5641117867937,11.2092871486824,10.657121689192,8.91614650982615,11.676792378354,9.30403098011258,10.1310152641904,9.42056479354881,9.06268007333708,10.6234450936994,9.82326615519469,9.58995293169086,10.1579506743818,8.77703014144058,9.90868697017657,9.56211881015697,9.64313535463693,10.3177570157694,9.12930557708822,9.43932003769342
2011-01-05,13.5638757161532,13.0569274981905,9.61727685240059,9.48731624406927,9.89218196065028,9.23137277909589,8.93164989211379,9.58975566869703,8.40195843463706,8.49096833816901,9.24123612785279,9.50155195091485,9.19746961153882,10.267271561236,11.7001285069311,12.5803756153849,7.95131475201373,13.3721413780526,8.7261446757611,9.58294142879078,8.72986509432105,8.85216359646412,13.17943024571,9.07394086098902,10.3286148017103,10.8134011098982,8.93998942356543,11.7981117032296,8.74789940978479,8.96330467676176,9.27937211699789,8.9908052372744,9.34802822753088
2011-01-06,17.0295970506606,13.9444326264911,10.4726817748597,13.6185878546358,12.5149566298327,11.203733643158,9.83095941844044,13.4721258832912,10.5361265748726,11.6694249824545,11.9978611933457,15.2945788448195,12.7814327097723,17.4727866369956,15.3212079018464,14.1134562600407,10.5468887405271,16.5822770259439,12.0453429779383,12.8226467886336,12.9783789062849,11.1330572132637,14.1063290503388,10.0815682747445,10.0661658371788,12.9067501148212,10.0767232525557,12.0019190197113,11.5648824182403,11.8068425067312,12.8892289672021,10.6434231086694,12.5037706230739
2011-01-07,18.086675154086,16.2907994757904,13.3168096836728,16.1669988214676,16.1209292536106,12.7665282738277,12.4515842363131,15.7794583945368,10.593610416454,13.15536268766,12.6399576609619,12.2915763418289,12.5487496673762,12.0881978299449,16.9243313634699,16.5973030061802,12.558171575559,17.878900300715,12.9374338028229,16.0756237281012,12.1410285054197,12.7770884259918,16.3917321428891,8.50627553560519,13.2204785183034,15.8094996349484,12.3449491224361,14.4692697346015,15.3180142202399,15.2822292709065,14.6610493079724,13.8865675564015,12.6375324390161
2011-01-08,19.3121209770177,16.3692663707019,13.3615921211322,14.9846117006986,15.8270963553216,12.9662622200167,12.7876022962367,14.8694686408844,10.8900612002557,12.4411411830592,12.713462341698,12.4402017723283,12.7643951182051,12.620612371941,17.1993576941305,16.736408379515,11.9162576045547,18.8959148495716,12.7835760827161,15.6413297879406,11.9782202645972,12.8978429772374,16.6743411125376,10.2660806943428,13.1018317271081,15.7316517920836,12.7070719542275,14.4584208624938,14.7447289138207,14.8075491881199,13.8960402529734,13.8624865173584,12.9196102340851
2011-01-09,14.7596757312877,14.3240322097345,11.9173551688227,12.6598656592293,12.6508266330836,12.4633091146034,11.4440017979676,12.5369702163632,10.4644309841332,11.2427658804656,11.4686412188923,14.9316495044405,13.3439459217471,16.8126447551337,13.673054468519,14.1307125630763,10.7866383897794,14.7097647266656,12.516806989256,12.4719964283095,12.9493081323537,12.1603433960474,14.4777447646796,10.2485382670933,12.216894314308,12.9838712174109,11.6431220617493,13.2484399515784,11.9085992476804,11.9864230759512,12.0686832082955,11.7745265927156,13.3142136306067
2011-01-10,14.7332268946055,11.7681170113735,10.8191397175541,12.0693320623632,12.5967513176428,11.0582516963495,10.5494502986781,12.1880610224226,10.6746802197772,11.3212203542899,11.3266629664217,12.1992284022281,11.509977499033,12.6050043160195,13.5893351554563,12.3206429237195,11.1470409770123,14.2738515060359,11.5537801947483,12.8068979098732,11.6394547190186,11.1334212593922,11.8940175837626,10.1471618707918,10.6074469984173,12.3234906841119,10.608223132085,10.8661486709713,12.2769027518717,12.3519299831227,11.8223277674987,11.3157610663661,11.3996398074941
2011-01-11,14.6397133879246,11.9422539962406,9.29128307546407,9.82033734871083,12.3963804651561,8.9281355798245,8.37055568661064,10.1965241167969,9.17434077821194,9.20675366499396,9.7629284585754,9.10826922444124,8.92658926881636,8.83900598052514,12.7061826675479,12.4807402775385,9.22349563190609,14.1177918939484,9.48754408467511,12.3569729149269,9.03363194361656,8.98896071237712,12.0526487805968,9.73890579561906,9.48731528032068,11.949071054519,8.31479692919391,10.2050408408814,11.7984411458166,11.8152827452255,9.71202125016896,9.94752957126205,8.8976893182762
2011-01-12,10.913636214681,13.5943609154336,10.8835209225142,13.2660517361049,10.2053209086746,10.841999677726,9.91910440257179,12.3623853771888,9.6854830013079,10.6418139333664,11.1139047442239,12.1821706994436,11.0852152526065,13.7590193294923,11.3185539976007,12.6630118047845,9.06887068558529,11.3857378580124,10.2696915506359,9.96118032601036,10.5782638024552,10.180357616311,13.4000412367637,10.1107843937815,12.5361794043763,11.0994972914241,10.0613718953462,13.2106845511264,9.38072889564775,9.4050395233425,11.8819819711478,9.84773461931737,11.2546058135537
2011-01-13,12.3681491524019,10.5636842810136,9.37516262686029,9.74143121720941,11.2693317721131,9.58769480224208,8.77844611654284,9.88304157247496,9.0313562453379,9.09483115337051,9.51088975866947,10.3984164904025,9.77303671768533,10.8552117535135,11.2714741968994,11.0081533497006,9.05756925046156,12.1036670145732,9.84624613616058,11.2453168231407,9.69048503585695,9.42572243937424,10.7353302180494,9.54197803598095,10.202748340033,10.7759134701156,8.86296346943471,9.74010500258777,10.9614549760441,10.9264797730986,9.50595182661221,9.79220145276543,9.786583800026
2011-01-14,10.3831247320348,8.23636505844559,7.5807957677333,9.20810493069331,8.70673720332612,7.62477597252732,7.36954706579521,8.96931898096925,8.29900008932353,7.96111036612143,8.99994974651601,7.94987272435005,7.75381220794637,8.34672456760581,9.65438555292244,8.59163195898934,7.08967640462611,10.0641476920705,7.62985755210123,8.75103879843378,7.42787158291852,7.5804443094564,8.26328399129384,10.0026120893904,7.42550864271971,8.6234390324691,7.38587318805317,7.66367829734226,8.2497822686239,8.28333325513282,8.68094605448096,7.8436269452798,7.78578620725979
2011-01-15,9.67541967023037,8.44856450518453,8.04648466181193,9.59420885166435,8.29304938644425,8.54423509266633,7.98356304019562,9.33040207033138,8.19265866821998,8.57638170425702,8.82319508470893,10.267759467314,9.20358603531072,11.4068293416483,9.42978174983688,8.5510618959016,7.896218678488,9.52938587103303,8.68695709018221,8.43645478963069,9.11974964235383,8.43469021699987,8.4636288086543,8.32526082275307,8.00286424015736,8.45287326306079,8.12572470606751,8.21008360021069,8.00656534221997,8.08197146105792,9.130304610908,8.02009351144977,9.12760090745987
2011-01-16,11.8847286340221,10.284123122317,11.3033318784783,10.4824353692628,11.1004591168946,12.0225092774911,11.8351054378777,10.3235063195959,9.10817953302361,9.2673481156321,9.84567761647724,12.8075966774948,12.4429280285154,14.4575775489446,11.0711886710198,10.5880621165304,9.22338676313922,11.6073616910295,11.3620040091756,10.6271316956426,11.1197329448266,11.8245137157801,10.3931429836369,9.89297774438612,10.5282011150366,11.0642077148446,11.9676784729326,10.4748626616731,10.6049605857814,10.5588133150424,9.92831542169671,11.5152174472443,12.5960131265366
2011-01-17,14.9865978074494,12.5465373174256,11.0790285992162,13.6043829108723,10.6897421647581,10.698279058589,10.701630621894,12.9139239368844,9.46209018950976,10.5340498798415,11.4165818225087,9.9355586292917,10.2504593509288,10.7036773563268,13.7630319925408,12.4293687239367,8.81294856639985,14.5975637902215,9.53729851283753,10.5956611329046,9.22147552491879,10.152049102495,12.5280461193895,10.0325260344439,12.008208559908,11.6690599484258,10.6972013216745,12.242548944785,9.41158402831248,9.64288674489845,12.2616846213355,10.3319833335426,10.5834549110004
2011-01-18,17.6018361370661,17.4777139789562,15.5715197583571,17.1436450911042,15.5035354716926,15.4603938798982,15.0424154247982,16.0769219610827,10.3377004483108,12.4083946607436,13.1732819045161,14.879750328423,15.0834637114934,16.8100471597736,16.5320813726448,17.1336645541057,10.9663019352236,17.6006362552718,13.7467021363226,14.6336865816209,12.7728565845556,14.6463974509514,17.4705190515087,10.5952359325336,16.4339312029058,16.1291415337642,15.1011692662652,16.9600237661531,13.9109864136223,13.8525399629375,14.7713136954009,15.0230969058496,15.6365387418477
2011-01-19,13.0749695240753,11.6940817824386,9.40108685289785,10.5629728247279,11.2080877404072,9.26802417674936,8.46508819536876,10.6067506379073,9.905031926623,9.75756460024698,10.4650010217981,9.99510214535782,9.35704151934072,10.2515486007379,11.9569562620887,11.8626249551862,9.22047651354971,12.842623952805,9.55077313097138,11.2715529153988,9.52344163231205,9.05550238797335,11.7612115053312,10.9048326729302,10.5467488333617,11.1114821472568,8.51118876909138,10.6055875603706,10.6977669681898,10.7453105138577,10.2966580367999,9.48010790132969,9.36348209751332
2011-01-20,16.3575156837757,14.7243332471541,11.1572229971651,14.1337427469834,11.748840954794,10.3791438618975,10.3679177807147,13.4145307961746,8.97405202550565,10.4522347217195,11.3461634242411,9.45336626862443,9.89009349092384,10.0298501119329,14.7321967906191,14.3809908045755,8.63280812531142,16.0940370781806,9.39358933754607,11.5071124018421,8.80613480815901,9.91956583642253,14.7418459402183,9.3484868566034,11.720429404781,12.7725634318659,10.282443423169,13.3551472812644,10.1524390491907,10.3605307865445,12.4977417642444,10.5427496966057,10.2185856218624
2011-01-21,14.2823821970175,13.8168320131662,10.4474750750714,10.3693696026451,10.7174947555562,10.1206373966681,9.07075473748729,10.3846519659698,8.78907928847247,9.01811733341081,9.81757463559785,10.3680954062609,9.7335885224065,11.3275688387394,12.4421489840987,13.3724241337547,8.31827175936542,14.1119018734925,9.28639441801541,10.428009825751,9.32595742227484,9.20849361975828,13.9150918700964,9.52029329276738,13.6963274707248,11.5216157111455,9.18860311593703,13.0781634685733,9.53340724078839,9.71736303558063,9.95895528368681,9.39616132895017,10.0482463383587
2011-01-22,14.5961515646586,13.3512189264682,9.48876060969566,10.9088923022655,10.6644464899149,9.6655590225876,8.7105804099154,10.8494335996504,8.93789970325025,9.33000167964799,10.1018515635739,11.3363551290324,10.1325348294276,12.679328657748,12.8118678030234,13.1248640110936,8.43546561265568,14.5177846089779,9.59504315193364,10.6639840230092,9.88523158027791,9.26451891649746,13.7629538666427,9.55625604541686,10.5721728504797,11.1322182523244,8.85375155323136,11.6475261154158,9.65658094083276,9.8512459053271,10.3770629943803,9.22432077217315,10.1728827350909
2011-01-23,14.2919736693701,12.4485035581504,9.8549832695327,11.6635245492637,10.9113411285385,10.7977481713428,9.20909302638281,11.5248697994611,9.38307206387456,10.0998720211299,10.5179005050751,14.5880343560257,12.0988564169216,17.0354397483556,12.9485405109855,12.4519803031775,9.23962496676734,14.079760642934,11.1213986500141,11.0402692195409,12.0411935404592,10.3764725669686,12.684497902199,9.37872166621896,10.8082605192533,11.246400084443,9.5363757506079,11.2909775957083,10.1277771744183,10.2996461886643,11.0719970847184,9.67039080899592,11.9773737678318
2011-01-24,12.1315486934014,9.31104218616575,9.11746049164094,11.0258294968502,9.62498566570061,9.04304144797245,8.65888011555361,11.0250629297862,10.460173084855,10.7303845859893,10.7788202794533,9.12291714616727,8.84955211084648,8.75213102256549,11.61798249073,9.69508742537204,10.0728388460367,11.7460989552406,9.18674375287882,10.214988333358,9.51662239485147,8.83774214964851,9.37812874441783,10.1574064057128,10.762048063935,9.69950837368355,8.70564814337615,9.35703026676405,9.52703685499202,9.72055598663722,11.0134718277615,8.89654417791156,8.83418916706263
2011-01-25,16.9667521373744,15.127859410956,14.727771599541,13.036906262831,22.8175439635548,14.1116860704105,13.551848303198,13.9951770472818,12.2646293101954,13.4266256544606,12.1199225321027,12.4190576395042,13.6306272610503,9.71875872764147,16.0470276208502,17.1263728075476,16.2783423586228,16.5292083089824,16.2910901348132,22.3595992953314,13.9725215163272,15.1134890910986,15.0751687104182,10.2430122582643,13.1610181264569,19.1676124480784,13.2401127537053,12.8500317336705,23.693429749418,22.901396166093,12.8877428823696,18.1344414331057,13.4463312516379
2011-01-26,15.2637120845765,13.5897515678646,13.9541632630845,14.6785897965633,13.8230054967282,13.8586668504217,13.9754367496079,14.5584496075178,11.7036202614887,13.6040292564955,12.5927380364856,12.8322230665255,13.3550410040654,12.5452041475078,14.8826328450511,13.8259842650674,13.6281566727301,15.1088168614054,13.3831055923815,13.9916290019692,13.1499389834031,13.6499830857575,13.7843300850214,9.08931602351169,14.8911522924419,13.8280186461129,13.9650624557539,13.8051253050101,13.6618029730634,13.7414638632326,14.1519642007134,13.8327290581295,13.5123390490842
2011-01-27,14.2835818869263,12.4817174884052,11.4943958774501,12.44991229694,11.7909005653677,11.4792112745267,10.7822219149469,12.5358956738703,11.0289832379231,11.9895228094644,11.5617541649906,11.8834643083037,11.3121960752928,11.9980851412394,13.489147499569,12.5914982211008,11.7066669123216,14.0289424334382,11.3952768199747,12.1410151522019,11.7734124280422,11.0402108364548,12.5968568502993,9.61034668046033,13.8240529918612,12.0260281173248,10.8853926535956,12.4063233230233,11.498716954486,11.6801077204054,12.3545990002628,11.0029268157476,11.3702896172064
2011-01-28,13.4828198047714,12.6712860551171,8.5374455871169,11.0760841096427,8.59209109363827,8.4965781427648,7.19538831861289,10.6865779146645,8.35522597147779,8.91198464482308,9.83239589571693,9.87639972332014,8.52980937886263,11.271932784988,12.0350206580907,12.0927560480186,7.18395786361086,13.4920174262827,7.89308890839544,8.78582869804608,8.48863900207581,7.56661371501815,12.9619027542708,9.09301420718961,11.9451405567739,9.64257787247734,7.40090536032565,11.6304101073603,7.38753992133372,7.70232207112783,10.268529793997,7.3218891477807,8.72771583384612
2011-01-29,16.4480268702114,13.1975453946693,10.8563483684128,12.0771419244234,11.6557260387727,10.9298539293694,9.89074775426876,12.1353680331198,9.84136041026721,10.6578638658741,11.0397532242632,11.9351300456676,10.9519128799752,12.9244877780937,14.4257293226585,13.3403891797748,9.88070281086752,15.9196801963817,10.5590202132528,11.8244920997661,10.895265322594,10.2670776020501,13.4066719902395,9.51616640287898,13.3596362174575,12.19867552134,10.052826965529,12.473623552911,10.66328096526,10.9405019107678,11.676516381093,10.2555641570705,11.0967352369618
2011-01-30,17.8419265606772,15.0343457610589,15.2282155932649,15.3031744342073,16.1783288575844,14.7857001639241,15.0420740756764,14.9843046456169,10.5793223208766,12.4931624058495,12.4550392513339,12.3400002922583,13.769605775156,12.3189656333437,16.3903932196531,15.582485518162,12.3627781093049,17.3382478388201,13.547046809316,15.6249777421011,12.144576241157,14.41040403054,15.0815478716376,9.53072358587816,15.7254146525504,15.972541093696,14.9342903103804,14.9141038514961,15.2623843881813,15.1852592922098,13.9347331460364,15.4429023472019,14.2423898556704
2011-01-31,24.7051978484151,13.2928141995299,10.7793745884493,13.0839574412324,13.339115612074,11.1282963860942,10.5272323992907,13.6523862675287,9.88580947189644,11.0470027641561,11.9760555129058,12.3831783887218,11.5195690939028,13.5736869605824,19.6291300845278,14.6708898277754,10.0203294048471,22.8865631978493,10.9140769945725,13.9375756514549,11.1727518764069,10.8215432782706,13.9851001395978,9.42623007453471,11.3601416490603,13.9261068401657,10.6635857551435,11.3652037918267,11.5554037827869,12.2120801941051,12.8599245092888,11.0136271756549,11.5666391927859
2011-02-01,14.2938654078686,14.3746265814377,10.9331585037724,13.6440631859658,10.2626908809688,10.6890806288165,10.2273144931957,12.754246770271,8.4256767272329,9.97304419226768,10.7205367405199,10.7496802267022,10.4556434469862,12.245557646599,13.261422424465,13.6290776030075,8.06218055802485,14.4584322766603,9.40277335022822,10.0217786052345,9.28892077723966,9.89792874737481,14.5846564863859,8.62847045692789,12.5892472531978,11.4668533432337,10.3090536915367,13.4755247143412,8.80166709859887,9.00945290756881,11.9516645804534,9.84754655488241,10.8235568095525
2011-02-02,12.9987499363302,9.8621200754645,7.72206034133459,9.87378046807275,7.62208384271413,7.96178712317446,7.24907378865717,9.62863360695024,8.22784196836905,8.18367310884204,9.42045820894744,8.91162047193962,8.05289942109173,10.1502771730931,11.304567909744,9.83731392857631,6.62909075813171,12.6580034466303,7.31499608067876,7.91889977741715,7.75992175691836,7.32416119620752,10.2663186284744,9.66472233561419,9.71603829811207,8.42249614091812,7.42277354155747,9.22340352691614,6.60252706880439,6.94848673709724,9.36739567792837,6.99525213156459,8.21384340163016
2011-02-03,13.3048242384157,10.9838188921529,16.5341395773352,12.6430114117723,10.7287719105515,16.7072000595551,19.9873276561664,11.9571626223882,8.8177315938583,10.0043368940436,10.5048011318154,12.3025828516072,15.7722188599916,13.9371080744325,12.25057265502,10.8141725714829,10.0222092685278,12.7673770334451,12.9270405402421,9.23891424490325,11.3259611847243,16.6344349459296,11.0753169425742,8.77990263812739,11.5546318732307,12.4231598188223,19.7801478501413,13.3014714274091,9.38305698639919,9.52844276210068,11.4707002220929,15.9362379378748,16.5584356516542
2011-02-04,17.0142150523185,13.8653575848996,9.61999994268811,15.7403835559385,9.95719275397251,9.81201837457223,8.43008005515199,14.4633488577381,8.67231377607094,10.4949991703066,11.9432518799392,11.5090296377363,10.0258778192949,13.8440711632381,15.4007180592889,13.5533988014449,7.16160413478689,16.8315925842073,8.76357099756368,10.2832289417331,9.147473321569,8.74246189870426,14.2171642489246,9.66031383204315,12.549803906192,11.1874195994744,8.68378891950004,12.5618236118663,8.11759032437669,8.49520160048661,13.385874676084,8.48946503264046,10.3379892753464
2011-02-05,15.200537506142,13.6101911580144,11.2945256833276,14.2444204878828,11.2280224126417,12.1886393408842,10.3606955051873,13.4998359523339,9.33680376562603,10.9199642777331,11.4555623882545,14.9235980491864,12.7848394205718,17.6970475937096,14.1580484934752,13.4113460276473,9.19631088119257,15.1930270857764,11.4195896682929,11.3254500941681,12.0957998134705,11.1071792302142,13.9537188405419,9.19762123694642,14.5694558722821,11.8316207639542,10.7566380514651,13.1989058987201,10.1280923044066,10.3142949437746,12.7140991931936,10.3890446680375,13.0091193627553
2011-02-06,21.6101846313195,19.3712783218585,14.9003218994642,17.5838712158707,16.1768011371181,14.6672202876506,13.0454098888111,17.3395778400407,12.6418757916811,14.8096700094566,14.7347317984206,15.7165493706872,14.445975541451,16.7732031014911,19.5349213329602,19.1636383878382,13.5403704156234,21.3280693562042,14.1799214150303,16.3929244196596,14.5081787371546,13.6399159014671,19.6198383648908,10.9740899220432,19.1389120782697,16.9055968054609,13.2344481385888,18.0851776369841,14.8387496348925,15.1314243991081,16.4662215751527,13.8814704503898,14.6924298422997
2011-02-07,21.2283278393186,17.3840756754623,14.8376703757441,15.123033730224,15.8083438227298,13.7561847919212,14.4826473259434,15.4862435833139,12.1183900978794,13.9505059773148,13.4262905658212,11.3157356234556,12.7615424647352,10.1986558765681,18.6063630681329,17.5776416148697,13.9487255532263,20.5308606829384,13.1389907101975,15.8367075791031,12.4505205275015,13.6817867920423,17.6624889987343,9.71429533875517,15.0850283322896,16.4658801636254,14.2563760310013,16.0737490944488,14.7143853641378,15.0403508496054,14.8993897238598,14.6502464036317,12.9872550676616
2011-02-08,13.8305723440956,13.094396697963,11.4840740408982,12.5343263547345,10.5615820452202,11.0318858687472,11.2328695745008,12.204999262765,10.3345013573663,10.9589191203413,11.4172619572112,10.0682257063327,10.5143576960229,10.3407165284567,12.9248860062156,12.6825337680054,9.94698166750729,13.7349796559233,10.0563833843714,10.4926352185313,9.93183749691641,10.5982251155641,13.1988070691402,10.4503488573308,12.4723990424433,11.5358033884159,11.2022572944867,12.8355547580054,9.67367813205936,9.90073756496748,11.9256921679166,10.6455684055836,10.7741530601465
2011-02-09,10.8192765083187,7.32205519556994,6.06453531477554,9.12121813472505,6.22229668438532,6.46350278739195,5.64799744300254,8.9253477085574,7.77373390297564,8.07898941768841,8.58773666088337,8.34918257791017,6.97490711816129,9.293871043485,9.85390534343139,7.5116872242602,6.66953608701304,10.3915749598485,6.58856004281053,6.91735943791618,7.51620667760025,6.11097759741191,7.51354949796079,7.98577735086935,7.58490328430839,6.8250033412707,5.84098375504916,6.96045029740921,5.69604635762514,6.04727430473363,8.85591323341805,5.5503718037884,6.89011498366672
2011-02-10,6.42497528389682,4.76367462418099,4.71025550249682,7.61526143821675,3.93384658718554,5.25057557961455,5.12787123686343,7.14224095520844,7.16789761547286,6.76935581536786,7.59118168500333,6.68845871075226,5.85195309589553,7.56258228320274,6.59232748493581,4.75523877052363,5.29310559270816,6.40589557595688,5.27882047956952,4.49872768531951,6.01252941180272,5.2172615165353,4.99587358404685,8.50345843762288,4.48387606659625,4.41310716724464,5.25923989723516,4.73428654292047,3.78555331677965,4.01283423899177,7.2977059017604,4.46254028440486,5.736832861712
2011-02-11,10.0063269132495,7.88935474609222,7.78156688464732,10.1895810501978,6.3885819391676,8.05917572518675,8.25936399966139,9.86159572447133,8.53408157106775,9.33249334403646,9.21578476521674,8.81779846688929,8.3753289255974,9.40044714633416,9.78932822984256,7.77305097681818,8.2165689774487,9.84693646718903,7.79695533998198,6.96386657520157,8.5487280063634,7.9681178360825,8.11030990616815,7.63344972364694,7.73633144578309,7.27018052305326,8.34235756172025,8.01142175012723,6.075252703931,6.41944017625824,9.92421335113926,7.20251875854137,8.31915220814749
2011-02-12,8.6583432294346,7.00054881241927,5.95385667852044,7.57512376692302,5.38523711968498,6.0822907713899,5.58236586141626,7.359963357745,7.12932451904505,6.77327675457816,7.66017313953144,6.58897105408226,6.01571983595346,7.21864456916947,7.95907950068335,6.89094642868582,5.57945900831038,8.52203499324275,5.61521769585492,5.72108963319063,6.07827426250204,5.57497234264732,7.22618301359911,8.38494127260202,7.90634660031978,5.99634320672807,5.71157780223023,6.97493601234795,4.87918446841858,5.12805489902616,7.37710611102406,5.22942162011686,6.12673938449882
2011-02-13,10.7216050614713,9.21995426096856,8.51834286121269,10.0990091920223,7.61761325676149,8.46989428677599,8.25835361489881,9.66906956264424,8.05867882464858,8.44986349785692,9.1076981264775,8.06534647406396,8.07251157980805,8.66149194904938,10.0622124507331,9.06942687949533,7.22268131331631,10.5958297248414,7.52394466159087,7.73670770021105,7.58589837151123,7.88391275337983,9.39341458483085,8.66577048568105,10.3281789497391,8.3096083538398,8.33523407698417,9.39775849699432,6.92385342311422,7.13054493539962,9.42533699287668,7.72454570628033,8.33126191394372
2011-02-14,15.9755195655759,14.7308254408465,10.7384049027641,12.8374673372622,10.5647188786368,11.2772278309502,9.91423459353848,12.7925676324211,11.070991835091,11.7668697174763,12.050864125316,14.320260790662,12.1094384426544,16.2073588243909,14.4372236396651,14.1873158686117,10.5600821289154,15.9766136276372,11.2584465132003,11.0219672123675,12.5643971106903,10.6229029294561,15.2272571480903,10.5830599226574,13.1142408948795,11.647696511077,10.2151519097407,13.4871408843965,9.65273693608244,10.0701942191577,12.6365299398205,9.72314344384291,12.0468933403818
2011-02-15,16.3864327452519,14.4590528523409,11.2272556149193,10.9134829718102,13.1469500410828,11.532402515859,10.3930841218791,11.3352286177812,11.0216009516567,10.5234634465232,11.4934116302887,13.4632742986516,12.1133996732761,14.7182400502361,14.1487472256854,14.5826831376642,10.3986750351103,16.0465821649116,11.7744318669092,13.0037892452192,12.0000504819705,11.2274323999552,14.7916689499811,12.334530989778,12.1938435266192,13.1984941571828,10.5491270910326,12.8234229972289,12.3209235127937,12.4429294996664,11.020571332173,11.3232297872473,12.0953170382518
2011-02-16,15.6483144205728,13.5955240143483,10.3301390354018,11.6204687959945,12.7296682290055,9.95321312885977,8.98954146989589,11.6925863017152,9.32448792490034,10.0808372000511,10.4855133727806,9.95170728001599,9.61593237379547,9.99028756225514,13.84416059645,13.8311961354227,9.59356759391454,15.3528607400941,9.95895637215252,12.7519945803211,9.60953573005852,9.51862324477076,13.827923479781,9.30631344440679,12.5273455373523,12.5735588590563,9.01560638725811,12.1213896664762,11.9214508681044,11.9901379899777,11.0337263758958,10.3505976031778,9.76456440009347
2011-02-17,14.3655746493544,11.8559773250719,9.4478098214488,8.71775463647639,11.4933466711565,8.95097651784311,8.51936888419671,9.22000761909238,9.18602401374261,8.54028742446267,9.51948126408839,8.17795532207722,8.43448846786362,7.82914302649842,12.1141669822251,12.2035038704072,8.5970237349433,13.8574867903219,8.82448414767823,11.3265225691755,8.29276124423975,8.68299013728883,12.0683621722082,10.6099064480568,10.8550725265768,11.3678409706942,8.47038714833474,10.6276965787403,10.7553055763725,10.8404797443098,8.91991588511522,9.57583323785025,8.59668628028139
2011-02-18,14.8472184738666,12.3371097487596,9.66377681551082,11.7172301517636,10.9803435246777,10.0578223363559,8.75086363171561,11.5521162737953,9.46554202179832,9.928099947603,10.7189401124242,12.2818562783689,10.6636751005484,13.8732639890672,13.2522916159414,12.4505728493603,8.82659914196823,14.4899773768343,10.0912286892299,11.1145257113068,10.5547793645792,9.55645997804167,12.5127841024528,10.129533143082,11.2501931019878,11.317315806139,8.964899841935,11.230659537314,10.0536997949562,10.2387325613017,11.0522443383429,9.39239540387442,10.6828974896927
2011-02-19,18.6037028957147,15.7633176052612,13.5196987715944,13.4755201728901,15.9740266252187,12.9760956914498,12.5293030058761,13.9124450597188,11.1192890841177,12.6347021731406,12.0564080712949,11.8992699125428,12.3164428246556,11.1698315320371,16.5584446650978,16.2780070102675,13.1124651418712,18.1237820447353,12.9830805333812,15.97227679251,12.3469098635812,12.7495467135288,16.0339283427669,9.12572857808466,15.1644353302951,15.5768763229622,12.4616965755882,14.5135773680197,15.3946708172297,15.4508839544007,13.2346228998924,13.8265166820253,12.4700118776304
2011-02-20,19.8436145307959,17.0084761427981,15.179517622286,14.7054722489339,22.420690519474,14.2800630082531,13.0205820501515,15.4419455318007,11.4354445115507,13.8079252552923,12.298842298399,12.5425865645771,13.3115539900384,10.2922039602773,18.1619963407522,18.6726365355718,15.7887224977123,19.2093472760522,15.6766975428339,22.142889276945,13.7525879365134,14.4619228185113,16.9009543947896,8.1915102248963,16.9219144840516,19.6999512989107,12.81986299027,15.036738872418,22.5704054725761,22.0359951118731,14.0715971261603,17.3165104164305,13.3703922622575
2011-02-21,16.6655278149663,14.9088643583556,12.1972029898272,12.9189141667982,14.865681570859,11.2895755280885,10.8798612633193,13.0588429979467,9.87102819564775,11.4038751531053,11.0720068158203,9.51559974470399,10.307666809619,8.44311210845598,15.056452439869,15.2620900608175,11.477965097035,16.3604152317116,11.1862116862248,14.7689235901561,10.227348443056,11.0095040935325,15.0380477566397,8.43504582999298,14.1199902763452,14.4398682120814,10.7452915795929,13.5814333187193,14.2188977827348,14.1917383284069,12.2511989909502,12.4372965955093,10.541624119115
2011-02-22,14.9010971890391,14.1226720018052,11.9736695753362,11.34811315375,12.5882222940259,10.7587414996931,10.9138606783106,11.4284013598055,9.4850932209622,10.1185253791909,10.4409856221973,7.58432347416766,9.17152455062801,6.48453286488722,13.2892516012768,13.9994040604646,9.96462637630825,14.6705566485378,9.62856654293223,12.2168207005982,8.55020715492368,10.17267884023,14.193803913744,9.40936520597548,14.4743453064615,12.9215063285473,10.7346524262435,13.6199601029805,11.6775679826304,11.7444214275934,10.9045767981957,11.391084570041,9.64756524175314
2011-02-23,15.8568761746708,14.9827543087261,12.7454231868061,12.4902036625038,13.1961847364831,11.9677491480673,12.5022415502953,12.3783540039485,9.51237002507949,10.5697156719616,10.8960604306998,10.4913311542994,11.4760736280614,10.6482100135469,14.1579704659265,14.7537154560334,10.2755486562068,15.5224898038343,11.1224112175784,12.5694045987696,10.2674938297275,11.8537789551912,14.9118545654211,9.22735609631791,11.8580407433041,13.8997174528449,12.3333796018899,13.9133311730682,11.9815531496248,12.0661506738209,11.7040830143861,12.5561971824108,11.7486332199939
2011-02-24,14.1156543634689,12.5094814099941,12.10524546366,12.1483090784111,12.0873779537924,12.3310758063052,12.1311392204941,12.0643703459991,10.007013464835,10.9324704318309,10.92001364263,12.7660726382967,12.4854827721016,13.7392496616296,13.1004647510133,12.6043382543524,10.7519779683341,13.8271886826086,11.8483641589746,11.8882800459379,11.7922468997625,12.0895621563218,12.5956674365381,9.33506539993219,12.1621802933312,12.3911695523726,12.2042204789595,12.3059385585733,11.4766796720603,11.5629117771734,11.6522887580847,11.9681312999265,12.6061386408625
2011-02-25,15.3580046858238,13.2521731176141,10.6520686432297,11.2808197624947,12.5688150574389,10.165466251165,9.58491971075297,11.1344959665278,8.50012038012939,8.93543245127769,10.0339967869044,8.83865378817482,9.34976778057531,9.0171096118574,13.3418149209914,13.5057651993507,8.26055910636914,15.0525423279399,9.34551122984194,12.1905216370129,8.34330600683768,9.56801632357654,13.5255222681791,9.79023964870798,12.6968122944644,12.4349525433719,9.5607785553708,12.0803639957052,11.4597888160321,11.456818964425,10.2875127483403,10.6453499343159,9.75072465525191
2011-02-26,14.3294349437488,12.7797295354959,10.7419613890092,11.042791508004,10.8284312096964,9.87044961517652,10.0051342198165,10.977979487979,9.37380815224492,9.64639070293697,10.399200903529,7.45150452672375,8.62039374594316,6.87287912989329,12.7118989698689,12.6449495383739,8.9307270646646,14.0911167256435,8.71324193651981,10.682750508368,8.01241111208308,9.27703739130639,13.0078246042208,10.0501284753612,13.004366470523,11.3993876406855,9.90003790974307,12.3009572178967,9.86389107190771,10.0434098642291,10.5841441205787,10.0512395977106,9.04004050661305
2011-02-27,12.9243578150069,11.8851518651849,11.277668125809,10.7262895188385,10.7009981924894,11.5509986398896,11.1361119757684,10.606621158281,9.52833391573814,9.54939350682279,10.317006533268,11.7884085621923,11.4822082785581,13.086539338471,11.7627150971032,11.785325452585,9.11128133785591,12.7536508157241,10.5923181758471,10.3573615393504,10.5113107290491,10.9786047939761,12.0679914412534,10.491941908108,12.4742658551653,11.1620198008878,11.2648819385726,11.9096940505529,9.93302836893256,10.0261685693147,10.2994934157957,10.7667162918338,11.7489722687817
2011-02-28,17.8961739366072,14.3619613668149,12.6258071946361,14.2946574536135,14.6320800815589,12.5666298815571,11.8795533662194,14.2459281669634,11.2848313453579,12.4455563561039,12.6583850722651,13.2099480260136,12.6869971131676,13.7657719089913,16.1795731332568,14.8752418538866,11.8811064928818,17.266563427144,12.6253571832018,14.6703671149855,12.4371957150052,12.347959588744,14.3806831223248,10.7560676601753,13.2793845264752,14.6134669747382,11.9245521554987,13.3280744398805,13.7994623727798,13.9046457177962,13.5488638296353,12.8254982810134,12.7466441288842
2011-03-01,12.4486762947091,12.3736471679286,11.7179462513628,7.5641707509517,10.0560147984287,12.118109007235,12.5862398303511,7.96630713372687,7.09036773583538,7.28845790681598,7.56703955587972,11.7614219928347,12.1324019006461,13.4695433822186,10.3722953468552,11.954363210442,8.18412320272773,12.3743098387864,10.6047352100155,9.08951728958048,10.2195249364959,11.768023884302,12.8893616250046,6.98548162519947,10.8240605631296,10.8237949570381,12.6500060136721,12.0766035721309,9.07691829039556,9.18599902110762,7.69180031022893,11.3400104163626,12.4679634851207
2011-03-02,13.3374304965128,10.5319393148799,9.06783234253709,9.34645306159752,9.50994397917825,8.92677362899905,8.57277807776997,9.28090055968288,7.61531565475809,7.70182333451856,8.78336407414232,8.61272767203688,8.61852669053417,9.43420743186223,11.383772008288,10.6801175938098,6.94702580027219,12.8092814404388,8.059883350632,9.25205111896398,7.73197069299421,8.39596125884869,10.6501529821924,8.86544749441051,10.2938546072026,10.0155669218659,8.61862366139144,10.0210900019884,8.40098029241729,8.56846801970427,8.79786378522008,8.67160060273771,8.90473149535908
2011-03-03,12.2239800876401,10.2125495446086,8.63122633418889,9.45122205342895,8.48423367673869,8.72634633611302,8.41666708306577,9.17666452836635,6.97126658467173,7.46729206069278,8.32290105709967,9.37301535747664,8.91097954162908,10.8266585724555,10.6684929051836,10.1008103495284,6.49533907331051,11.8386846622968,7.94785453331437,8.21653522298286,7.94578753761215,8.29683074428451,10.2711135054065,7.71771074738215,8.91864080003254,9.29662184325455,8.50395861936443,9.65785898257559,7.33630702572287,7.52943912719708,8.69079043783272,8.13658630635054,9.10402239140441
2011-03-04,9.5359827219041,11.7624958158553,8.54819205492252,8.46429380660976,8.4257285243688,8.3096897409226,7.88976791307849,8.27828068999302,7.04327229416081,7.30136058774718,7.76831199270308,7.69445520454196,7.79826011116892,8.09734237446853,8.88123087674449,11.0394864074368,6.86592642057565,10.1376541693316,7.52561817980057,8.1413439338404,7.22682322422406,7.73754766109574,12.2999828020323,7.57395375210707,10.5945881340078,8.73423321082011,7.9283994040728,10.7661498530263,7.8244138646962,7.8434840885198,7.94631424871221,7.97979285967078,8.08407611493915
2011-03-05,11.6803290258811,9.39469607362588,9.49972760591951,9.29374423727644,10.3247105719357,9.21044985762898,9.19818046826821,9.33768457651203,8.11082703971541,8.40967691599643,8.75310838987923,8.13580002843766,8.70876491077861,7.99065405591076,10.5919842620734,9.82891511660038,8.35940624613827,11.1862653772492,8.75668556227554,10.1110928570081,8.15417175280224,9.01187546653794,9.31608763796963,8.36151584298013,10.0467545671387,10.2271430770666,9.14725762798117,9.35135003805939,9.83707929350734,9.84031560467047,8.95096697470974,9.59224923143016,8.9109002201132
2011-03-06,15.1381259852826,12.6182920003079,11.9527604013896,11.5006643499968,15.5284867863634,11.2236367630898,10.9974908864694,11.8321490572259,9.03919966001592,10.4714682115735,9.88326883507506,9.22310499205383,10.3403240094483,7.88570831608922,13.7507426343788,13.5864376228276,11.3952769111173,14.5782690803124,11.4560289793112,15.2142083215455,10.0442009253332,11.2813280034545,12.5343585606969,7.46537318203295,12.5387286291169,14.3031180869239,10.8154847571087,11.6764261861594,15.2784341193709,15.0381713268263,10.9532822131088,13.0162836117888,10.5148358225003
2011-03-07,12.7494474799717,11.046096563125,10.8848011087928,7.42607959061706,11.56426694207,10.0485245374223,10.6484668244659,7.86808901422771,7.1339802438253,6.90339066278159,7.64001729059508,6.85644617127739,8.76470935762363,6.3235908229842,10.5657470962082,11.3544071118937,7.73871857448617,12.1460492425992,8.74649932271296,10.5884405557161,7.20789037213053,9.74570010355338,10.9922167273595,8.13667508634398,11.1719188437757,11.5562876510475,10.4484178566968,10.8839159661982,10.6421800257109,10.5666272343461,7.35899050203023,10.9495740404945,9.25783721396283
2011-03-08,12.7760904961566,12.2510238256284,10.3714634817104,8.2499844965607,10.0315627273731,9.527245819739,9.94781420627699,8.56429009071218,7.56028464261353,7.76699115152926,8.13996208035869,7.70810547671971,8.71963464643601,7.61701951014767,10.8497219206252,11.8901259266217,7.99286370012438,12.4041289490431,8.45560980194605,9.39202239566125,7.82914318987562,9.1624168656008,12.1873128426741,7.60730741896851,10.9237443492451,10.9205308623005,9.81369680340339,11.7650466176139,8.95284197493757,9.10180392675425,8.27238792208659,9.70178610978493,9.05535631474039
2011-03-09,14.2516679024824,11.0953932385268,10.2647535850835,10.0114722058491,11.9725712920439,9.34603921700162,10.1047583454046,10.3145877743851,8.51662103117614,9.26696758770026,9.25465979482899,6.56994341934838,8.32610107372033,5.12603905340507,12.4949165665035,11.676621025826,9.57371291935033,13.6600278838467,9.01206432800449,11.827076921473,7.85248418455247,9.50125465422188,11.232652729585,7.832399038048,9.81838282016567,11.7348150467324,9.8472538306604,10.1982494238229,11.4173998871906,11.4652549369062,9.81356127236361,10.786593552391,8.52877002202089
2011-03-10,10.0140856898487,8.01462287068835,8.75408815649831,7.3197641809419,8.67228420024945,8.82526924511133,8.79007954094725,7.64601116680696,7.97387250196931,7.63852619705075,7.92355768164852,8.40733342035806,8.58840830719419,8.57795588116269,8.9798107878293,8.34298461698441,7.98631425191829,9.57155290229669,8.39420798919269,8.52428495598517,8.25127829220023,8.61245227473676,8.04691613223829,8.33920477702868,9.37399812561114,8.71990223826199,8.81949083941335,8.37095772774709,8.42014284858675,8.48756012339671,7.63181155094113,8.65903769624884,8.71983784480435
2011-03-11,12.3313628415828,9.81016359970788,9.19407954846282,11.1957324863883,10.7898211754099,9.91774470338003,8.63924779799851,10.9576258413642,8.87447480883937,9.62379341151108,9.88201835848456,12.5085321235086,10.8038956233834,14.0609392574688,11.637969484632,10.3165961727907,8.96143586396071,11.9368698013142,10.3494617830397,10.9321457356944,10.7497277811659,9.68433414624477,9.76353130277658,8.86203041533921,9.81749820543006,10.5232391513442,8.86508412306858,9.32408847771808,10.3930019474106,10.4035471362889,10.4520915873432,9.46537208128844,10.71120965959
2011-03-12,14.7940019483327,11.0258441803478,9.90911653685451,13.2777231564572,11.748435829894,10.3281148610171,8.96319094457036,12.8653626485554,8.93757132784159,10.7249180105075,10.6595650048213,11.8335644705847,10.5833006114276,12.832083912603,13.7901427876427,11.6627636055133,9.6317693389749,14.337892111306,10.4192554783465,12.1615623295347,10.6103747811939,9.81531366098091,11.1623950134248,7.8218547403246,12.1541866967662,11.4873761431638,9.16661114468668,10.4961394640122,11.169118387871,11.2637795155821,12.0770871622377,9.95263978829506,10.6447923537263
2011-03-13,13.6597960846976,10.6690870539074,11.3647599676031,10.519663976624,11.0657321016991,12.0023005306511,11.7505323173076,10.3699719280007,8.42596744713975,8.73343852530294,9.61616558167677,12.0952845245521,12.0148616332951,13.8215535370447,12.0196103423123,11.0708288959751,8.44884454769881,13.2027985150499,10.7796914785711,10.575241806423,10.3445291548259,11.4907817101373,10.9729670326986,9.41632782260272,11.6952143738978,11.1945258757997,11.9002834790867,10.8510532180912,10.1908533408243,10.2388847001826,9.80433196800038,11.3235279553135,12.3508905983641
2011-03-14,7.56687507412791,5.26996839973379,4.53709235742214,4.5002534537746,4.96219456508297,4.39084456504024,4.06735580649353,4.51355306878497,4.45090223472241,3.65713815262386,4.99787577768073,3.75130623945689,3.92928696388265,4.09686537577774,6.1224082532856,5.49913190684236,3.0272348110565,7.15093389510798,3.68236039395125,4.80206775072641,3.33479558445146,3.91705325987086,5.38245400870372,6.65356892713146,6.06065560335424,5.16187737886955,4.10021747386145,5.09857824555371,4.24238368045683,4.3429456826894,4.29947133770994,4.25055559376449,4.18894595563739
2011-03-15,6.43334268786936,5.04069990064472,4.38100122563067,4.89315270555876,4.57835763505744,4.17306916420038,4.22103387444535,4.83374743725254,4.64666515124134,4.27577779888782,5.04487579004994,3.45931973653224,3.81582217113895,3.38677131829843,5.65261746556253,5.13231335389381,3.7302492559476,6.24684804971523,3.76870757829577,4.59116637252162,3.52455315460947,3.98663921656726,5.18552368117285,5.84886769466726,4.9815813541454,4.75555626534946,4.19658314294608,4.77216388413882,4.16261836550769,4.25584606309017,4.72035993918983,4.2410887603599,3.95546606428954
2011-03-16,9.57826079354896,8.15969587258297,7.58542278046628,6.44265265235815,7.24352149976164,7.45739944136244,7.65282019626986,6.55616752072899,5.76430333259587,5.77029501428469,6.33114299103967,6.30364614890565,6.93850754526949,6.61658608461624,8.1542886828477,8.17128966618625,5.73725150503285,9.35280567124951,6.48782205660704,6.91701121521931,6.02105065123919,7.10826266544642,8.45418307265215,6.33714723156788,8.22394917985416,7.57451257156102,7.64139718855658,7.97484642615616,6.57027177532287,6.67345871700889,6.30248535338384,7.31435351327067,7.22609667013202
2011-03-17,11.816013082198,8.59013575669969,7.47415779684215,8.45440797359169,7.77329231328709,7.73912788905397,7.11637964555702,8.32044764220515,6.29684884963118,6.74737791186971,7.52294780168586,7.920614272927,7.55629832409226,8.93078626849234,10.106158540141,8.8567653859238,5.90187882619466,11.4314438900074,6.93933820102798,7.82181533278025,6.88467512468937,7.11929767507055,8.99886530601236,6.90468683389715,9.3929990454188,8.05836990322982,7.25926342087324,8.21789191546666,6.90974178506754,7.10473235697969,7.85049046835676,7.11840367529618,7.81099158728988
2011-03-18,12.699719241905,8.93805377909678,7.68978776438979,7.76540740386599,7.94515063195399,8.01288524849254,7.41472748475942,7.76183365802503,5.92116836168472,6.0516295849572,7.20338298779213,8.6305362148696,8.07984799449597,10.2280436351412,10.3347964346823,9.19818675709182,5.31143264682113,12.0570288584445,7.07691768831451,7.70330853207904,7.01426588128269,7.39548432874448,9.20734233424634,7.13902541894901,8.88279302799881,8.50777113990921,7.56796924646242,8.45028113985333,6.72652491011384,6.95273196494865,7.25238243076076,7.29636293088413,8.34621104594889
2011-03-19,16.2999560053767,12.1061070812373,10.3043413442034,9.40033736770157,11.4647731294778,9.93397018408909,9.83587213438378,9.70305405125523,6.97664406426331,7.77817143306406,8.38463050404386,8.58225861422939,9.24721148449186,8.95478218786056,13.2584321788956,12.5323570352103,7.73211440232228,15.5136187010866,8.88549795574464,11.0511378376614,8.08036854021835,9.44075556240267,12.4192406884581,6.93544270824569,11.4171901093728,11.7799758954776,9.80370616591156,11.1656532799521,10.1444310124719,10.328916523108,8.95894161864883,10.1922440618016,9.62719700700044
2011-03-20,17.0722547358822,14.0737535146324,13.120941362125,11.2972107027313,13.056570333349,13.2439908136517,13.5770921786703,11.1908148224274,7.8695058768468,8.56376411947434,9.77050483140287,12.0588046033897,12.8959940920105,13.8212005908247,14.2014228192662,14.2416344493326,8.36491977388667,16.520673008535,11.394298102912,12.0115226321681,10.2304726977063,12.7517081093691,14.4775699778994,8.99125661107411,12.3448412188575,13.5778839004505,13.5837152770036,13.3377473315936,11.4108539387549,11.4834283084015,10.2314464987329,13.1002580204233,13.425023988056
2011-03-21,12.2084426840662,10.4196620471949,10.0095234968898,7.65590624860666,9.62260203968306,10.1291999885823,9.86101952783343,7.92247759242161,7.22092500422906,7.03343119434423,7.80854776243391,10.0279821661471,9.96772127015402,11.3059262601627,10.2286330438478,10.4548746372557,7.23784531773233,11.6907611978053,9.04026047586496,8.96669974103796,8.74683277166039,9.57680098373944,10.4533124863219,8.13577100609827,10.8358299778813,10.1625719827346,9.94693183069653,10.4647601275058,8.63907631076837,8.73752438490799,7.60260178372661,9.54191886158195,10.2800364397009
2011-03-22,10.755750399499,7.91070440449412,7.07460220203123,6.74549751751482,7.67076920686099,7.36842071374785,6.86888174980588,6.93253465793712,6.1110979882023,6.03951369724331,6.74444830382415,8.3757156119863,7.69880939102365,9.5396490409436,8.99347828573841,8.19791980743329,5.81672833320299,10.1790446623411,7.07970197050569,7.49258123875945,7.16610397643828,7.09085632322333,7.98810158238856,6.86004054303028,7.37454045946936,7.97293515383107,6.97972462472045,7.43941229246496,6.89796672617432,7.0434156676899,6.64458160224478,6.99088085249135,7.7753201338567
2011-03-23,12.6318212545249,11.1272528264994,9.84182785702868,11.22436508013,8.25285040651817,9.36415718707415,9.57205467273223,10.5108480831753,6.45469675737589,8.00419951582847,8.56567461997177,7.92112506983896,8.59498396697762,8.89695850472518,11.3499000897067,10.6785167385252,6.50393537340704,12.3509214068366,7.52383358304783,7.89140062486735,7.10665961277391,8.56774508914206,11.1139012694333,6.25370061915114,11.2693705311866,9.63803460172709,9.56755807155954,11.2679192798307,6.78163488225946,7.03791595401785,9.81077776850741,8.60233286948611,9.09874734453343
2011-03-24,14.0345784362946,12.2110801738568,10.5904998591207,11.1989702306914,9.79092376672046,11.0396029994343,10.0128078061604,10.9058491102186,7.36938422457704,8.91895817088941,9.04214893259557,12.5887768030692,11.3189824363202,14.8213976744369,12.4267760538778,11.9487260169831,8.0670326235584,13.7013985571166,9.98186569707843,9.56719740052062,10.4267528412844,10.1367163583215,12.3142023115891,6.4001226109408,12.7813844623552,10.8124915934376,10.2688123737622,12.1304939040984,8.561358168156,8.80892196574241,10.2864355954586,9.53512585771186,11.5869654235678
2011-03-25,10.7335018418777,9.01869515530865,8.93968770388173,8.42027413360653,9.28206103262798,9.25613201341013,8.43315392097704,8.44659795014256,7.15774428766488,7.51506979480063,7.82189960102298,9.90357794189635,9.26786572437701,10.984643547135,9.66041810825781,9.27258018493608,7.44074371388643,10.3590470692802,8.7508417844873,9.03893579464436,8.71733722364289,8.71140214117222,9.00023075187141,7.30827277009023,10.6138448667272,9.32092824863564,8.58673760356779,9.20947675108846,8.74489548561787,8.76564997488956,8.07231475886972,8.67521078880287,9.45691652341083
2011-03-26,8.20038427077652,7.6702190971148,8.02751807147892,10.0064309307682,7.32044203486363,8.16910180072909,7.85187743770096,9.21330615259113,6.18029389086668,7.47560303203108,7.62585544706329,8.02143533289276,7.94866273769695,8.95041120059628,8.42042472213784,7.61491613121285,6.34387426497054,8.20851014050425,7.27886489794241,7.22849295349949,7.09499215315669,7.65154464937903,7.59951681013396,5.91473574218221,9.21454118034948,7.63275659728978,7.94285725636114,8.21380492838097,6.80678094293692,6.81122967461541,8.66854990859789,7.5361900106037,8.2130532219144
2011-03-27,9.86371708773531,8.29681747850724,8.33632778001106,9.67492433223797,7.20852567560468,8.64262513747879,7.87022626130844,9.0574019078926,6.30447780742068,7.25753315077722,7.79257999022306,8.60693326307751,8.22157633584788,9.97785910938901,9.26345971426176,8.24197073693903,6.02678825783049,9.72895352461228,7.27242885707442,7.14739949447729,7.28970052059044,7.65829213205489,8.43301742601884,6.55608131408863,11.4076862047757,7.76212547433115,8.0736981073561,9.05398558381534,6.41640605714073,6.54507642456167,8.55134892430047,7.35385848775877,8.6299162069359
2011-03-28,11.3874326326204,7.72100558315137,7.1704802649728,8.66533823594126,7.19340700367696,7.81121753608032,6.85505758748653,8.361494752539,5.31000085752348,6.4412827919547,6.87927038756794,9.41280115659581,8.21091352218769,11.3549602798516,9.84022036250607,8.02208085017592,5.44171210689564,10.8246488892137,7.12676643702774,7.2250744072874,7.47628131472907,7.15176004236424,7.86594814162737,5.08045283306824,8.71023545661276,7.70332655019711,7.10042984679594,7.67229528879573,6.21847321230118,6.43459991978644,7.77222105035353,6.69267211466499,8.38497322538686
2011-03-29,12.920506417123,10.0857085131276,8.56500900012093,9.3510823047668,8.4224750638666,8.93798494803908,8.73545617678229,9.1023239371649,6.2851435807019,7.10874631445375,7.87263800934445,9.62113296697319,9.21116927992076,11.3331362031343,10.9967457015667,10.1110191099442,6.22376665515113,12.5462036636047,8.02141798858671,8.18810304983912,7.95707090664323,8.54086266786399,10.4671141764295,6.64729334843974,8.47982197012527,9.11507013218717,8.85166689080149,9.30570235576269,7.22875744447655,7.45189749051109,8.50282930941612,8.28890121231784,9.42222827570603
2011-03-30,9.93991058679,11.0109288360429,9.76343160548873,13.858868496895,7.44652562275687,9.89264614432743,10.047440040522,12.3961303014163,7.64024974110875,9.73970489927314,9.99672323668798,9.33695830637344,9.56192136854181,10.6671583910796,10.5935242320257,10.1953827788332,7.41664192984168,10.5989205006541,8.3010594718223,7.52247556596738,8.23776479880731,9.23348256769202,11.4508101674199,7.13261018422752,10.8081583621146,8.50205224551078,10.1375865453604,11.0748319675298,6.59411848120602,6.75423571817671,11.7283996263669,8.71550108738583,9.94059554434864
2011-03-31,10.5317742474166,8.46976040767053,8.01884379104209,10.6588313927654,6.83310211567131,8.95642581948711,8.25399134027269,9.82717246191868,6.50747553943715,7.66005512552319,8.35154554576698,11.2093844708995,9.77143700170388,13.900940587797,9.89391417533707,8.33423040212029,5.94726759743674,10.3715732576934,8.07886865368423,6.84350359783332,8.66198594359162,8.37441664738986,8.65663981315732,6.84030393720495,8.41876156162711,7.7149638462612,8.53740045940131,8.52162890177485,5.8474260024741,6.0638392532462,9.28375073827068,7.36885284967464,9.91135617127288
2011-04-01,10.1417087579744,8.08632723115362,7.48135742889588,9.49907364677964,6.4265153582173,8.03080358585806,7.3997110205841,8.83774877675857,5.94989256336266,6.8754646432261,7.60197792119541,9.37346699399116,8.38787219533335,11.4594281178618,9.27928582835791,7.95110358385788,5.35699881875414,9.8921358504488,7.03135802020488,6.38443849726967,7.40589174041234,7.35773618297559,8.18577638455624,6.39617409370886,8.61581477968346,7.32476273084379,7.61938172612555,8.23478000278778,5.40823734689908,5.62701454569777,8.34427906782171,6.68048500913003,8.60646286241654
2011-04-02,13.3814824680028,10.9104300231497,11.3297629754794,12.4735376764528,10.4198115941957,11.2193352148379,12.1963887347034,11.6540697709977,7.21804650921879,8.82799670354757,9.47908921134235,9.70808872752224,10.920111728218,10.8933368776949,12.2498050179892,10.9881435601218,7.70551429201157,12.9644342069413,9.60697731243588,9.77755459153956,8.59924422639411,11.0724104173326,10.9207835922228,7.33383019726303,9.21847506843294,11.1802448253926,12.1025805445812,10.8244936501337,9.11706772773813,9.19398638199383,10.7415338127025,11.25143697897,11.3207765552391
2011-04-03,12.0152944514123,8.15434627490022,9.45001829434001,13.9430742788348,7.58023853549691,10.3027572564569,10.3372682319875,12.6330471613016,7.3453524869404,9.67765182532326,9.95405289320478,10.9476633544954,10.5815055812635,13.0419557129828,11.8336605199659,8.35815537097563,7.38840992924472,11.7687074950738,8.90552497433645,7.8985549233176,9.11381296811648,9.7822062107306,8.48060300684473,6.52248129948109,9.49638889898133,8.41191574305297,10.5403990840619,8.83549589597947,6.67374984777032,6.94132574385785,11.8700419586135,8.89448049969237,10.8481617196689
2011-04-04,9.43226754208484,6.62459167906403,6.94990324918255,8.94904970128615,6.14448160787219,8.01094486830655,7.51505457965082,8.38712868725817,5.84931626116065,6.7397828157759,7.25605159746388,10.4105352224644,9.02508631452963,12.8630463272975,8.72010896540351,6.78185309095238,5.53084370125772,9.1070700799913,7.50257991377163,6.20350380838816,8.09267207079138,7.72018016404769,6.80277128883377,6.01260715237846,6.35228440408127,6.73980339221813,7.77159615174848,6.67770886866887,5.41455367028238,5.60761604746453,7.97658322057559,6.72504108225316,9.04524695707003
2011-04-05,11.1056357895692,10.2151760928988,9.29263173008659,10.7720487598911,7.89610991088201,9.55544814217661,9.51443514830994,9.88421477201582,5.88075360274178,7.23960534202706,8.03778980533643,9.82054264337826,9.6576166812792,11.9712450458592,10.1963393434801,9.81314866726094,5.7407417930563,11.0141103090144,8.01629768568089,7.37961965816558,7.77558797140389,8.95435576876799,10.2968429119689,6.3288039888988,9.20911043323283,8.97378410159768,9.62335643128731,10.1219365775562,6.54638563813836,6.68296751226583,9.11117953572704,8.54792104826122,10.027299894667
2011-04-06,11.8766515610874,8.26471409696131,7.575860013748,7.17166749980298,8.58591134387461,7.49827044987309,7.27126871416845,7.3175264336186,5.82609498080163,5.93296245237864,6.79395397441248,7.25744240662592,7.34107540007644,7.9491007211237,9.75832894824658,8.74064917642489,5.69090874596572,11.1120977436298,6.90943441605024,8.24772066112919,6.4457570132528,7.19896698419859,8.26620614224881,6.73127996942933,7.87363132903221,8.79230997987621,7.28570880579893,7.77868012845803,7.60638653202513,7.71531584405893,6.81475291667733,7.60366150332812,7.55360020889575
2011-04-07,8.23277496146729,6.71050828952861,7.89836413173322,10.6116058123747,7.09534705025321,7.75372003442109,8.40136683475734,9.54201520183908,6.33661819073086,7.35567859558799,8.10170882760493,5.70249152659551,7.00861804865003,5.91434891145088,8.49336932068944,6.88750250728742,5.7888268753273,8.21635936452392,6.42982099908203,6.98383680431408,5.52183914976449,7.48723055987526,6.81534158565733,7.19588037094394,7.72288999738194,7.25891575132279,8.33141061994063,7.21810420831559,6.52827671777112,6.51136328158341,8.90441173346683,7.8033300376816,7.39483879582827
2011-04-08,11.2660690599265,9.25839515921944,9.88377428061891,10.7040843847805,7.89934227794166,9.72246402709735,10.7744542823299,9.79397284278427,6.19840087545776,7.12906714571161,8.33176044785201,7.0305491223898,8.77338293844863,8.00064434334808,10.2078752671024,9.14123284444327,5.69216100666913,11.1015463826044,7.3700306873819,7.30682624166829,6.23775670289663,9.1909094579327,9.58427014424523,7.4771747320495,9.4654804917745,8.78282249337888,10.7046573782286,9.6604456525432,6.60570401416071,6.7282269963906,9.0467252723029,9.32738092068007,9.39497004388102
2011-04-09,9.2219886397636,5.99918183282773,7.99316743621032,10.6790725300722,6.92502535228212,8.64286664291877,8.66641179621248,9.82271096675285,7.20765912876497,8.05928313913024,8.69981268836229,8.79347398274536,8.72229749510145,10.0808796129134,9.20193024688721,6.43306197174306,6.56148367974243,8.91360627402305,7.6766864485807,7.09647601609652,7.63131168387294,8.30133740122213,6.13024696502337,7.79367901719936,8.06171024201596,7.1785692871769,8.80230121541505,6.86684398736278,6.46338930241381,6.57189080260156,9.38863888087957,7.81966976865977,8.93201489618193
2011-04-10,12.1564037082167,9.08170775194691,8.62001988679643,13.0960083417439,9.25897935283635,8.7532238066956,8.52022784863761,12.3897546064477,8.17464484163218,10.4510438883949,9.91072019566783,9.25130775597089,8.90152018533168,9.52871146543637,12.0537744162598,9.45954665525273,9.04842038102742,11.9182751469962,8.80037165662673,9.88930697850771,8.97470372346501,8.67593348329286,9.22516239884892,6.14859150358227,8.91845823725962,9.37631975203189,8.57075682391747,8.70396546923458,8.89840170101956,9.06726407237219,11.7787226774931,8.66357660221917,8.88299824012355
2011-04-11,11.1511769262057,10.4837927382613,9.06867653189761,11.0660453381052,8.87728631014269,8.61449979270894,8.71606663085239,10.5753974139167,7.84513533473172,9.06246190193316,9.13669784528674,7.56831426354117,8.07122868684291,7.51694569845537,10.7163628430994,10.2678181824125,8.03678636898614,11.1505737091662,7.93467666155343,8.93365904406611,7.6455734371189,8.29116564655726,10.5844158168023,7.25797571036609,10.0162067344189,9.40231448757999,8.66699872646047,10.1271970392592,8.22474465214655,8.35198686467342,10.1228777866376,8.58262584209371,8.28984781862574
2011-04-12,10.0240081467785,7.39239714235815,7.62815748119893,9.28072691076236,8.4518438880897,7.41206155355256,7.84627489310468,9.03762066700259,6.70102550107479,7.82775935942335,7.68687482854334,6.35672053811876,7.11333436376046,5.93147959857299,9.48437010728535,7.88674620297071,7.40556790586684,9.67763102440883,7.25262353540353,8.58657317668755,6.72383687597946,7.56118158016325,7.48326758712773,5.86160756706653,6.84853153069248,8.28649876935113,7.74602257184634,7.05645801242222,8.16593677142925,8.20752516271543,8.58612948479242,8.05164576901167,7.18504693658579
2011-04-13,4.59302645907342,3.41733968005216,3.66830813117378,4.34701615712347,3.20583654505602,3.59194752519002,3.81989036814661,4.12283912124136,4.36496587685339,3.7193774271205,4.66248929491932,2.85566775721069,3.28136134406784,2.91374778547924,4.28322670580119,3.48310808014342,2.97548529702204,4.46205246685198,3.05061990284455,3.23355790626642,2.86415894618401,3.43049563100635,3.50764491482503,6.05954495727428,3.93770642100246,3.45001987288771,3.806112748929,3.60034184061527,2.90896554207939,2.99156894716205,4.12591176876448,3.46617807930788,3.42547952474716
2011-04-14,3.57714920613534,2.52569282692017,3.42118864776074,3.28990272613862,2.67498911476382,3.50327505569598,3.79425721573963,3.14902431892364,3.65666539053918,2.94204042465016,3.78523271428184,2.78131008889076,3.23694211899548,2.99959557129707,3.30531388947137,2.63080802371974,2.51493819779393,3.44651197519524,2.86200449622644,2.59009239483859,2.64785743899302,3.3494018502105,2.62830251112999,5.25200683353438,3.48030162920836,2.84447136179232,3.79859243431158,2.96471293514155,2.46634379064668,2.51497045431423,3.19241643952715,3.27332219816557,3.39570609781958
2011-04-15,6.34461724549774,4.36414374679778,5.29898752076025,6.25688020526134,4.45361749827585,5.39937362076187,6.00660762719892,5.82736447483009,5.17584039863917,4.88015171498671,5.92071662678573,4.32495541853412,5.1018076505822,4.69137333748538,5.92833808700667,4.55047768992859,3.94218571349903,6.16619970824063,4.49121014811763,4.39941093315332,4.0757890960983,5.30005815045652,4.5898670424889,6.85318333548194,4.64340382419244,4.72969911983392,5.98176922723942,4.62806042059365,4.01217968504219,4.10323791385638,5.66347450483877,5.25843829086313,5.31437784196151
2011-04-16,7.93059725205751,5.28350782553678,5.78889728061921,8.48369916370002,5.14717455134402,6.41420610315395,6.49033777281354,7.7783681515239,5.56837460483708,6.16132455909988,6.92378361181687,6.63569837745459,6.56378566383945,7.7487431775482,7.60548143727482,5.5451805059349,4.72892921981296,7.87436294627246,5.66100821305069,5.40199640826798,5.63307608205499,6.19513033983742,5.78052447858156,6.38262378198879,5.61123994737366,5.32710043314621,6.60608292255743,5.2881058683373,4.69166311454905,4.83202995399722,7.39816520343062,5.79554997316822,6.71359159563901
2011-04-17,8.40041961199521,5.73093242072269,6.6065303717957,8.42887430915003,5.85811753314335,7.30524694993102,7.31805885901247,7.79219300908481,5.18578096106914,6.04178400808187,6.62623887064824,7.60100165365193,7.48502094195356,9.03345263613533,7.8758455130547,6.02380066125586,4.92972958493542,8.23836168517196,6.37644761816225,5.88401636908812,6.25878810967614,7.00999602391561,6.12460358011302,5.59328304043362,6.38364873063281,6.05785021300077,7.45347709932298,5.93779474355932,5.29545454527755,5.39974206273125,7.30533138172386,6.58361418832922,7.68646292545187
2011-04-18,7.77164051114153,4.8354723381339,5.74772559416641,6.96581381170034,4.79291895242448,6.44674069364674,6.18530892053979,6.54041076366247,4.72573365751631,5.19968332422747,5.84405024619427,6.83953687395577,6.50758042470991,8.2331066112951,7.0167534495939,5.12557708017055,4.22271391724973,7.51341152979929,5.46563172684082,4.8923830167309,5.56690095455277,5.94816032301063,5.21263021689288,5.29903016153464,6.6831434509396,5.09084471960829,6.36875028824781,5.32513435853258,4.25272908319542,4.41405725442022,6.21934792692242,5.42565111068473,6.73315866526851
2011-04-19,7.58828419151174,5.41931773419972,6.14440673781704,6.68350686377911,5.75000882232128,6.36975044181091,6.77488191110112,6.37978770458246,4.84004532236696,5.21472800417109,5.75388131178931,5.61328044896025,6.18793951846136,6.16299255393926,6.89111704874953,5.70421741229474,4.6866948300853,7.37410143668402,5.56141685530929,5.62453713560216,5.11440678819443,6.26107068745071,5.70670276011162,5.38893438835394,5.53294763940024,5.8451887491654,6.77874742640614,5.47829633909353,5.28935333492196,5.34902236718422,6.03417066180089,6.26792327429789,6.38928991698783
2011-04-20,10.3683297992274,7.3926857846771,7.17040332845415,9.4270073347328,7.35837947891896,6.93888995539478,7.50939078362116,8.95908808735999,5.79292632436751,7.14582628490807,7.29986793163282,5.20488782129253,6.30659064464385,4.92741929578921,9.5378826415515,7.74044985476284,6.19594498569074,10.1430060915522,6.15981513063101,7.53665865209996,5.5054577596488,6.84163574698574,7.79638001126532,5.204656090457,7.0720156525459,7.45931908931201,7.42202177381306,6.99897705173521,6.78585719088989,6.91864611715744,8.38346441214931,7.29311162197097,6.54364527069202
2011-04-21,6.85477988596725,3.92396873843798,5.09248780253358,7.07903124385796,4.57556623675431,5.24020843181003,6.04032288443587,6.48183521883539,3.99902251373073,4.89388656067071,5.32223371814117,4.06066553138852,5.00434968064097,4.35893139313324,6.4555412017623,4.32118057862622,3.89652792489131,6.6034481852586,4.40695527120163,4.64207710717246,3.86515125771551,5.29430571631142,4.21605840667996,4.16209065645735,3.72059968106289,4.72016654290291,5.98809589046433,4.01515985144243,4.11943559301469,4.21556226567183,6.03895247517014,5.33999731648487,5.18940697976449
2011-04-22,5.46652360292788,3.7722013994244,4.3285117359172,5.71552245897342,3.70789169209742,4.29848571590378,4.58465122192246,5.30528687346366,4.67951615856303,4.49880143160341,5.33590971846562,3.18710500118659,3.81556148551217,3.20852912293119,5.24081105860395,3.92546496731642,3.50353043196288,5.36232186454306,3.53523606049199,3.84126810588282,3.24983498580225,4.05667339037194,3.98468011292995,6.00311496762148,4.9040682680803,3.90419417269665,4.57804549549565,4.09129673053917,3.39619100104836,3.49354074929729,5.18090878567167,4.11204672600218,4.02620235629337
2011-04-23,5.0158336160965,4.30373504272179,5.06762652016109,6.38836753568591,3.77376215423136,5.32469661821164,5.81524885740262,5.78974209631897,5.77477654073043,5.06361318627375,6.3540501164228,4.77890152251445,5.22924354112816,5.43406348030857,5.15582794936451,4.2309522143709,3.83923141332416,5.11540208058911,4.4679450727374,3.75526172296584,4.28009261563448,5.2015761816702,4.55331654285593,8.15456625969887,4.44838419919948,4.13372168112856,5.83523973538919,4.6227325162702,3.45154541779072,3.52308409268167,5.76875254763074,4.88989922200917,5.40253830724721
2011-04-24,6.23561023375513,4.97871100606013,6.67082048871072,8.5444581211587,4.94284114573874,7.45901856606579,7.99240140339048,7.62847599119339,6.12026500871201,6.20398047519864,7.29649686463648,7.55378692633135,7.75257432554245,9.11248171204701,6.55188116683523,5.0274540428847,4.79288000101572,6.35359106570867,6.36417875330917,4.85209747878771,6.18774715016256,7.35451268015152,5.33527409311349,7.88955905062075,5.13575242534812,5.2636741583842,8.09044595168282,5.50035195088564,4.54824500939111,4.59385679728646,7.3573546290529,6.67797387141371,7.94129604237128
2011-04-25,5.20978441113272,3.68631646595974,5.15713821996191,8.29415003871224,3.84658628730583,5.81768653294099,6.14862879964956,7.22221918716219,4.99926917348233,5.55007714587158,6.41565284221502,6.09051300730243,6.1094565035096,7.43183684293919,5.78748519003824,3.79926561295279,3.81749239845451,5.28426042594659,4.97361484759341,3.96256354513541,4.90030228772712,5.70604841350537,3.90588655329958,6.23764385901559,4.03227755161787,4.13569353638796,6.24355855704402,4.17531584391203,3.48674099560808,3.54146815677822,6.86409359537227,5.13318995926583,6.25095386434144
2011-04-26,4.39590840087361,2.94346449493317,4.42144828568357,7.58613461901203,3.2313566908781,4.68792850749519,5.37749886005417,6.54585615952848,4.3961022500172,4.97541764587084,5.73483155947407,3.82682783149707,4.54244943161806,4.36156371751093,5.05309943678037,3.07737898325716,3.31445379869407,4.48198270195216,3.80082150145425,3.38785766978226,3.43692081095227,4.66201497917357,3.1513511093678,5.4710043635773,3.30743654557077,3.45391831972044,5.36772339866651,3.41698422167265,2.94876949422195,2.99382720009669,6.20905035600209,4.44443610272775,4.72490276099387
2011-04-27,4.9120107287536,3.22366483321036,6.44519223605803,6.78097092478972,4.30696585035966,6.60740372686895,8.31656784123782,6.0457915203215,4.08727122915185,4.74916034516991,5.18156020768885,4.34877440616805,6.20260614179846,4.75883611693598,5.1424873999035,3.44714121182512,4.12166315704575,4.76176007118387,5.11836456407781,3.91308674261011,4.18683062091977,6.81442771659093,3.34402255719502,4.54717769518177,3.40145965041489,4.65000035248272,8.18326706697572,4.22367158269461,3.94478118342739,3.94364358363042,5.717844047519,6.66174123895495,6.50457106503869
2011-04-28,4.5014256259676,2.96077464205433,4.71638941873099,2.90645990545001,3.56667514773882,5.04432091798586,5.65309669687489,3.03536440700057,4.06190692570684,3.12412309802936,3.92630108269406,4.38105669223689,4.96417888093319,4.9524473666156,3.79921321869846,3.17554769626511,3.3077302023114,4.21212061581351,4.23599653320142,3.23402580058292,3.95370270761415,5.01810206669366,3.11512553037997,5.60397126993164,3.67426838890919,3.75571077086514,5.66074685641452,3.56262210906419,3.33359154499038,3.38155320754032,3.14731948296495,4.74940191056391,5.12266082069692
2011-04-29,5.44268421612349,3.89439954987418,5.33198028092785,2.79113426555318,4.02438474257774,5.57567450194408,6.15556671555373,3.06300207997974,4.12393335361501,3.16555220976216,3.96749148644432,4.54871902850531,5.27579534126673,5.08668074170625,4.34630400246416,4.03884993765463,3.53455685381233,5.13965721628013,4.51837872729292,3.60501462151404,4.16674637777422,5.39723602550615,4.13945868989994,5.57543727751448,4.90477312586295,4.31099479534481,6.16588929520694,4.48554058367862,3.66673376656444,3.74535209441892,3.16753788695194,5.18637269562292,5.51715991574446
2011-04-30,6.53984097936466,5.87102458289837,7.96917311351317,3.96794068700842,4.97567229543168,8.20845928966909,9.65923651506993,4.14170458119168,4.27192401924333,3.95270431559701,4.42012711606125,6.22807646570449,7.75683655171859,7.17032408546564,5.35038932818437,5.65302894527434,4.63452783111383,6.3602549187829,6.28807674029281,4.11231321320891,5.6322129300404,8.06306284775052,6.20712932699584,4.84936661004381,6.10853018252281,5.79436661558906,9.6076763980861,6.78219009119718,4.34199003414476,4.4462867346061,4.15339776994063,7.59131857584614,8.15701164798131
2011-05-01,7.54978165111227,6.33925025479199,9.10010656028904,2.82486379746534,5.31594877285792,10.0812483364413,11.227207535345,3.2687562055983,4.18636043429586,3.20704349600038,4.15956004840635,9.54378068081717,10.2546621903526,12.1224363964669,5.51857005908533,6.12101423944391,4.34475059020729,7.15790760557252,7.75543780675996,4.01588535437832,7.38167207318125,9.73814251956815,6.73925290295732,5.66166362256924,6.80551833179655,6.39037188989538,11.344859312371,7.54732320171512,4.37036472133426,4.50365747244379,3.33629822627027,8.59512442836591,10.6950027850499
2011-05-02,6.37199591359713,5.21660171578389,7.40898469130343,3.18920284140508,4.92183564104036,8.36501850916671,9.04986644908912,3.51193962513271,4.90173095886478,3.67688128407428,4.68247779991835,8.52365605283749,8.73266493675488,10.5413785665663,5.02159921239956,5.18933719283189,4.38297360046838,6.11035276773174,6.92066205381112,4.10226885836632,6.78821621186438,8.19138660231613,5.58778473471149,6.74511819656691,5.57398111437465,5.49451137453508,9.17727044432902,6.0267713942631,4.3902382675801,4.47217065741287,3.66312814854721,7.2475374524537,8.97618662717138
2011-05-03,6.23345664388806,4.40123688862029,6.56118024878059,3.0548743973665,4.36887391246006,7.18821471100297,7.89275669663723,3.30022358812082,3.95696234641752,3.15441617914245,4.00845451760224,6.55438574626328,7.14249905108109,8.01244282954544,4.83460239488229,4.49860474047384,3.66231599450945,5.85151400794781,5.6617843328383,3.6746558639741,5.34471147925142,6.92582242894047,4.69578858518377,5.34721022441367,5.47102376043738,4.91609492274922,7.96877670294621,5.30151102332622,3.78241813866105,3.88436274894945,3.33280978070292,6.30869116196753,7.45404255334997
2011-05-04,5.21713384579907,4.25485190291743,6.88631267175103,3.13919479059162,4.18606324987112,7.55371856383135,8.63423153261872,3.26614882867266,3.83953265499928,3.16922026941546,3.87346769576956,6.82110964712275,7.62809921496381,8.38612366668886,4.2335247728142,4.21171602825666,3.77310283486108,4.96995495385499,5.95608143898827,3.34663299875161,5.55604603292665,7.46292716540446,4.49669628377427,5.04008763758848,4.66335148584701,4.80578800723868,8.67399935420144,5.26929261426759,3.67023500172886,3.72535761781427,3.31350338412207,6.7220144055784,7.92087238615055
2011-05-05,5.49938080760277,4.0529184524772,5.91630107333781,2.82530083517956,4.21474754780027,6.22765371448869,6.89004714748162,3.07861047559614,4.06532638986397,3.11342124710325,3.95233091490992,4.91061192855959,5.81428739945223,5.60655356204616,4.36712982913004,4.17997127216105,3.58295162686975,5.21599487682551,4.866216909212,3.66169623445836,4.39329393278089,5.96009884258527,4.33767501864047,5.58378298010525,5.57361529361846,4.52319215917755,6.91048124806344,4.88664806107438,3.81495397880319,3.87527962269292,3.15378430443134,5.70302254208703,6.13662185566188
2011-05-06,4.17118883934166,2.77213455076905,4.39197322602348,3.55195026122942,3.14151402696831,4.44332238972317,5.56872464846899,3.42301393547717,3.38245125713316,3.05858438622694,3.66284114146844,3.00713926190962,4.18952034356989,3.1917201140561,3.72302877411328,2.91015565326173,2.94628979907509,3.96102296546544,3.5406518064726,2.83491338407033,2.99703411228676,4.59892747778664,2.92410192305597,4.37715496842903,2.42684402644353,3.44126675094098,5.47398635906148,3.17647271957141,2.83666184288452,2.88988629720498,3.3909246288829,4.52040408998423,4.36363830824491
2011-05-07,7.99442628783398,7.4499712003199,6.6742277305555,4.38163237100972,5.26677848572287,6.23991856228646,7.1819722910746,4.48802260187674,3.48842446088028,3.57490934950761,4.18153534357071,3.99845107560678,5.44386971109002,4.29328729864179,6.30303846641825,7.08311215477529,3.68155237815022,7.84217663883147,4.64770379264483,4.57386869877085,3.86256237671071,5.93415467408852,7.75954610519563,4.00919088110367,6.28665899205439,6.12487024726301,7.06727266005719,7.24419561769924,4.26943791566225,4.41440795223057,4.22200412447944,6.14978840907568,5.86055141833755
2011-05-08,7.64590702557627,6.05868408260321,8.85944672643499,4.33574477023705,5.91901563299892,9.06955923313037,10.9258965766806,4.53326376022769,4.06907896161086,4.02156105766557,4.44517548388379,6.39166147968273,8.47717828716561,7.2726253856066,6.11536722601446,6.06507100055891,4.93202898686368,7.28409037064228,6.8944471476959,4.87368467772792,5.84766174475992,9.03490590213992,6.41432426198729,4.42269565277666,6.11232817068919,6.6418936291013,10.8161644804764,7.02212998187795,5.16881040067622,5.2469643543315,4.38472502766929,8.74480222260392,8.94675858366565
2011-05-09,5.92910398463949,4.02822044488832,7.29495826969328,3.15503498604344,4.62733780751882,7.87757771018283,9.278488735523,3.37547058456447,4.25998172405777,3.33588574372938,4.21842483581035,6.44483350009175,7.74157831748205,7.70771131120163,4.68315437582245,4.20063681958396,4.05877940039219,5.50791538247615,6.13696549987493,3.75643414144743,5.49222428147093,7.86550237215491,4.29504259808254,5.80889842373705,4.70024325120173,5.159741150361,9.26613167348839,5.16932463991296,4.10446775036678,4.1659754546664,3.44443879106934,7.28857159588953,8.07735080163956
2011-05-10,4.54207795942067,3.0688796413725,5.69771648058422,2.09935560087092,3.66098787735257,5.89572892385804,7.40667009217731,2.35741094431392,3.23299553236511,2.45834511328662,3.08857759760608,4.08980124962203,5.62079097332869,4.62069541252572,3.50259633164053,3.21345201215258,3.21422623058454,4.16221384424825,4.5397480999054,2.90973413112416,3.81201850309218,6.06240763477447,3.22876467123859,4.36108030323157,2.94664972040423,4.09398769390121,7.304614601282,3.86509343447301,3.25859807428448,3.30037879788006,2.44091899868918,5.81955763450009,5.88110908351389
2011-05-11,3.61228243479225,3.26584954581744,6.17440595526653,4.40554475658322,3.27556901350667,6.25653771355327,8.13862851717621,3.97263130060812,3.53558839388615,3.3269683796915,4.06047593774725,3.58779321470056,5.67817091676009,4.05818304392457,3.55111809037221,3.14508092233014,3.19151003274768,3.612176258609,4.41561624288862,2.57261452513457,3.43537721978368,6.35899298811543,3.47637280389623,4.80022529022652,3.30503515323608,3.85886261169722,7.99470683817349,4.33180634848071,2.85244035370266,2.85560626237079,3.88570882972475,6.11106979852638,6.06302765838067
2011-05-12,3.75966344326628,2.8409772093446,5.05895885632582,2.05924526785892,3.04639951524337,5.2841405341762,6.73859020864606,2.19690992661158,3.33570140529698,2.32043312607049,3.17084781302655,3.63329823078496,5.06324043308039,4.16160358795962,2.98167168923117,2.87399022468175,2.79671268256676,3.56161077066298,4.01693479793006,2.38545816937257,3.3554629864747,5.46391340531234,3.08818424168107,4.9817926941825,2.3702397123006,3.4515447284826,6.64527162623597,3.45869151985106,2.70626746780525,2.74127424076135,2.32908499206496,5.18607778067386,5.29781077152698
2011-05-13,4.6373302025462,4.06601294493594,6.67772156852937,2.83745148646056,3.90302901629775,6.82904011327992,8.59256332774564,2.96851172612402,3.98775276825919,3.05537803588121,3.86774390018707,4.59343807449748,6.41458441381135,5.20860768133561,3.78569957678601,3.95408095869046,3.67600495472571,4.44695702430025,5.11910651904087,3.03067857463271,4.3036900895421,6.940266248584,4.29340033815525,5.5098526777606,3.80203629882667,4.55034492758944,8.47319102520422,4.98022121220131,3.43518920402691,3.47940500366228,3.09665755960768,6.60178051264453,6.7519550469976
2011-05-14,6.59417061223048,4.46496411486485,8.14309467849416,3.36722037764689,5.19676979792218,8.48132059865455,10.265080056898,3.60113446246485,4.22315613506109,3.38893251826017,4.29913316326078,5.66867133640808,7.79958809384894,6.50356062950422,5.13413956872579,4.68581946415259,4.2585504437081,6.14845662152441,6.25022431915966,4.18203154328413,5.15631171736488,8.39202273711614,4.81852879660608,5.75410054343804,5.75270447749705,5.70517298818992,10.180583787294,5.81077578695092,4.58932451235854,4.63625723860249,3.58926580881187,8.10254500550529,8.29762726453987
2011-05-15,6.98171546334003,4.57883036032561,9.35317067418168,5.03233961520257,5.87684620464948,10.0401098238243,12.1478158405618,4.98623247897667,4.64186222029894,4.38477026773515,5.08384877980876,7.97858594590629,9.91255539803954,9.55909874664256,5.88608418500294,4.84962368272369,5.11466731504121,6.44793880990882,7.80399165360762,4.73909295681223,6.79377124096195,10.1961079964512,4.76277170672604,5.65774891801399,5.00362859588152,6.54593821116611,12.0784469947081,6.1564993011748,5.2143827726051,5.24234872909723,4.85306107889661,9.5170187148886,10.3309694739761
2011-05-16,4.61764069818311,4.33999642728396,4.09515586794927,3.24682138096244,3.4153052364701,3.97832591109674,4.21342053455663,3.27457431602838,4.37570574158982,3.2319654259649,4.33320726643411,3.26490743696695,3.67769127482033,3.4954243734583,3.96524157620374,4.18485439398941,2.91014749781097,4.54400561956607,3.31565532065876,3.17586068423827,3.10904988917765,3.77057330714854,4.44619063884914,6.48884604855042,4.32843565441569,3.8017440584257,4.19883896156283,4.38952241596489,3.01601627708026,3.08904419424387,3.38241492085609,3.77074105069555,3.85082419274371
2011-05-17,4.00323828007393,3.31367111661054,2.87817711042196,2.75514086299126,3.05672525528576,3.14723940727468,2.58087331468182,2.89787835913485,3.79659630529342,3.05259876693188,3.6248976228541,4.03449083546635,3.34430800560657,4.53913083764181,3.52804148873848,3.3724770709947,2.87484586560172,3.90082944863058,3.1912303986013,3.14357368477649,3.51481634349493,2.91438350649221,3.41099011826535,4.91437594953471,3.94168945380622,3.0891812970233,2.69452471344508,3.25442869175486,2.94928484229291,3.01209151178215,3.00890059087318,2.70749286861683,3.33724189590239
2011-05-18,3.97339354771797,3.64329661194352,3.04895150830806,2.54031688701351,3.47491470516471,3.29263485395023,2.69638683185935,2.71233200781041,3.42113872152676,2.77118502096963,3.28821842681068,4.1747531632623,3.50835511797147,4.74053975801506,3.43906286022353,3.69041190363719,2.78136805038231,3.89101617344311,3.35189335277349,3.41201461815681,3.53873406271398,3.08061053737776,3.70465038088949,4.44985514531465,3.91547809247309,3.41659253525151,2.79885114928273,3.45640222327713,3.33070965703005,3.33936728066194,2.73670177581144,2.9821228787791,3.51273054861987
2011-05-19,6.64312389549896,5.75969403977723,3.5683886143622,4.40007444442493,4.23989658299991,3.14636761261826,2.85328692855159,4.44360892771342,4.46250687452617,3.95302152129981,4.80197221540667,2.66506139887777,2.73683361212939,2.40234877112314,5.62615797141447,5.65444259653033,3.27907772979101,6.55118642121621,2.95651762158669,4.36269151911106,2.8757546591793,2.85130997272849,5.95567981450217,5.77297329676396,5.09826866771042,4.5160391205026,2.83521499792521,4.9813128882098,3.73116509434827,3.87157816796701,4.36345495564552,3.23470165423619,2.84907405751827
2011-05-20,3.21620915674885,2.77134360102385,2.09659384698456,2.34256117686919,2.18552258964786,2.06959443833793,1.80372788745257,2.35847546375378,2.94857705043007,2.29993992354996,2.95411120017219,2.06917129271113,1.93053404530753,2.15263434175427,2.8169779574629,2.74377234434583,1.91586196924456,3.18978726765776,1.91627544428304,2.26031307188099,1.97909387416434,1.84994485328737,2.89436323935059,4.1732057159248,3.12055764396445,2.28729888889922,1.84190770639163,2.62858253970703,2.0061408983331,2.07015018219104,2.41472659511374,1.8792561820225,1.99391293013543
2011-05-21,5.08534292919259,3.97461873247508,3.5247025086363,3.43522364833208,3.64677902761555,3.65506929890306,3.15260168574157,3.56470376742169,4.27787287070722,3.54996149800169,4.23636113537213,3.86125055353834,3.5160097845851,4.12408749163516,4.40714688043057,4.07818369024812,3.27283995551166,4.9508970883225,3.4360862560471,3.75248708707108,3.58598394506405,3.29884129548061,4.15659460304316,5.51957510075389,5.18183971576884,3.68673902435548,3.24631021932103,3.98567445979237,3.4555614256495,3.54175059833684,3.62876448083972,3.25403153722967,3.60547079847285
2011-05-22,6.10939202783081,5.14524070402625,4.89495677500926,4.93013516340851,4.62597414175159,5.0823796056253,4.67250879354807,4.86326307272493,4.34090676266078,4.31947460807174,4.75602419646075,5.11873703048339,4.90046929978676,5.68926163509198,5.48864492880281,5.17771655913167,3.96631210385057,6.0227775961051,4.53503160249765,4.60391557954146,4.55696796367751,4.64430908420605,5.33925975541132,4.89222059435167,6.41393338687428,4.77813049806163,4.77417149918727,5.28824823983275,4.28743369237363,4.36052041573989,4.72324908825088,4.53927320593644,5.07142782200021
2011-05-23,4.78801382816385,4.22467612851867,3.03900757624791,2.82000935244376,3.15181800471772,3.12795485184375,2.61197040204517,2.99242828025926,3.92894207475061,3.03800522667836,3.83434743464284,3.55010508367137,3.08564433120192,3.91467718271157,3.99137778983984,4.1451172107945,2.74138576973082,4.7425284566703,2.957844653706,3.21270387734919,3.18243274133386,2.78792207508748,4.44948359837106,5.38007943188153,4.55422971047828,3.33151987596482,2.70329008604868,3.9287372255772,2.87336844695531,2.98067012797776,3.0935908538476,2.70279033003486,3.15176599899442
2011-05-24,4.57754365827583,3.61292580540732,2.82937095434957,2.86857461542332,2.97849104764008,2.65824675253439,2.53591101006132,2.9345461586905,3.2745330439863,2.70013770749641,3.41249527171393,2.39969002542094,2.44794031515146,2.45073903131299,3.81727934006116,3.61861590708979,2.33597791937772,4.38819425407323,2.39842637760682,2.96122381145934,2.34536243276337,2.45401597234951,3.66579903364759,4.47161802231119,3.58071224597614,3.22155659508285,2.53825228499966,3.39146017627142,2.60744721698363,2.70175562788782,2.92704463114265,2.58971017228949,2.5407841800107
2011-05-25,4.14141323239167,4.20343137644411,2.8672643678965,2.48962912415549,2.73732920248423,2.88103295134439,2.54787725181401,2.60687483840752,3.49145452029585,2.62015022983162,3.42665707077793,3.16524451303475,2.84449984670913,3.56689811246604,3.44472359466326,3.96894004126858,2.32036154510601,4.17999861633491,2.62593267242921,2.68584076775644,2.78285255264163,2.59213689084948,4.39832210443353,4.97838606624934,3.92650851078604,3.04282029586861,2.61016997300737,3.84626369670693,2.40309052328725,2.49838272511769,2.70298110194492,2.49556896233253,2.92063710537641
2011-05-26,4.66037305910729,3.53614940479253,2.68944245639829,2.74360862584474,2.76217472994621,2.9372937329503,2.19200464148918,2.89639698442329,3.65342339334006,2.90104214547702,3.61519361875595,3.75795637014013,2.98907013053916,4.32533205520505,3.87331168319974,3.56304630964644,2.52493304009036,4.52414959342003,2.79502848304355,2.92620281971641,3.19589801300909,2.50471997702831,3.73201745347781,4.88985026246144,4.6527616642387,2.93333803405537,2.33861681938051,3.46372459869216,2.50853702077874,2.63967491684128,2.99252678046227,2.27813344716795,3.04399084930924
2011-05-27,4.70665130795826,3.97644761499658,2.89099140445866,2.64123339080949,2.96425040603916,2.99056753652179,2.31911508149562,2.82107159323122,3.5121349177828,2.80569953267751,3.47829568957007,3.44521524958127,2.88671070890385,3.85546296667709,3.87108744283623,3.92306436565824,2.53012379208002,4.61496547323579,2.75774003201516,3.04098185434315,3.0269529277317,2.53753352147346,4.16675291793379,4.66742682169404,4.94219992418253,3.15784684130557,2.43517985886217,3.84218214001063,2.66788128462475,2.78288740121811,2.88925299729105,2.43791408894833,2.98121528543762
2011-05-28,3.99495562739946,4.65133140340758,3.08811355513703,2.84154195183592,2.63390927042623,3.05712715633789,2.5115382708651,2.84416952871277,3.25346965945889,2.6676437881375,3.36336595499994,3.0086276257677,2.72859011318342,3.39874120520522,3.44454186061078,4.26739387714794,2.23779798621101,4.2039741465459,2.50422752975914,2.59954793307407,2.64012001204426,2.49610155541727,4.93259016892054,4.46574748099954,5.40631239147837,2.97801876712908,2.60758435562524,4.48919383826426,2.27867398589013,2.37075593629304,2.87533305397494,2.41275480151573,2.91535555464292
2011-05-29,6.23547141654762,5.72160397493469,4.41468585014952,4.31198558492265,4.23845263392359,4.49614097846523,3.7748507055591,4.37336318310628,4.09288928186443,3.96133834355967,4.40920949635853,4.77835096073874,4.27004350150212,5.34084984136625,5.3687243140311,5.55970602507124,3.60466770442243,6.21414603846925,4.00346347645695,4.26480729177317,4.21847580682744,3.89627494376217,5.96093269281091,4.61931874581028,6.89067133319836,4.54656076813962,3.9055230363593,5.62204844664609,3.80951835015718,3.93403748266032,4.28946686090966,3.78582294893687,4.44270870599903
2011-05-30,5.20261362181418,4.7210911146225,3.7640111109631,2.58287388267639,3.48809419881986,4.00499573161216,3.24637784503758,2.82069472344394,3.64404448472902,2.77957427217528,3.59729601039345,4.59909028849571,3.93885824597473,5.46105254517955,4.13935662218294,4.59083292023545,2.67917712595577,5.10537068500536,3.49588511340258,3.34369881596248,3.739677804055,3.41587677125128,4.92266441753743,5.07698026789105,5.95278090436014,3.77567766440769,3.40399797861538,4.73675632324848,3.0603880681261,3.16117147294205,2.86989580807363,3.18640919031299,4.10264343490313
2011-05-31,4.47381159516662,4.40834714856127,3.37954399190226,2.6197607164339,2.9370803699231,3.49916474275325,2.69787039566423,2.7450144582568,3.5632843545078,2.70509975924245,3.53795185991157,3.96239263962778,3.32223153267471,4.68989724558044,3.68745063007255,4.17559022205841,2.39097124870374,4.44112898685505,2.96294400605575,2.84780127682793,3.24872830242768,2.8441663889936,4.52790689307343,5.06516022730569,5.97449673305993,3.31304459604724,2.84907247862391,4.56071374935878,2.53038586307701,2.63355416286094,2.82294965236946,2.62759992193946,3.5014269636561
2011-06-01,4.60388504114979,3.03578824200756,2.52473899082417,2.3242684694021,2.70387510213376,2.80516444179607,2.11248823789772,2.54134673997361,3.64812598760929,2.63439533737872,3.50946278243299,3.60488261968175,2.88354478162916,4.17384622381795,3.69513139377024,3.18523655927432,2.33096280521889,4.35842972228818,2.68241373456238,2.83398868956634,3.03177976441809,2.42025188583768,3.19916944482038,5.2464822218844,4.23509327146944,2.81111438714683,2.25301713875379,3.02321562570134,2.45554340717,2.57890354553778,2.66765374536937,2.21935868580899,2.93186611186394
2011-06-02,3.13487702333679,3.30205101709437,2.70346103708466,2.23229240944195,2.40815593420022,2.76204245075256,2.21036085933975,2.30732545794576,3.45556053250644,2.47859633289064,3.26073638361518,3.12686237909736,2.66323915777087,3.555783653785,2.76508850164553,3.13230436196896,2.1868742699269,3.12742409736293,2.479306516958,2.36089398338172,2.70395750689842,2.34580288495217,3.31985391191044,5.04246171062808,4.42848509752656,2.64520266273331,2.30816368577751,3.46942135281703,2.19778033016238,2.25303561300088,2.45408185830673,2.19549586705372,2.76280210370014
2011-06-03,3.84695253026916,4.31828464409638,3.02457205562109,2.35347360898204,2.63177465949039,2.99666324024176,2.44606546196791,2.4440859431826,3.34172308973146,2.43708119251965,3.28407674653302,3.00295500143548,2.70229391208414,3.41741000406193,3.20523970790003,4.00231550825973,2.12243827803719,3.95213607662044,2.47605013634851,2.53009702036875,2.59891632763991,2.45620772016771,4.50901165670173,4.93417776280074,5.21343215951647,2.95679786394943,2.53998254719365,4.25869864059943,2.27786658915843,2.35741016565953,2.53094976637639,2.38333388790268,2.88094289927732
2011-06-04,4.04720053527584,3.3117661306227,2.92715881482353,2.522026615227,2.79993509675997,3.16834318532006,2.52725453189745,2.65209109133276,3.65517745395684,2.73209954892148,3.52647615808512,3.51733315557122,3.03492110653091,3.98712806599866,3.42557844348238,3.3426862998631,2.47309667382934,3.98984218623798,2.83424028162114,2.86008940921901,3.04465936323948,2.69950651291469,3.5317643963397,5.17707277751922,4.98678928090134,2.85083411570591,2.66099402378296,3.4662903191687,2.62539626910248,2.7004640193251,2.75923218823375,2.54152341837692,3.15570306901821
2011-06-05,2.25418958689197,1.65880884050283,1.71832025978431,1.62254089522742,1.59427268780216,1.94401525370879,1.62054571512375,1.6805471076829,3.01622902774703,1.93431300969979,2.75532135113821,2.34897494134718,1.99301516190803,2.68247526806912,1.99815094959971,1.72491404788082,1.63200335700347,2.19516130222805,1.83811122815724,1.67201250247678,2.03197025775391,1.74598944419496,1.76613613820609,4.73888679156168,2.57027766361476,1.6110233063744,1.70376702207337,1.80600257319552,1.55312183420847,1.60007317799458,1.86524249632592,1.56425566740304,2.02162467861996
2011-06-06,2.52797793749389,2.21429456238601,2.10813859470867,2.19987576125939,2.14382433479776,2.31308490378406,2.03919057027266,2.21652847514965,3.95209981587039,2.53608681675251,3.61010128161203,2.8536741882287,2.47006907847832,3.18708482095043,2.38733704389248,2.2490896263624,2.11723675502514,2.50834722724287,2.33989463124149,2.20126955353466,2.5184283845777,2.21478626673994,2.28405049457999,6.27546224477391,2.50775517277651,2.1368550023786,2.10496040031542,2.20271456622859,2.11698814972009,2.14158949314425,2.44306548869226,2.05877527346398,2.45795448609939
2011-06-07,1.73076639416,1.45657663532971,1.27001095075303,1.12775308422646,1.26990586686317,1.39362117960528,1.16656260950886,1.1923622031493,2.89567886980647,1.527699650891,2.54221568750764,1.70575017750287,1.44649533760245,1.93262467713765,1.49623642167753,1.46753352363429,1.1961414131013,1.7022853260812,1.35489348357099,1.29703170586388,1.48041932106121,1.27302964442424,1.5310222956294,5.07807180211652,1.78675095027503,1.29457726351018,1.21736319215888,1.44392356063701,1.21501466628813,1.24576809407075,1.41418311469912,1.17514420043895,1.45860922910244
2011-06-08,3.02996426762718,2.88251794534332,2.28323079087186,1.98314165089419,2.32524604922051,2.36514365081152,1.95529140881591,2.08688166160208,3.28081101581861,2.2659418910375,3.06397233815657,2.66984692121217,2.32583839733772,2.94701828396236,2.61823636846441,2.82885923970631,2.02330634722632,3.0185764377222,2.23821649750212,2.3264724895014,2.3765277208834,2.10573392873447,2.98615493958488,4.91569727228825,3.43633673216314,2.39597064375245,2.02603984619616,2.81682471199109,2.18379441948443,2.22604430566267,2.22225039440046,2.04386750146347,2.38058199408218
2011-06-09,3.24342549174443,3.16039865720082,2.49768201854229,1.92575220265516,2.30421367921335,2.48477787049315,2.24466502230522,2.03389441044463,3.26154171869222,2.16968236935184,3.07639462008741,2.42599176079488,2.32025060410329,2.66340439518408,2.69850248979949,3.03623290345139,1.91884940355714,3.22993474863403,2.16516997802738,2.22425645964348,2.20064989761968,2.20593898734965,3.28291697889763,5.06769764051374,3.55230861017908,2.49935859471612,2.28978929658899,3.09745624668303,2.06228031961142,2.12117124411795,2.17036326990826,2.17887567922727,2.42367915048188
2011-06-10,3.43169483413704,3.28621412782139,2.62252317733645,2.26637203235589,2.44321135672196,2.80655325027749,2.38338463249411,2.33776770501483,3.48642169557997,2.42888663256837,3.34267187369984,3.28869674622257,2.84668012954312,3.83582204294443,2.93070860623955,3.17589963622115,2.10622912188772,3.43927173442434,2.56447164062527,2.40598929911854,2.75211390108495,2.5035693876494,3.44192133134473,5.29501137349603,3.71800311823118,2.61352599665315,2.47865868019393,3.20987354668174,2.21828872430741,2.27994676536666,2.46558408480381,2.31903847139247,2.91741949140709
2011-06-11,4.0432719105748,3.24857568478182,2.73534828141419,2.40124316577673,2.7169050405122,2.96903047680639,2.38206517289095,2.52612840550167,3.80532464969241,2.61542155706086,3.64537752559905,3.3431645055136,2.88230188012379,3.82507349852202,3.36276338466484,3.28628444856166,2.26947558160107,3.97919831552069,2.67252456944821,2.76278540460831,2.85120188728212,2.55367640495408,3.48124691221671,5.81884756508557,4.51080628640527,2.7644144153303,2.50440609145659,3.27023813996623,2.51071715732077,2.58556339175334,2.65537735173868,2.42185494812653,2.98944266877539
2011-06-12,4.59041105366972,4.11443374608376,3.47497656180438,2.75257035081041,3.2218122015497,3.48810363348437,2.92881682460243,2.89707492485996,3.99021237062722,2.93888977367258,3.87704622723972,3.43373615201863,3.16683133372146,3.78873668444304,3.82944565441294,4.03243667713976,2.6555515757228,4.49571607394901,2.98351063442757,3.15930039231012,3.07907881754742,2.95365711323314,4.23398450363425,5.77094835430692,5.69678457234877,3.44939108085839,3.02649334587832,4.28928308213361,2.89752960577292,2.980951737105,3.00071175152045,2.91567298444617,3.34653070813429
2011-06-13,3.62328547586931,3.29137238571238,2.63274725127115,1.9475551917469,2.46229760583497,2.88580682840714,2.34347180416991,2.12605568621968,3.35365308739023,2.31567157497939,3.13345353882628,3.53973654738287,2.9564976265685,4.1656244947629,2.96417637620395,3.21074745144083,2.1480927248447,3.58780709647355,2.65649979199364,2.43351133664967,2.92653162698196,2.53151450772216,3.47315391781102,4.95335415815847,4.00442310765803,2.62444257041455,2.46524664675762,3.25072765595023,2.24399246626633,2.32093473937056,2.27338277371615,2.29151467323906,3.02415121834914
2011-06-14,3.09362648781687,2.41407859141168,2.13367530115273,2.006120936182,2.13453660819456,2.26936585228819,1.80543374522433,2.10010867757242,3.09787458025559,2.22296765575855,2.94355906778073,2.50568017386182,2.1626886713182,2.75573662486484,2.65416646707883,2.46812089526896,1.94464583445997,3.02079978037081,2.08626944204997,2.22019680153125,2.24914754386985,1.949066759265,2.54716571536678,4.52369090062567,3.6350955725545,2.16261562890714,1.89450663060819,2.51696890887568,2.02097035672692,2.0815053330397,2.2190811320779,1.86745766039293,2.23682981553205
2011-06-15,2.36284200296058,1.84481087139409,1.73421954282028,1.43666145706877,1.66892554931702,1.76369671793215,1.59116607684792,1.50593746747168,1.81034690791259,1.46551170654091,1.81165381623528,1.68922938841442,1.63615151360726,1.83189646165508,1.97529504971722,1.88015270272386,1.38133085420243,2.27526262485199,1.54466682709736,1.64758005906578,1.54835793623715,1.57279207920654,1.91124413434372,2.42296380205623,2.48475364983551,1.73402668242929,1.62670156001408,1.91885558384635,1.52786982862167,1.56638361755263,1.52154741653,1.56859886194563,1.71024975925824
2011-06-16,2.57558336049859,2.34379526754943,2.18617963909115,1.82640431071685,2.03963455609517,2.34604047725579,1.99666952065855,1.89380893054443,2.80852708046938,2.02797363008651,2.64810041193663,2.69547390936835,2.3570694429996,3.0757955805323,2.27125098416237,2.32566320933146,1.85279497958698,2.53930878823531,2.17390003072397,2.01846975459371,2.3184262286704,2.10628916100012,2.41078671383663,4.07702301360526,3.11809593766246,2.11304637174865,2.07425349743362,2.4577704863529,1.92864632602241,1.9617521403838,2.00170680711115,1.96410459015595,2.41153348450003
2011-06-17,3.40739889168273,2.91394730893415,2.41771392109585,2.10017379899315,2.42982800454328,2.58500809310467,2.08127769128523,2.23538053638155,3.36445108520481,2.40662619909842,3.16304999070725,3.00949487562036,2.55988581594676,3.37302486722456,2.89557542265029,2.91527862687865,2.18014727717282,3.35545700725993,2.43237980581637,2.47704241348894,2.63837686250214,2.26945367927522,3.06005614434659,4.86990918698003,3.83810471735297,2.49031399607635,2.17938504612867,2.91625908598881,2.28867868889299,2.35103197626911,2.36943691243255,2.14606140721514,2.62040731798425
2011-06-18,3.52892416833933,3.33351415283498,3.17238591881473,1.59369054015481,2.73405214116459,3.16163647444855,2.89406904159898,1.78501686637509,3.53294514900773,1.98923940808759,3.22914179053342,2.64000673436141,2.75178143318539,2.96220939022349,2.75094750967741,3.26087433991737,1.89841884062174,3.44042805268731,2.47803523864279,2.45747069647909,2.31882812479223,2.70586291969638,3.44251137883418,6.06629096471039,4.76340573432029,2.90211199486415,2.95106761231429,3.61562409852459,2.41545909183993,2.44417250473745,1.93970994706486,2.74205347212916,2.97705050175369
2011-06-19,6.05835643786844,5.53677840104006,5.24360398842054,3.73420240058857,4.54551459899873,5.49159986253404,4.89360542546136,3.92458017689885,6.32342917061443,4.20173384733208,5.94494514115477,5.49529912798131,5.18273212288485,6.26760164411878,5.08965458071069,5.44130052455264,3.82674656229122,5.98414754503294,4.67345218591456,4.34995720540053,4.75702502924042,4.82490823772965,5.78745108775619,9.84509455000003,7.65184569710962,4.79923409031157,5.04369538972585,5.90731226945455,4.15930949971648,4.24340219588302,4.18286014963395,4.60784198571271,5.43504833299142
2011-06-20,3.21427666112356,2.34254654071466,1.82418551699204,2.2537903488432,2.14264279471784,1.96480613990856,1.49770841458846,2.31006587335135,4.19824549827345,2.57796304701101,3.88274700146621,2.42024600424916,1.98254838275842,2.61590545233433,2.81254519979068,2.44369563141826,1.97123540037387,3.13865547856994,1.99188011560476,2.32333151993671,2.19922059081295,1.74836097493005,2.4880364431831,6.90569609170043,3.00417753930181,2.11322252316678,1.57797268649612,2.21645815097054,2.05445375079726,2.12088251393241,2.54420807419065,1.69531745096905,1.99572907561852
2011-06-21,4.23743802417016,3.59267217906186,2.69821884715817,3.22687356173531,2.9086222255965,2.74927886608657,2.41698318820803,3.2485833334165,4.0976375006073,3.23445614127046,4.06288945072915,3.02717981812193,2.72469147436252,3.18433485105081,3.77943854216735,3.58258606790803,2.72107835926174,4.21930231527863,2.70287048578312,3.06664489519272,2.86595335838846,2.55417209670384,3.78424493789497,5.66883173918074,3.6814632742788,2.99821734749299,2.47267010246932,3.29658264066849,2.73507680446134,2.82224237468188,3.34866336791594,2.52527364015607,2.75089732499577
2011-06-22,3.26950873817029,3.12328836445717,2.38084732661635,2.02253082199097,2.29038209643726,2.55232625912299,2.02110215781889,2.10919643190758,3.00613720332986,2.14352264690894,2.91232208252508,2.95150875309273,2.50277540506468,3.43421450328727,2.74593376405,3.02974443941474,1.87922552523433,3.29610534199408,2.28778387724341,2.27790971176203,2.4598340818812,2.17878919224092,3.3123896221891,4.49538324534794,3.91454657247687,2.39792287377194,2.12673468887424,3.0641492577874,2.08354371656246,2.13957795870466,2.1934980298413,2.04540806806456,2.5964079767201
2011-06-23,3.63193012193661,3.11150342725088,2.45031876845572,2.24667673859937,2.44860165481905,2.64371442687145,2.10544696556638,2.37353709634708,3.05118519092302,2.4250216121214,2.97251478249963,3.20502895162869,2.6690610968668,3.64906623536425,3.07519816604714,3.08567160488201,2.22001930662729,3.58739733259779,2.50080059325684,2.5157048919929,2.76130376579917,2.31812276564017,3.28047174690191,4.04800135716132,3.88337593253051,2.55556311654401,2.21356641356087,3.04699943504024,2.27412413428079,2.35316128993414,2.45307645603234,2.15112594408272,2.72138524816753
2011-06-24,3.52281064125024,3.03015782453663,2.49278654697764,2.58478730299792,2.40258704806126,2.51384200813561,2.19711199205388,2.61658209726899,3.69577999945978,2.6884186428735,3.58248613612214,2.46411438410047,2.31455274908707,2.58822615876378,3.10248749211593,3.00055367060261,2.23936811469053,3.50610753158638,2.25806689642017,2.49003687446891,2.35062201070938,2.21469787993263,3.19541026751403,5.4536569942982,3.86482167404123,2.51473324684795,2.25546073605879,3.02203742653398,2.2359367813957,2.31033442739294,2.75016894802373,2.19103929832823,2.40674924060794
2011-06-25,4.31590727612967,4.45215241197024,3.23867759764288,2.65237119534024,2.71639210270792,3.23259380019516,2.65925511326276,2.7527772398736,3.27525485946542,2.66833720376033,3.31331421085379,3.04992594487864,2.81241721681988,3.3918265677009,3.59791758648991,4.17257087352383,2.3719107207152,4.41967666928137,2.60034832383735,2.70033444670982,2.74160788737625,2.60936826490426,4.74120829307058,4.36503978893585,5.88818635352211,3.03924625041297,2.76717257183505,4.48351489867887,2.37409240262001,2.48501381864361,2.80911301778879,2.5207975242799,3.02543331097776
2011-06-26,4.81221528193064,4.79285130586362,3.64157574554914,3.59181755917234,2.98128048532614,4.03897069506222,3.10375031896445,3.55890636106099,3.71855293070697,3.2735389741907,3.94109350909198,4.9386197191978,4.02148107652454,6.00025261331397,4.19667075906679,4.51345327454888,2.74137997944549,4.94943591372974,3.46779336568994,3.0368273123009,3.92440812119714,3.32613010297961,5.12837990193784,4.77950990097429,6.41932441672271,3.33529774277696,3.31901689081927,4.87691159832124,2.61865679076479,2.74577027391305,3.57229972691972,2.87652447953842,4.18958095883845
2011-06-27,4.93975735967999,3.6153899233005,3.56380948112634,3.14906916292913,3.36982527940462,3.8732982427908,3.23152820958241,3.28570539637891,3.93937181900783,3.24629054473612,3.92299998497215,4.24461136998383,3.74844083511885,4.81047378691745,4.19314469665768,3.74785447724448,3.01840808591993,4.77527195535788,3.46792350085722,3.44366394922531,3.69010886179246,3.37722231095043,3.82909760513183,5.12873095925849,5.64441291277421,3.4353925969502,3.37934308979435,3.90438977803241,3.15850227644669,3.25329953010636,3.344484287106,3.17338725286362,3.88299122027682
2011-06-28,2.39485880325076,2.01833033104365,1.65801300051287,1.4264813642732,1.69632542116436,1.95514394631049,1.44094419798709,1.55069185326551,2.88148678553557,1.83459191341886,2.59093994118711,2.79904191847542,2.15260904146158,3.31668095094997,2.03534366966167,2.03027886864163,1.6207080510287,2.36403588636413,1.96689209509659,1.76070117332265,2.2773724545833,1.7352583155864,2.14403239441184,4.46383756729443,2.6272692170063,1.71628582588765,1.55387732151387,1.99142014274717,1.63321055031751,1.68185437758617,1.72762643706441,1.49393071778043,2.14905006203516
2011-06-29,1.81897430276288,1.46230918121946,1.32898266262271,1.16534397426771,1.33463809971498,1.44085179557965,1.15210992115485,1.23065998644552,2.51891866633893,1.46109896099982,2.264470530214,1.67923740355221,1.42667851384679,1.88851632281989,1.56214255027926,1.49457934716391,1.19960533952672,1.77344802536126,1.35327141554676,1.36418242064798,1.4634708445932,1.26247425765936,1.52969200636691,4.2196762867591,2.13162078751794,1.34395961291985,1.20992872415281,1.5241509242469,1.27238878461588,1.30162329960864,1.39031162831363,1.18996287519422,1.46191677255837
2011-06-30,7.77089656681958,5.69829720111319,4.44645928099493,6.34248549928017,5.23117732233613,4.47038115369213,3.8460484659573,6.11565709577835,4.82100899991159,4.9994168201512,5.68233367367289,4.45152995365265,4.19248889423437,4.68169055960857,6.93081328813826,5.92341154789539,4.03665233914074,7.62405533954444,4.17815188811717,5.50733721930392,4.13336364821554,4.03404734390968,6.005176779293,5.62505478587317,6.44883796632413,5.21038890639655,3.92934529088595,5.25334619163546,4.78267188896237,4.89555027872013,5.79952008233929,4.26123936924486,4.33971040443785
2011-07-01,3.26910162469612,2.77718759383952,2.2516826084206,2.88139360561765,2.17380553081485,2.41758304856384,1.94004269798036,2.82505160407229,3.16329678452307,2.72724827307268,3.23620859918844,2.75617783242987,2.34674229631322,3.02620838087479,3.04290214972271,2.75874723034289,2.23833849550837,3.31502227575553,2.2592550084598,2.37752647909453,2.49794109877254,2.09643659946176,2.98486292540878,4.07589815049085,3.80594584480268,2.23441430363296,2.03832007434055,2.78419118614021,2.08029435539164,2.15778075952969,2.87902512345785,1.9531802594521,2.40623114396691
2011-07-02,4.31936893475493,4.24464013327859,3.06910778166082,4.05707149953382,2.78238327722345,3.01648659787951,2.67901150207169,3.85124217458513,3.70693620146216,3.40742236133507,4.06922935040863,2.97031097216191,2.78914474982267,3.22013233840394,4.02929923851326,4.01681534016536,2.6134783556919,4.43796410031457,2.62948952898816,2.91198618212739,2.7528836879804,2.63620743955927,4.44720331580946,4.77569946362081,4.62610531043765,3.10157456894389,2.73951650265752,4.07083114003988,2.46236076386711,2.56801764403558,3.82122090686433,2.57976951577628,2.91334269715779
2011-07-03,4.28889236211773,4.16961439043097,3.21513911120368,4.57205929283222,2.91180983244354,3.48511796499998,2.81556624087025,4.27232249389091,4.16271096722024,3.79334573037589,4.55237472794353,4.31149927542038,3.57318901498255,5.07141932010731,4.18605375570898,3.98147526472544,2.83642431796597,4.43185546041324,3.21083200520787,3.09932852264441,3.57507423092173,3.04317452517661,4.36624339293315,5.46654995233503,4.93523303889734,3.1698764312409,2.96191608821034,4.11397424106984,2.6472461989674,2.74032401887034,4.24797239162596,2.72908398592839,3.65223835718885
2011-07-04,3.90667168155436,2.84495778342005,2.60640016550321,2.65463715038489,2.48862584933841,3.02818891775991,2.25493307413075,2.70739234976932,3.8508953284385,2.75190977339882,3.75031307258684,3.90251246333778,3.11092490854721,4.65902023965031,3.35373277575647,2.9322864777519,2.26655571884381,3.81643799885369,2.78430316260582,2.62212949706732,3.15025679897305,2.56307460053947,3.05618053153977,5.78343304681043,4.56415304669762,2.54217286631443,2.43080712214741,3.03086766666502,2.31835237155877,2.40670064633803,2.84030685678489,2.24693597812756,3.19056988760549
2011-07-05,3.11289332701749,2.60364179763028,2.9764962633522,2.94860723761946,2.72969104671713,3.02318710613538,2.91266793898566,3.02479437749144,4.23195882875544,3.44299134928683,3.88788182993995,2.98313680479284,2.91316264770807,2.87185961033982,3.0923231841844,2.67587217610459,3.26718053626921,3.04536662960753,2.97620670102587,2.88564891173083,3.14003784533725,2.90778232605317,2.63381739625005,5.24668798285478,3.73861807208969,2.75506207132036,2.94570672481957,2.91672688273994,2.81954483535136,2.8709013800012,3.25143177848608,2.80659454293682,2.92522740177791
2011-07-06,3.41050605315957,2.98581551312175,2.41527834502003,2.84254296138828,2.34859424163544,2.40692965782585,2.17091811481292,2.77765443260353,3.19024066020235,2.61355356289948,3.29129132452605,2.39863193334585,2.27209007433217,2.56485701644137,3.08910220608714,2.93514742486907,2.11712682227533,3.39609386972191,2.17898331000554,2.41782685493115,2.24125792657707,2.17007925388669,3.09626327270809,4.43347337130206,3.39092053861457,2.50388713878658,2.21269653753295,2.91407956064824,2.14054395943497,2.20756617319164,2.81218068547585,2.15563910528605,2.34939261731887
2011-07-07,3.23414507502818,3.56241287852503,2.60746157402687,2.9672261544641,2.12593254549102,2.77572646070422,2.27043239380382,2.82998084212229,3.17547004854122,2.61097996163604,3.33556742909899,3.20942449123173,2.72886187003713,3.82390289702411,2.99258942706264,3.29274767372496,2.00008008068473,3.40193311730567,2.38552369664892,2.16538842317809,2.63104062722652,2.34583230609174,3.77179866491863,4.49306002707216,4.22653566800278,2.4128016644977,2.38536840947871,3.52816922257833,1.86487318062645,1.94307969940026,2.87009505133162,2.09523966262113,2.84176774738399
2011-07-08,3.77258714837736,3.32738550804453,2.51987328170281,3.20019434098003,2.56054688150514,2.79147799556405,2.22466464762637,3.13721787646903,3.56287503395917,2.98962298912618,3.65949781061642,3.75608101516444,3.01832104408693,4.38986736828018,3.45360402409005,3.26706877289298,2.42965320167125,3.7834555398881,2.76751410532869,2.70402890553067,3.12546997996886,2.52829764159039,3.47577330668067,4.77871097740065,3.58162373140301,2.70760621242394,2.34479174715795,3.14155143838284,2.37134989237336,2.45331416033192,3.18571755098955,2.2664681549999,3.02148703366124
2011-07-09,3.15438796640056,2.38365053950774,2.55758208571511,3.12713029958867,2.53529517703755,2.76195342678316,2.34161427954033,3.00324894922232,3.4987419547839,2.85692874319053,3.57061080970557,3.01583248316834,2.70142532693188,3.34596662996184,3.047450545526,2.50918384089259,2.3374078371064,3.10106798920536,2.56550403083706,2.65133802116186,2.66962539799308,2.47847352702053,2.4645995146226,4.90558843271989,3.77824468213608,2.48727578724474,2.43156915563474,2.63035824670898,2.46190508300615,2.48809030077249,3.03595348228388,2.38207759290799,2.77618535752435
2011-07-10,3.35646833662816,2.61586781063501,2.66900724073139,2.68566620100415,3.07713728259272,3.26967590898574,2.41309850955271,2.69260705040632,3.50375662804636,2.6270926763854,3.44561800012551,4.60851497802721,3.63184138869795,5.56954040311119,3.05605764957754,2.82961860535733,2.36437593616737,3.30647186235419,3.29301311375751,3.09992308984599,3.55768076586631,2.96482611420385,2.76134306185397,5.19911327050495,3.8549323680732,2.80106133637494,2.59677496127296,2.68210178715981,3.0365490111001,3.01145279813901,2.70324077530533,2.69343256247938,3.64563353105251
2011-07-11,4.21851849050478,3.12384415934609,2.70879650013648,3.14773755709895,3.0830588747327,2.66347226678226,2.48746859234969,3.15140580430585,4.05297271736102,3.0538324379976,4.04609304463994,2.44291874715349,2.47485768814391,2.39692524508256,3.7201943622602,3.27143433056376,2.54963805981294,4.09165515676364,2.53111038200295,3.17627914303318,2.45327438695905,2.50768524913541,3.25131889129826,5.97840237747585,3.48401421198746,3.05357891432021,2.50303062985536,2.95172430044176,2.90114127741422,2.95341211687859,3.20998275521326,2.66730779770218,2.54248497106772
2011-07-12,3.76092615645838,2.94604234623474,2.44700137081268,2.83508643232825,2.52300972957565,2.57212684259207,2.15415085423521,2.82749001295552,3.80211748190516,2.79450831074747,3.76597970037246,2.89187237945068,2.53301663687415,3.2079083056313,3.31819317410839,2.98756958422614,2.24062950792446,3.68881279009321,2.41149655969501,2.63652808997248,2.57038621252417,2.29368032193669,3.08570917525836,5.68416569690733,3.66242825414178,2.60668090726703,2.23493752744453,2.89241435312578,2.3330386354193,2.40800781378007,2.93015407446294,2.21490571301614,2.59365343623816
2011-07-13,3.80022387528853,4.11160447589253,3.11793650602569,2.88623711291799,2.90770384325081,2.90181169443582,2.55799734266834,2.90940136614565,3.35350912903767,2.83170990634026,3.38632676422246,3.01601048632458,2.75938481263207,3.26794723121439,3.38413895613832,3.84673167203018,2.50412619311738,3.73132177861795,2.64439025065073,2.79067299276769,2.77010677038661,2.57903535136043,3.97365366739119,4.35182425942672,4.32080021309584,3.34021780295621,2.58927616877089,4.09686238753683,2.5442860814413,2.61332507471581,2.95261983660354,2.57347912295949,2.85051732962509
2011-07-14,4.80585946374457,7.27358949225927,5.06141079973549,5.16689291868644,4.4697083425121,4.33525120046776,3.93187852071818,4.84537900421857,4.23969834818918,4.17661032420374,4.75807567740871,4.2929543654712,4.05881537392306,4.75369954669911,4.72480078816826,6.4232764029392,3.42180453479478,4.89224165582704,3.80305851971197,3.99664898956122,3.81467475439376,3.83216587700064,6.70051520477107,5.18412622036449,6.45996246086504,5.48472761578935,3.90931852247125,7.19028251842144,3.68296386697488,3.71366658871686,4.69327480019142,3.95937251484198,4.24571619478992
2011-07-15,3.82973582577475,6.79427455509328,4.95657072510838,3.78930980959604,3.74153140015232,4.71207627660848,3.7344321208134,3.64087433197315,4.90661777011813,3.62998612224001,4.84224256173176,6.16325195761883,4.92726033184955,7.66091543662439,3.68417587688194,5.80774288043846,2.96558171874318,3.87018728213519,4.16309155538638,3.1109617128478,4.69391061089443,3.97728199911144,6.0919418775222,7.3813599006707,6.94114393077397,4.96035690329734,3.8699637364494,7.1725381718635,2.94347890585838,2.98398633823664,3.78741660996355,3.51920238732158,5.0795794227668
2011-07-16,9.00126486069135,11.8080028395366,8.97630862001972,9.73446187368117,8.55566766267112,7.91151079055558,7.83421330768704,9.3937124697508,9.38316062616768,8.96728206276022,9.73013302388764,7.96179632608246,7.8019838088165,8.05698458417587,9.08444027762605,10.8032716258887,7.95385481872454,9.03748462507629,7.76646367417527,8.15022959212182,7.88125937038691,7.70542924709175,11.0036185298344,10.7634667211402,9.21568336728466,9.84543859955775,7.7165479855957,11.3617556777672,7.72992050540009,7.80487806370553,9.38940690715303,7.90445928661868,7.85339017588505
2011-07-17,7.11692522993334,9.18545573137932,6.25518182306018,6.47651718321614,5.89407620355744,5.62728364706887,5.02577176997986,6.20350529486849,6.08013585920811,5.48560742677277,6.60340277639157,6.71555916847381,5.84950115350239,7.80741611726687,6.59792729732029,8.26855930200233,4.46919352652473,7.00935893565546,5.31529749925117,5.34193231192859,5.60677994538863,5.17820323010848,8.45445399467236,7.99872674099528,6.99589213043734,7.2193558743369,5.04026995540607,8.73492358948319,4.81208273103092,4.9055642846821,6.09600064370537,5.1044181742764,5.9409563194279
2011-07-18,10.520368953197,10.4548605323854,7.38118866152776,9.85791435083096,8.89879719979525,6.98687856369648,7.17725114577082,9.69493279338215,8.54433002127897,8.97884271965428,9.14693165136953,8.41948941277376,7.84792092108218,8.53544753946592,10.0988811525323,10.1949172157076,8.22056007603662,10.4196140403835,7.99285045693418,9.0166851865976,8.23765498206176,7.58791691916738,10.2462407185286,8.46661375277716,4.618670099283,9.37134379985724,7.05783826283511,8.56716073874805,8.39992021368628,8.51013097063887,9.49531183761482,7.75974471207393,7.52161215874328
2011-07-19,4.10481921077306,3.84616748765223,2.59725160842078,3.65824151189378,2.80735111002284,2.43476901275868,2.28885986297835,3.51324952412135,3.75891970972109,3.19549538509129,3.98785467763889,2.6806013499899,2.47502654812498,2.83735704460045,3.78241024266547,3.69520096786263,2.45126993142563,4.07191639561118,2.42244265572087,2.87988938979864,2.52184269324734,2.34468445989968,3.84379948819178,5.16859043248916,2.86173230518298,3.1227672177256,2.28958398922556,3.38837562714595,2.47210677355084,2.55845841122261,3.5187416391596,2.3852400192944,2.48098454153215
2011-07-20,3.92635132157721,4.03317042880715,2.81576762651501,4.41045327692973,2.82655022673854,2.56581799809351,2.51414917193259,4.0630926935216,3.85345337326709,3.50362566780749,4.29756005648832,2.67803940148307,2.57246586615234,2.85312744438647,3.88389220094752,3.786749091563,2.49974255374979,3.9490533003594,2.46554301932996,2.87456084017208,2.51283150926735,2.47647922140042,3.93690472304413,5.23568154661858,2.90445840475657,3.25380975380827,2.49494365613687,3.6523750782423,2.4380030858927,2.51211156934215,4.00553609308001,2.52344163879077,2.59858650092209
2011-07-21,4.29555701580685,4.50307536847187,3.13195865210366,4.65691225863688,2.85513847840612,2.92498679449582,2.92404115155418,4.28654996578576,4.08229129241638,3.67657541326966,4.57526399094621,2.913594395495,2.87441127689179,3.18508838563461,4.16814104700492,4.17231415578637,2.59580553440359,4.39503112922933,2.64307722043693,2.89691877008687,2.68885228286619,2.77194670888082,4.53605643428033,5.61943224993829,3.36034252891304,3.36706505115331,2.91608188711551,4.09409077845504,2.41026934382377,2.51091206168306,4.239213078209,2.74888850805793,2.94115435639215
2011-07-22,3.76582576129741,3.81163293817974,2.55315237581082,4.10237780784062,2.4225706274939,2.66305666908836,2.38385831166515,3.77007416895365,3.42671895990707,3.18802148415223,3.90278960619036,3.33850165277043,2.86352580112875,3.94300747482083,3.66023128738423,3.56999358700886,2.23122338032783,3.90478311504037,2.53291995644814,2.54053580682047,2.76221521083299,2.4870819839549,3.95680302106016,4.60545156426856,2.94862298958653,2.75849057127725,2.44962017784627,3.38345775270149,2.09139946399669,2.18016692633355,3.70397823818297,2.28152536094232,2.88132015240798
2011-07-23,4.19438271952183,3.64629724063103,2.51415501521426,5.21740504996731,2.74610641611252,2.85586598358349,2.2074580974953,4.74501481636734,3.63282020513607,3.91385642473753,4.35294459367526,4.4945939657437,3.40351305874339,5.40644413803275,4.31587539228476,3.55544191680733,2.71617123474147,4.25820333753258,3.05855455016785,3.07287637835474,3.57950969089301,2.68751786570616,3.70574507704087,4.17194043847142,3.02777522131996,2.98954336975232,2.34156278519862,3.23875726841311,2.48491495103685,2.58172627197348,4.58496326622752,2.31563541142121,3.32313234991033
2011-07-24,6.96985624137637,5.33987589771622,4.03834080108994,4.40543387700798,4.79148046573324,4.16635356370942,3.91005769851299,4.5400465083363,4.83076495044525,4.19941547932802,5.03742453240186,5.53928855383362,4.78397149744714,6.33198975947099,5.86064535400933,5.42385568392469,3.79698460107762,6.57849026531765,4.44747652216394,4.74434769417429,4.71949156994317,4.24643453796988,5.27833052183829,6.1684019697474,3.15302211906129,5.13580865433108,3.95208403567508,4.5286668430588,4.25815775923071,4.38517582270551,4.49836469822344,4.1183839831432,4.67192529993978
2011-07-25,5.75488825145384,6.57559321696318,6.24609065753276,6.59810078044138,5.36830839747628,6.54116235580541,6.49791037843791,6.29068156094042,6.98818894189843,6.11619686494456,7.10581170684484,7.58630325610794,7.03806713688476,8.70004950676279,5.88933358029276,6.20973620677042,5.38844943972454,5.87817206416552,6.29245315802263,5.18102480602977,6.56716659380758,6.47330589014177,6.51651848487841,8.97185345490584,5.49093425087954,5.88077387289486,6.57175976056917,6.55393983614053,5.0551419791636,5.09419710163813,6.39186278363324,5.95740310608319,7.03413099179537
2011-07-26,3.80918898319839,2.99717593800116,2.45716050752947,4.11565654094315,2.54241526264065,2.66837221869681,2.46880035018309,3.8206264053248,3.63650352793469,3.32777446515132,4.03238623657849,3.33353807545457,2.91952705788086,3.82373428104863,3.72112158343234,3.01467015831056,2.44325287441994,3.81323034205298,2.66459885450244,2.74506450766599,2.86121418759912,2.60311978883916,3.13488269068933,4.84240139071777,2.50029489707469,2.67814549006427,2.53000319389956,2.70640927389599,2.34003941434711,2.41725777133567,3.77570537393325,2.41915360363795,2.8993046434075
2011-07-27,2.64743869739146,2.13236897342437,1.70370323014178,3.25447376525621,1.83615400346997,1.69954775890245,1.63665853127032,2.95118297022235,3.08788316597757,2.56366682607405,3.37472159398043,1.72713871736821,1.68370100854565,1.81309085457092,2.70020555944271,2.14611138063508,1.6904233581816,2.68171976432062,1.63608090925674,2.00695366051457,1.63773135046193,1.64155266959208,2.21824286770513,4.61886248736098,1.89526997128318,1.90091449014316,1.64644430438101,1.93079511543601,1.69093801902079,1.73320741200356,2.93882246569475,1.6683639846496,1.70499780883487
2011-07-28,4.29345470743104,3.02471335688762,2.61660098633552,4.53307474202792,3.03136223852427,2.67411166354501,2.59201070711688,4.27721371977981,4.02703218219175,3.82162131439874,4.39722741656074,2.94596540525051,2.78036364653955,2.99600908843269,4.21230607575517,3.1834470037363,2.98267768934298,4.22056860834674,2.79811068301316,3.33249491099992,2.89034811602926,2.69792147037413,3.13833401986717,4.98099975623794,2.60412232141094,3.03862907741894,2.60689210105586,2.70191580110364,2.91173052804354,2.98706333886305,4.22582753185969,2.7103119203827,2.74231765865984
2011-07-29,10.6491159583385,8.89305308810714,7.11370888777846,10.0672379762327,9.06495527101658,6.89656005684628,6.54948841834389,9.69871567143105,7.5589893512887,8.23662425065231,8.66576652894925,6.75508138756554,6.76831191330865,6.50164567456265,10.1247791582861,9.23046136324717,7.25575245670704,10.5626444947531,7.14956873590108,9.34441466531766,6.78719622120391,6.88572389564986,9.10130500218039,7.89375475866139,7.52582092767126,8.70210143608424,6.51671437366349,7.74545418279214,8.7105798811074,8.71779733431723,9.17588354346463,7.54034948825834,6.78858940015923
2011-07-30,9.89225729812664,7.68369890237325,7.39778095614364,8.98842007767803,8.20275274572327,7.05313470464284,7.46947997820207,8.67550183067307,7.23727695985318,7.43611572137603,8.15723317871546,5.33343162306923,6.40839012156797,4.78026417408256,9.2236723164838,8.07179839442034,6.66712278707489,9.70112313048856,6.57319476737019,8.2638352986196,5.7986787457192,7.03099715714628,7.94485460949225,8.20702923396044,7.33899231616441,8.00228213010707,7.35725095938963,7.21864591986021,7.80833273798794,7.83253826668798,8.27960645831563,7.71688902002248,6.60477315803357
2011-07-31,5.63203316021693,3.73911564355364,4.65503277112953,5.38864297137878,4.39430801416832,4.84300479361727,5.24811622090166,5.12606634610269,4.95194136372449,4.52244332913878,5.39428503845595,4.39878673129649,4.81556863845387,4.73512937196893,5.28929600529051,4.03586280545175,3.89264224899512,5.41094970331053,4.39419888099409,4.37491729475618,4.11418548640836,4.88384472640516,3.87533904881627,6.46584169482897,3.73012288121125,4.44064929908819,5.23723128091108,3.85919829828665,4.13609051967766,4.18182753634286,5.0259651021978,4.85072146634995,4.90806680405814
2011-08-01,4.58146161860905,3.21367119446496,3.83836976270239,4.80026687484536,3.56272000197319,4.01231520938011,4.3545469367522,4.48391917000148,4.79505226685971,4.00300153914064,5.12531531271092,3.7175361823874,4.02932711855865,4.06380706691031,4.41889523613439,3.40243589499379,3.19553477951335,4.46688473165148,3.63440694064079,3.56798765443844,3.42057466361933,4.05138904473997,3.34807684712068,6.91486100999728,2.98944770281143,3.63240314524864,4.34861434223667,3.25458599313959,3.33616552799728,3.37415751931216,4.46193266081519,3.98876859337774,4.10199908012843
2011-08-02,5.43191432394768,4.5996238811957,4.34168850703426,6.36970989729438,4.13636666756044,4.1934480270568,4.50884553057523,5.85133704013662,5.09215044062598,4.95406974771708,5.8114535600613,3.31130489669126,3.86740664953021,3.23754655198006,5.45969338167843,4.60566147286646,3.79842030428346,5.49084041520744,3.72264597520227,4.27497672153087,3.42082359013614,4.11420044260767,4.78223668958685,6.51310302023697,4.31329041527022,4.30212094945029,4.46421764975095,4.44179529004084,3.83823647672745,3.89844396786873,5.68831696681331,4.27550399028133,4.00053654027477
2011-08-03,3.77853960452721,3.46722132334539,2.90958919335526,4.53816839564381,2.53186989699483,3.30726350352146,3.05066970791005,4.15531177491143,3.7268138947716,3.58588002723607,4.213082408366,4.21717872790515,3.64502067062465,5.05415807664301,3.82595830143249,3.34163690091911,2.65017228820041,3.93796645112197,3.14064993229879,2.71487407569446,3.44268344090524,3.15531673040306,3.71952554469737,4.74943344444904,3.08914619571006,2.75191008957989,3.15892095656178,3.25128010879498,2.32587528381241,2.40957102054526,4.09989145694798,2.74938433108905,3.64867098862609
2011-08-04,2.50794045784009,1.73624820797963,1.58860023567906,2.99794941881727,1.51828544531335,1.7660650269466,1.74452253724132,2.68983074801588,3.69037735048751,2.46046099629199,3.81343124774056,2.10718528639773,1.93265802432579,2.50722003125718,2.49288015270166,1.7779166588179,1.42603046833361,2.50321273950366,1.66241345623377,1.65550228877118,1.73628942220664,1.74000562674631,1.84938082996652,6.38738999848223,1.36309839277133,1.63234485656541,1.78040120660104,1.58652115139718,1.34334591766097,1.39910895782913,2.79753858798208,1.59390214312088,1.93731876625174
2011-08-05,2.04753661269367,1.43223786754385,1.33755058919793,2.92805218186525,1.28317055664151,1.41115078049853,1.4787806884685,2.58580544548922,2.2469603390101,2.11164321540872,2.63972024620179,1.47711857685135,1.4719890988567,1.64171719181252,2.19239259703139,1.46777730465879,1.31897337715593,2.07741892027949,1.3275106216768,1.45471864702608,1.33930643947608,1.41791437376542,1.52373048877928,3.15945043453586,1.10981389766569,1.36424474847504,1.48679447221311,1.31151750874365,1.16745124454155,1.21158305073024,2.52811399745818,1.35680807413826,1.47867508308633
2011-08-06,1.95755076058425,1.52470408859189,1.20415914767997,2.59815555653123,1.24235858942526,1.29608844873208,1.20633563148614,2.31735820414118,2.91186321061649,2.08762977545361,3.06031446428752,1.60831753743411,1.41478505228563,1.8581992568142,2.04138139399694,1.52362833950696,1.2103836705896,1.99055141598093,1.27880630884896,1.39501180950144,1.36838516734428,1.26065101495212,1.5938298660867,4.84133023183367,1.21342543258885,1.32967870596001,1.23437089246406,1.35925822787293,1.11920742515363,1.16117036733532,2.38029972614267,1.17553807369735,1.40880082294755
2011-08-07,1.65488435235294,1.50386240824722,1.42355705902383,2.16552824823384,1.25476705283616,1.74178401612721,1.5374467063127,1.9555066522112,2.79200779057795,1.87248313916546,2.81058534912903,2.54228726909099,2.07060868008387,3.19632678222554,1.72704698799366,1.47090795631657,1.2184134586509,1.70860098333881,1.70951910336699,1.29829124022459,1.90830128127116,1.68278831144088,1.57636278790753,4.7209539133339,1.29649426602521,1.33802560347916,1.6146454019642,1.45007561453211,1.15687356856538,1.17776921976512,2.05194198610927,1.39487758010944,2.05030315102807
2011-08-08,2.24981416351315,1.94808764353886,1.9472491909049,2.78687670090665,1.89423530911897,2.44879390269381,2.0512529502591,2.58402530562376,3.35348624578063,2.50228129160745,3.37312229001112,3.80701001357589,2.99186947826448,4.72505360690918,2.34314316751562,1.97050103789236,1.87132902912895,2.28270327605977,2.55036039835313,1.97285447904391,2.89557257866055,2.38746854487092,2.01590861625162,5.15138911163465,1.8202710329366,1.91670921459523,2.17412303541084,1.89717326590044,1.83457948278109,1.85069948835333,2.67049075735755,1.97077729076228,2.92694122676146
2011-08-09,3.96099571921085,2.99386910069274,2.62263522467349,3.83251437842015,2.87440136622885,2.86055553214621,2.66013335629774,3.66270042623957,3.91681759485658,3.37056147816229,4.12184614223494,3.51235054415151,3.11908451643137,3.93269133897474,3.76800278265372,3.09828957086176,2.69121781835351,3.9165740955149,2.92757137194816,3.04941718174115,3.08987384562518,2.83490441319981,3.13898667946536,5.29875912110732,2.58857081963814,2.89294061930501,2.71845647512804,2.70610358197747,2.73480221965875,2.79434731202935,3.66671175149069,2.6937029964962,3.08511430310849
2011-08-10,4.20065453402184,2.7944088325066,2.70631858037454,4.11319151651316,3.03750867966643,2.81634743123192,2.64274401032439,3.90956029922179,3.73680708985922,3.46250487067871,4.07637087215508,3.01428269636308,2.84976833455875,3.17831501018111,4.00397890569047,3.00727239387906,2.75994341689798,4.06998107971469,2.79329217590116,3.24991544772835,2.83265762051007,2.73723354034685,2.88691403680579,4.77904664352957,3.03736833007256,3.00768455073627,2.67928485149015,2.68084275411236,2.89377164425704,2.95150882674794,3.84235626579355,2.74799907052583,2.86325402806663
2011-08-11,4.02861160058342,2.95558385181845,2.87082833501427,4.2645871097281,3.05933777070274,3.10003838248394,2.86335202648062,4.03104772615296,4.29414469427896,3.71268734189288,4.52159559639969,3.73811795633551,3.33164538186638,4.16327504735505,3.95929281766138,3.09533214855561,2.92573922695714,3.94268794097225,3.14089330083274,3.24741089759101,3.31042723715884,3.04064571031539,3.01642531609393,5.81429376544043,2.97567879589879,3.08664496982368,2.92647629093782,2.8541547292966,2.92987256116121,2.98262544755527,4.03856043180805,2.89227907494649,3.30827468500252
2011-08-12,5.25002372472764,4.38272568985596,3.84979442454311,5.50235082861451,4.11446448239089,3.98115188339492,3.71104982585038,5.17240889668076,5.18158980076783,4.59020310369478,5.59883750506203,4.314578297287,4.04683449463955,4.70321798853834,5.11549123429766,4.45270038253472,3.60010361288365,5.24379438603346,3.86511443983853,4.26911940710341,3.8967406296393,3.82890451862211,4.51194357099982,7.0317164666175,4.30877759252326,4.15203743321126,3.76486630644886,4.13604816951086,3.87436431424132,3.92016654306372,5.09824569364946,3.80993945143602,4.08867215386284
2011-08-13,9.23485956004178,9.02153026262629,8.67931173408419,12.3369661514185,7.95224167214061,8.58917052250642,8.66063269451351,11.1213598995201,6.50151392082006,8.5718624702934,8.6512065982202,7.63312161569561,8.12685577029281,8.26524759508048,9.73456629414605,8.8199344415776,6.8239829684095,9.48728465034414,7.49698610465067,7.95845108481936,7.01431222952141,8.14925430261241,9.1350852433565,5.83199508574542,9.39935778192628,8.33302971505913,8.67243477194781,9.1386117738695,7.30440559785221,7.31818100896216,10.3272250274807,8.25366544274551,8.45097248821158
2011-08-14,8.03451833197304,7.13620581308344,7.13681976685811,8.79636333400791,6.67337473221048,7.51984135233749,7.4618143275987,8.33168990172588,6.29521851494507,7.24893110760226,7.24409082049809,8.11303426958479,7.79618674257532,8.99487620797392,8.0113255887718,7.1336160215666,6.49939564464467,8.06361096531935,7.17708928384302,6.77218679418008,7.29868426646035,7.39924233310917,7.32192371150847,5.80771506059491,6.87290041620535,6.90778463649289,7.54518465406601,7.08404348969341,6.37411508873861,6.44834100349639,8.0247912975795,7.04981832811228,7.84405410397933
2011-08-15,13.2595089385386,11.0338295234615,10.9383046657048,13.5920819068409,11.083067301865,10.9202317690808,10.9806795264277,13.0478433089551,9.63692328309878,11.3766190588638,11.0792794113809,10.1522235575918,10.5508375528001,10.1695304270938,12.9845585623075,11.3074285668475,10.4451228601782,13.1494559297371,10.4145522070537,11.382274023748,10.1385867262015,10.7115157960147,11.3050904268457,8.27177734963988,11.5941374246975,11.1189827929505,10.984026372687,10.91849954047,10.7201383037359,10.8185840787778,12.4938686422639,10.9075907412933,10.7139296179938
2011-08-16,7.75493305358765,5.68184480634408,6.79174395554531,7.62969924520136,5.94974921562402,7.21645806315127,7.57242716362349,7.28919964446361,7.82859161455018,6.78126988144356,8.195143193461,7.17499663196566,7.3428801774376,7.97329305799195,7.39133073217316,5.90676771212981,5.80421803676407,7.5517459492431,6.58181544391883,5.96377623948529,6.50912584968257,7.16058905754816,5.89948712942947,10.4379220322991,5.95004068193593,6.19536772636179,7.62260737820639,5.97637909937189,5.62098867962994,5.72321170936868,7.32766644347558,6.80713235005695,7.44864156303548
2011-08-17,2.35366412988988,1.52071786906542,1.80879526130249,3.13291725690598,1.67685139443303,1.84012431248475,2.04668727375971,2.8031935372664,3.1109801391929,2.4513453670185,3.36339024361753,1.57314008381508,1.79543279040539,1.64869328509721,2.4573350346809,1.62310328682454,1.61098021851281,2.3204415317455,1.64526360392349,1.78721312464095,1.52798618729398,1.86111825559143,1.58186674135319,4.8824843574067,1.43170895476598,1.73519590157832,2.03262681867445,1.5410321881018,1.553957761515,1.58560259058004,2.81698450359403,1.86359540892344,1.83534773023835
2011-08-18,4.88269527765001,4.07160052362841,3.95030721969119,5.35293285438446,3.46598655711031,3.89627451418886,4.29940069032284,4.97589605763071,5.39568629438187,4.52246939094276,5.73856002422598,3.34938437752687,3.76424658545252,3.46130599507262,4.78979998149161,4.02757254160881,3.44215836905202,4.88730119943482,3.47565550790924,3.55341430758315,3.32778194259429,3.88921702596151,4.22804159351849,7.66638403043208,3.44588516208223,3.77069238227716,4.26498056804942,3.94992166225273,3.17007609354577,3.26120932944053,5.01936104067428,3.85849678478175,3.84828136779969
2011-08-19,4.68369578722965,3.60659451479413,3.79420225212893,5.23060334559722,3.33281235927428,4.34667541112801,4.17161649545556,4.85938955002834,5.24803882233447,4.43155895749347,5.5760091413084,5.58217872924875,4.90132688541615,6.7146115910856,4.63249337533105,3.6448102991176,3.38634006580592,4.63459228152135,4.19311255279253,3.45054733357225,4.53168246908082,4.27813216258613,3.7316124830262,7.38739915308315,3.2793178703603,3.58696703402632,4.29233196199986,3.60237394452461,3.08482276746985,3.17226191245632,4.90480885772973,3.7394766134179,4.87387092000039
2011-08-20,5.50821936334945,5.12030359694268,4.049928208486,6.0818446545537,3.73687835152397,4.50783539224167,3.83683466710869,5.58328215545398,4.25597137895306,4.53635669988221,5.13509191198174,6.00696004060762,4.96355381323145,7.347428742988,5.38018840433619,4.917194529286,3.3589935228342,5.60979938780772,4.2546018818496,3.87327517635828,4.69862258986208,4.13830440510578,5.27648660549482,5.00350960297208,4.9133695742023,4.13713496418779,4.01004830486869,4.87848352352664,3.28530017202829,3.39124704520003,5.35903969518545,3.64297380210972,5.00213180574495
2011-08-21,6.31805824047465,5.07484259973302,5.03568774683795,6.29169976484908,4.55746461286581,6.10295081025088,5.18513787796198,5.92837348765755,4.59836951091582,4.98050269746929,5.39305555705881,8.63016237240761,7.01031086678405,10.7627842106004,6.00153887230051,5.11588474928409,4.18842285620658,6.2885129734846,5.87155014354179,4.64898714218469,6.54725141392705,5.71438088889493,5.32160490496622,4.97045229163578,5.62049453061831,4.78384272009701,5.47730359548548,5.13539116703603,4.19911470768444,4.29423507704749,5.69856753181773,4.80791349221141,7.0043628781239
2011-08-22,5.83875349117715,3.81943079451208,3.25444265997272,4.96978091842997,3.67613333932378,3.72475591438157,3.22077115869903,4.76187408785111,4.02726533072415,4.00645805824567,4.63200021019568,5.10948849069194,4.2315952715685,6.06143119667506,5.26337321010873,4.03919430850764,3.16798273877821,5.63533595130041,3.79549681867568,3.92058145047617,4.15107100596458,3.59361706341109,4.00337137400364,4.85634066673236,3.44570971376074,3.77940475254549,3.35321939202919,3.42809168218031,3.34297170123111,3.46305412150404,4.60249652236761,3.28417069117627,4.18537879897354
2011-08-23,4.00659542394994,3.32893721561198,2.62442436794277,3.98154895255303,2.92960727559129,2.81270310590126,2.48141528243307,3.753204784651,3.86325450397301,3.32524648765735,4.16548420017057,3.45854498867895,3.01138631237549,3.92682852746807,3.82078182202695,3.36013538551032,2.5253508142317,4.01423627796762,2.82190325877541,3.07829223950026,2.96413990745474,2.69523257584836,3.46628276005916,5.3991595788482,2.9790246737573,2.97491869943303,2.54890513987914,2.98931556502454,2.72417121434688,2.77490936754501,3.7121759195554,2.60082432921703,3.00937053876672
2011-08-24,3.99147447638941,3.20295617266803,3.25794746310979,5.26141263411936,3.46944639189239,3.27562678023236,3.29141375996889,4.92694640173902,4.46208097080158,4.54582606054816,4.80475362441959,3.3107593997061,3.29766050984161,3.16660091239017,4.33734492149666,3.33940274152186,3.7876099037492,4.00362157104098,3.40415050745846,3.79038818951747,3.45991644124218,3.33263584411286,3.25226789942119,4.8828399574916,3.21933656649481,3.41025060085821,3.28867705167638,3.13137810405436,3.51052536823508,3.5463092006983,4.87927520085486,3.35106230147375,3.25956695701609
2011-08-25,1.86939419676016,2.20411010337869,1.83583955550574,3.34036949897605,1.64264463070112,1.98692938011259,1.88749122340959,3.15587024105902,3.8441802735833,3.43635565835732,3.68401867736703,2.6755923846609,2.25282956193783,2.67508179046368,2.42303130858541,2.07174311296088,2.83617911185497,2.08630226657532,2.3166150406917,2.02476728619646,2.7480008952308,2.06386400911898,2.32405337200398,4.46055013954542,1.88686606378402,1.7159453390668,1.92808647765009,2.06877199362837,1.85018520548957,1.91544210796002,3.37704245492426,1.76949018407699,2.12409535662308
2011-08-26,2.5657486852842,2.08318109114245,1.6275182495067,3.13701296383159,1.81840090847906,1.69855742433553,1.61506232027494,2.87033766706962,3.07703786611575,2.56135121042932,3.30385362644504,1.90811975249307,1.77297848739454,2.03281341795497,2.63103175569866,2.10822521711896,1.76466295022322,2.62752932485671,1.72455995330165,2.01602300747828,1.77962371822499,1.68152953386183,2.21503712669314,4.49549128128089,1.69356005532719,1.82983975041161,1.63507195062463,1.81214751970575,1.72833027722233,1.76847468127101,2.87670652984734,1.66116374580517,1.76316891497584
2011-08-27,7.09125051537585,6.69554818590151,6.74488506190563,7.05539597216215,6.21387810983744,7.13874453931294,6.90995646883743,6.75040628336332,6.64821818462236,6.10782861285008,7.09962439051645,7.62385396813711,7.30202109390216,8.70647655504041,6.81653556775106,6.64089331823636,5.42917312153148,7.10942681332178,6.57412761170147,6.03882079686685,6.56525627460617,6.85314561282217,6.83811447475433,8.44449324435434,6.98843913723427,6.41275900259095,7.01656857130106,6.80176752008885,5.83887922785749,5.85806085453758,6.63532233584381,6.55478309409167,7.4366521243502
2011-08-28,6.19174177577542,4.92901401863261,5.10443887223637,10.9495473112089,4.84340508194822,5.62064928049066,5.45963877825313,9.5106344858297,6.42973210477413,7.34996788297963,8.26115697867905,6.47252652587335,6.01491805021757,7.54430248288252,7.31205282859916,5.02355429257326,4.77645786600937,6.44610040406414,5.3293335896975,5.35579096840024,5.43226768811118,5.51118193789564,5.11620974025259,7.70197967561901,4.7095384971036,4.94988097483437,5.56626549364861,4.86638333622726,4.55560191144082,4.59866109074652,9.01125136557855,5.14684593671633,6.05214600966446
2011-08-29,5.21903878207369,3.75721098768719,3.20205464689612,5.84720162699825,3.59482009031696,3.6463718187297,3.13407391837288,5.37570693035486,5.40974498155529,4.65123276697785,5.95134301717899,5.0733236238293,4.17707774825279,6.00875780199424,5.15249357850553,3.90270780045373,3.2311546720318,5.15475317421175,3.77010607731037,3.89867927180448,4.11868256482817,3.53843324080716,3.87678833680184,7.78914138319497,3.30918907002764,3.67468622830168,3.26016955705966,3.40238363631222,3.32352486965113,3.40631916480373,5.31656872556707,3.23224258635379,4.11882140684051
2011-08-30,5.04581494754463,4.6475938076236,3.34250320141173,5.19757325743363,3.38162036470228,3.70860921198546,3.20409787291637,4.87194057258696,4.41688502129287,4.24101189516621,4.940926858421,5.18176587673912,4.2321166851223,6.16938359135439,4.85959460802551,4.48453579275491,3.22576183137059,5.13713762241378,3.76400753975752,3.58389258975254,4.21816971947548,3.54856999257656,4.83078389924494,5.51074407728839,3.62282539495724,3.68457122535446,3.33042318677191,4.11583685105192,3.05440089687498,3.16466054039561,4.79434666546243,3.14911329606132,4.18023625136405
2011-08-31,5.28099813729401,4.52227959594704,3.73638299424995,4.95236861993582,3.59214285324937,4.34141523137791,3.63621364421617,4.69257944449361,4.2233115960184,4.04145852527895,4.74356544861445,6.044215797536,4.90380457271517,7.41533252064866,4.9134371916914,4.45740058002348,3.2112262009441,5.30043234638792,4.21040599323427,3.70653456499247,4.69506409437568,4.03110402792362,4.74028946197392,5.30162533287072,4.44625076519237,3.83389322278966,3.82779737659666,4.27970711741546,3.24391283689537,3.3423301903787,4.5857222952316,3.49331803694507,4.90410390386692
2011-09-01,10.0666813021978,6.59101209744343,4.34922551843863,4.12878412350672,5.8144248982638,4.86654457666633,4.02289023391923,5.06521377102318,7.35031611414834,5.97572913441183,6.59776624018457,7.37622218797356,5.74819880720782,7.84166256569953,7.9993293386177,6.95986299734442,6.15837512382218,9.55598443853152,5.87240145261251,6.42289099695507,6.93452989764203,4.93139544786036,7.09790907041788,8.2834577263676,4.97656010846765,5.89039270522797,4.19115406645419,5.24351238951381,5.65444418027187,5.98963131696115,5.47937336304575,4.51750813547641,5.42344117300744
2011-09-02,10.8021305158188,7.95619352025547,6.40860093597326,6.9351695552615,7.47502848085986,6.16738342468239,6.32896749059377,7.34268125684177,6.86181808085904,7.08741581600029,7.08487203477225,5.31899225557726,5.78167041110682,4.50599868347189,9.29394347468036,8.30131233338972,7.10113592138912,10.5373893782422,6.24750518117202,7.89166016046466,6.12983022688587,6.20813029027241,8.53893488378048,6.30045413286002,6.98733469543281,7.38586937409499,6.27010796453408,6.91713549270593,7.24384091180684,7.45671926722512,7.26205361997578,6.63627490233049,5.78996275212503
2011-09-03,12.9665511336685,8.51265341358854,7.67379231644684,10.8687947556545,8.73525859280612,8.22510785343238,8.11004489724472,11.2762069863246,11.2829405296002,11.8868434195912,11.065820905693,10.7348862144084,9.3703238316501,10.4849371266163,12.2949267348184,9.09252372615545,11.5098372316814,12.5095780903459,9.79516702027973,10.0731972365133,11.1779768819938,8.83847696150391,8.96355416629994,9.16302985964254,6.48523426646538,8.80411642511295,8.196535236031,7.44116883150072,9.08761564470114,9.50507138847249,11.6325178445609,8.16736467367895,8.80002263756187
2011-09-04,17.6673919796015,12.4470362400825,14.4846760691411,11.4920065185976,14.8390290232707,15.4253972546231,15.4467236120709,12.5465574405269,13.3283490189105,13.2090079425646,12.7724551113016,16.0815914216828,15.8045330651492,16.5991096670595,15.5387438990697,13.5038862319578,14.7328247168349,16.8302882689712,15.43004604415,14.9704938242957,15.6470496699008,15.5258831862227,13.0230770133808,12.1142180476706,14.0032586440095,14.3699114764819,15.5830815052685,12.6441287042209,14.9244916236195,15.1000414219099,12.6676070197672,15.1364138262544,15.741470113918
2011-09-05,8.84620038387908,5.86170504813601,3.75962964054261,4.61878418972676,4.63584297156151,4.13445125925562,3.65574522730552,5.22576185428058,7.10096229168789,5.91844856994565,6.58637727596368,5.89807789437067,4.75498741856934,6.05230396048669,7.32017054053945,6.07671649415662,5.60083045900796,8.55702968103295,4.8956567910786,5.37547962669949,5.84429829820089,4.21610171931812,6.46144649560592,8.10571348105417,4.29256976996143,4.83057398623358,3.77518193293336,4.64303542952387,4.52832814186473,4.87993580823151,5.6404739490881,3.81155415878088,4.48418682503567
2011-09-06,9.14931638018269,6.60690811464066,4.49132743483047,4.77657458658859,5.33881059739144,4.79935732089787,4.21317118506254,5.41920631033268,6.50009120424486,5.93298365761158,6.13735341283883,6.42728769682865,5.31058909684872,6.63869933982892,7.58431174509048,6.76287341394556,5.93402990391426,8.86404478180646,5.43051955400022,5.92025202092859,6.28302527591227,4.77222344800222,7.1211206478196,6.51098290478557,5.39682904874012,5.53835352562005,4.33611135494071,5.51029149801203,5.17574422888216,5.48747929716314,5.68991894043923,4.44018637346125,5.09719581492154
2011-09-07,9.30310244413822,5.67345877372199,4.42001341555068,4.07844193290046,5.3112501654696,4.71795085717181,4.48999802725517,4.86653343181717,6.00954853426206,5.44208994847118,5.58004471049364,5.76344965699646,5.10543391616868,5.74016128287672,7.44061381874647,6.10018479456892,5.76108759737923,8.80451930572983,5.24959603381221,5.83697408014114,5.86700076181031,4.82337425724922,6.20912799776783,5.85786163547004,4.66465579073622,5.38208660173434,4.56444281355608,4.72856735369959,5.17312131170913,5.4841466922615,5.12715137288953,4.61236847755985,4.91365888529399
2011-09-08,8.86915572110666,5.04355463460319,3.18962038803698,4.35450040561531,4.45903309295476,3.50552251423125,3.03215945409222,4.91670252791151,5.64964940268206,5.15899789412172,5.50232905422828,5.03011590479588,4.03510874918339,5.09360943170269,7.17815208278411,5.46825007359706,4.89765905785607,8.41633149856945,4.245330023989,5.19100883757123,5.0144699310466,3.5933352686942,5.58339896543951,5.81445020593922,3.67891134927017,4.53480979165399,3.13219884645615,3.83493462233646,4.27504972019818,4.61075586768483,5.11214563127225,3.37692950650012,3.79314708272945
2011-09-09,8.50996703057307,5.76052017613048,4.17946349858877,3.34718617851461,4.96931051057219,4.28498594798777,4.13140122216043,4.1493163524602,7.15160137525119,5.13096837163344,6.28918913738766,4.92250083788438,4.49295738380155,4.74963033629002,6.68968205860642,6.01476298990872,5.21134620082192,8.11480855884439,4.69243108085949,5.34351018523184,5.16084845550276,4.35171212746844,6.25429242429469,9.33719116054733,4.54748774384522,5.09987378838662,4.17018034772283,4.77722783228529,4.78702656863787,5.06396795301779,4.63537676467272,4.27086204813594,4.35237124818627
2011-09-10,11.3398760203726,8.73058351326746,6.78122346289881,8.20801631587008,7.74394788044416,6.71483351862469,6.75716027278975,8.39705627614851,7.53341603188693,7.85790059669826,8.01154638661244,6.80018429298978,6.75712727684925,6.56170994690098,10.0048681203859,8.93573859538183,7.43894992279029,11.1238460954906,6.92781190439183,8.18393331960602,7.06031419337612,6.80368929313904,9.24774503407252,7.19378735419606,6.77088446484466,7.87060526460138,6.74093811661552,7.49366335705901,7.38368848806321,7.62222830407102,8.27344749979791,6.96390433429169,6.68957086943342
2011-09-11,9.67664883781913,8.97147506597199,6.23724174969544,6.56320158221507,6.47294072558731,7.48396386563537,6.01097695862251,6.98648496294877,7.5144303034312,7.28098875588757,7.35185633657627,11.4650919245389,8.8369423150553,13.4191586629178,8.52818842189282,8.74099820296978,7.17773787355332,9.89160864349422,8.1074244900238,6.98070196883703,9.59133162577966,7.16614132582063,9.77980085240048,7.27718801369114,7.74443914317565,6.68732858715356,6.39025126244581,7.78324534928787,6.34532651268496,6.61237365133896,7.18060514580224,5.99154290899009,8.57398612796485
2011-09-12,8.26083747984153,9.13812762938706,6.45747947133624,6.72852965293903,5.48970680941278,6.99827853303261,5.63328750429837,6.97273418060853,7.68684774227746,7.44953369606162,7.44575105145937,8.67566458664857,7.0811967376474,9.49912634981246,7.71578180420392,8.50664515249971,7.05661379277135,8.78394930426993,6.80673286389881,6.07327285511367,8.01384107656104,6.15130968561187,9.92209910712144,7.41534932654822,10.8692555304813,5.97340349105032,5.9436583744373,8.83017237562342,5.43947822878317,5.72416684013796,7.29470344413057,5.31291828863582,7.12001245150382
2011-09-13,9.64458808577993,7.40706624332574,6.13061338519523,5.3232470315345,6.89660380414319,6.63736690162584,6.10637194839425,6.12696176337171,6.93899243572113,6.87294679870582,6.40113252420583,8.45508613665246,7.30176995537084,8.78242306824285,8.22775274342548,7.65673559150406,7.57757651167689,9.35589539751043,7.35575699452346,7.33788641962958,8.18473143068367,6.71669868490913,7.8797293869752,5.71778461576916,6.50550016014852,6.88303698736797,6.24238705513486,6.56134563180153,6.94236800321195,7.17875316271809,6.36639514477295,6.28704641661805,7.0522473337414
2011-09-14,7.91278001187376,5.86418737062921,4.56170437667345,3.22679620996646,5.45788780839271,4.66507348972758,4.31765339336814,3.97072897781819,5.53800760496645,4.56512839173719,4.99187645478775,5.36662196918017,4.86110243687279,5.40986010132932,6.28046643596966,6.09905022024047,5.05608826741371,7.5302212378332,4.99397237728889,5.58934581829878,5.30928276803803,4.64031918832541,6.16025675177571,6.20694303591121,5.10762909863947,5.48123284797443,4.36968208186268,5.1033931288595,5.25396722200695,5.42617615778977,4.1845826747007,4.64418407724594,4.77180973818794
2011-09-15,9.75901008965339,9.05364463585986,6.93832617946156,7.50993034187881,8.37811647009948,6.69415139081097,6.62664499202978,7.6333572350365,6.98206236200357,7.04868018744295,7.3657590701808,6.44424552727664,6.60240930038955,6.15343634367844,8.81233560034141,9.12698840802254,6.92498677023818,9.75514720463232,6.89765965376488,8.40657658362102,6.59237496806229,6.77705418182298,9.37545226399343,7.2902215076336,6.83566781126006,8.19067313134018,6.5680370548358,7.75995994122498,8.06561658451646,8.09496307058202,7.38480858018889,7.29581425765943,6.6009361264049
2011-09-16,11.2475292203408,9.52048382381257,7.94178568787096,9.19494331229906,8.34162336423305,8.18106537009288,7.8472597169642,9.17581584958715,7.38906922199168,8.28693868798897,8.16666968181837,8.69628187987237,8.28393032330212,9.1431683038938,10.2547912157874,9.5834087156782,7.86660032376579,11.2157368277999,8.06072458528467,8.63738525029864,8.26717968348585,7.98064660889527,10.0439705880872,6.47177286992748,8.76051809003144,8.47339942813295,7.93464833386358,8.71515574113744,7.96541391542023,8.14244116768927,8.89556440761225,7.87773575946158,8.31165808590092
2011-09-17,8.17431930559017,5.74302121075252,4.3839169903,4.57429252825283,5.18137779244396,5.22794711182279,4.39406479085047,4.83051131137036,5.40946034221664,4.51640652601729,5.56748848060121,7.43840719473988,6.04271631878224,8.90678538826632,6.66723747179531,6.00927977880517,4.16680391506692,7.94558461050375,5.40198726748282,5.33747953389281,5.93822428160014,5.04517170402049,6.27617777507441,7.10885597008641,4.75165973510718,5.15704607459628,4.61527066104546,4.8255700486891,4.77665640199376,4.93611213162313,4.80748835198332,4.56546496077489,5.95893535386087
2011-09-18,14.5105027807323,9.59265377316811,8.00272628519857,6.95784661370293,9.39188336479701,8.20711002487446,8.27380888815156,7.52125630664125,6.3731965326753,6.32520000163712,7.18378476712858,7.83291831217768,8.12505703291918,8.40095700672007,11.3571906101375,10.2321193237323,6.5124897414915,13.8128983137858,7.67881117870925,9.24317847669653,7.19368192291655,8.09671198424021,10.3447273532243,7.04755178245783,7.69611246385153,9.37130575242922,8.29024184150817,8.17670293562319,8.43034709830983,8.65473650453317,7.07499313485479,8.48073229347455,8.28994833653191
2011-09-19,13.3655416259167,11.1926482918442,9.47401515936025,10.2860319790963,10.5966988124184,9.69192169618998,8.94073599249854,10.1039356273911,7.27465728463678,8.16600152233277,8.71034449867195,9.41092966465896,9.30907321013724,10.2067114248735,11.7751818435796,11.4727461598516,7.61843271749922,13.2702593942894,8.92155829818794,10.4864781311304,8.42160502005002,9.07276901791681,11.7932908027496,7.48874102643069,11.5969683758379,10.3574305019783,9.05851355331386,10.3729491358529,9.83168204027617,9.86953572538191,9.36866394769366,9.48387725960678,9.62613213058811
2011-09-20,8.62689566692489,7.43809104534582,5.42981931728957,4.48965298897768,6.34074748747786,6.35179977799791,5.31540033305669,4.89628230483923,5.19905967775974,4.60514271518549,5.30759542566634,8.95769258379694,7.3135615777409,10.7642336796341,6.98670770683925,7.50098962563902,4.77814829110647,8.55777159779051,6.54597277361267,6.23439036502838,7.06408580142994,6.12523109164907,8.00260172223367,6.2364858319289,5.79454480135917,6.27422326203331,5.56427789191941,6.26065718132604,5.89424418537109,5.98727632054319,4.78132734280537,5.62147955024038,7.23407462735156
2011-09-21,8.20958956781308,7.32964063919701,6.06008437342217,6.18612710295515,6.63091314175305,7.00654104456498,5.9823129397034,6.43231012461815,6.24675831046776,6.37543374811353,6.30335552052422,10.037059806013,8.14539869706893,11.6176757298343,7.44737030706265,7.37697720091026,6.46329901218039,8.1854141420057,7.55917517983676,6.8195095997504,8.43778904481174,6.90644278489292,7.67883974597704,5.84248812753068,6.29930616041518,6.61072376029455,6.23727830387693,6.59027364944108,6.51810044734461,6.62321634652756,6.40614486210415,6.16743402643138,7.93512965108139
2011-09-22,13.6680244762598,13.1749420537105,9.80568641343459,12.9457240528876,11.2688655425243,9.43063645280979,8.85169782487147,12.6560357426874,10.6370561610594,11.4658884620857,11.6233298288439,9.54576967304326,9.23400265504134,9.20085242217984,13.1343098242296,13.0233187367742,10.3631106096796,13.8632886050779,9.7008150865473,11.735138888721,9.75953398930434,9.22607342595433,13.5409681795694,10.3438491795374,11.4338152904238,11.3226411304362,8.85148773292367,11.7269107970438,10.8672962147347,10.9943591197666,12.2854903556855,9.68549139548912,9.23777397941909
2011-09-23,7.42167182285178,6.1026948818503,4.39348398154052,4.54556419201219,4.78538164354361,4.79078099353822,3.93038405405553,4.72305113938984,5.30568962912771,4.46750715133815,5.44342957892265,6.17658947462603,5.11024604590569,7.17340853343521,6.19883810874783,6.08751982218084,3.98733379883909,7.30073659417094,4.70859478290164,4.89961014587033,5.16101234625382,4.38296488655554,6.45465580276712,6.90836460967999,5.97082599578934,5.00209122279754,4.10699191008198,5.48717231544122,4.33211578453874,4.49122204683041,4.73710470605726,4.09387650404639,5.13626448799308
2011-09-24,9.4992350232358,7.68074942680496,7.09768021313324,8.23579111420051,7.53316468184142,7.45648791476169,6.71065647357822,8.13803048790315,7.11611467709859,7.40220097316057,7.70358528631369,8.31895750523394,7.57582760502334,9.01147236821647,8.83063351382838,7.90548268493927,6.84983269963043,9.33102233235554,7.32606793411772,7.76047617909229,7.58132697368638,7.07529019765502,7.90914199088746,7.2858940944136,8.6998851678177,7.51787694611724,6.86052195416638,7.52739296775003,7.24508097839757,7.343734107774,7.92209830636491,6.93004836636139,7.63590454518031
2011-09-25,9.22172275676513,7.22805616958531,7.9809672927565,5.75526534751539,9.94449248016493,9.5249709773156,8.15717782735028,6.19635147822355,5.61667584821689,5.66174666698422,5.77414255148737,12.8220454892157,10.8990293762165,15.2359121818703,7.95267580872201,8.06038472988741,6.83090493646233,8.86019745085919,9.98417315948566,9.43730739937596,10.0747991125341,9.463924592366,7.47247962921217,5.78067948171365,7.28288529616492,8.84506847806574,8.47452266840718,6.7703556899268,9.86983804521071,9.64387275057993,5.72506423282744,9.08298856043012,10.7929417184001
2011-09-26,6.69044112356241,5.74899946610364,4.04677818957237,4.48862365744031,4.64166189754416,5.49668089960644,3.78238583514733,4.70285999704414,5.18827284429603,4.69575527473764,5.17531641233228,10.3456838412693,7.27135882682833,12.9908866947511,5.82082285424147,5.73331548314232,4.4301235130932,6.65755419959319,6.25644626235916,4.87690589078639,7.67632425878008,5.23481880686762,6.09535498434596,5.90467058755548,4.70029604076136,4.73977136896227,4.19794993098948,4.92458995729629,4.4273080229657,4.56863515609294,4.76688483639566,4.00673681513294,6.97319881302963
2011-09-27,10.1222636054208,8.1499829705798,6.84225575907302,4.39694810250814,7.30655800711605,7.36961909361148,6.58602354688111,4.93350479532467,6.05087570535993,4.62003526151361,6.0814156381836,8.74910194206448,7.787645992227,10.4394620533519,7.81655247581326,8.27568139300791,4.83978556767859,9.65348526754742,6.88786990791895,6.80300291095613,6.98583067397927,6.91490407203122,8.40692793540599,8.56108802609019,7.61513663376733,7.56727795186133,6.76860298439981,7.54806470027246,6.45870771775735,6.56673882709768,4.84796005251471,6.68495260292183,7.92396058596512
2011-09-28,10.7972162904112,8.42234367053017,6.52879628403261,5.22765327333547,7.22900604366323,6.65205442714465,6.0053681713061,5.70992832106659,5.7643799787755,5.16513717208727,6.07381494199787,7.09143549531499,6.60006265214824,7.89885549582214,8.53161815527848,8.55799006541434,5.20482770728892,10.3656476042384,6.20406853705279,7.04466585139294,6.22212193709021,6.17458579332899,8.78227080915293,6.95340571701737,8.11407492884744,7.49953602663135,6.11580535806755,7.64837372884576,6.42753142162927,6.60670759383305,5.53638458341346,6.26058094753324,6.76199541339395
2011-09-29,8.12421333033442,6.2909024133067,6.09750867636759,6.99653357045156,6.41824230945395,6.31117502311204,6.18764259124923,6.83180591896499,6.41166787464089,6.09789427915111,6.93621928552607,6.25060195822409,6.25782319539873,6.65581225756056,7.45677510251328,6.55574872330142,5.46540168921701,7.97697899107235,5.9804003038788,6.48977443636024,5.81676606029144,6.1497489449216,6.58055441496884,7.75528618945797,6.42367345561241,6.35038280146231,6.23657622026918,6.03362533279593,6.09923812177895,6.15929303094119,6.65235204009828,6.20566162346551,6.36158069035046
2011-09-30,12.0164387117764,8.83225088777049,7.69448718907778,8.16910153916265,9.02897544550316,8.42183845410643,7.44867073103677,8.29576214749953,7.10854829629978,7.18569244519521,7.88628092640105,10.3793643461003,9.09717064245705,11.9243120713134,10.30206881858,9.31110341124891,6.86332151507192,11.5682221077349,8.46104170304349,9.03403658932911,8.69523802901604,8.14406078639893,9.17014757542436,7.8399508324891,8.24378416503202,8.89540865432645,7.65567413285677,7.99460741955184,8.40940340509434,8.51246301301596,7.89632097653174,7.95359483844223,9.09740432139095
2011-10-01,15.0483202459752,13.2955872697109,11.3675940987982,11.2230737923785,12.7608185770226,11.0258869419766,10.3587256076526,11.5032737268857,8.89276964008074,10.372558236783,9.76789078972747,10.1321960862212,10.3017978004434,9.77839391347569,13.4825904362957,13.5318751991224,10.6755803816722,14.8234507341008,10.6819819915609,12.7815030091191,10.2965849842564,10.5075583226386,13.6303931079067,6.93943666319799,14.1219077056244,12.5592934469852,10.3794909707761,12.5974151701066,12.2650942050226,12.3335471955775,10.9364811825071,11.2091677331215,10.5335605299271
2011-10-02,13.1117050825975,10.2539374679301,8.09855277082772,8.31396096847426,8.04301339602098,8.87093257816346,7.85781097629218,8.38095844457651,7.46198006564716,7.13038902886519,8.4134652644992,11.0098566034628,9.50354227710417,13.2717746409732,10.8616260238001,10.2277987600023,6.27759360888273,12.7529720216041,8.23344986005675,7.98262439246215,8.79892973834787,8.21768428985571,10.7739403405736,9.04743601776364,9.5183291389449,8.73841171526279,8.13765291044238,9.43602888237782,6.94052234204135,7.23341328248685,8.10458311798015,7.56325139857806,9.63323156108839
2011-10-03,14.5449689056164,11.4516545589602,8.63861052098296,8.41339319154002,9.61815635177799,9.5517175333177,8.24892038122195,8.99786755710538,7.54958341357495,8.32096565965269,8.13471593399846,13.2124346116704,10.8580450423577,15.3441306554542,12.0903317081021,11.5561825365633,8.47472997570806,14.043296147998,9.98052928183635,9.78215949123313,11.0865383026627,9.26373766650641,11.8941487116793,6.18288930572906,9.28146308753934,10.1184667973376,8.55011675726758,10.0461987526585,8.82177450160985,9.14559357604528,8.75078893173587,8.47624309789158,10.6684902872189
2011-10-04,18.8527466237217,17.0151555246991,13.6000390154696,16.5197530695139,16.2652941791662,12.6199125844603,12.6379448129284,16.4458786922822,10.9205090166335,14.4011228597034,12.6668967644372,10.7855080827305,11.7473500817472,9.1196625138028,17.7417798922215,17.2749586208989,14.305049204426,18.8072755958116,12.9220844343148,16.7021437313654,12.195035164888,12.6715974639647,17.4416065635398,6.33162827383959,14.6706093373964,15.8897355857101,12.4422299465359,15.1199732591109,15.847672561455,15.928900553717,15.4841831032277,14.0213081326895,11.8203062089685
2011-10-05,12.4891170066113,11.1470027380134,8.07221691623256,9.10816548621101,9.52504475929974,7.91019630636579,7.04460199823418,9.24920204081763,7.85841450581345,8.2812587657629,8.58102354263562,7.85984155853996,7.51580099673449,7.80661201125157,11.0269125416191,11.1798724934504,7.85197819612783,12.5008032726041,7.80095307676067,9.77443645330174,7.75374148979192,7.41578546815836,11.7103080172522,7.80157980821197,10.8162010707127,9.43351178372533,7.11817902175728,9.90577123359924,9.01302336888318,9.14672187868944,8.88976736765586,7.88010234698908,7.65382401047574
2011-10-06,11.1623210070745,9.32761761361001,7.09161600824249,7.77796242432147,7.6705832444352,7.07789028860094,6.04020223416885,7.85432077305527,7.62234129797208,7.07754147762017,8.17391907205013,7.59463201326723,6.84408675731592,8.22693772671708,9.6283994639147,9.31365802129179,6.24195020929646,10.9134392362257,6.65907289521368,7.80237140379532,6.89720175317354,6.361263641535,9.58612801981621,9.21189162663715,10.1700195944812,8.03426556789167,6.18822819759152,8.79948426792435,6.93910833988014,7.13701329913781,7.69603263177198,6.43313785836001,7.02820179164567
2011-10-07,16.8368694355577,16.0132395753733,12.2219220415971,14.1691209978718,14.1788695477176,11.6318975483628,10.8864123645247,13.8268895557365,9.85907923322297,11.3884686284581,11.7052214362389,10.7393080951462,10.9345796641697,10.7955995612309,15.3442545040422,15.9409195362395,10.5107658177681,16.852551826302,11.1064079701938,14.0267949118395,10.3771292756988,11.0541376879511,16.3343158879272,9.46744311896847,14.5647801857737,14.1706339829053,10.8672665796136,14.4503643117174,13.1534575356163,13.1747959350446,12.8768809396442,12.0574705372453,11.2498312513911
2011-10-08,15.9005523790949,14.5526428302811,13.4887801613827,10.4077792390715,14.4879926496737,13.6924081774058,13.0078464042621,11.0529477908947,11.2014241125393,10.69453587071,11.2614525468826,14.0157905875229,13.6538493366711,14.9240277240071,13.8099353053535,14.7833725619188,11.5915575600075,15.4973115099337,13.2539463721561,13.8807048649286,12.9222423748142,13.2753480541737,14.7429456825805,12.0043636968899,14.6206347629962,14.3425660443912,13.1071801779446,14.0306532785327,13.8568900090267,13.8397306941773,10.7752781828996,13.5362748468498,13.8487143413925
2011-10-09,13.2889882477312,12.3460006109564,10.1582425569085,10.0763853142787,10.3820830320509,10.5373750874713,9.69411714275972,10.0971599250686,8.6949229427638,8.97609415145306,9.54405776511825,11.9829204176466,10.9197482009857,13.5655741865417,11.7731946089548,12.1543779749135,8.5648383402551,13.1626235570327,10.0997726664964,10.1659031557749,10.3619356910073,10.0293184281178,12.6293911080231,9.11683640819288,11.3401716165289,10.8529176298193,9.87252701711143,11.5587448836512,9.532587694568,9.6727289583337,9.73714384201213,9.74331678105325,11.0400322425621
2011-10-10,20.7304533056613,18.0914022728545,15.9573489005157,14.1419120677907,17.7439677754469,15.0733114279669,15.053296417187,14.1566349676917,8.07124584912765,10.7142425981635,10.5830454262923,11.4403316543265,13.3785442535662,11.4244758493433,17.6307211317739,18.4690884197822,11.1859296250222,20.2039668390744,13.1538006552898,16.6579110145298,11.0657339087829,14.2608832439181,18.4243045758469,6.28949134014543,17.9913218974289,17.5746684648004,14.9097845247234,17.0773737113546,16.1247205630192,16.033853154064,12.5996756643632,15.9868833381346,14.1520224038447
2011-10-11,12.8636579899677,13.3228765201886,11.6016870356261,9.26530428316732,11.9811476010965,11.172184653339,10.8973435382699,9.6766968215302,8.74431361939355,9.20951879538442,9.02280931946548,10.2148878154689,10.5734476086194,10.2232516869767,11.4845990705143,13.0981225969844,9.9505155143229,12.7828495056528,10.5612924733503,11.4555282897343,10.0918502371656,10.7409622906853,13.4133018323438,8.00308298123891,13.1682075506681,12.1568741314748,10.8739666802232,12.8631990328703,11.4067343551347,11.4036932565079,9.36151852389955,11.2393526062885,10.8313956089752
2011-10-12,17.223728764765,15.5965495530598,15.2566046948334,15.3720142063403,16.0085084355592,15.8494143762827,14.9530917676566,15.6977122698797,14.7402598172873,15.6709596119016,14.826372951121,17.7262668516219,16.4320193208213,18.3907615650146,16.6162102171528,15.9119320610243,16.0984118133823,17.0092050318953,16.3690289255158,16.3292767677269,17.016851655,15.7095694191957,15.7789333035969,12.7687725216415,16.3221200965836,15.7869054111138,15.137291300037,15.3848219690531,16.0916413907185,16.1782362373839,15.5944666192046,15.3388325170768,16.2833588800092
2011-10-13,15.75698374375,14.6403228328284,12.5352322697065,11.5984687214857,13.8519848052417,12.0158705796713,12.0299676215363,11.9221611797781,10.3559071715282,10.9816150328449,10.9997979136358,10.8959277152122,11.5097864422341,10.5843112453761,14.0535641847512,14.7217843651783,11.3576310081303,15.5073547850589,11.7028922910306,13.5235264711632,11.0426456922758,11.8844383767913,14.8476028779893,9.79629246068674,12.9402746838365,13.8521981008758,11.9332924472624,13.5239588319176,13.1851900265504,13.2194215594408,11.4571136850988,12.6637020173036,11.6861984861754
2011-10-14,17.2253301636636,14.8596856613034,13.971818575889,11.4038930092035,14.4622872652925,13.3086040175997,13.5104354608351,11.9245540557057,10.0429581344261,10.8716672174687,10.7697540548115,10.0159930100032,11.7164442388112,9.18337506586614,14.8665433987103,15.1645588895207,11.6780452485987,16.8449080067693,11.917974859622,14.0356848313238,10.740609041635,12.6836596662305,15.3735573040514,9.04614150001368,16.5340530726569,14.370687616983,13.4082705190661,14.6087839070171,13.7191995691478,13.7897535011681,11.3852786580258,13.7355243623809,12.2503988277209
2011-10-15,12.9417177668114,9.39138695807203,9.00034389955045,6.2793798451867,10.0357864341599,9.29427213144276,8.82106553110407,6.93637297350851,7.54029145014829,6.41971411905888,7.68909143993072,8.95363559028781,9.00480680372388,9.71384508136021,10.295822338933,10.0049615024179,6.96717445958844,12.2887013213454,8.55847433054125,9.59093748256919,8.04376133211787,8.83475935991114,9.82353715480992,9.58724922236487,10.2761820896543,9.78747987679121,8.91659327307397,8.97704606379874,9.30801103913949,9.37154226158716,6.69082651652061,9.18465101082759,9.28252485542773
2011-10-16,11.12769915424,7.30972284230679,7.2312084320745,7.4723351400128,7.90812805841907,8.2215504566211,7.20258065549162,7.61116753003729,7.2119296889683,6.80829972399679,7.75858929052615,10.1640898500454,8.83072444484755,11.866126908894,9.49962866865712,7.90839508173149,6.40598635199532,10.6339117510505,8.01922252302951,8.02730118578164,8.4061826570468,7.79646378366423,7.74262449073496,8.53422258385202,8.39916651785518,7.76846638380644,7.47491487137951,7.06776489625426,7.42048614527008,7.56176434576413,7.38755174941397,7.33675369773298,8.87687727585747
2011-10-17,10.915472778177,9.3388060911499,7.01308653969334,8.4355215246478,9.04574060753519,7.56014903077971,6.72947729065359,8.29091299029233,6.48061813385293,6.76962536367874,7.54154072527409,9.54458510552609,8.38665130084748,10.9750233984543,9.65501226285707,9.59500795810537,6.20340187343497,10.8050961233442,7.89727344953224,8.93758027042796,7.86357773116005,7.53795503646975,9.68727444221563,7.43236509697529,6.40833282213471,8.74308447447781,6.86009614996036,7.71148556810117,8.41716799970825,8.40506740193199,7.70761498950787,7.62769919210859,8.32327813519709
2011-10-18,14.8887457546749,9.8755149854213,8.57187238436325,6.86568346092398,11.3090073855612,8.92320180791442,8.55207421722135,7.64780433081918,6.63051639266091,6.60578374941991,7.21098326343455,9.75490691937244,9.38656269914036,10.5987740701764,11.7182817811724,10.8287377739904,7.40446879039449,13.9356058614976,9.11257840589791,10.9540689687613,8.64017016952555,9.03901271105375,10.2366876897253,7.02532636966155,7.41450402355457,10.8377472991206,8.58891605299182,8.29306101201792,10.4764434587608,10.5472973486894,7.09413267728799,9.57035320983425,9.3854263746693
2011-10-19,14.339978168688,10.5047195069277,8.50182718433074,6.51717019588989,10.2136105724357,8.83709010616791,8.27570391791726,7.32953675291373,6.64752875117863,6.60578155683595,7.06383877351326,9.81048741804881,9.1830107254435,10.8014403889043,11.2713844634954,11.007238567355,7.30948211753314,13.6306038610227,8.76228554636733,9.94620137948562,8.67854727790976,8.66216487725753,10.9802536565217,6.72456480252213,8.66569221499381,10.1895825149499,8.37395790320331,9.10988179530676,9.34798421981558,9.52075445451366,6.96221270323239,8.85289640183505,9.23078114030902
2011-10-20,17.6248551270485,13.5235829535344,11.6150859795609,8.8069182987511,12.3298145606221,11.8267460113426,11.2501951647768,9.53156863163477,7.85000768092866,8.19133478020954,8.77489706520889,12.0108268180051,11.7031505938328,13.4278794102264,13.9889427192859,13.8478270265399,8.76820514301036,16.7941682217063,10.8056455022905,11.7677834337193,10.5247695558069,11.1808035182961,13.9759383979945,7.80590206005409,13.0061707858418,12.7944572036428,11.3769806313845,12.6277490995708,10.9713094992404,11.210456370734,8.97718540064631,11.3335134383423,12.0228685109003
2011-10-21,15.5264216119035,12.408465715326,10.3789322169577,9.20170454930226,11.4880236931915,10.3867085376819,8.91909980024912,9.60702450301662,7.70366037479459,8.18917197410774,8.69514321047602,10.0960626313701,9.60487122426324,10.8460481654091,12.8643008153831,12.7331449327876,8.21017016122675,15.0057283112032,9.37959276113595,11.3026779452726,9.14032796222335,9.22144027061336,12.8155982272046,7.73629077707709,15.2728009400806,11.5226604311082,9.11804631345612,12.0824501874079,10.4881534992744,10.6355651692548,9.01874252380057,9.68590587249883,10.0469608387531
2011-10-22,17.031001582211,14.1154966901558,13.215526019799,10.0737936136324,14.5547689321563,12.8249043532919,12.4982196846472,10.6723963326777,8.13972488799803,9.1775771388736,9.11654148452267,10.3630645225279,11.5237719245255,10.2151688896617,14.2122711067282,14.661571996047,10.2655117424461,16.4591866887242,11.520806226481,13.8734819943511,10.2446881196564,12.097592822062,14.5320363619023,7.13295643499945,15.8793747812089,14.1782154770711,12.4727029682251,13.7268005845807,13.641647808367,13.6197529459159,9.86568624627159,13.2221830114165,12.0715687777423
2011-10-23,17.1500547116939,13.8721194365001,13.2152247440109,10.3889860404464,14.1095941137878,13.9416763052834,12.1668154656818,11.1330633604808,9.5281477578322,10.3139297759586,10.0562895200845,14.9583916840107,13.7316138516091,16.4231807570197,14.5397997533691,14.4219160845736,11.3150229709738,16.5807530893305,13.1824382091271,13.8627918892591,13.3048420308933,12.8333918911304,14.3497998994909,8.23426615505868,17.7759926069704,13.8084765739567,12.5011171923701,13.9956572807246,13.4779803667411,13.567714202286,10.6356261594614,12.7822439882436,14.0604195198087
2011-10-24,19.8639162220188,17.3899849439926,15.1472778721463,13.4324216567806,17.7895912100665,14.6680212686481,13.4441591309552,14.0298146025914,9.68299684652438,12.2321875765607,10.9799281145442,13.2465827778815,13.5278083155674,12.8605662841882,17.3405531626215,17.9526243351188,13.4277647319899,19.3800178002445,14.1140693460738,17.4449581832816,13.200903388617,13.8323264182101,17.6875561311868,6.16124460000148,19.3654991210019,17.1239559823392,13.4813053261015,16.5767030170022,17.0569238816082,17.0058296965828,12.9716099598173,15.1350180242068,13.9400967309301
2011-10-25,16.7808420027194,15.2934944896611,12.6109568386255,8.81325421578528,13.9463169741363,11.834648074501,11.6915105462888,9.52500886389127,7.57112339658834,8.10968963309806,8.44291731615379,9.25303258249572,10.5343470659471,9.08730043163939,13.5681573060599,15.3683253877322,9.18704520287351,16.3418669383681,10.5027516408505,13.0011822586528,9.15867629487489,11.1624986423711,15.6713666569026,7.32580933370487,14.7436526846215,13.9963084117233,11.5919438034265,14.1943984622448,12.7000737503747,12.7106823511866,8.7755805903772,12.4189810615608,11.0835667511328
2011-10-26,18.5666131363266,16.9009309204893,14.1063157824454,6.76657341702137,15.1670360926987,13.2722744393499,12.942879591678,8.10966857800589,7.25738895733194,7.08343689041785,7.68982047728064,10.1662553401533,11.615129401229,10.3160695801824,14.0186056306517,16.9395068986237,9.16556693053192,17.8639286757385,11.3167668226226,13.6733403223112,9.73620815317142,12.2262956311444,17.3063263956923,7.51896657729254,17.3789108201394,15.3717153382766,12.8762051424807,16.0194131118733,13.5675199787257,13.5868121460092,7.40971514048276,13.5853714494405,12.3728469995224
2011-10-27,16.5808508666446,13.5025598264889,10.8201176137195,9.05730485503378,11.5783287374005,10.5724348551265,8.8464041868111,9.57610462514677,7.35749172391647,8.04270797665567,8.46868699291066,10.156740682571,9.54741053057365,11.0139817136085,13.4338491897559,13.6164432918261,8.07830069887004,15.9154297660126,9.25120526284617,11.2814279398871,9.12399156562761,9.07858674603919,13.7501781033618,7.00915635631821,17.0054849592129,12.0604371734006,9.06562664014464,13.3413759565498,10.2498135467504,10.4811114810118,8.95760173727881,9.54586142556691,10.0947239129745
2011-10-28,14.5685327568508,11.992206824991,11.2159531431651,8.69398337477452,11.525371221353,11.0321531619387,10.8871715118885,9.10664626473893,7.40149942230272,7.85848654204615,8.24863020353527,9.09068759398041,10.0071431926424,9.3499786916917,12.0913786716898,12.2862099091823,8.39955577711908,14.1320212060733,9.62761408426828,10.9825123525645,8.73125734959356,10.3328854759403,12.4750269120137,7.34727580128129,13.4030631340924,11.5588306543571,10.901424525016,11.7642611220316,10.6090811901728,10.6843312229601,8.55026218959668,10.9583103935187,10.5028847092488
2011-10-29,14.4978693765762,12.4311382937073,9.70536503265828,10.350844976999,9.48480055315606,10.3201568876678,8.37194062649643,10.3441557555089,7.6702951596447,8.74401807537628,8.99772247654205,11.5546062531237,10.0040648355333,13.2790775993206,12.5208388276805,12.275582766213,7.94735332780582,14.4828912383453,9.20369325008558,9.73307221702562,9.81657811961179,8.86527121322372,13.2220468138981,7.01802121722218,15.7050788908975,9.94400587637282,8.76558759716978,12.1858143094797,8.56118583879287,8.85193904124624,9.8498780765915,8.43150118538383,10.3923059463677
2011-10-30,17.922212049046,17.7929556971897,14.0484331040141,13.4000099162709,12.7260303209444,14.8738209427952,11.976107980175,13.5466278148873,10.8392010392455,12.22365763675,12.0182773192628,17.1564021240431,14.5741375912357,19.7369736819413,15.877704447015,17.0430817260945,11.6863075864886,18.1764082746971,13.3857695599666,12.8698912466878,14.6337168810704,12.7468528584711,18.6026964857057,9.22155996056347,22.8716577619353,13.6766678814986,12.5625931349508,17.9797953660103,11.6720364140482,12.0287251749539,13.1452762107615,11.7675494055469,15.0689475883114
2011-10-31,20.3265141366234,18.1870820129882,15.5795731111184,10.8054906522751,17.0668157314048,15.8001547331747,14.4268877466039,12.0207532545029,9.95985815657441,11.2346840766337,10.4243584840042,16.4551570716446,15.6096628190152,17.6531455202202,16.7780919059068,18.3995991669915,13.1751850031631,19.7350553900944,15.1910265980416,16.3634487486056,15.0151196090819,14.9564333882772,18.6225599289371,7.38359250337037,18.7419207291046,17.0280580682618,14.6216747760893,17.2355567657035,16.0815067649807,16.1708776180644,11.3859945132137,15.2868452661567,15.9017206765662
2011-11-01,17.142724017441,15.7318588458947,14.1376926294337,13.3158196456893,14.8117876117848,13.8651746063716,12.3912848450172,13.3898510119641,8.8963025266546,11.3743077805174,10.4746114966589,12.1539313371669,12.3397352063919,12.2792585921435,15.4125730676529,15.8827376165101,11.6577202635912,17.0252322589783,12.4126752254028,14.6069900825237,11.7794141164009,12.4255006426209,16.1586868477407,6.05415357401014,20.5862013169959,14.6038716633846,12.5564381743285,15.9770401943377,14.0518636275061,14.0694335801865,12.4384123832374,13.1990966772002,12.9780693512263
2011-11-02,16.9908231524814,13.669460734128,10.1694288660877,9.99427473361571,11.1028721125142,10.2376785198482,8.54385520274241,10.1989385133834,6.68116413583456,7.92333079822483,8.41933966693389,10.1151481884341,9.41066876325778,11.3285996254686,13.8428740087037,13.7628664917911,7.4179371163031,16.6158863321136,8.87474194947459,11.0054888489766,8.73071174822741,8.79923431592568,14.4048012679172,6.18481581174051,15.9169243278555,11.4527794041972,8.80171067769963,12.8379495619065,9.70615134467263,9.96752541588684,9.35868665717232,9.16065787533486,9.94819429608856
2011-11-03,18.1685819961965,17.2003953594333,14.0704611124041,8.36571473403045,15.835362452966,13.6018233700637,13.1139446225322,9.44638431877217,7.73667759295116,8.21711379049163,8.37369613720727,12.1462396621458,12.7968797652266,12.7464233823983,14.3792886228159,17.2425870487431,10.1087565624753,17.6690901604671,12.461522047586,14.5128034337409,11.2022590711083,12.9572076611497,17.5525042918544,7.18737227071295,15.6615055257405,15.7873305122723,13.0823108278229,15.7579384243029,14.4832777271619,14.4266516401834,8.63595004463305,14.071705327492,13.2867370923095
2011-11-04,16.1362827833828,14.3925617539184,12.3038307518392,9.03734333457403,13.8557523431839,11.6383878467939,10.945450853338,9.63021841393787,7.62055495060778,8.14132090917987,8.52519024238991,8.78396732993002,9.96483094201528,8.43068158798345,13.2619041756258,14.6836546551919,9.03906550541923,15.7725470543799,10.1770674163755,13.1039132193018,8.79370069602149,10.6196415240641,14.8500436005828,7.58765080230028,16.5237153629703,13.4907761644051,10.925110479101,13.8134130206849,12.8381421337207,12.7872823431852,8.83695005781991,12.0006582755073,10.6220061998204
2011-11-05,10.8681533535485,10.9503840102902,7.8918306649042,10.2566449571348,7.93412273337878,8.32107491118306,6.25118047814625,9.71484228515731,6.81296368467,7.86752232258999,8.31996301164907,9.76366503343187,8.09781143583992,11.3723046699844,10.1718275220068,10.5321285857715,6.40734803543962,11.2276264227375,7.50456843990983,8.18359299723685,8.0444793595439,6.96131454863461,11.452286900333,6.86951565574827,13.617567884172,8.26807110835183,6.60935708792894,10.6540667871437,7.18440445570206,7.32267463756473,9.15439615012172,6.66688960587525,8.43136924011053
2011-11-06,18.6636630555394,16.5642176639231,15.2694483492669,12.7667306993953,16.8792467294236,16.7090512514922,14.0055050503896,13.0382341938608,9.3555093148969,10.8019877180178,10.8655587416139,19.2689528179711,17.0585454225321,22.4984856344059,16.1111009811652,17.0723278049984,11.5497310360345,18.4063489251568,15.7129458506293,16.1495409514913,15.6072509897269,15.287236681815,17.1726798305986,8.54272403344392,20.0448823752549,16.1432628095171,14.5237437963219,16.2869814366612,15.9335126456253,15.795625515687,11.9211338630098,15.1209516669918,17.4997013405648
2011-11-07,13.531655394669,11.9333333637664,9.01040823390968,6.68493926991639,9.65560973921361,9.38500259119965,7.6381748226949,7.52036068361319,7.51316615357162,7.35307367300809,7.57102081665077,11.2616818342916,9.53171689605826,12.6593952048625,10.949459786522,11.8277784328969,7.89983707035731,13.1588792445037,9.08823130967817,9.5364414048509,9.78274376753736,8.42374239595995,12.2980764114646,7.26946169974463,13.1326893621606,10.069502930418,7.93416840101066,11.2845041574524,8.86272116340542,9.09917087937006,7.40629791432229,8.1414012745493,9.67668490159501
2011-11-08,9.63564267878098,6.57429358658186,6.06712566849816,5.65034615063281,6.90218292590803,5.99606815660865,5.17549598485236,5.85955895390128,6.90152089059375,5.33830842561252,7.10530752784772,5.37495508449354,5.32905726859514,5.59521207073693,7.92589028525282,7.04218036991427,4.75745842903705,9.09268664866443,5.30444967097961,6.85224496802719,5.01433815702689,5.27165438405314,6.73042995958101,10.0944945070194,9.19480520646808,6.83014697659021,5.27459020494672,6.66165531542407,6.28459732984907,6.38006564307751,5.76631816947996,5.70676177273297,5.63779768584017
2011-11-09,14.602225000596,11.7974143278123,10.5824346022876,11.3553939474181,12.1056653458866,10.9313702291102,9.37783759121204,11.3633050131221,10.73574066794,10.2183412264273,11.4636582540304,11.6785977541016,10.7042563589812,12.5665340018515,13.1062687565828,12.2968706959587,9.49680512166785,14.2460324939256,10.5644210282487,12.194484874692,10.5375681429378,10.0881167134837,12.0849980491023,12.7175043754917,14.3352601273349,11.7437673134176,9.60570073826946,11.5270484339701,11.5348495950836,11.578422359365,10.9714742082969,10.3620368790635,10.9435445257166
2011-11-10,14.9057593169014,12.9100516994786,9.71611658809388,11.9195280070364,10.173189205708,9.96280282305245,8.00273182817175,11.4518248802723,7.64981066251308,8.90205722700625,9.6737466702997,11.0538682507393,9.62648385377666,12.8418327086568,13.1360385259402,12.749263335946,7.3297812005391,14.7683689756806,8.85605353488671,10.242035410649,9.12415069574415,8.54359522465328,13.2891748306932,7.89026457786573,15.1363673815779,10.7358137733226,8.32296878125996,12.4392976453447,8.88948715884124,9.10418167508543,10.6419630640611,8.49546132493167,10.0532179588838
2011-11-11,18.8435485509668,16.7219872214728,13.2667170657601,15.5319687430013,13.6322131185641,12.7046427062576,11.0932999503872,14.9514056564789,9.59413813321201,11.7350082990909,12.1753095539442,11.3861264155612,11.2420330981373,12.1017864433127,16.8330457968151,16.5099268020729,10.0889885551321,18.6433220519287,10.9064713500369,13.5983952522601,10.4996520373407,11.0070477320128,17.0286394542404,8.86437859451834,20.098969836532,14.3353484132628,11.2691414588373,16.4777631333607,12.0781151794334,12.300372288221,13.8600484154359,11.6713691687545,11.9500264587307
2011-11-12,18.4888159420528,16.5028001034005,13.3578857413719,14.7210937253758,14.1859467058855,13.1571968333997,11.2221776165685,14.3689102018352,9.03683646116676,11.4099670064018,11.3815820736833,12.807571801165,12.1102766965349,13.9111915187135,16.4521541164544,16.4415265225514,10.4153489196243,18.2685112369726,11.7191483104089,14.0660243309548,11.4594941108081,11.5463515758668,16.803712964452,7.50696355876864,19.8846646812283,14.5545753714642,11.466560871442,16.2145003714533,12.8312694705331,12.9745305336811,13.2495806551844,12.0682572586236,12.717080990754
2011-11-13,19.178990936721,16.247921292686,15.6474353138902,16.3734600721084,16.3118754931002,16.2596068694342,14.4343042772859,16.2240084285297,10.6862207714604,13.8945209677911,12.6154984753592,16.8555027166353,15.7945848828419,18.182586670715,17.7496992231226,16.709196144545,13.8651792517105,18.9144404531867,15.3001619402014,16.4182835467143,15.3367944529299,15.0055387466611,16.7000169132603,6.91292241193,20.9012065817063,16.0295188877973,14.7658034694579,16.5963855758198,15.6901956260899,15.7585645264767,15.1951421520153,15.0271407448343,16.2014760029163
2011-11-14,15.8433041813842,13.9101392776628,10.6761915468401,9.05001057895178,11.8413967288353,12.0006435474072,9.29331766977764,9.60742251781705,8.35866167914751,8.52565226040516,9.07621245061991,16.4028536395721,13.1358705208738,19.7326860602668,13.075880292472,13.9170967012705,8.72035972114163,15.5069827728825,11.8290095088571,11.5735285915399,12.8713798461781,10.8541634672014,14.3904901050517,8.56156590677441,14.65508773236,12.0552611318704,9.82556987307017,12.9393423825838,10.8042433968199,10.9713252432422,9.14429703434827,10.0377307840107,13.2244613789241
2011-11-15,15.1647316248492,15.1993032572878,11.7200935858911,8.2270011873386,11.9734954657758,12.0576172320082,10.1317939166475,8.94678415762242,7.71543214476486,8.16522259404675,8.22165280789923,13.9282067285943,12.1519205525094,16.0433484535674,12.4409842709609,14.7288483843648,8.94669115334594,14.9398590242676,11.2372406923957,11.3086598085489,11.6787264079281,10.8283733139073,15.4371442685827,7.00797960275155,16.0886872311228,12.6221561157868,10.4532844321793,14.5720104614344,10.8063336501837,10.9511291988122,8.53093246514543,10.5565630332146,12.4619417340019
2011-11-16,13.1496264520124,11.6749890976713,8.78035536974709,8.37991749183052,10.6097243357105,8.13905219417565,7.22605060031819,8.69662985985384,7.12412228092922,7.52775739885484,7.90042416364105,6.74195511563014,7.06012598084829,6.22741319895899,11.1795009832852,11.8236452552366,7.52607961287241,12.9229487421227,7.59851174922064,10.4847796021079,6.97313071290429,7.3906024666828,11.9932094466367,7.18902191116405,12.6090492144722,10.4233851007017,7.22880101186182,10.7399652482559,9.87158679953515,9.92123066520831,8.15979432460402,8.44250506529745,7.4112615120435
2011-11-17,14.3421475567073,12.0343073937137,13.8162336274858,8.90219019936863,12.4810220820609,13.2076855047533,14.7314003069197,9.06933311465514,6.63770990256136,7.2144125861394,7.89619069958182,8.34712366670348,11.4511342668714,8.48187348031487,11.8201098210959,12.3097930704862,8.17482539750741,13.715035068284,10.4046233793578,10.9963470544346,8.22441604254565,12.7052744401546,12.2347456521969,7.12532292860353,13.2067496533759,12.8325444891529,14.5099138302173,12.731562328198,11.1627921427098,11.0986951252606,8.26734987123922,13.6803229512135,12.2963703957077
2011-11-18,15.6541998044007,13.7879955832759,10.9590083958731,10.7839498086894,12.5821163407328,10.1683462513845,9.14886980573406,10.6613613305818,7.22065514972295,8.07604146219139,9.04312415335562,7.55113292049308,8.45585154996638,7.4673947771607,13.2854108020318,13.9525524235421,7.50022380928599,15.3807700042296,8.57519373463954,12.0654891334908,7.26447422253344,8.92295039539898,14.116875668106,8.06584366076079,15.9838044411344,12.4764277553068,9.15841565709287,13.1383553021762,11.2672665448527,11.2541026776975,9.62476119045729,10.3320911302642,9.17043787612245
2011-11-19,19.6881061715257,17.8723851643728,16.4257522806344,15.3633361961488,18.2389036925086,15.4971886664954,15.0871864370423,15.2371702369942,9.28229580798884,12.1274308313874,11.5663503135711,11.4931366590585,13.4204927529066,10.8432892054361,17.5746028444407,18.3121299613357,12.547983196297,19.4078545945169,13.7144383726123,17.4596135903296,11.7021572788854,14.4889808414149,18.1760875738843,6.96288408841155,20.3114031168911,17.6549575757208,14.9787570947956,17.4838939012254,17.1282393643868,16.9518450579109,13.7659610483028,16.3214603593609,14.2178870325303
2011-11-20,16.7075864400817,13.9827748109879,13.7422081867699,10.5858009309792,14.8818609886043,13.6540232808205,12.7976173676755,10.9130409578034,8.47825805232209,9.02605255862299,9.67174377627308,11.4780931425528,12.3064605158714,12.0695615833619,14.0756961784005,14.5852023068199,9.73089089486756,16.1745501772076,11.9218009895014,14.0026381923249,10.5452867911136,12.5429935728072,14.3353232001585,8.9697907740101,17.5781276872179,14.3643044222864,12.8848590207893,14.138196776846,13.8624666980833,13.7440219974616,9.99350900993036,13.5703914353523,13.009564174834
2011-11-21,13.9430358387635,9.55472619768831,8.66575009693069,6.52369222666381,10.4605755858593,9.30104235849608,7.59363267755105,7.31020554590616,6.96637298017446,6.63250826335791,7.28527950516592,10.6343788538911,9.32677632274692,11.9439694001505,11.0694624020187,10.3520125468591,7.25039905132477,13.1217376951478,8.97566808801121,10.2955007489319,9.07033933608074,8.45097400309916,9.90466749958179,7.5942797598536,12.2471817299867,10.0593371781828,7.8800904292593,9.25024466933572,9.76472199031543,9.86642826146402,6.93207928928016,8.5881360562777,9.5373616589539
2011-11-22,15.1589898836171,13.4715668043819,11.257785368191,8.36624115896283,11.6243568721738,11.4235004219273,9.88037057740853,8.95753532210664,7.9293260938919,7.99541100270108,8.54566708555009,12.3005928922582,11.186302977392,13.9474167978879,12.4015774133312,13.4003139150272,8.42801571509573,14.6198852431859,10.4201092888051,11.0316993308053,10.5188950343478,10.2732696106583,13.5850710622098,8.19055033165202,15.2782525432156,12.1533716616145,10.1278662479044,13.250840522891,10.4409057637339,10.588471456221,8.53229663744347,10.2723042871828,11.5618822515359
2011-11-23,14.70591036972,12.842593957142,11.6804035280486,8.45109101881386,12.1856086430593,11.3911174663528,10.811734169319,9.01818697545524,7.89923782629381,8.05526105441969,8.47700589796922,9.86075466103594,10.3813208193639,10.2108120859839,12.183542184372,13.0208846037977,8.80338210062179,14.2251225757499,10.1079532586116,11.5195412255901,9.34973673766265,10.5266728772578,13.0899081572188,8.04861137840629,14.7519811899949,12.2763458511942,10.8594978345429,12.7260771836857,11.239852391664,11.2836706245229,8.52717240641339,11.1823737138363,10.8758113967114
2011-11-24,12.9101792854643,10.7476078125916,8.82599867689996,7.28045818775292,9.90452834932807,8.60988009136321,7.7860726659512,7.66005245676756,6.65214561692916,6.53216176008446,7.36086994840668,7.75742616247372,7.85257857373665,8.1531462472553,10.55262293669,10.9583973347293,6.63808981803976,12.4976923109532,7.706417485621,9.52495977433026,7.16387141112887,7.81390781811184,11.0675295061786,7.59196103069545,11.9127734027838,9.92558644733054,7.86066336016902,10.1855374308353,8.97922063201803,9.05540313314432,7.18556432781677,8.4465394694005,8.24282679387648
2011-11-25,15.1603677819546,12.4454081619425,10.6265205421468,6.95890194764653,11.2863490772773,9.81056473003031,9.64345007706439,7.75139339108733,6.96478760651766,6.82040616663405,7.49932788566105,6.94442083633284,8.25657398107669,6.52302594774528,11.8876362950493,12.6399523523812,7.60870140407523,14.4890571327258,8.29567462538982,10.6115982616071,7.22894415768849,8.94903544182261,12.7591816749366,7.44452413288069,13.888932897294,11.5772794925147,9.57350186278033,12.0413308075381,10.0993982660075,10.237961536941,7.2981886228038,10.0228459080158,8.84142465172732
2011-11-26,14.0419253674443,13.8517604493825,11.1131317210093,9.68130505601673,11.1883301776924,10.6325378293354,9.67178405397448,9.99479559211041,8.85737649571055,9.18277289796186,9.44910370936357,9.8298011100284,9.72108233423789,10.0841995296504,12.225041027696,13.4796120955955,9.19185321817518,13.9233590410052,9.63526874168443,10.903043661699,9.49656811601021,9.61677661758479,14.0508407912932,8.70429336221333,15.397445118439,11.7415897478374,9.76062493013668,13.5374590713593,10.2946107598764,10.4436505818771,9.67782731585398,10.001599555982,10.1207346571737
2011-11-27,20.1611021577858,18.2785665318122,17.4696583510768,15.9797473543516,18.3630901411054,17.3118876290464,16.799680296238,15.9059599081567,10.2642435513414,13.130688577142,12.36406683393,15.3442077138473,16.2118087941711,15.9979400152041,18.1256115445816,18.6154051160523,13.6982327670449,19.8676840736818,15.7166597237005,17.5901349354334,14.4080186258802,16.4364202335099,18.6230152519175,7.53123116950114,20.0253181875579,18.0856605453065,16.8371116688639,18.058205193693,17.3007540681993,17.2006090893074,14.6082896097107,17.3478708402313,16.8293496938326
2011-11-28,14.754208818408,11.9135281759827,10.8140766238534,10.318522451469,11.2371065265323,11.1911237523544,9.79444708379221,10.327071572909,7.49977813251298,8.43775313028338,8.90543737680938,11.0817600713667,10.5487028053021,12.4058564400396,12.6604408567442,12.2224204287098,8.1227706453339,14.415434562595,9.86787103962213,11.0207226488494,9.59914634442662,9.97485157294983,12.4084430140133,7.42036284599141,15.3459615374871,11.2336696903717,10.050391054164,11.9761353503111,10.2851658739442,10.3837444723499,9.60222890397593,10.1454585380087,11.0450543225475
2011-11-29,19.2979163085877,20.2755109873984,13.4429786157625,15.2883309035401,14.1850105861262,12.5267065243792,10.4327891467759,14.8625435736102,9.39169702752135,11.7126807704186,11.9130161539746,11.5703908461208,11.0142426774111,12.2344135450035,17.0969424056916,19.2866552089976,10.2289470097036,19.664134274603,10.9066304663552,14.0313161988639,10.6621328809057,10.6351802217196,20.7948397841183,8.15669944364788,21.5029029604399,15.1381193999503,10.6127495234043,18.8849403823687,12.4457517942712,12.6721244670807,13.7417359941571,11.4504129431043,11.7179243672753
2011-11-30,21.0878621227473,20.6385055517625,15.0276836772386,17.4351701639512,15.3616899879496,14.2676572998716,12.3533950900511,16.6651862984083,9.59512452433981,12.586494030841,12.8776912602773,13.3793995942711,12.8912024008308,14.7433863416442,18.7665717964781,19.8643851321854,10.7081863847584,21.1139281245168,12.2166264621032,15.012343761115,11.801453461454,12.334459894285,20.9067056022562,8.19690866412064,22.2152999251892,16.5482867964268,12.5469301057871,19.7257027743703,13.2649961431408,13.4977397701558,15.241852031925,13.0179925670445,13.6823611012699
2011-12-01,21.3250284068261,18.8591503235714,16.6005012883903,14.3643499379145,18.5467856735115,16.0066446619317,15.4519777458154,14.4445300188185,9.97383972307872,11.3284386156013,12.1142567897586,13.4275972397166,14.6415943536736,14.067662538388,18.1082567629345,19.2314463550783,11.6139655476574,20.764065670131,14.1935491748846,17.3653588990469,12.3463489751767,15.0427721663563,19.1192488343381,10.2563331860599,19.1275630006076,18.3445296033723,15.4110773684009,17.8958683112367,16.881833399125,16.7639504487604,13.0610054276483,16.5559444280041,15.3892593479406
2011-12-02,17.673515645346,15.6214895290969,12.4188963214672,12.9842374482762,15.1601574321911,11.6553448728103,10.5229124396428,12.9289034731595,8.61444545494895,10.2754946626464,10.5122128372003,9.53778634327855,10.2130486383054,9.13378641519492,15.4700209582923,15.993492078293,9.99295224317632,17.4158923895183,10.7361247570034,14.833414432864,9.46264953204296,10.6955140977091,15.9676909182059,7.99933246093968,16.8176083132591,14.636936037631,10.5098305577854,14.4522154421396,14.0896846992383,14.0224358115396,11.7519524307042,12.2906446097694,10.760450866394
2011-12-03,17.4930905476526,16.753562064815,15.6077243937233,15.42406216095,17.0267582832845,14.8807615372642,14.3412626891994,15.1331681159114,10.3148596550174,12.6153023291541,12.1750559318972,11.803187100702,13.1894836804269,11.2639979835837,16.3218959843326,17.0268957080854,12.6970303492388,17.4375732661673,13.5084433594953,16.4875069089974,11.9643828723483,13.9893944406376,16.9528614625215,8.59754924673093,19.2845501019912,16.4736791935345,14.2803701385792,16.5959935074111,16.2678722825324,16.0826692504065,13.9588542313591,15.4354301446949,13.8298046001745
2011-12-04,16.3638317835911,14.9014649746939,15.3644915986309,11.5206240467821,14.9005202129342,14.7872391864083,14.9655842383684,11.5761049501628,9.19677923710179,9.57827427257894,10.5133620694771,10.8116402744901,12.9005976320676,11.0995420359316,14.0833362053249,15.0906948950155,10.073580210524,15.9386990002219,12.211141223843,13.6392765316165,10.3508713022985,13.7201667355416,15.0718473582563,10.2859124508833,18.0812965039721,14.9823415210573,14.8981728562255,15.5777829193178,13.6394155902765,13.5238795473091,10.7101595864201,14.813217621228,13.7939748332
2011-12-05,14.9314249622091,15.2826991445678,12.9847316215751,9.82795315242044,12.5666241712272,12.3092711657899,12.0558265596081,10.0679781575316,8.39793770147858,8.67830661864193,9.34078340936883,10.0918637177638,11.0424276992032,10.565530774016,12.6794390588269,14.8094610687221,8.99309151801169,14.7991171133226,10.487259170523,11.5938392095197,9.52507168754325,11.3197000531171,15.4686085463667,8.93596991510252,15.8983665545751,13.2319557326607,12.0362399415954,14.9965494697089,11.267616808577,11.3112872805486,9.49387129653735,12.0021440309381,11.6737411701126
2011-12-06,14.8602801497352,14.6170203646073,12.0562791750712,12.2003520798068,13.0948315932072,11.3453060503311,10.1637971078899,11.9666920795123,9.38628589725428,9.99753618077431,10.7782762408427,9.34289361067853,9.82929522649316,9.26580852431417,13.4537170731004,14.5102704770865,9.32564211247844,14.852883876614,10.0161710795207,12.7182234750313,9.10979858232268,10.1093006331451,14.7881261318914,10.2203041016723,17.3610794341105,13.0710148813085,10.2131691558152,14.3575480193349,12.1222196427394,12.0816617666639,11.1915093450872,11.1929863776906,10.4443224550101
2011-12-07,16.2017152450693,14.3394830597004,11.642671592595,10.3810519969859,13.9652618977269,10.8717597782245,9.87572229023683,10.721731052082,8.64661912989868,9.05217619941712,9.69927239564842,8.5607262892614,9.35786222056152,8.00091845108779,13.7622362772065,14.6889599640749,9.26318902293418,15.86072319146,9.90703224989999,13.5166081410625,8.70067652861945,9.92532534515668,14.6610869466318,9.18147260135484,16.0752156855603,13.493923837841,9.85560501538497,13.4710218178293,13.0230681022057,12.9696081118337,9.9180591070485,11.4245752472883,9.9019003439065
2011-12-08,15.4798805362651,16.2607260118666,13.4737332755844,13.4826910456271,13.2857229478889,12.7569316475544,11.650177863483,13.2307198736579,11.2341256570507,11.6884732255559,12.3892495354443,10.8141812576239,11.1931771387365,10.8199636644279,14.3490061698463,15.7404879249695,10.8575782169276,15.6837076017764,11.1970363726549,13.017751081513,10.6709816239149,11.3739895997403,16.5004548696077,11.944542372226,19.3754569824861,13.7449441643406,11.7319346645823,16.2911844654257,12.3402582430371,12.4063100958357,12.7104782963508,12.0563800155485,11.8211373265143
2011-12-09,14.3765969820356,14.3548718875988,13.449529765667,15.2649516760868,13.5230369398233,13.0559179081055,12.2405097937496,14.6685384813514,11.6407713387843,12.9914584767127,12.9894536577978,11.3956299146029,11.8203976337229,11.1602507901475,14.3514651877033,14.2800679342249,12.0275867368304,14.5870601912259,11.9942166150345,13.602574668861,11.4882369780192,12.0903882058959,14.5297230689424,11.0915446520381,17.8675136720819,13.4557613781227,12.3060161070232,14.7556534998707,13.1155345503987,13.0921677925038,14.0634006454226,12.6720858528753,12.2783091532514
2011-12-10,20.6085040183835,15.517383896815,12.0388361106319,12.5304999026157,14.728941345644,11.5770140332936,9.93913421410968,13.1999797189641,11.1341602696612,11.8544447614892,12.1126412423365,11.1298753626443,10.6171263776547,10.7221734843467,17.3584700998256,16.1594026612414,11.6702638522367,19.7994760348013,11.3259782882285,15.1321900687573,11.2550384711044,10.5701922994032,15.9830350459061,10.4283283484974,17.6581518838865,14.6168994076633,10.063129173156,14.3786373398504,13.7698133237415,14.0614275684446,12.6362775936597,11.5259878984585,10.9036444916475
2011-12-11,9.42120811183305,11.8706823352153,12.6507267958604,11.5574364626784,11.1500617346226,12.5166861201505,11.743020972585,11.005507424801,9.40748994885987,9.98231991335471,10.1548059022627,10.6214154395872,11.1760384348684,11.0589643795428,9.99599822118417,11.4680826689044,9.71224066570482,9.87465731870288,10.7614552104416,10.5968913321385,10.0970131850374,11.2973776354282,11.8459721668159,9.73417262490049,17.2824713912956,11.1470915762042,11.8680293808316,13.4254672047668,10.8885636468217,10.6926013409719,10.5908853647963,11.5271962067595,11.8084292942711
2011-12-12,23.2155913554936,16.1999895683498,13.0987029032152,12.1202442163194,13.7602903185771,12.5228846698582,11.5293208005138,12.5534160771353,8.73577395009594,9.65359375364869,10.9385715334831,10.2214278095012,10.8159293741241,10.9067034739968,18.2728045031886,16.6580253764195,8.91608048164964,22.0146675186505,10.1969986485753,13.4839649295013,9.4588004760151,10.8812040792205,16.8455505567676,9.15445917217622,19.088302830863,14.7066676276477,11.6478621553317,15.6047395198711,11.5635394751616,12.0430166893526,11.5891998216264,11.744616184069,11.6379357179555
2011-12-13,11.4568231991038,13.137730578186,11.2539358875258,8.36981520781131,10.7687534624914,10.8603107628475,10.2082458301994,8.87197186312091,9.55088836795784,9.16671224520509,9.25148305422021,10.6306205284167,10.3769054286918,10.9239638859593,10.3838238080628,12.5471055833345,9.80486117701619,11.4711701180423,10.2513165220969,10.2776735267694,10.3197185029527,10.1900828812566,13.0445938853506,9.61203476946355,13.9604948590828,11.352979854733,10.2661796650594,13.1420329355887,10.2566060293108,10.3124554715733,8.92193739162049,10.2711718099882,10.6084431846562
2011-12-14,11.7641945128521,10.4559467935566,10.0107673666403,10.1936613230618,10.4147033456925,9.98090469287502,8.95883829872207,10.4134217320842,10.4329720545687,10.4563189277894,10.4076060594369,10.066289300875,9.51412251180482,9.87955358239507,11.2153040797669,10.651908563492,10.3579774153452,11.5687334844619,9.8751468099732,10.7530497640293,10.1901953310635,9.34844571856288,10.5295631573104,10.16066333215,13.6904116807431,10.3264299257676,9.09275760018748,10.8391996664193,10.3855502581988,10.4826807110849,10.4266344010323,9.44505422895469,9.63390856174695
2011-12-15,13.4142955843421,12.9369004541008,11.4608930240775,9.88219581268487,12.3790457991561,10.9831490347808,10.3124567998756,10.4036102481527,9.83434024805914,10.2685020362666,9.87375784337771,9.89921264250058,10.1209603721374,9.25696872628483,12.1765039255002,12.9985861874853,10.9632103834501,13.2568167785044,10.6720229022746,12.2808953262872,10.3828939070491,10.4256928092315,13.0779033791517,8.76567253363391,14.6654886012691,12.2222310942576,10.3215222912217,12.7148451331149,12.1213679658765,12.1466053138552,10.199263630812,11.073109686944,10.3476831050203
2011-12-16,15.3982710837633,14.669348549043,13.6604102117374,12.7864373771936,15.13527143982,13.0211447538882,12.2798829963867,13.2287467642005,11.3571876392169,12.8530381712683,11.6356093973564,11.5416021557881,11.9499321443712,10.3431175216664,14.5553813719033,14.9534239884091,13.7241303162425,15.1998323197209,12.9308303552324,15.1852342687715,12.4992964181732,12.5065382822065,14.6815362245336,8.61762334206396,17.247757298225,14.6499185669956,12.2534695856795,14.6261257052292,15.0975865777372,15.057091126692,12.8324364112343,13.4413601003085,12.1628073440788
2011-12-17,17.1358336309211,15.5853873266174,14.9968398344402,11.501694656088,16.2989230246652,14.0886947609426,13.9893505626316,11.9778244150601,10.1373237883278,10.6498147141209,10.9072845160432,10.3351999095023,12.232038224263,9.48043223187195,14.8602251222013,16.0055803961417,11.7030665882175,16.6679895141438,12.5914703530338,15.3973170754448,10.8566926201846,13.3274710329795,15.7098819879816,10.0935068497472,17.9761800983423,15.8445317981848,13.8535159252276,15.5483352359104,15.4617552921626,15.3142539683931,11.2157865334705,14.9014130739175,12.8932957606015
2011-12-18,11.7765315840351,9.62638846031609,10.3445820131077,8.21517271581403,10.1271255705176,10.4012465181713,9.81876522873591,8.63903177319257,8.96274062129072,8.55208254651683,8.93613265762831,9.23276507942508,9.51219067519166,9.28265687473821,10.4147063058268,9.99962740806266,8.99137191081974,11.3914438392997,9.42182346907194,9.98769235526484,9.1481828855148,9.62060704765556,9.8700718097711,9.47149772506583,13.7776995040272,10.0053376307566,9.92988634945888,10.428944790891,9.84582164301638,9.90925372139676,8.57001977527655,9.83258545873055,9.87742767101843
2011-12-19,11.0958786254208,10.2095231505142,8.89136320470146,6.50949442553645,9.27487542276903,8.81105711797832,7.73266447301261,7.0743117717398,7.24906698911512,6.92162819932179,7.24819633263719,8.76245639267878,8.28958060083639,9.22639174464346,9.37555935821611,10.2145334760735,7.45201020473769,10.7788070678505,8.19164777418002,8.97033269223991,8.18195003920249,7.9799815016289,10.3031318476807,7.55964251629087,12.4972713600902,9.42163542361548,7.87193435569484,10.2586234496767,8.715345855569,8.7887092692574,6.93960469783355,8.19111844078163,8.56821752499625
2011-12-20,12.7338295982907,13.1549613760263,10.890227932007,9.01600804247495,10.3131885587999,10.1270120785189,9.38482501445575,9.09875991212261,8.08965724679574,7.99185244649495,8.86040933580953,8.44743740580568,8.84982332642086,8.80130572969422,11.0283319729514,12.6154175886083,7.69663595512608,12.5679959772381,8.526363727288,9.66909890728706,8.02566438354443,8.92828282659445,13.0755182309886,9.1727941035116,15.2781929110651,11.1594899598705,9.42451124036387,13.3313815996305,9.13607636697502,9.23593439294421,8.72773576936997,9.45183648607597,9.43225015737179
2011-12-21,11.5027390181948,11.0206337802166,10.2295646806135,7.81849222469727,10.6975299434676,9.80487187437233,9.33461261473915,8.0678526565605,7.67651764437676,7.27531493474528,8.08705792586631,8.36153320520774,8.90765181083822,8.57781651813065,9.96052033753339,11.0618960913321,7.60783483525577,11.189555955099,8.75434183071858,9.98850661513743,7.95232333207794,9.1076803142815,10.94898959261,8.98122187247497,12.5866538594894,10.7453818421573,9.33561237219567,11.0972745042219,9.93588499404042,9.8702532146048,7.68426734056531,9.80110564923699,9.33704099047925
2011-12-22,14.6902625810004,14.7286797979257,12.5187363491915,11.8562841053906,12.427911644097,12.0573197880329,11.4777168808755,11.7371912458198,9.53152323886937,10.2022582856174,10.6887446592161,11.5070959752626,11.4975472450817,12.3227569516707,13.2472423627492,14.3159974304496,9.78095903146846,14.4997215330939,10.9708908163962,11.8520097023478,10.6062911511195,11.2748333717897,14.605577891126,9.72835729506003,14.7679262396927,13.176830062048,11.515730978293,14.4267333730559,11.2859496185553,11.3621720601332,11.1862285425195,11.6058919366304,11.8800661588231
2011-12-23,15.5679665637932,14.3863852112944,12.3703059244924,15.7628779208241,13.3102151975149,11.8344796059886,11.1408121704378,14.7424972530837,9.68765107254324,11.5120512187452,12.2035478383553,10.3070822578339,10.8102485633629,10.6812566385631,14.8853140671843,14.3924543553429,9.70451918442151,15.5457511066708,10.6074227712335,13.1370748850312,9.67855032916123,10.9579874561283,14.4542338172054,9.96912750175126,15.3606508235258,13.4493142719046,11.1518915017569,13.9491744884657,12.1868180567804,12.1656923107103,13.6174870209011,11.8508700155834,11.3230664731683
2011-12-24,13.9794981324809,15.5964199936321,13.7630705366819,11.1022244969703,12.425372904971,13.789027236665,12.460931590071,11.1200026963889,9.50067443655985,9.97555699006236,10.3404765105431,13.8919357607878,13.1860144373532,15.6701285833865,12.6069432276876,14.8547347863481,10.011698595452,14.0561818861126,12.1079678831777,11.6076188833394,12.0812964661165,12.3875207980413,15.6003909342193,9.61703826115732,18.3452952929998,13.2894668162407,12.7000665274183,16.1173404156121,11.3311979390354,11.376201692771,10.6835539300725,12.1758612359985,13.7370151450006
2011-12-25,16.1041099879629,15.5889483062355,15.9700042435593,11.1714415710712,14.6740146245417,16.22365539715,15.0728625702557,11.7382287612508,10.7088627361839,11.2410416239715,11.0162635576584,16.1415732337009,15.6224074091046,17.7618633783283,14.1793295789897,15.4501983548159,12.4048521874426,15.636733363991,14.5885700969367,13.7752308767333,14.507565971022,14.9437682227544,15.4652655734078,9.7346757122287,20.1285456162116,15.2294542616394,15.3177740144936,16.8591975749274,13.8145668415684,13.8528271469142,11.4078564679444,14.6949285769555,16.1487171340031
2011-12-26,16.5484091433497,17.3501142719135,15.7752961632696,13.6197635563119,15.1260898807245,14.875863318643,14.2573727879611,13.5673134164186,11.1235003771156,12.0108566369816,12.2607863349466,12.0804526144222,13.1100490543932,12.1010302755356,15.114035958324,16.8889015557932,12.0120489843599,16.4818003677123,12.8968004513709,14.3355219488056,11.9336713270616,13.5560438603345,17.2840100933283,10.9186881922046,20.682149433162,15.7029782114938,14.2583622564849,17.8935257271944,14.0246876835466,14.017285907984,12.9236359190723,14.3825823394801,13.848439508896
2011-12-27,16.3650030840023,16.6510789017455,12.388910209968,12.7280436187118,12.5026600811661,11.4508022254481,9.65464681360638,12.5722111558731,10.1175657824567,10.7452611601909,11.530586541069,10.8976726145464,10.2414566010574,11.5265213829009,14.5411102202347,15.9217295566065,9.58080613817261,16.1663813504239,10.1086910521677,12.1866251522102,10.1160000083572,9.81452492171596,16.4021489808276,10.644398903648,19.1672099038144,13.6634190165157,9.80074221370778,16.4758112856303,11.0013301412214,11.2071069775574,11.9931658489985,10.3493697922225,10.8091971841239
2011-12-28,16.9199792345503,18.2699665829956,15.4472735036303,14.624194143345,15.6143032685097,14.8533102551571,15.1754071341053,14.9419098646293,14.5079774809651,14.8527596849626,14.5696275748948,11.6084281610692,13.2807262538744,9.9149610846558,16.0842848697479,17.8946902934536,15.2712030186522,17.7312956339566,14.052978404339,15.8173322951371,13.2799794631951,14.4677144838146,19.5475815890688,13.6959066894866,18.3601863304716,15.2098070180446,15.0654867785379,17.1287621315387,15.6732297222137,15.7306630901455,14.8412224339197,15.3138200145949,13.6269186079217
2011-12-29,16.1362609592907,13.885095909596,13.3063871481922,12.6576962826308,12.8862414181113,12.9068674105192,11.6032046487018,13.316835559114,14.3371204722602,14.1372526044824,13.8041546676983,12.2733863194371,11.7670938977224,11.3874987187163,15.0168131041721,13.9898145579417,14.2106789713514,15.6915620721566,12.4962172534247,13.556599365334,13.2502180506797,11.7937172045762,13.9421755480299,13.3742078280419,19.9325377951776,13.2897477172465,11.7710221930372,14.9554622975961,12.8363546522165,13.159578014712,13.6804937192859,11.8128961646535,11.9919900576365
2011-12-30,12.1294948266577,12.7543355075797,10.7009682561484,11.0668516499655,10.9316558958059,10.5348343234434,8.96687819594279,10.792889217548,9.59301046722424,9.59647391450716,10.4436034062637,10.8983901234145,10.0107906770406,11.8498519968456,11.4364153374256,12.4081740126533,8.73823646692734,12.1486102168961,9.73346443501518,10.6778687503542,9.76589833231883,9.39984956705542,12.6179066195948,10.86896143236,15.3039151266362,11.2847666450224,9.15848460010132,12.8998800956288,10.1651513816365,10.1728245285384,10.3985695093763,9.58667381852439,10.3730696203757
2011-12-31,13.9750039468512,15.7031011424969,13.6577876567015,12.9455665424267,13.7063392910831,12.9792017916248,12.2023010563797,12.9165391527852,13.316133923047,12.5879782210097,13.46472167535,12.7838080338672,12.4907776497117,13.0222180357682,13.4825609273317,15.1360050071457,12.1525075059448,13.9295932459415,12.5053244107669,13.2569908810391,12.4295967522449,12.3207199897686,15.2159798956727,14.9925777476616,16.2323611868229,14.3372057496643,12.2168112246319,15.7027254296657,13.0314991515979,13.028197608133,12.8372434896108,12.6632978077229,12.7207750670753
2012-01-01,20.639691863549,16.3602764672169,16.3341358638378,13.8391927740853,19.1736070247521,15.8416610666682,15.4540903782085,14.6013222229805,13.2364681901376,13.6183352217265,13.7197272171589,13.5564273896926,14.6827771876075,12.6409689731081,18.0631643997475,17.4993844797369,14.8358314971105,19.7374171013816,15.3952987336561,18.7375262993404,14.0535566246594,15.4892625927827,16.4925176342581,12.9077488104433,18.3254961612746,18.1682773588522,15.3664694554368,15.945930785301,18.6628591711557,18.5531549829182,13.922384358759,17.0006560581486,15.0369945753392
2012-01-02,19.5075386293466,17.4448375034133,16.5729593356404,13.0158377198515,17.6009452600532,15.4897792872079,15.3888131567765,13.801880429849,13.4866005093764,13.35131271692,13.6321337355818,12.17116173985,13.7510000895685,10.9591128687242,17.0634931711795,17.7809303637502,14.3994140069498,18.8349457893593,14.3605436840711,16.9949161375093,13.1741280639165,14.7945925922371,17.4183370591593,13.5690955060764,19.823419513098,17.5486614548275,15.2471463947074,17.4844417585742,16.8386503021035,16.8552582209385,13.4472375472057,16.144612879402,14.2692740390943
2012-01-03,17.4261197177175,16.1002866688896,13.8395507503073,11.4575301006189,14.8642802896942,13.5746672982551,12.1480993671912,11.9037315517222,11.1812592026146,10.8244060541386,11.8010687661854,13.297323164127,12.8389416049852,14.1598132448732,14.9695252656755,16.1258815588552,11.0224485461301,16.9442042065108,12.5678699616854,14.2380982592299,12.1756491484908,12.446420116775,16.106713647076,12.4838768389041,18.1876379120572,15.0786778271653,12.2947809570475,15.8357460919732,13.7541022070091,13.7942829512741,11.4205184046257,13.0227974935828,13.292476685162
2012-01-04,18.9866922692736,16.115981615096,15.8913217238446,13.4996336650555,15.8076783548542,15.8658115584413,14.8792897818146,13.9049397658755,13.5675009773884,13.0924184673699,14.056954675617,15.0030832432265,14.9577029250032,15.7694688739529,16.6947031756127,16.4121226832392,13.2075713872877,18.3288502608768,14.4758849954114,15.388803782093,14.1544003027669,14.7336622651274,16.2225494414931,14.841876443368,20.1244294905786,16.0891476630164,15.0410894298269,16.750670527827,14.8853916990703,15.0103054955252,13.6073949592866,14.9957928261958,15.4610396888708
2012-01-05,15.9632800540066,18.8795109213993,22.1510722430097,16.9900791139599,18.539862790834,21.4937321275136,23.2804408920224,17.3242510084975,16.5613463483102,18.2189830030404,16.0414702718409,17.4006597899533,20.0151996341466,16.2021263330063,16.6288825159699,18.3248448650684,20.2888094207487,16.2183922414116,19.8066004334751,17.7629860091,18.947129435329,21.3878066608243,18.7436887194454,12.4402347617189,21.8269676511355,19.0664577495182,23.0544652964292,20.947767615807,18.8403777657298,18.7584197308611,17.4528979198604,21.4125428609829,20.4343565929221
2012-01-06,5.98165375456887,12.7142939432345,12.2194337194863,11.9448916873871,12.1767202192376,11.8572990916489,10.608229117324,11.4964058916807,11.2031332894897,11.8675426163751,10.8631258682255,11.6793430877066,11.2484654959482,11.2307069171874,8.52001304725311,11.9231789651763,12.2091666119852,7.04937377547586,11.957149101832,11.8938711056088,11.8520275067817,11.2462526148082,12.2337036554327,10.12900292044,15.9887246434639,11.5837459975464,10.6801859079537,13.6099623190069,12.896058997318,12.4619666208999,11.4065608039066,11.5812723810475,11.3965795741966
2012-01-07,8.01659104337579,14.1164969753788,14.0737257860382,14.7977681728017,13.9256992130805,13.4857379174687,12.800696899459,13.9156542061653,11.443911374769,13.1332414837651,12.0397157449054,11.7477931462829,12.3596506855602,11.0234409656162,10.5922706567793,13.451884023583,13.0748749734604,9.10733630704673,12.973754261756,13.531413294169,12.1791960846816,12.8744903709007,13.7537714445549,9.83470368945488,17.3264541360731,13.2631634733975,12.7737152647683,15.0348319241759,14.4129734563095,13.9372272593321,13.4022080031628,13.6007504184721,12.7023223252867
2012-01-08,14.3133766306767,12.7297985888835,12.4478658318892,12.4246710262578,13.496379037307,12.3618474245181,11.6734025417565,12.5341991231733,11.0306123580431,11.7967644535318,11.5586642313775,11.8301829317673,11.8322608618121,11.670622687504,13.5319228585388,13.1235476320677,11.948229220311,14.0667179168612,12.1112780232666,13.5169180329815,11.808755771238,11.9109578535616,12.8245832905842,10.2062312702176,14.8254608223559,13.1051818333514,11.7297382338847,12.7653097943043,13.3021357917404,13.2791234684389,12.1492415504772,12.3956082608437,12.0195558750825
2012-01-09,9.67240231144883,8.29857252754855,9.00425633993278,7.03388779905763,8.95267570865227,9.47724582720294,8.77231101603137,7.47442821476767,8.44677878414839,7.81353364047905,8.09060498910031,10.1740202584466,9.52948590181138,10.9060255389318,8.76388668369519,8.58840272373656,8.37028746555529,9.35458106954928,9.20392632513264,8.81877386541574,9.41572170967661,9.05542177919649,8.38461811432813,8.986122198862,10.6913907397482,8.82556021673882,8.93886448122513,8.82081313337944,8.8676921656064,8.89497470804744,7.55491162687789,8.80333843290409,9.62594171375743
2012-01-10,9.45255086683368,8.81190138241732,8.42884255752077,7.71508684954341,8.42098410745268,8.62163437920901,7.868679338937,7.77697264783918,7.07731460302668,7.23686989564821,7.45708409322721,9.09421855727391,8.53474164654016,9.91890714386735,8.67809571681183,8.82950908716847,7.2198138789287,9.27503435005352,8.14523671692076,8.21893992679914,8.20901236389519,8.0756593694882,8.81598033298361,7.21345988545206,10.3518433829742,8.55890197338975,8.00460863970208,9.0240046975226,8.01300135704971,8.04023269807152,7.56154216932741,7.99344383741914,8.70994218077451
2012-01-11,12.9406035087016,13.6585941995533,11.6083220582148,9.96877721059213,11.0807827568872,10.7157194851456,10.3321186068408,10.0286576624467,8.47565251021561,8.96782140108184,9.26297850423126,8.59875969155949,9.37636876271121,8.48418695952135,11.5715213933761,13.1325879583414,8.88477790244781,12.8622073088056,9.27582227663257,10.5075723289206,8.65849704899813,9.7433318618216,13.5921430117529,8.44675122983848,15.252379508678,11.8113227452052,10.3004466425189,13.7602326518032,10.0937190786746,10.1671158616345,9.62489649557268,10.3818185876223,9.90655341977616
2012-01-12,16.2615185313284,17.1929955029465,13.9541141181599,16.5556267636749,13.2432540353672,13.7624764243253,12.3128764698858,15.6394715619443,11.3028497750146,13.0142225723962,13.4769638786586,14.4589242386006,13.3927875182531,16.1764142263792,15.6791491020994,16.3771039719091,11.1301526554508,16.4552121878308,12.4805338343982,13.0430312474498,12.6953540489186,12.4638413422617,17.1074885976915,11.1052380525017,18.2893017085937,14.37996477217,12.5280165576263,17.0471141221916,11.9161872775977,12.0650062033687,14.8460826209818,12.317263101964,13.8267049461658
2012-01-13,19.6236036879241,17.7271678547443,16.9404096393634,16.5406939960957,18.9057103096508,16.2138667092048,15.4292455866548,17.3766421773022,16.5108043302388,17.9984345902614,16.0995781744683,15.2277443462533,15.3143993735286,13.1788308835135,18.881379248828,18.2690856301072,19.1987973728366,19.1955804697885,16.9742166642968,19.5165914632584,17.0911458523645,15.9708044099935,17.6561516641055,12.560804192559,20.6420917803488,18.3154061793518,15.3851946925231,17.6987520865568,19.3230404933549,19.3981889236361,17.3322196904176,16.8334412883168,15.2723091391191
2012-01-14,17.9616343274774,15.7354465796568,13.8266783656893,15.0080561803138,15.8079096632151,13.1609553042923,12.1203805383067,14.9325377158205,11.5621212348992,13.0712178066223,12.9590300808226,11.8191421962503,12.0697087610743,11.3140685462294,16.5549745055398,16.1186825740738,12.6675101395516,17.5649246028008,12.6590926642784,15.8064884014691,11.998588975739,12.3767611417681,15.7318079744633,10.4999473929,17.7955387464262,15.5488352687038,12.1283781760132,15.3043134032544,15.0910463474037,15.0995636205547,14.1255011538555,13.4892956227341,12.4281492541879
2012-01-15,17.8105810765766,15.8649627346951,15.4589257504222,16.2827196670827,16.9809194654327,15.213847397957,14.6213371798223,16.1391995150771,12.0112226989226,14.3604232791422,13.4079381530321,14.0743269196651,14.4652382645913,13.7829336584781,17.0098393072007,16.3786510110434,14.4880433483515,17.5493501963393,14.8016412909967,16.9351464104265,14.0985575307988,14.7592168584224,15.9593547744898,9.38956876699386,17.6885012175971,16.4397582332362,14.6286340207102,15.7146126307056,16.6252852774223,16.5481474130309,15.2769508069484,15.5851175087125,14.7368824409751
2012-01-16,13.4208427711688,12.0889557735489,11.0492034915762,11.5176928014836,11.8890763123362,10.9807352337149,10.0275159304285,11.730069452256,10.6093248393612,11.4035716672337,10.9047655956203,11.3507151254686,10.7218572959595,11.2441837799165,12.7128266619741,12.2710152620107,11.4332231206498,13.2054168150219,11.0786248981595,12.1844142909777,11.3583242246311,10.5075941049125,12.1496348332453,9.24461169380676,13.9184589860572,11.8138608809332,10.1332881865305,12.0085239665028,11.7515814998785,11.8459926598105,11.549579774106,10.6771800829775,10.7781134043689
2012-01-17,13.0368983141155,10.9834505240223,9.50627974647442,9.26772203692932,10.7364157982387,9.74815909518439,8.62688931284497,9.56170979401131,8.26510987666269,8.78174640132738,8.82142326158496,11.006867855899,9.94360285901789,11.8749358170569,11.5027321623405,11.2478976512503,8.86808677446463,12.6258827538346,9.76087085398408,10.7051991926331,9.98051263830783,9.27925349193546,11.0785833617006,7.76722726870517,11.4728595389345,10.7222843927167,8.78840845960683,10.45365444119,10.1956521911836,10.2841135575902,9.20413567290555,9.33994982701945,10.0047360159037
2012-01-18,14.9932129968394,13.5429400990598,12.0097520042189,9.35449587524267,13.0701576215097,11.8743437725585,11.6602860914438,10.0074526356708,9.34346879356331,9.51255115071179,9.59049427081052,11.8223092724656,11.8255035458473,12.2948756151872,12.8343430606532,13.6855705220589,10.4495366116962,14.5165867690489,11.5963178632203,12.507317432154,11.2122070237083,11.7157500066127,13.6368682132885,8.98483891326511,12.0505404140823,13.1721300375429,11.6527608830026,12.6754842873412,12.3446544232697,12.3871010491796,9.67080767230428,12.1128547025412,11.9510800103473
2012-01-19,12.3003445110144,10.9646691263473,9.7954101856768,10.2081822787638,9.9042326715853,10.2608374230328,8.80177699800823,10.7081077309669,11.8125946145197,11.5870827131049,11.2379493104666,12.6037437533782,10.6843102876795,13.0631661879482,11.7157173657495,10.9751422900927,11.5504516713649,12.1288683211927,10.8533693707844,10.6302772128663,12.2213513129545,9.73821735945702,11.1335805919139,10.981631981089,13.3200958030685,10.1416075861583,9.07584190031873,11.0716315677317,10.055348693342,10.3214002830235,11.0982085256818,9.04822154845341,10.5135320776214
2012-01-20,13.6498102991261,12.7882366687501,10.8669785955422,10.8029839323483,12.5544845770622,11.278761752087,9.85089412983443,11.1914259182236,10.1848260144326,10.8820813064279,10.3878095189979,13.4198600597933,11.8152943709012,14.2065840028016,12.6469734063805,12.970583546514,11.2842263966031,13.504662490507,11.9024385917214,12.69108664902,12.4228536948462,10.9576675459338,12.9386284455575,8.88384433669544,12.8267997718106,12.2382268936664,10.0508707037326,11.9832120243478,12.4011343096483,12.427808183895,10.9316714786352,10.9081846854117,11.7090722839402
2012-01-21,14.8333287034745,13.9614350216818,14.8513397394477,13.9450293757933,15.2364739815402,15.4528922624455,14.4607347800451,14.1495151944301,12.338380629391,13.8408629515151,12.6145221226836,16.6923389354776,15.7020008806079,17.4975341412654,14.5875356237381,14.3186717807408,14.6565129084328,14.6468445374258,15.5009658480375,15.2102657594677,15.7771081930896,15.0775433612203,13.9440471661936,9.70114650801638,16.5802826497357,14.8203712844845,14.6588692369427,14.5214860554393,15.3608358345077,15.2958466149964,13.8345043046884,14.8311517069532,15.7291859486258
2012-01-22,12.7294371411868,11.7506141157505,12.3431825819424,10.5485629739528,13.178773226713,12.428862342038,11.9493985014342,10.886628633351,9.98311811410687,10.5808598873466,10.1138648237389,11.6740979858067,11.9170880428412,11.5730172536212,11.981323024399,12.1985310068326,11.5049613296778,12.5407510699707,12.0882698935983,12.927850110076,11.5849900913382,12.0811536441883,11.8930688298112,8.9499043840919,14.0770268688694,12.5326299151445,11.9977940909264,12.0180216965213,13.1818265646336,13.0584200999292,10.5600194170974,12.5380102462231,12.1217947893485
2012-01-23,9.1783244577306,8.06867921083609,7.68677700756441,6.87763830616138,9.1077196934378,7.80541365462577,6.93613386681293,7.15155407367047,7.46975922643299,6.94462919510187,7.45127341225195,8.10328432011681,7.67319710997271,8.31489785829717,8.33918793548427,8.47188413600295,7.21901392578465,8.93177872625321,7.85994854291589,8.96862830595707,7.65126142219008,7.47573790872827,8.0986368766342,8.47218284478695,9.42716473056679,8.56804564554687,7.0246776884085,7.90266867966846,8.97771459164256,8.88990303749815,6.96946237936692,7.8640447967887,7.76747997840048
2012-01-24,10.9140396595843,10.1417961634344,9.29449487891599,6.99645945822678,10.0466559792278,9.423522036614,8.43422316433403,7.46802892552006,7.54286086103744,7.20462621903507,7.58128452420779,9.79425871971534,9.23183367460369,10.5194520422686,9.44321243960393,10.2852570822792,7.82029325087051,10.6148121880374,9.02216695991961,9.62665986096249,8.89055534506638,8.8209638429298,10.1851258686256,8.077794091548,11.653796433114,9.92486294192634,8.56850601576966,10.0714342399297,9.58581765262567,9.56107172253013,7.250464430629,9.0242124556242,9.43828839177622
2012-01-25,13.7923611343034,14.4011235061358,12.1562978846283,7.4194030646163,13.0754794569339,11.6913394127199,10.7253199895334,8.13867877482114,7.93100779357387,7.48823596201515,8.1328339980719,10.8692766295521,10.9287615743685,11.5943745617172,11.3531769638167,14.1885830420387,8.67138228495148,13.4541927581652,10.6379795219095,11.9064884606952,9.84633136446863,10.7985204362376,14.2808176582564,8.85713048750267,15.1001548456423,13.2274655287042,10.771796332803,13.9949046395997,12.0131793394484,11.9106343825709,7.6684574063901,11.5655125045266,11.3941382100494
2012-01-26,11.4369648547409,11.8967288350773,9.53938869082397,9.74898764379155,10.1187335373796,9.57839999659701,7.71829928499248,9.62714929829793,7.88221485212463,8.43953957688515,8.75279987905118,10.5850362007756,9.27216312459457,11.7176490588796,10.574172322741,11.6145296946947,7.92029339166861,11.4667344481832,9.01620717806458,9.94635865103903,9.24039645537521,8.43737506489962,11.8727608659921,8.00890843619193,14.3875067951025,10.3240118709543,7.96594632980919,11.8390263034646,9.43275798623619,9.4468089282963,9.16305695043561,8.52670798188324,9.56972488575015
2012-01-27,13.2559222906734,11.3358952038381,10.2017995159698,11.5153292291251,12.5473563545089,10.1512174684987,9.25906912250441,11.3842175818851,9.40510518041997,9.96989348147617,10.3640620726992,10.3186003594182,10.0021198085422,10.4786963936972,12.3824648371585,11.8869856111885,9.60425644620427,12.9598105238786,10.2924919618104,12.5034486624286,9.80624394027891,9.88665366875565,11.3507017104281,9.7761199278204,11.5691531539462,11.9049751178666,9.30248362782832,10.6099029229636,12.1575081611464,12.053681897874,10.7522803312747,10.6297346218685,10.1087893900535
2012-01-28,13.1872926491543,12.6677852297663,12.9035563918397,14.8069455723007,13.1287517269528,12.8568175796368,12.2492417367792,14.2080179855704,10.514363983,12.5708395208039,11.8799873702184,12.054475966079,12.2046381611221,12.1196301313435,13.5037672554038,12.8415161130322,11.9907213344886,13.2698517748372,12.2299589297724,13.2205516579475,11.8557889624784,12.272278921978,12.7067651288306,8.63637909928322,15.4670084966323,12.8629945955549,12.3197943584603,13.1616060751854,12.9526474977926,12.8786464778727,13.5411372104227,12.6111443356352,12.4858548299021
2012-01-29,11.1703416870117,9.75933737002133,9.93764752408696,10.2925640108524,11.017986405938,10.67629422277,9.57100841932354,10.0661837575805,8.61626652481026,8.84889816506447,9.42692971925899,12.1560919584228,11.1020413362394,13.6832332908938,10.5997062121285,10.2063523648537,8.57037548721363,10.9834586292785,10.4982428237124,10.7795957842385,10.3911011499159,10.266705028386,9.83209731101591,9.49775844450116,10.9713425741566,10.5085120709869,9.78304647571339,9.71621456812405,10.6879014901539,10.5617380880681,9.55281803630841,10.2102902089968,11.2142495031785
2012-01-30,10.0561485027417,8.95513278549089,8.42813346786151,9.00852447829723,9.73710128802586,8.50429328731977,7.61461261772017,8.86288416569137,7.60163579679072,7.8158966932474,8.2915467571341,8.43259804600429,8.17804760526695,8.74030251040115,9.48146085250811,9.31296625039615,7.50322179671612,9.93542221148864,8.25365889852026,9.64872322018038,7.86978071935793,8.02887773890137,9.04574159644188,8.29732912327041,10.569996752387,9.23180811091578,7.7059346489718,8.80785359224642,9.45759468214571,9.3596572874049,8.40879667095942,8.50317768163986,8.37519053141652
2012-01-31,11.1571895634242,10.1223256129141,8.89120383296377,9.62883883674683,10.4937545338391,8.76198152198943,8.05515928318902,9.57157415994616,8.09810500997928,8.55084283789237,8.79568154561479,8.79225688954761,8.56265232841471,8.88881012033176,10.4265088875457,10.3963673112628,8.31879943786425,10.9861315484574,8.78258227959686,10.424736448388,8.44606482004947,8.48344955687486,10.1405065374017,8.2489839359549,10.270013258153,10.1384951347699,8.08695553086614,9.54364354122687,10.1403615923446,10.0811274417705,9.1134197668821,9.0414859043547,8.67029248579541
2012-02-01,12.8527084492593,13.0798370832528,12.4260803852337,14.5414989829476,12.9544875048801,12.031724925356,11.6546904681863,13.577942415899,8.71301750018422,10.8324364456742,10.8425954722956,10.1682614709643,11.011530143833,10.3772404589931,12.9184074146582,13.0832390637376,9.80112878951238,13.0492231146664,10.8285869301603,12.5805906583886,9.70514165930494,11.3484682767219,13.1005614821192,8.0225390277308,14.5688272076554,12.7427444686245,11.6367502952773,13.1211133200989,12.2697525855118,12.0907274288739,12.5060947766003,12.1913197138903,11.5065674708082
2012-02-02,15.3542626626814,15.1702038343524,12.8068521955279,11.4397131433354,13.3262529021615,12.0914954444908,11.6343081829513,11.3217569438152,7.77496629882553,9.06733384078571,9.42675865420024,11.0078334402012,11.3899613220332,11.9066105686077,13.4070889658201,14.859427023613,8.94619669149457,14.9490676231495,10.7965036063546,12.3202716668323,9.89709383549031,11.3293014884372,14.8326181297935,7.49859898457551,14.405392474464,14.0283485798302,11.6001760818124,14.6544324929983,11.8294829775827,11.8156058109148,10.394355501813,12.0859470807977,11.8740600896112
2012-02-03,12.7205680264264,12.9241304740293,11.3391775229806,12.9694793071801,12.3968797021758,11.7210863105259,10.4867228402897,12.5617370769412,10.8193661147298,11.3175677223328,11.7431074904608,14.286582939326,12.5875430215486,15.9533542939655,12.5485098233874,12.8187401349705,10.51969630694,12.6371396139157,12.0402950413977,12.2168485579778,12.4204267466909,11.4362880914989,12.5954337035203,11.3386020918893,11.8200783548169,12.5406265028902,10.6672114309031,12.3645298578089,11.8559751902788,11.8038131814749,12.1101653281626,11.2141184859063,12.5246417341117
2012-02-04,13.1779073549306,12.7440034059603,12.533469585314,11.3316479445684,12.5846080739387,12.2111190732904,11.3759899650127,11.2727752478486,10.9644395194794,10.4278625317797,11.4584525806189,11.0986368459654,11.2816083117846,11.4723344653569,12.2686067070233,12.772912089365,10.1362558768359,12.9062709496696,11.0965863979692,12.0896510850641,10.5593582601228,11.280167803271,12.5246278440997,12.790293954249,16.0574081362031,12.7019492237183,11.4513032651034,13.4244880637579,11.9262107440705,11.869822160794,10.9593801714279,11.7670869132358,11.7342447763359
2012-02-05,13.4772715940265,10.5057739142779,11.5807145836587,11.8385255813881,12.8917569569295,12.3171851855076,11.2302262507139,11.5731146893907,9.5502495341102,9.89193739424133,10.6802956556699,13.2585826789834,12.5096028634702,14.822823364918,12.515437672618,11.3131428496198,9.5696831819898,12.9743265410011,11.8318326853403,12.5511632596905,11.4053755230461,11.7999610110357,10.4994714720556,10.6830337498788,12.8120554464923,12.2462994890572,11.4365503034031,10.7902181678247,12.3941868008227,12.2490426901754,10.872728030197,11.9521401013394,12.737699789619
2012-02-06,15.1431516300315,13.9572014278077,12.7493870850367,10.6314347176029,14.633797511424,12.8265740522723,12.4214876908104,10.8164314656294,8.34655203334042,9.05775543005685,9.46142262649728,13.0037072678124,12.9768535824256,14.2668963284322,13.1689586710959,14.291768312354,9.7427370670665,14.6934051332077,12.364413311991,13.6172247753181,11.3846524455196,12.6666259414997,13.9022486456211,8.54689711087601,11.8588416395065,14.3133504955615,12.4281920740044,12.9260301714033,13.6592749787322,13.4755430815967,9.92683220328284,13.3425439117133,13.2027746143895
2012-02-07,15.4111182118376,15.1323711763342,14.5892097240257,14.98437139019,15.1249874065004,14.8566671539987,14.2204418931114,14.4762228172261,10.9875451047909,12.3926702096562,12.5507435223046,15.6634489984575,15.1244793568105,17.3218177173608,14.8154996268038,15.156294896691,11.9812379882656,15.2496105542959,14.2354168497554,14.4904369214198,13.803811430029,14.4599152619975,14.9210301345847,10.6728084533464,14.6506730201877,15.2109334431433,14.3240206872593,14.9255043364241,14.3006095839512,14.1750977841494,13.6312798990926,14.5569518649625,15.3444062677765
2012-02-08,12.7958388292966,15.366355057729,13.7771784405265,8.11099116373116,11.7239915897892,13.4747525994639,12.6068597848025,8.38822857732586,8.21551555762644,7.51094250920028,8.69602748817231,13.1215933585779,12.8474875290644,15.4079680580556,10.7433902654394,14.3283691193557,8.05601304106822,12.5744941328024,11.239322765724,10.0455473813791,10.828331988765,12.0789222039824,14.8734520738625,10.1067391404087,16.974615436538,13.173525482602,12.7585363319853,16.139996869068,10.0951733888257,10.0893338506474,8.04492887414233,11.9265649873564,13.5270819260821
2012-02-09,10.6301211000738,13.0843912331841,9.82213066994357,8.09795414335055,10.5028163159473,10.0417331158718,7.91067721653721,8.26794870417479,9.01333280109988,7.89563017269352,9.08745271844724,13.3504009094558,10.8445003224905,15.7275726356466,9.59612471206991,12.369159807097,7.71809226657719,10.565063102832,10.0552615810243,9.73976608529587,10.7266738705058,9.16135839680325,12.5081084011625,11.3288218011916,12.6033935740297,11.1582800517777,8.20066069305877,12.5902655086587,9.56875697752866,9.51682205388332,8.1117382130851,8.807937061131,10.9119952167473
2012-02-10,12.24764639076,12.2074195342207,13.8687253656878,11.5403097336081,12.2123181101083,14.572174384081,10.2489000643955,11.2180467244087,9.80927773350785,9.86214275235418,10.7180362864226,15.5544560463431,13.058797712336,18.3094797372182,11.6916964885434,12.1919990472991,9.23507102428163,11.901371081242,12.0135230104026,11.6679065820392,12.5220146475012,11.27708123877,11.5902545230192,11.2168595300825,27.6454997205151,12.4025113412398,10.9838217958424,16.1069023208381,11.424367787906,11.3123572355904,10.6929818557021,10.8238915807956,14.086386413884
2012-02-11,24.5342504340711,23.2306017599815,15.6843228361628,15.7247427217332,18.3160103861636,15.250212382572,12.4771548644827,16.1507220592476,12.4514032366101,13.6933529637116,14.2642235292931,17.4333628776894,15.1596711802198,19.2282102004037,20.7497890631225,22.7122855815086,13.0985644757258,24.0859572826259,14.8585884036509,17.9574752841964,15.2505522064413,13.7654071097854,23.3670197735045,11.9622461948799,21.7657150361163,19.2227588991584,12.7559096007691,20.9295209975112,16.3218027643044,16.6006687903872,15.1785804405381,14.3084219681844,15.476494978444
2012-02-12,19.2918403732185,19.1147314481685,18.6803119461241,18.068813745259,18.8007348812189,18.1789680738408,18.0307032652654,17.8076127846753,14.8883241852196,16.1680406568101,16.1198169608929,16.6048092292129,17.3501027330551,16.827169791656,18.5085973071241,19.068971562623,16.0900506446683,19.0886041192359,17.0928449229816,18.1856983079582,16.2337438718745,17.6236386482686,18.8979922295551,14.2085514642602,20.1212762826777,19.0014116520264,17.9855609216873,19.3065224309934,18.024968203141,17.9454830088335,17.1100006108415,18.2658755592679,17.7601514569188
2012-02-13,14.5170347696986,12.7755545901852,13.0793817086756,14.4107572115899,15.0622106471494,13.4416543369536,12.3763562348258,14.2352048547358,10.8659440938704,12.9059032761187,11.8941134446819,14.7753838829452,13.8178737763914,15.3800104094838,14.3802333671161,13.4370749153605,13.0754754012253,14.1728001183382,13.9360661856421,15.0930963309176,13.8583548851148,13.3004877661048,12.5318220646949,8.46734964521669,13.8835825888272,14.3268793394277,12.4979868940565,12.685103935187,15.0177831402427,14.8643878313363,13.5191238525194,13.5863861093054,13.7777596074045
2012-02-14,12.1178949660087,9.9971072631297,10.8085482519439,10.5314056296275,16.3221862518256,11.0000593943127,9.57549582908917,10.8220197929343,9.60721828042478,9.931898192423,9.836713803947,11.5476414251243,11.1269764422211,11.0840315215751,11.7350583364633,11.6037631770165,11.1491700510953,11.5902328882999,12.3696042387616,15.9673319301272,11.1449033758942,11.2379930411025,9.64033722555039,9.83872263673716,11.0992457600974,13.7761519860736,9.58104396544707,9.24661075986857,16.7727406815045,16.1762184645456,9.95601817142233,12.8750346495534,11.0487613404034
2012-02-15,11.0920224200105,8.08682566121615,8.25971825791753,9.06381194962,10.1349287362419,8.46296410425213,7.36932622392437,9.1819859857082,8.80365390022888,8.62648072652231,9.10796125059028,9.07776452191495,8.3927749614945,9.21939234472756,10.270936884614,8.86929117858292,8.41769154255521,10.5645746868809,8.72457166903585,10.3421202175915,8.67747776237815,8.11227631930306,8.030452010214,9.56890097837673,10.4153610753205,9.48836215587498,7.4916883261671,8.11289069308991,10.0291353493577,9.99959813972206,8.91523693773462,8.50658893769079,8.4389044996283
2012-02-16,11.3581967712788,8.93186637083644,9.14260753138596,11.1889168003665,10.6352905394017,9.52300321902918,8.73374646382597,10.9606985475873,9.96061653716889,10.1402837151853,10.5462856095572,10.6203602708354,9.83697284936813,11.069269683181,11.134403852118,9.55885171431042,9.49773201477275,11.0400777735621,9.90708084730185,10.9262466209069,9.98384278568549,9.41473950202651,8.91621205817687,10.5511357204536,9.87294838644262,10.1148854209868,8.84726100482539,8.7785532237501,10.5798996540409,10.5518571641781,10.6607618594315,9.53671040866283,9.78625407987895
2012-02-17,9.05061686735723,7.45545165018056,8.69281592182344,9.53129535429725,9.65742386523983,8.89855350277079,8.54314261054459,9.39734463913031,8.73115614338474,8.98663335090203,8.99393144344159,8.89932121745153,8.831248190719,8.81815624730095,9.20026709896135,8.05512676570517,8.89880553923769,8.82543083112284,9.05078107101191,9.78571640769231,8.82469969911371,8.85373847639527,7.38699182489795,8.76880100984754,9.22457288714341,9.01248625161704,8.58306644909838,7.79999153911297,9.84372694510442,9.73631648995916,9.17843300351129,9.11305075865603,8.85229825032348
2012-02-18,5.47829315222074,4.51791231764548,5.48412244084166,6.70287332818267,5.87498961187996,6.02896931581936,5.39179290244501,6.5171357224736,6.43700531581858,6.43148681609014,6.50260096794763,7.24889347721599,6.414869143233,7.74870810149133,5.93008582777509,4.87970988844778,6.09976210143648,5.4189621148611,6.35019661824308,6.16426280925904,6.6875011626612,5.93457344802196,4.5072953363875,6.6784959812364,6.16656201442638,5.47150924967794,5.5334338115653,4.90309160380369,6.14464273718068,6.1031383048115,6.49823135304965,5.66000501518061,6.33239826380933
2012-02-19,7.75330342245323,6.2675120490591,7.00071703600771,8.51926183409005,7.9777267205538,7.45813385134233,6.82080389074348,8.39505451396299,8.18840212921248,8.25377804818257,8.28257474133078,8.68071088687755,7.87004035552708,8.95248765212395,8.04758641209082,6.7710489774612,7.95153644984252,7.59502784834494,8.01364544856342,8.33495613885581,8.29563768405038,7.47402870121603,6.23948356069032,8.30630148823699,7.44575427553427,7.44397757916168,6.93319329688127,6.38994801284508,8.25382717698528,8.21117260469037,8.32980383078772,7.37501275571044,7.73850159432452
2012-02-20,12.5342034707523,10.312938272643,9.92580678708228,11.4891579240986,10.9021437677476,9.93823855657166,9.14860371199651,11.1811331708243,8.83746724317747,9.68273187109602,9.9808283832163,9.81226404339349,9.57821561994433,10.1873037382016,11.8209155099224,10.7146327840139,8.96345442933966,12.2222631681691,9.52646405832584,10.9667864814599,9.26204896723418,9.40412273155604,10.3352565875884,8.84402749224431,12.1306035297098,10.7229307479983,9.23908962113519,10.3203000728503,10.4203384471582,10.432237382022,10.6275673286971,9.77619413427677,9.79495601504619
2012-02-21,12.7907994855468,11.9094456489373,10.293646380013,13.2025693467547,12.2122166633253,10.1527961897898,8.73436906895512,12.733147639123,9.45395199604243,11.0355861844593,10.7825708382936,10.9112644711515,9.9987892014288,11.1656845248805,12.6806265633852,12.1503471797608,10.1510404124732,12.6781758704785,10.3690538993925,12.4314554317215,10.3380118587962,9.60172450631889,11.7096281256257,8.42407703328925,13.2408648412193,11.8735044605666,8.848417264195,11.528735958421,11.8617867741057,11.7990477514395,12.0328793703571,10.1239975676825,10.0938647531237
2012-02-22,15.0770717267717,14.4557137555455,12.3737505214162,12.3492382718383,13.5018364663334,11.8623388467817,11.6427162309734,12.3022616602402,10.1271761733322,10.8615850280326,11.1690873886995,11.2883667365706,11.539301862672,11.520212486722,13.762840353339,14.398261397364,10.6583461490003,14.8165029778758,11.4577395668861,13.0572742540303,10.869983955924,11.6105941390902,14.351502128978,10.0995635656052,12.7956356324114,13.7381868320295,11.580096242312,13.5590834509595,12.6311013592643,12.6320401730578,11.7091767820276,12.272570592195,11.7382314995013
2012-02-23,12.1320514031349,10.4937858875724,9.00117824984621,10.9109798912356,10.1125637738731,9.43737392163713,7.96318433177683,10.9287435210239,9.3926831585241,10.3511500370537,9.92885275826602,11.83443295621,10.0089252050133,12.6827414416879,11.600217135892,10.6743491584147,9.88529064143765,11.9204631288479,10.019528352535,10.6131599412261,10.8852315205132,9.02207857312288,10.5306163019181,8.07712734853838,11.4188460001364,10.1154111238383,8.19811483853974,10.1082628045006,9.94267926268521,10.0797959588338,10.714868329119,8.70170670926299,9.88042243601978
2012-02-24,12.4379355473197,9.84912828232578,10.1140478627885,12.32028700643,10.9232828560393,10.7015773594245,9.9352163593505,12.0334527285859,10.0140773595927,10.9965713608066,10.8822973126742,12.1930678828635,11.180648929981,13.0575023168477,12.1719967383035,10.3553255560015,10.348683913353,12.149349495765,10.9141759195027,11.2846365595409,11.2501746459761,10.5243992102142,9.93773229782523,9.31563247502005,10.8250110469431,10.6847892878598,10.1012146964337,9.81154965880474,10.788407351129,10.8448785150874,11.6737051975462,10.2901678347187,11.1279595924443
2012-02-25,11.4054188841078,10.029556175128,9.42600314782717,11.6933019960543,10.1135449738012,9.53460286484029,8.53308862991511,11.5117355632053,10.6989443981537,11.1021874200871,11.085715273069,10.4520727488337,9.52988361692521,10.520494254969,11.4291460244818,10.237898085748,10.3234162042608,11.2838423191925,9.81805984042055,10.6614102674959,10.3152346372753,9.13768851243028,10.0239513281986,10.4237297192289,11.984027869024,10.0327965335533,8.67058744766908,10.1183723776683,10.1151113647095,10.2098232425351,11.422716590424,9.0895486543758,9.50691437730686
2012-02-26,11.7187540565229,12.9979986542943,10.200862089377,13.0314821371417,11.1502590694619,11.1127773589407,9.01290522800099,12.5000382678685,9.90925580246943,11.1901696006836,10.9990598930979,15.3432433876814,12.4195541580587,17.6738182844538,11.9627442913662,12.6105971612724,10.16658022187,12.0889814554811,11.7324544072213,11.3592675259501,12.8316703810961,10.5638575510683,13.0346993702581,9.10638433775466,12.2832076780716,11.2495440197599,9.38475836336719,12.1568023499316,10.8144299300356,10.8136463300478,12.0317771968009,9.809280338797,12.2593760828034
2012-02-27,8.75580293759353,8.9485383422439,7.04372692563558,10.5697021602172,7.66728499988933,7.49154468837646,5.76146736196432,9.97400804400191,8.54551156728247,9.00149065322539,9.37743766252017,10.1658008765046,8.08554350388409,11.4337502266078,9.18520547612259,8.74377746851516,7.47932370584917,8.94332619063958,7.8712610223539,8.15084670396291,8.78599113777431,6.87406830647687,8.88227013717521,8.99317925696583,10.0124870295424,7.83352039301562,6.03918998857537,8.71002430189559,7.43924534480959,7.50823192175902,9.75022143759031,6.41865631658746,8.02038167567572
2012-02-28,8.80864128882685,6.91618205271501,7.12088664405403,8.06513353730153,8.43808140185728,7.48495292825081,6.65973008323928,8.15024018938681,8.96955595136315,8.21585194200549,8.82040722011856,8.77390733902129,7.8491098940683,9.05458353479933,8.55789567940323,7.44939555434101,7.92129341015894,8.50130794424873,8.05400817895728,8.7295305578749,8.34233573287424,7.40960281272122,6.86668859611146,10.2611326868161,8.02663355421153,7.95682368447874,6.77903102322962,6.85872275568423,8.556905556093,8.54475925386616,8.18314808341065,7.41988484747707,7.73554380027264
2012-02-29,9.50543344561237,7.47715520213791,7.22856965809409,8.20577570220064,8.83404763474497,7.46438865165291,6.47545985245673,8.33083028925339,8.06078821030218,8.07439474546178,8.195866290649,8.6220455609668,7.69047771557071,8.80303852967655,9.03002276007545,8.0149294510112,7.93510568471952,9.15402578067055,8.00996711618324,9.12056400394808,8.2468625966186,7.28439858250122,7.41538367677199,8.18626862715385,8.72045367916217,8.35365405861892,6.59319727801577,7.30318681527984,8.85236451898719,8.8481075645345,8.18211195467628,7.44676961740743,7.61349437643923
2012-03-01,8.46185887270147,7.89099532402833,7.265547939368,10.630506255006,8.40867201979261,7.94714504941347,6.12628036845805,10.2147687612585,8.22568319323936,9.54223613509766,8.86963228302676,11.2372420464184,8.8590333867355,12.3515931754073,9.2145806543149,8.08238934492592,8.69881782256827,8.45182725967978,8.88882001918716,9.03771505241843,9.96585039719579,7.57530400075221,7.65217351629578,6.69689621466171,9.64534761681012,8.15464952658229,6.42181913881875,7.96642470710274,8.59049556962698,8.59687118658496,9.95908913232581,7.05576554337381,8.63220364424
2012-03-02,7.52544440008537,8.46032549384561,7.05215213201609,9.57382384812586,7.48898886320658,7.9791331092824,5.94948250835013,9.10994618724805,8.03926576433263,8.51532802913309,8.5663416989695,12.239766825065,9.28675500686322,14.3930590021008,8.16556622960199,8.19650069527617,7.48921127155844,7.71041194971583,8.67522608833433,7.7879102400177,9.97827543549499,7.4567405090412,8.21961875492176,8.03254341939276,9.20684598565926,7.65094972508565,6.32642516355821,8.39140361039075,7.38729463434311,7.39768214244236,8.9607684362931,6.51935376434585,9.08273307948505
2012-03-03,8.17981700700204,5.97494717997221,6.21563349944824,10.6914624726881,7.61915849306846,6.94493026872545,5.78651038753823,10.0192564948432,8.14862329080194,8.93066091091248,9.06430645377497,9.29779961024757,7.7238155813836,10.1204860100404,8.88614481136815,6.55766323296363,7.54032104049584,8.07859659705175,7.72584040716732,8.34137983509245,8.32007345822771,6.85884269562822,5.96725160227468,8.17889832205585,7.10062313178138,7.07703316818981,5.99570785355002,5.88339908714284,7.79493496458835,7.78894138388827,9.69862743076253,6.57578762035582,7.52869317285505
2012-03-04,7.26356207101678,6.32477828278245,6.3440968502404,8.13034045382998,6.5387924342398,6.79679227173237,6.11055348940015,7.83272210387004,7.14940971280694,7.36039981047404,7.56163465155406,8.16959524281576,7.20398783581948,8.91039943460391,7.45017163360977,6.47364588238721,6.64084505990013,7.22368877124225,6.96343599612017,6.84106931117623,7.40839873635121,6.59241263104727,6.35158095511872,7.38694427478875,7.23351844349187,6.49896531353567,6.26122812287541,6.4282474059433,6.51191776732617,6.55536286613716,7.73636376568986,6.24555965523031,7.15088580053222
2012-03-05,5.40316069510608,4.23218743299325,4.66279986638566,5.9823162407469,4.97948392308928,4.98770042174876,4.51837241627314,5.80329077646142,5.59889601516367,5.5697538868154,5.79369192029374,5.88375671129791,5.25446001500338,6.26670999107359,5.54808287886427,4.49711583889546,5.07481756580438,5.27361470318442,5.18712039352341,5.243608154582,5.4703011964072,4.88756192545565,4.20583286743618,5.98921000248791,5.24141313596065,4.83170732240696,4.6171935459601,4.42255145742101,5.0354837519741,5.05644346392613,5.76971364504361,4.70053070977398,5.20116287469337
2012-03-06,9.93856967549563,8.94984845660142,8.50780422949661,7.53845209492424,9.79119378000969,8.3121063938203,7.7589730724518,7.82626392665122,7.39813066706299,7.48342126896755,7.5374549919399,8.04735395942714,8.00815569904902,7.93450992344427,9.05782933018623,9.27047731115772,7.92274595136857,9.61117256399646,8.29392505880022,9.56741083855934,7.94667587764223,8.06200963437377,8.82295727781903,7.37096093441555,9.82667103644159,9.45560392276567,7.76830425051854,8.79381253326268,9.55921765767956,9.48879551364102,7.56147495877916,8.60094073116739,8.11991221526681
2012-03-07,8.0790210982117,8.63151287059924,7.385579874846,11.5783485940248,8.00595266545322,7.04653277957456,6.00986249416715,10.7778064527337,8.25440500017782,9.60334701337725,9.31332933302152,7.68906085441052,6.87925906722977,7.57995447613965,9.15450192460737,8.45519217901724,8.085347820377,8.23407178433198,7.31422343682043,8.51026923925815,7.67484374971192,6.5945757495074,8.24074764051538,7.39695695930311,10.1001137964705,8.14995843968707,6.08328026104412,8.75668927441306,7.90676554537613,7.91552289412839,10.4275930015513,6.76002187295696,6.89365583919052
2012-03-08,13.2499625750391,12.0976945998336,9.71584595454235,11.1421786716023,11.5768931861143,9.75512151938754,8.10969805089133,11.2103778864436,9.17857421352535,10.2670801008612,9.92367629646702,12.1742983585938,10.310593414502,13.0660930305751,12.3563200949806,12.188205180602,9.93169754353799,12.8507484460209,10.4231197862559,11.7173390055524,11.0438844103607,9.31976449583124,11.7362688989558,7.94252204995535,11.9664655499441,11.7071091126985,8.28659205681924,11.3928953288713,11.0585377634138,11.1288828480793,10.7859863179453,9.37641733032933,10.208096396475
2012-03-09,11.9028472324696,10.1630347687668,8.98337565270962,10.7683709966538,9.58173131591527,8.75571945266437,7.45545747046249,10.3307477974666,7.1639730850564,8.39169544353002,8.68466409974129,7.95864095888822,7.76177000868768,8.26412727447314,11.0491189826941,10.3266014452093,7.33662814654594,11.7221686321521,7.76170924071827,9.67187763223097,7.46531988458297,7.62536992144783,10.2577190708358,6.93726373782564,13.948869893935,9.61240905553382,7.60244273490698,10.4597224440955,8.87110719607864,8.92572647336445,9.64143033720495,8.13268005078691,8.20905298910962
2012-03-10,12.6692521585164,12.0802137819979,10.9000154355333,15.5264425668767,11.3133220794045,10.8537680818068,9.77540976992566,14.6029700052741,9.91930134076613,12.5778848162781,11.7301221140896,11.2218681216692,10.5313985411724,11.4397486868174,13.3295434445403,12.0476835085707,11.0424552879699,12.8654498812482,10.6621322096449,11.9122488815293,10.9093665826095,10.1976706106641,12.114638705698,7.46205264028329,14.2190969888703,11.3721598827063,9.91173175445032,12.1583254198694,11.0686266802879,11.1320794420525,13.9116476912038,10.2855590680645,10.6727626570965
2012-03-11,19.290973811455,15.492278556526,13.7058097113714,14.3042664238779,17.0034197664879,13.8402428963661,12.2858780711652,14.7340903366379,10.5580533480358,13.1082301598916,11.7937013936215,14.8284067961289,13.8209394011515,15.0291960429257,17.3345825583863,16.379412099756,13.7759837167929,18.656701622687,14.3462497506712,17.1835082311524,14.2115620553862,13.4168586238568,15.6765698359274,6.98573693463941,16.4410698751838,16.1742115162075,12.4258629567219,14.4537045732317,16.590246368553,16.5914815127577,13.8113896111018,14.1641311929673,13.8587382136611
2012-03-12,10.1904805361446,8.1180915856299,7.32510587264965,9.50895275719427,8.56962547814542,7.57810752948001,6.3720017419093,9.29588670030402,7.32236953461726,8.22077010677581,8.18710135852802,8.77055842201962,7.69336246468628,9.30950015062477,9.73599486077847,8.49482352021029,7.51202042370669,9.93555300677335,7.76525528040837,8.93449098376673,8.06642604237796,7.11877639920776,8.1377438427572,6.76607725401311,9.73186983816703,8.35187557515071,6.54037142472492,7.95848512277562,8.32531695969893,8.37982723975391,8.89965733860331,7.18330493378417,7.71972266873465
2012-03-13,11.3166071539942,11.2130892939926,9.71373816517257,10.3009487962958,15.9735605472979,9.32404964729366,7.67547696966086,10.5622916636007,8.17566911154726,9.49713906976287,8.60936925013034,9.96772687717266,9.38627933546948,8.92397825996373,11.2110306070696,12.3589848397634,10.7280835838362,11.0690958864226,11.1889116926447,15.6829997867763,10.0542432791563,9.61264466296595,10.6942819813838,6.74388061913742,10.45437976385,13.5927720710424,7.60487433105029,9.64751550271037,16.3733677726699,15.7652293541354,9.55233885201337,11.5921744822385,9.21846011679181
2012-03-14,10.8796005819263,14.2610119665768,10.6999989772543,10.4693249576856,10.3645794191305,10.4096254196947,8.85973501209057,10.2429706020057,8.3218686099076,9.22586003480428,9.1390552663615,11.6829920569525,10.3144504009675,12.9958267441637,10.5235667945873,13.2095871345867,8.7658837006753,11.2423178435744,9.85089442684955,9.90916883347523,10.2598655224196,9.38673714192515,13.9724930986776,7.72075350044342,14.533240966878,11.2462435728177,9.04247858996253,13.9581755104504,9.52225618868283,9.54217519510135,9.85725742349026,9.25654243430882,10.5550132481308
2012-03-15,13.9857304078365,13.637190810621,9.98653635459736,11.580657580671,9.93245769546732,9.83630603027243,8.07569821312741,11.3665915771896,8.8555671290214,9.88138860267763,10.1297741275093,11.4856332516019,9.77705320794495,12.8746214224213,12.6870128587365,13.0343264427037,8.652845230638,13.8380785350826,9.28438664219027,10.0278624774857,10.0706642721882,8.67070645827472,13.5369625569699,8.34713717307788,14.6753154905107,11.0482107571758,8.32543620453692,13.2440563738641,8.80460274377574,9.08396520112239,10.9580961323554,8.39884465740939,9.9944770437004
2012-03-16,10.961562804123,9.11983509914361,7.21601227412932,9.76579511326429,8.68406660032536,7.41913923169736,5.43309232351468,9.71403367933648,8.25665854728194,8.98710480292388,8.87763212420018,9.20344451133193,7.42953642505686,9.61761233407826,10.4092247811814,9.35972579250969,8.14468457205017,10.7749420644226,7.82128270292378,9.35941309278417,8.60476856554873,6.603496084435,9.18885980075672,7.55505172499305,12.0155239164959,8.53686136952544,5.69849188757614,8.93463395131407,8.50517159757656,8.64255949079289,9.46733167051338,6.59553875298088,7.4390199153709
2012-03-17,16.4982599747278,12.6478904851305,12.0845763901199,14.0747626010983,14.9315947235595,11.7902347510946,10.6113053317442,14.4399656118387,11.0666245070688,13.7001909269926,11.7523343614404,11.5527674429051,11.1924193470258,10.1442693971965,15.7139517593129,13.6414559371432,14.1846806274433,15.9436682315497,12.6129791435744,15.7568804286351,12.6620365106301,11.4989209009548,12.7186248609592,6.56932704943862,15.7245754929823,13.9821868732402,10.6550159356911,12.3880817162949,15.1953760679856,15.2493314755023,13.8973291105034,12.3736921724337,11.1516062390045
2012-03-18,10.9704728150671,7.5295233333113,8.31025326144499,8.10339508771855,9.99134136881785,8.57575427706443,7.51027234163643,8.55332304421241,8.20062674975985,8.48509592319239,8.1796513923711,9.07119362960436,8.42347147729571,8.92657445834458,10.0069119301303,8.43535503269853,8.96983212148225,10.3469349330695,8.91134850366808,10.2972868354248,9.0078238559952,8.23159470099415,7.53161428432395,7.41224551294704,10.8393100674847,9.25888831389315,7.64489788526389,7.85569138893014,10.1116842722457,10.1172155668047,8.38407445953632,8.53819474814378,8.44106465197933
2012-03-19,7.31096384378948,5.85003838522947,5.67688120818271,6.60676832632533,6.96501491575069,5.92894804404044,4.89795599614393,6.71913288694839,6.72730449002886,6.68237558943088,6.71089668148101,6.93845193751392,6.03382501909606,6.99199437030178,7.10615838806536,6.28846877201067,6.5580959117695,7.11590457652257,6.4130619118396,7.32573221239654,6.72071998085177,5.67020218769419,5.86585794897978,6.77315703750144,7.71974955588025,6.4636411384778,5.03181025800958,5.85025770776416,7.12671740173158,7.11980367340227,6.6604064278059,5.76401989380368,5.97615919763698
2012-03-20,10.8207653183662,8.18280837728583,7.35142111081731,6.99883723319132,9.75896396169057,7.21478761888318,6.31850871871216,7.48020794317977,6.84772507998281,7.07326976199743,7.02308398316274,7.50684145314032,7.07901687685965,7.24270187025305,9.4406111532915,8.86803406810966,7.55552055924904,10.2273061566988,7.67354862979733,9.78897847206579,7.46842221430394,7.02990521292812,8.09661191733684,6.4653691717859,8.95084965658273,9.16175348131501,6.35283353649614,7.63532983209907,9.54564193813688,9.5197002969159,7.15323605774821,7.71969401269825,7.0863206359403
2012-03-21,10.542709700843,9.20922823680568,7.30365390656283,7.74248755399075,9.07030119237868,7.22486986509654,6.2347822686159,8.04637714344628,7.17594957751996,7.62846379229493,7.45869378076661,8.32024999700903,7.39540030916756,8.45196129127006,9.49584525639898,9.42505224042431,7.70999391017417,10.2317766559408,7.75399864749202,9.21119558372884,7.98923215414566,7.00715858241365,9.16925659116062,6.47924333117183,8.88179840590117,8.92542942063691,6.31165312974837,8.40789583726582,8.77961833390214,8.83534025013666,7.80067962405697,7.30624312655188,7.33060657777748
2012-03-22,10.0838924773775,10.877843696851,9.04404519908678,9.22234915495015,9.57101484258463,8.5948509920932,7.44814185257793,9.13917006063135,7.35312778245312,8.26743927836994,8.02845345038378,8.54271196442707,8.03870514544947,8.70275888239313,9.64224272969788,10.5948179635491,8.03396219653477,10.0592999123607,8.22581825145896,9.41317391483893,8.20983231685254,7.81321020314082,10.6125051235774,6.51026430699041,12.6596498562615,9.81270316201304,7.53049035514696,10.9174699681334,9.07718343846169,9.07000666159,8.74955672996788,8.19388635384015,8.27411081243229
2012-03-23,16.3771786371092,12.6290109805403,11.0532883699297,13.5729913332341,13.4791479804133,10.4523063981109,9.37954747078122,13.3226241942506,8.80323191216218,10.9267956750296,10.66942881562,9.64606888474753,9.64234308160616,9.32688320770995,14.9090640014959,13.286979115199,10.1620253545945,15.6832626187228,10.186248765344,13.6270235452511,9.62186260866234,9.79317303100042,12.4417410349551,7.19549942550082,14.3542292374832,13.253764205145,9.39070868239592,12.160728321462,12.6423411492394,12.6907065258512,12.3375757887631,10.883544330326,9.91989745307982
2012-03-24,20.5863251943201,16.4924207133967,15.4875422970586,13.4125073653477,16.7824019048244,14.3891483671054,14.0029196213723,13.5490697839216,8.61432703501982,10.5053907089293,10.8060595326833,9.75209404735303,11.920456141926,9.18658641026902,17.3060639565541,17.1156688867649,10.7519370608761,19.749395269217,11.9963868658142,15.923185464578,9.96968472579387,13.048834427999,16.6989553408965,7.75149377297241,20.4343070323399,16.6774314627688,13.9061604883619,16.5939806136014,15.208313457577,15.2024359662962,12.2174404535613,14.8838983843181,12.8866770774975
2012-03-25,15.2927817634136,10.3570708136478,10.5121394593452,13.0306964184565,13.1510755150552,11.2448056486245,9.74699610938413,12.8495963045338,8.83346326323961,10.8233216953478,10.3955039062604,13.1342725514187,11.7340765484444,14.2349061378092,14.1315412146562,11.5122391925857,10.4205856316571,14.5696537975935,11.6412313227555,13.4797457180101,11.6946994910894,10.8945288490308,10.4215245307644,7.11166060539526,12.1589292358028,12.3182923771825,9.97703554760862,10.0157543591159,12.8003026173919,12.7861592791405,11.9594266295788,11.1217104757474,11.7303008379203
2012-03-26,10.5783625475312,8.86738321974016,7.1891537861884,10.1671398815792,8.39105463809118,7.62411290130235,5.8351465809685,9.84711745579203,7.68835517043554,8.64905608643958,8.69317712526024,10.3047035199029,8.21697981207601,11.5650975343653,10.1722453972751,9.02061203972969,7.52496110689207,10.3331333910373,8.0469947846736,8.847657371386,8.89154195960067,7.01180855926573,8.74206640828243,7.18290601415657,10.1265320810135,8.50544777346074,6.1097194319823,8.57269125785868,7.98327940295968,8.10250872141274,9.46593671540884,6.70717434560899,8.15428328362641
2012-03-27,7.97288417508733,10.3638429210326,7.37622423525739,6.30881962948293,7.76948763505271,7.18861531775265,6.02263509045448,6.48783493023469,6.88663888270907,6.40563645025962,6.85797577168427,8.87884821053806,7.53079646521681,9.91104448925328,7.34632564769209,9.65801148594272,6.37490434509099,8.0726909855537,7.28462464763252,7.33546904568074,7.71921428214285,6.69512182218617,10.0259447116618,7.72726347122258,9.1626791267631,8.36091519373295,6.14055444997644,9.72669890138807,7.17517965773403,7.18023357622633,6.43866450747863,6.60049249500853,7.55183342967133
2012-03-28,9.16147518558215,7.66354814249477,6.03603347852229,6.65793570613209,7.77066773308558,6.5555140646786,4.8190644101608,6.96408887192937,7.00632291303046,6.8292220020514,7.0358120075976,9.09681666356812,7.14630915825113,10.0040509499196,8.26343107418336,7.96697007901396,6.72881971039531,8.9150884840982,7.25041044709551,8.08010588770221,7.97693429179893,6.11023795322947,7.74022968249796,7.22454669229203,8.71185393579191,7.4447102272545,5.07563676551703,7.11796338172558,7.65092381931295,7.70592604943467,6.86480853162425,5.95502726176729,7.02673218679925
2012-03-29,6.65965781139762,7.26574580960361,5.9473923286781,7.05376544610338,6.00600711390992,6.55246361940016,4.91778249421532,6.91678243593018,6.88202836883805,6.78090158186056,7.01543548326506,9.21612367647987,7.16347247142536,10.6029873752995,6.75935083137386,7.01018430776805,6.14278544340239,6.81478516797832,6.79671831475842,6.26270133819021,7.78014458448873,5.91829987093605,7.25769655733602,7.27396504679981,8.87254069058561,6.1887519253877,5.21930111374207,7.33776976306097,5.90395486582774,5.96786837630068,6.93857993591504,5.26060977772302,7.11078757405937
2012-03-30,5.19382443732671,8.23672813705088,7.9273531728691,6.27930468848898,6.2782117311712,8.07615298933811,6.81418700969854,6.18152108453543,6.81931318815662,6.43180774306524,6.61947037449801,9.27162065772649,8.02759238968291,10.6078470888404,5.62288689145905,7.47091654296633,6.35589476779561,5.43030412283897,7.37641470262188,5.850866121907,7.97409992859811,7.11869972040999,7.78280880185897,7.39420382193674,11.4567164614581,6.97558909887784,7.04745420233986,9.442139318942,6.01612963606712,5.98550970255883,6.31099990795784,6.49609356735644,8.24691469985819
2012-03-31,8.33690617521228,7.98389338985024,8.48368455688024,9.68183539681306,7.56621371512913,8.92626318136519,8.0844682770122,9.07903121481988,7.33456031446046,7.89083555602466,8.31407518695694,9.98117434652892,9.07201796702926,11.5164476868157,8.48802125595626,7.87771389257961,6.88914348816684,8.26170698167988,8.19053608309405,7.44661175836156,8.46397079511592,8.24942198769978,7.77931411040049,7.80137428696852,10.3244210934657,7.98808415979893,8.29099714533618,8.82074301662614,7.09191682958684,7.11523820257549,8.75774262750023,7.75249028234195,9.27509987288668
2012-04-01,9.32439038286777,7.96960593980358,7.59937095678751,8.1214022093792,7.72293982174517,8.45746852560778,6.55672496835623,8.16251249336952,7.75269820150365,7.86886298233395,8.00281891780603,11.2456967997461,9.02058294555848,12.9323828966837,8.80236227240032,8.1071489443322,7.47034421904388,9.10866550412545,8.48921864793602,7.99469922512852,9.50324530875899,7.61869254065398,7.9807801892382,7.73675612164234,11.3029963678932,7.80294130792813,6.93435241279679,8.4790940722311,7.52967033365832,7.63694234531809,8.09447936558261,6.88883807698819,9.03784293584193
2012-04-02,9.44632090828862,8.35338139520798,7.27032231221707,6.81234641287381,8.81175171302866,7.47923642370048,5.99027509100036,7.27311075286364,7.2984156478391,7.37704310317851,7.13943428236119,8.93999766375349,7.61000019213886,9.25064225825119,8.60719510405978,8.66054084269576,7.79806034339535,9.17016074853323,7.97374892232959,8.98039993376158,8.41229473996138,7.00459483040069,8.31803077727336,6.72984829463699,10.2789118916758,8.42433477648189,6.1741455337972,8.17644114661927,8.79329217383979,8.80075646605029,7.17979836273364,7.1133220432693,7.57782018330069
2012-04-03,9.11227050522622,7.61616874178947,7.19117740042961,9.72567801978678,9.24576302463427,7.51710731084065,6.22693701714576,9.59053473557775,8.56984953672937,9.14316830967888,8.89913314999821,8.97436727815475,7.78714182118655,8.9518191473537,9.36174353661171,8.18814554842584,8.70593583898403,9.02207317972259,8.39489732971613,9.82666305342256,8.73522756409715,7.34472628430749,7.6376364160832,8.0427512799299,9.24818771847647,8.42290972416555,6.37600824186488,7.35109158125275,9.55952644511816,9.49623719552118,9.350787530926,7.55101840722154,7.64705285872282
2012-04-04,13.6180084625179,10.2289705663239,9.00459683173866,10.0729717281922,10.9464284128852,9.007767897479,7.8337451864494,10.4445690101396,8.63441675594997,9.80759344067444,9.15879742529428,9.39737492957765,8.70632195969719,9.03693194675311,12.275389018902,10.8723670521657,9.90335990382911,13.1507263510319,9.35332579597497,11.4886551249529,9.56567975056294,8.55542890598089,10.4876041754544,6.71954216521865,12.2903767780167,10.4947873557985,7.95332879143162,9.77707045946183,10.8049537065,10.937942979304,10.0981674666444,8.98434721403629,8.73427486151765
2012-04-05,9.5051480305096,5.60375290662121,4.82251999563741,7.24650817506137,6.31707759040507,5.20205235500804,3.91565274951832,7.27687159556746,6.05984650542235,6.50802620001849,6.6957083881,6.58723642090465,5.34881587452783,6.95196029759279,8.49291892181616,6.2566443186772,5.73530353221278,9.02234699737638,5.55712331569953,7.00876779690523,6.1039034658826,4.74865588245946,5.8311862386155,5.84018197451631,7.64844811545302,6.05966387664141,4.11714571778228,5.33643510586293,6.11471051445112,6.29790828810382,7.04910854358396,4.73395022834766,5.31634874611958
2012-04-06,8.83449666099764,6.49137261744605,6.32405864184572,8.03506944261531,7.06830939701846,7.16898937609465,5.42911087598541,7.9097670159731,6.12495356328348,7.07379552465063,6.8400057840423,9.96339724598,7.85245912730993,11.5015193603062,8.38232261405392,6.8886319407086,6.52750827743085,8.4925062276529,7.44125998988417,7.46258944376672,8.31975230185709,6.54961047493104,6.4642763679578,5.17922577025942,9.12233190311618,6.96419222684939,5.76395338182119,6.76704120482508,6.87863619934215,6.97094965761624,7.60783013834137,5.98523948465829,7.80472793197849
2012-04-07,7.7414881521612,6.67895442537782,6.7314676685501,8.93637735906924,7.85123170258558,7.85346434124907,5.89726927326564,8.64934748211418,7.41025232626247,8.06112774566387,7.88635834653507,11.6695479817413,9.03214624808713,13.4898454222296,8.12568941260096,7.05037946627042,7.47676923675746,7.63641385174835,8.63994641982699,8.24696007554488,9.66546540685158,7.442656431335,6.53977671896976,6.96528912602278,8.73613033527686,7.41224142247126,6.26881887952049,6.87816094947177,7.98790351751467,7.94416822987711,8.40896595424634,6.73325101408845,8.83371215916058
2012-04-08,2.27751955657052,3.33965286287965,3.78621333269028,5.09325968441416,3.74324741456698,4.60600512685385,3.26135734442233,4.73886869738199,5.23591518526457,4.85936975500683,5.13006306153693,7.04978688140548,5.29124412380836,8.27869277743977,3.35808934921612,3.3073254583243,4.27867496095252,2.5632162282574,4.97625911390044,3.98749983439871,5.74572159192304,4.21866460875792,3.24764638103238,6.12455173596473,5.67185378539006,3.44819128371272,3.53865191106494,3.93494391928362,4.0937957446504,3.99914652917236,4.82896351370142,3.54938296701527,5.19575676497525
2012-04-09,3.59925156664491,2.86726426229112,2.76998747154586,4.0127775237372,3.40470812746184,3.13816177122636,2.35499954025138,3.98950094071133,5.21643216261987,4.32349078697997,4.91523296957797,4.58030105511017,3.54174828920923,4.88981688601483,3.80182348025743,3.07901405401841,3.81176842755756,3.55008755009672,3.67809308537302,3.7920685809466,4.21131924355241,3.03030793991727,2.86723025029312,6.58871130339329,3.86051087695428,3.16077279647506,2.48945449978254,2.88313248548394,3.61656288773471,3.64012694036666,4.1876938189446,2.79308360323338,3.40465152330372
2012-04-10,4.27275535654876,3.85051263955686,3.47440021547828,4.44397244200741,4.13665096786299,3.52937848203757,2.77800773211541,4.45414882075874,5.68212939811576,4.77022605772998,5.37970954798663,4.29082440909034,3.58152929858622,4.23353611450962,4.39126312137487,3.98367290043815,4.29507258905215,4.21366698168256,3.91169582368913,4.44817144607521,4.26524702972193,3.31674661949128,3.76845696196252,7.08506932359736,5.15784201342832,3.95930611601705,2.8660900762101,3.91636547341446,4.26852042954197,4.28461234685484,4.63196783805097,3.32480462069597,3.5237079932771
2012-04-11,7.87410271835166,6.04474086194311,4.50533301632617,5.45774012627554,6.2370112897896,4.69719790219974,3.79688313223164,5.78513369877478,6.77515543677226,5.96879070904961,6.54728171650842,6.11219316194322,5.06461690086505,6.16572521486821,7.02530496660163,6.39531709159404,5.72680818203091,7.64024989291647,5.47024737067454,6.66018887504607,5.9132298840897,4.63803685985609,6.2368205435728,7.84538261826377,5.71443683873452,5.90934820251375,3.90028054639674,5.19117353135827,6.21984134026889,6.31099771788487,5.87018654071862,4.73516921962704,4.89826494605551
2012-04-12,9.19336130577243,7.71256087385415,6.77680732209106,7.72547578022841,8.36909590948689,7.02183819584691,5.47106323750078,7.84653691848354,6.84507663324976,7.35998576897175,7.17951664697251,7.97020516371744,6.87120549742085,8.1416147168304,8.64533912816994,8.12778577023314,7.24940291620407,9.05556577410488,7.29056354890405,8.73035481968233,7.55714147283237,6.40644123854319,7.86960160131539,6.25212980712701,10.5311042869355,7.78560029917028,5.66898657111276,7.61710006469137,8.38250374488701,8.37626895391828,7.57259922849141,6.63891250973756,6.93210946848615
2012-04-13,4.68417536689825,3.58958721312268,3.15752710981533,4.16968707234707,4.07457047954553,3.19978323543559,2.5578282980527,4.17526037745374,4.30198088435049,4.03456115462007,4.3699358050758,3.62584048299911,3.15499971196704,3.54600037315097,4.47291700969662,3.85254421179886,3.6737004664209,4.55195102517724,3.45521096392203,4.34367556065833,3.59453132305141,3.00117293491955,3.61447677575193,4.9217992966635,4.63962050047296,3.81186757005148,2.62554469780763,3.47425121071181,4.08632625814859,4.10367446292421,4.13817729713773,3.16098061619085,3.14389808480622
2012-04-14,7.99327434557543,5.93368970238168,5.70820786401512,7.24517678400882,7.34033370923173,6.05924028583987,4.85725316329179,7.28859020341645,6.70925966143367,6.96827393431338,6.92790900127954,7.59620042000404,6.38044623885285,7.88351523988969,7.71988118123067,6.48836057391601,6.69580199150072,7.68315286365073,6.7088657481827,7.75910920683535,7.11226259232122,5.8257647086867,5.88050858166048,6.49446600261837,7.58488884743099,6.81749157609767,5.01769223504398,5.83054988956555,7.43483380697284,7.43680642829162,7.12178356607601,5.88212331323113,6.27475137047056
2012-04-15,8.33730938223523,8.22802830342157,8.20012730315563,7.22413820989175,8.31519626273932,7.8756140820546,7.01335893402678,7.26234478152811,6.30740091602366,6.71990654624769,6.67360822133516,7.24285340719489,7.15735066906257,7.34809879948172,7.85830405831163,8.25009453890927,6.83032665757026,8.08245401143994,7.22958346458251,8.01781893327581,6.99776488418134,7.11630460288201,7.87973702266375,6.02373960137558,11.4870024793648,8.39583110389977,7.08472573290299,8.98650098978373,7.94782612346944,7.89905161263136,6.98015302597763,7.47857133508467,7.46081493919154
2012-04-16,7.06776635054125,5.21374151693634,4.82780590646605,5.77655236508644,5.98006783281918,5.11358977588321,3.94845080874688,5.92341177024707,6.00073343743449,5.8569414914914,6.0219061603505,6.49656799813928,5.32508702817257,6.80980782983257,6.60653207164187,5.6153522552473,5.60218754773894,6.75695350209437,5.5632821962642,6.35420600614152,6.05140820486308,4.76997128987294,5.17764039289794,6.20826524123116,7.08869427332214,5.70084644480131,4.11470765071446,5.22745663859592,5.98923657286838,6.04558262872127,5.89341116322478,4.72753549811252,5.26228908359711
2012-04-17,8.37382685064189,9.51984002459256,5.99509466660009,6.43961501772004,7.03485991850539,5.80491532579163,4.66234198181942,6.59371548675755,5.76088084560339,6.16612156172812,6.08527015076453,6.86208316850666,5.83065792298419,7.17157551394212,7.61190454826449,9.07206603886027,5.98491986843684,8.60238590295431,6.04147470781308,7.10675049177467,6.40712849771531,5.33744475191298,9.69782776501569,5.26179764629622,8.55720879061531,7.23307580253815,4.76719627085152,8.40741003431757,6.63941159943743,6.71337314553634,6.39931708351894,5.49027516949269,5.8459317431598
2012-04-18,7.48731133313354,7.40485554355728,5.56264365928876,5.92600500240925,7.07437572819269,5.7473402356948,4.46258590746215,6.15448478350112,5.93468340673074,6.04574866152489,5.96116267690909,7.6698550536042,6.21809806617967,8.22004906621092,6.97136401085307,7.44580292592486,6.10501772119498,7.40460475880767,6.42605767816653,7.19459450172618,6.91910971022751,5.49029959656037,7.33367560576307,5.66990238593463,7.2837860982562,6.87843091116366,4.61275229238055,6.74802118985733,6.96585607603769,6.96392329707604,6.03067674849141,5.50143656210945,6.09650697596505
2012-04-19,7.42817692925961,8.23566082391629,5.98691392797221,6.04380146478059,6.98297596989635,5.755411919971,4.46128060002516,6.23182425241303,6.13621841052366,6.14947537138647,6.15766018073812,7.0508399552449,5.83570955324361,7.3710447381369,6.96046086366763,7.97240805293139,6.06447205588833,7.35911622252855,6.11392058366704,6.97589055603234,6.56276208230519,5.2667623224586,7.93725371913197,6.04869258988655,8.66549647001914,7.17978119222057,4.57479597063277,7.85645080035862,6.68649160576235,6.71088824025516,6.15282223121495,5.38941745844885,5.8255395489763
2012-04-20,6.23835205745734,5.85084589581167,5.18418302379126,6.37024588338959,6.27454863604365,5.26355500370394,4.04293815508172,6.32943959786289,5.92682669328647,6.12876183656883,6.06576567057677,6.63286836165417,5.44780019965725,6.90673185345418,6.31286402863506,6.00583704811312,5.8048046382224,6.08965901827386,5.75390921441521,6.51596472460487,6.18825038544349,4.90518964264271,5.57185191443661,5.77844113569145,7.45694487743378,6.08069232555576,4.18122987421282,5.92460427079576,6.28660490375936,6.26754737842807,6.2209412891059,4.94423712310262,5.39060449077158
2012-04-21,6.85590045436895,6.92728802879988,6.89296077485456,6.56192129750636,6.4923528428056,7.09851811897298,6.12553579687208,6.37413969353543,5.68767950110345,5.71597786110709,6.15745567987504,7.59946196807965,6.91624926938716,8.6217698268061,6.57120445503018,6.82916051910522,5.35185209600578,6.78056529972407,6.42182772985741,6.24757725454068,6.51163816311424,6.34978246650013,6.78037180365415,6.37295927188083,9.56386646213195,6.69236013984166,6.29992361526919,7.58567754536409,6.09277777257006,6.07482965562979,6.15514047290835,6.18957478610421,7.16141162768203
2012-04-22,9.47846464754908,7.65456433448625,7.56493321027959,9.78421944134584,8.88360501482281,7.81050741793988,6.61513253932441,9.49215518146602,7.35734223261419,8.43146310638402,8.19720503917764,8.43226535107493,7.66164647721717,8.63304340263464,9.43873818134657,8.15963610601711,7.84537264802297,9.32845581434861,7.93411053641038,9.27477736007089,8.01913253260415,7.32025941717184,7.70365200037996,6.55213836119571,10.3940801550349,8.32656268567535,6.77167681441214,7.80543939550721,8.87777640222417,8.84488754098149,9.050704150296,7.55095964365431,7.74088194800437
2012-04-23,12.1236407592517,10.3078376496514,6.95547178131113,11.5477027438474,9.46104996234669,6.27625072731462,5.36559754862976,11.0748794702671,6.93175422655777,9.01525553781338,8.62661219328583,5.39053493440094,5.45480933451143,4.31678908272891,11.5481466592012,10.5492731557334,7.70463799717669,12.1821591978523,6.49027921003268,10.1648338192169,6.17473636729956,5.84077040647989,10.6736210075522,5.24564715656406,10.3207174313838,9.08026636381203,5.34021973755931,8.93813106824872,9.06198328117399,9.14915602989113,10.2970057944939,6.90789170212289,5.58525166491537
2012-04-24,11.1750595576239,10.1175411042456,8.45020391424715,8.67321842750334,10.5222865832974,7.97198202453816,6.6484232488247,9.03082878203282,7.42688482455419,8.55955948288375,7.75323937252329,7.42296072601826,7.13640170660391,6.49337523270987,10.3377305828573,10.4643855896303,8.96093704852818,10.9805130570827,8.18894596833768,10.7848162144614,8.0424547080136,7.33832153508937,10.1487887136956,5.50841698465969,12.8696894461522,9.93358488343794,6.7047212668831,9.84106723261546,10.4783470186302,10.4553550050805,8.64672232376978,8.20781524425915,7.28571277948689
2012-04-25,9.64009350804287,6.17516356116912,6.81445889603113,5.28436873183169,7.41290973152551,6.74992209475508,7.00335015340538,5.75127426241401,5.52704537805052,5.41429865932347,5.7008688222057,5.61059149440989,6.31248960476434,5.41032453168013,7.93192008261569,6.80818526471812,5.9354010085183,8.9844834391485,6.28287659312126,7.25571822945551,5.77341589997796,6.66935058703605,6.36376176268893,5.66775845556411,6.90763679265518,7.26322595780936,6.9621417678342,6.13813716547454,7.02888659519481,7.11398340733343,5.57134809116722,7.07809168258326,6.47699526668084
2012-04-26,7.60433255645125,5.98487997621357,4.40459638131745,5.54452915176694,6.0944021045842,4.03210832598634,3.26246606232117,5.69595922445721,5.29662462514565,5.28073243667266,5.55904802992202,3.75618011036318,3.57080318072703,3.10603554064496,6.79290619166894,6.29343283669829,4.94417313445607,7.36826597469725,4.2848656367563,6.40998134858123,4.20914475233576,3.71480658427712,6.05974091842499,5.58083087909048,6.86437955777528,5.80110026796324,3.27579417842098,5.42508553774511,5.91089290895691,5.96516701486004,5.51772473849751,4.34333004061883,3.62722661047662
2012-04-27,4.12635712828744,3.48200934405369,3.26881354781522,4.75641246165755,4.02231189727721,3.47056223303799,2.79906645618797,4.59662669954553,4.97258398560576,4.49311396466037,5.0126037053595,4.38877475144477,3.67368376351822,4.58062733447603,4.3267713585036,3.68645116355785,3.89145858786751,4.09144675297729,3.83414620345666,4.31094024667692,4.0989465008842,3.33774073868297,3.45263502102782,6.08319669255684,4.315358058495,3.76367824411669,2.89205492602766,3.43656834557276,4.11356107703191,4.10355144624359,4.6119699197035,3.31461668604044,3.60896282590071
2012-04-28,3.85664491419583,3.61979792381453,3.24548240956465,4.24781223456793,3.45274331820642,3.28136222778031,2.65862664731121,4.12372329460348,5.0115972768128,4.19025459292486,4.92621055222195,4.1208355274743,3.41342209381382,4.40186730438522,3.96025007341999,3.6063443321165,3.51375903193475,3.76710232368658,3.44798788550144,3.62549503665245,3.80625943870985,3.04369323652057,3.42738768970819,6.55822872979856,4.50001700783664,3.5792689060503,2.7428231338413,3.76656000235619,3.3757770142267,3.41477349045761,4.25325928968134,2.92458536413207,3.38767774801999
2012-04-29,4.68025778081866,5.48560142021919,5.06699565263148,5.80984821242549,5.3108676097433,5.0780054412279,4.34503037904136,5.67239857168403,6.09753071173671,5.77371006049052,6.00356856346849,6.26906196553737,5.35649888291621,6.64149026583604,5.13029602744882,5.34127331942193,5.37405559565624,4.6756652697226,5.41550964408522,5.36786518463143,5.82892579748237,4.88104391037517,5.10682745900059,6.72282662853635,6.13657735155704,5.42724976721134,4.43027135577898,5.68373003726239,5.31315229649493,5.28583543685708,5.74100046867514,4.73357148903035,5.28641360318723
2012-04-30,8.02338533728258,5.22871843671945,4.08891845669152,5.37865274400068,5.51545879845827,4.38855112045186,3.16372119787448,5.57789002543604,5.78355876174263,5.32005885504576,5.94248396346782,6.45562271920456,4.92114720174396,7.15832762963689,6.95808410035668,5.63648545494334,4.76252868958085,7.48223075098986,4.96728345813656,5.88963269966466,5.63495529207737,4.10047759251631,5.13759212768471,6.68464039611146,5.78681889147449,5.53365367248553,3.34087928054181,4.80956576881478,5.19866796748467,5.35149947460252,5.54540832233631,3.96515441562009,4.79437550648954
2012-05-01,11.5196076665874,6.1053260517163,5.10251283931274,6.2082582999319,7.06017310269048,5.39097062881426,4.01194547346284,6.6912968233548,5.68376874223699,6.04208553208415,6.18588353058816,6.99368579599609,5.60988180577343,7.45258212371236,9.41493475924046,6.96153837689301,5.78712592946681,10.565176758836,5.81103680508145,7.60799196359123,6.39494859144033,4.92583988025636,6.1980972833727,5.16480162308106,7.8743398489968,6.95832728791609,4.20912102992373,5.6832658287316,6.57519257691332,6.83689971958209,6.4526362066548,5.0026056062787,5.56357879876294
2012-05-02,4.15411110162165,4.51014395032841,3.65439907209102,6.35230865791587,4.44621866130329,4.03938256419353,2.61569101268342,5.97380994621731,5.92719150044788,5.79385674683391,6.08865811764561,6.43828357763874,4.64874133382139,7.1654839937934,4.94260344821494,4.48758762839093,4.77732393515191,4.27434151447198,4.75899526518658,4.91628628621015,5.58705566052707,3.71571837415786,4.28674070519209,6.62576640007513,5.74652847414457,4.31974743965049,2.82769401080644,4.53341159485073,4.59715290539854,4.58857731322565,5.98629589737114,3.36342792507687,4.48577789291356
2012-05-03,4.99374515568803,4.91260884027755,3.57828342320515,5.34307186141823,4.53434520300036,3.68185563326118,2.46363212611774,5.23481314843073,5.6977360191803,5.20878661413401,5.6988143868941,5.73032400004726,4.18986352818992,6.26419885062062,5.11378005572305,4.87154780274304,4.43953160759586,4.88779950734098,4.36354423930859,4.84426729110746,5.07799781488632,3.41518251085632,4.59477505884921,6.70176136970273,5.30809293762013,4.62844469331762,2.61148209898758,4.69417152804796,4.44940499829356,4.49318868102273,5.29718113431655,3.24059651517058,4.03872161444453
2012-05-04,5.10631538290086,4.34113406550531,4.36594048942557,5.34477758199393,4.8851064743338,4.72920900321923,3.52356904569894,5.31558709079362,5.47354665257388,5.3422638281888,5.44727328537943,6.11092449291978,4.89992663517574,6.56515549651468,5.22574564804303,4.55753875953735,4.98476125130005,5.00602884548431,5.01051323919809,5.22703354111953,5.56392930861866,4.28096523762439,4.26419834815572,5.71565666495572,6.97286401897847,4.65794620362905,3.71902483665265,4.75285774962487,5.01872770234478,5.03361523066489,5.34022649910597,4.0629435620748,4.87496581196964
2012-05-05,7.50954611908086,5.08160017124956,5.34403750878229,6.61621028585225,6.54914285162984,6.00201132014461,4.66718044863482,6.88730614613997,7.2791501606672,7.30543836974836,6.98328657692038,8.31882957194402,6.60778209087682,8.69573284181103,7.33700415086003,5.67636612533198,7.26175925008935,7.17441726513372,6.92308017728616,7.24326702579328,7.85301481568056,5.801698886182,5.11632752260418,6.63188430150172,7.45566901369966,6.0695571130606,4.90259615232794,5.24787728775023,6.92773578574522,7.01516146193059,7.0192612966953,5.4252137100443,6.37717944604385
2012-05-06,5.55072030252934,3.63777686578154,4.09049145439097,6.0417194746211,5.08672990786402,4.24850086050653,3.77483433947837,5.91987797823119,5.69465928892087,5.74686824746027,5.83685986958547,4.56669846982186,4.22982959727855,4.22525243142186,5.71772736710943,4.15764059801824,5.25369828658011,5.38281359823093,4.66723840522106,5.60388015840491,4.81560386426948,4.2035875865714,3.70740101143034,5.84384463869125,5.18190520450171,4.59427472639792,3.8318972137271,3.71946235681144,5.34097034818948,5.35514418995347,5.87842436254801,4.34430658094051,4.16164399975387
2012-05-07,3.45953276412874,2.97408475639544,2.75946572854234,3.66411147276832,3.27781841392745,2.89885989742738,2.0964651760791,3.67422672412277,4.94248804764023,4.01958708668997,4.62377347352977,3.75220383903787,2.96912195200479,3.7983910358382,3.59074112583859,3.11485628454327,3.54785574012155,3.40573368063422,3.23086903187763,3.60448868882993,3.63871629328506,2.64113441592199,2.92031602402505,6.33637465569324,4.60545920331898,3.10456409693622,2.20776311833425,3.14714513464324,3.42837316776714,3.45133909353361,3.86950076448743,2.5669026060086,2.91985822773709
2012-05-08,2.74287391641293,2.73211017615524,2.89372556814469,3.39404897095476,4.32877982499776,3.00401820802844,2.31031261527165,3.49175914282622,4.31170760419012,3.87984092006553,3.90375811428972,3.594440904502,3.08650841048843,3.21178858524735,3.1780710650319,3.09799701656193,4.03797261608152,2.76404091202177,3.71235570069523,4.54963366825463,3.76523561190434,3.02187096818038,2.6510064534889,4.75496976718498,3.90628056486001,3.55330911326128,2.35946262947551,2.69948661549702,4.78686955753453,4.6432777435828,3.53451125848896,3.30483531322088,2.97468356626834
2012-05-09,5.09070090111414,3.37776967908917,3.03913729812124,4.29079927518703,3.66508774681224,3.10264281752989,2.46358031116584,4.29970535985314,4.36814223302568,4.14891034868572,4.48841175943627,3.51956604818038,3.01349409200219,3.46062001340904,4.7380069495301,3.65870062593627,3.63474823096568,4.87658975732161,3.25325813139514,4.0554079725914,3.52973663105957,2.82792134832447,3.44289693773351,4.87570896678995,4.85890801500266,3.56534271384334,2.55004917834709,3.39602990787756,3.62179666084973,3.71589767633352,4.30678690645971,2.87158333821685,3.01577146737046
2012-05-10,3.53876557308987,2.83718182627691,2.82905641063313,4.67915827096422,3.12588519159813,3.09860679956441,2.40503885406779,4.48327629090317,4.3959407586513,4.43416779742537,4.48839175840672,4.12079377805114,3.29444964725211,4.28494845290522,3.94451057532633,2.9867110388603,3.80699411963126,3.55008437883916,3.43930876521224,3.59791205530759,3.93691033588015,2.90616211009364,2.85514258427644,4.49853122990486,4.29309150916487,2.99012423016142,2.52751502050652,3.0247241229396,3.3147387067376,3.36357728159776,4.53469946973551,2.68019483785634,3.2141424983913
2012-05-11,3.9656979078604,3.31868543211998,3.07171066274708,4.6086571499899,3.62409035269741,3.07568034793875,2.55697814465496,4.44172787933518,4.57396055071949,4.30703125752223,4.67180768616356,3.35479042886289,2.9864174451904,3.19494236747401,4.16297782427412,3.47778808794736,3.69138427507872,3.94698659991747,3.2766587557566,3.95743359377537,3.44666536795964,2.89061816443181,3.31594064795071,5.31214591943497,4.48604190867436,3.44496502813844,2.61252099548458,3.36256477151742,3.70311312826476,3.72072842728991,4.45180048279673,2.98149804349119,2.97725098154581
2012-05-12,5.0369051246418,3.62147281914551,3.33749543556926,4.84191322641794,3.86586130089312,3.36896058230774,2.7399467823991,4.66862534393109,4.31060379635196,4.19474718298532,4.67271850713439,3.56470329827265,3.18445601656257,3.61588333805358,4.82743856131688,3.85467986245845,3.47727995781992,4.8834622616068,3.32316949279272,4.15998513549228,3.44384793786476,3.02350928790102,3.65389173933632,5.06392604575105,5.21886410178592,3.77558406668248,2.82184026397297,3.7150813177071,3.73688508227027,3.79317173888712,4.56684878381592,3.12815901752331,3.25298641461152
2012-05-13,9.57937751258878,6.7085899162817,6.03103273501052,6.47901295613385,8.02520004730521,6.03500816586293,5.01420963172955,6.76509341071737,5.55005328633818,6.09440440928188,5.99190580886718,6.12408159579829,5.70675931318972,5.90794190165973,8.38164666237313,7.38828637287363,6.22316069822975,9.12709911560236,6.22069521168598,8.25772647105597,6.08459294966952,5.6399480121265,6.84622596015804,4.93979911545969,8.63471138081026,7.41610430987244,5.10236615952629,6.3852756346778,7.85556077027142,7.86974194794905,6.39268197292818,6.2095010118464,5.79289729087592
2012-05-14,2.25053388969097,3.08578304727853,3.70293912741472,5.00795488977432,3.39790089342007,3.92630198619739,3.15067504682856,4.66047280708184,5.15228638137016,4.82221157787411,5.0439763380209,4.63658829153648,3.91785397808016,4.85297240722726,3.30302637593225,3.03609119014824,4.19316384333223,2.45677594577882,3.99695963644051,3.6718220969849,4.39435452043929,3.56057072886328,2.92137224264372,5.89670137670981,5.77839448700742,3.25868364083407,3.28526688934874,3.87139325075056,3.70749301418678,3.65284688029905,4.78915479690566,3.30249379526178,3.93149259163706
2012-05-15,3.49255130503298,2.5748495256422,2.54383665592964,4.19347516859021,2.95808971967357,2.87071889572055,2.14688806777308,4.08296424196442,4.54059786654663,4.19850364855544,4.47379383654352,4.10028451041023,3.16651099848011,4.33223434330865,3.75775052876817,2.76969407946893,3.60035977695985,3.45103577977351,3.29709446326952,3.42751234226541,3.84450324837629,2.71469950172503,2.60175050972958,5.13661952580495,3.85513232864756,2.80145711450399,2.27805939323399,2.6902916446538,3.14767130017087,3.20454749508665,4.20603712904737,2.45721357755933,3.05676728639381
2012-05-16,5.67233473435417,2.88850083413124,2.82899564732607,4.06916255405224,3.77645773492222,3.0829911353389,2.48490554562337,4.19556236225707,4.81225555919753,4.17989836751103,4.79218505661772,3.84305234149982,3.21322067996894,3.88791368301234,5.03093564678612,3.40650668785372,3.69339047499136,5.3005526243069,3.41616737411626,4.2418774314798,3.74613999389736,2.94684113176818,3.03497641058194,5.87159501807203,4.05414434252232,3.54145227069345,2.58437138284094,2.76505185501612,3.76490623858065,3.88285860449689,4.26756316453079,2.934433867881,3.14686676661578
2012-05-17,4.32110374202574,1.7293299130121,1.502173963821,2.80008270119029,2.22580825390115,1.76546731522334,1.23492525872813,2.85846039050547,3.24260764616541,2.69879658329134,3.35055080493017,2.571637368787,1.94091083597284,2.79112621582169,3.65788183850534,2.14459045247311,2.11037210641782,3.9858089633767,1.99028452914268,2.63770340896299,2.32730443673678,1.6192735831519,1.88724951544943,4.30976529973321,2.51839412128934,2.13273583663577,1.33496999177673,1.55296929335288,2.11363889413167,2.24722225125872,2.89916618383857,1.53514870393817,1.88934585890271
2012-05-18,3.96217227018946,3.06375442208908,3.09429266628116,4.13601200810076,3.4152239691906,3.36752263486295,2.54228324827104,4.06446505141556,4.47772344514841,4.06933977626823,4.46216110859251,4.23292960303918,3.43384680941336,4.52060259178231,4.00705119847077,3.2546582384735,3.56981256486045,3.88604311711757,3.50441114378834,3.73834400275614,3.89679063533311,3.02661787828425,3.08431535108127,5.27504346117188,5.06552362398377,3.26387429579309,2.68393602126719,3.35089056969782,3.49205071452273,3.52992918861546,4.12821187318316,2.86628566809667,3.43140666582115
2012-05-19,4.76373750862607,3.53572387416348,3.93292604642849,4.84114675333545,4.11716794476155,4.0813409170695,3.1097348835885,4.7710345852431,4.84578860916038,4.67875246015627,4.91998436238779,4.42239488331973,3.78963229223468,4.50638554022457,4.7662713208425,3.7967739765152,4.20486108908513,4.60113299915822,3.96911719294413,4.45665606706056,4.28108120726583,3.5117475273629,3.49182827802736,5.27996674194578,7.06028583370679,3.96263689576553,3.26108652786484,4.23384796325921,4.17491168732838,4.21725076999723,4.78332284724879,3.46803437447075,3.89202286853928
2012-05-20,4.72957108524191,3.82262155574291,4.00439209253191,5.55749602186279,4.43316651220378,4.18481056831447,3.32024264116201,5.38171331131341,5.61405141841286,5.31002772577063,5.66946082663353,5.00715169344914,4.21124006093016,5.15966151111947,5.00959785369673,4.04645137140901,4.64773616493532,4.62298206294652,4.39845770417832,4.80939118838327,4.78676359519785,3.84752318165325,3.71043538459053,6.36953644926664,6.08472189590423,4.26649789389785,3.44915487506026,4.2283778241499,4.54347577816575,4.56573393580968,5.42273476933386,3.75459390907227,4.19918176320463
2012-05-21,5.84762564779438,4.72510546843954,5.29739206890882,6.36966516753643,6.06591774622928,5.75176229288454,4.51212785381998,6.24986027914619,5.74920750075606,5.95833650683467,5.9488063274665,6.81356173850514,5.78959293488991,7.24777756177308,6.03657189922266,5.14418724084032,5.66868749897742,5.74537135734922,5.91548305579572,6.37074726301793,6.22278052915795,5.26570433687544,4.70864625230935,5.73821675226269,8.05007749952352,5.53521350381656,4.71342772124676,5.27248557576841,6.25938616242055,6.20418346706929,6.10602858284742,5.19460407587139,5.8264229971377
2012-05-22,3.54491902879286,2.6565560394719,2.78574277410679,4.59745600334011,3.24164377688345,3.24994520126108,2.1594262372076,4.57873794287951,5.63248810859347,5.13111732859361,5.24514182594975,5.06521783034135,3.65982347096666,5.26365637981885,4.05840520363189,2.89175302105237,4.5824305373244,3.51926840361891,3.95348382612947,3.92774462218411,4.84741099940528,3.02008069935353,2.65580517964652,6.05976156346178,4.93024090595412,2.99124950788157,2.355045656368,2.99354048220083,3.66695946630556,3.73949824099254,4.86291985761734,2.59371619892571,3.47663922206737
2012-05-23,4.304142913434,3.38131592626523,3.56236014077627,4.39723328948257,3.68744708606639,3.80695743503687,3.09716661372293,4.68506557394202,6.30011242180696,5.78787596404389,5.52383840455057,5.22230939018036,4.12604566371644,4.98339042315636,4.59095033746717,3.5428784715781,5.71481420127309,4.17299318491936,4.5711024174637,4.37271653564417,5.53168484221566,3.72471519420454,3.33361915310959,5.99973118841765,5.23774300358677,3.65447175754075,3.22614012417778,3.74565453234589,4.1622533409841,4.30409106095112,5.152846324379,3.28933785382575,3.89715765768459
2012-05-24,3.35664289051008,2.11577749964288,3.81554432586307,3.19402850623952,3.39556135503016,4.02464249599055,4.26374978335095,3.1965649623462,3.8228063841737,3.28260570987157,3.707698321916,3.61836385275455,3.93465911745062,3.77325828907356,3.26581974331516,2.43833311960664,3.32723328399844,3.11837258648093,3.6891887857432,3.29819143821687,3.50293426166202,4.01520761294816,2.08372215265435,4.75097300232325,3.46021039197667,3.28253454421311,4.27363301613621,2.76164044966322,3.42824779722013,3.40938666987519,3.25841685372353,3.93645052811886,4.01126105237876
2012-05-25,3.46288809604922,1.84767625882324,1.88535685201366,2.41191787040363,2.67751346903116,1.97958714222602,1.66565957673805,2.54142968418519,3.18966170086907,2.63500510818508,3.06178308385454,2.19161879397687,1.97163202536623,2.01805178995172,3.08394452834396,2.22016813516031,2.46315222102982,3.24502704900298,2.22617624543696,2.92819754751726,2.29849792670937,1.94144016204113,1.94152166680192,4.03295919835963,2.57016769765478,2.3892688737084,1.70192125484002,1.73820182700441,2.73687239856741,2.772092953422,2.59739583407106,2.07039451799085,1.93588685845406
2012-05-26,2.86226827662277,2.73569279471082,2.21977592715114,2.62444389425342,2.74046676286135,2.91981981919376,1.82739834422854,2.68863196310756,4.63401077629063,3.13407219151126,4.17151440822528,4.96667498734715,3.52199119546542,5.91381950524872,2.82079031573471,2.824234675882,2.72363561756528,2.97522467188291,3.32408782194962,2.96820231610652,3.94147503307035,2.66163090033757,2.94801723716954,6.97856687116771,3.6449513740751,2.44196359142598,2.05042813507178,2.5900600111433,2.89156128193762,2.88980699935185,2.93314711900983,2.21694351496878,3.41778230348352
2012-05-27,3.52131047092179,3.8140493350462,2.65710032633485,2.97014557843783,3.17012372351235,3.13559618211986,2.34513067559624,3.06537850660173,5.01217268747748,3.49256418345395,4.56086596768874,4.28694264427674,3.40170215578051,4.75933564896973,3.35287052705191,3.78184129417522,3.11240832112808,3.81921578285614,3.3778427894983,3.40781304853519,3.74733558197449,2.9089008547734,4.27484830247608,7.38243059178073,4.11462159236918,2.84324598715513,2.50146752240326,3.3233422239887,3.31100606322248,3.32073250352102,3.30482067210709,2.69246376009107,3.3574415297254
2012-05-28,2.73199478258466,3.29903480631843,2.33744412393372,7.8088738753245,4.2299166059912,2.63159612456181,1.9231397817204,6.72102738532572,4.27442798466942,5.21821014974609,5.45469389436338,3.31682129097251,2.82690515202142,3.19847907235603,4.34989192554881,3.55073150791874,3.55832882132119,3.39005158984493,3.31793522376645,4.87023718123004,3.14833323463122,2.70730614735341,3.63316873277331,4.75649552702522,2.90680241492663,3.19134979780453,1.98282107732904,2.47166002559245,4.62924064944198,4.42542688965768,6.20095345629019,3.0859621343101,2.73257266931628
2012-05-29,2.47761678780538,3.12470019314141,2.19242334603841,7.81063664751805,2.75084087800162,2.29000830423194,1.85151163520973,6.64128498332733,4.68643502234437,5.34216393419215,5.80754962908815,2.57302911232838,2.26561851550983,2.42218530188083,4.12196328780573,3.05482599950349,3.23661736359172,3.11496839008942,2.54631191219834,3.48567445461436,2.63848408486762,2.19575752033934,3.39628844833282,5.5159539684749,3.25188798497096,2.39974252224124,1.90207735880697,2.73534518034742,2.9713236934422,2.92676963024279,6.35120952706572,2.27805329895996,2.23816573190291
2012-05-30,2.64787770142883,2.7337965176433,2.2458206759322,1.58154214758397,2.45748710774334,2.39325632562511,1.98157719266555,1.90817154759247,3.97924297793443,2.72498738295194,3.26351112122162,2.83418905411949,2.41839737211254,2.75700432120925,2.40880441333946,2.73360040046808,2.85408656262266,2.72100094976087,2.61021893996247,2.62010118119213,2.90106165194639,2.26889597189963,2.93888982596646,5.32531935293132,3.39419077087602,2.30156913381673,2.0521861518815,2.62234370265172,2.64575205736019,2.67990049721454,2.24001487624868,2.17176485110605,2.37427694050771
2012-05-31,2.2143941344881,2.16440405399807,2.19640940032427,1.04104360317254,2.23065346553936,2.24449335357765,1.85284483452909,1.35170144151518,3.22023027475503,2.03055230607511,2.59134487193079,2.15859282098046,2.00923897627508,2.04353387973642,1.90948279191826,2.21927740263457,2.24777889127123,2.19030502077692,2.16253358065039,2.24289978582722,2.24797472156784,1.98446940684293,2.25830332518189,4.59299100171626,3.75490593812694,2.08285076510789,1.9124500222667,2.41462579731287,2.33895961718704,2.34214139019417,1.61177987121486,2.00579743656256,2.0711563772371
2012-06-01,1.90559485326519,1.99537325481407,2.16101184775668,1.29540260589397,2.17729386547835,2.27750057964864,2.04007326397331,1.54027364988145,3.88474397203094,2.35123377266381,3.14238942825787,2.48679582765267,2.27236053288287,2.45632899357729,1.81376787909493,2.03905285047554,2.42489085209383,1.90540120031318,2.36608163228284,2.20351043909366,2.51000777264687,2.19292452476209,2.04737417128697,5.82827313148721,2.84803134356689,2.04127357045516,2.08555261231597,2.15726622030692,2.34309361295242,2.33699131937631,1.88490388785228,2.11863266719242,2.25853586249417
2012-06-02,5.43600030244097,3.63299655906907,3.60272140095678,2.47609098491724,5.91592391808599,3.77258202229605,2.95484943375626,3.13819210453897,5.14981993115618,3.85786884132197,4.34423185751529,4.1245715657589,3.72379360650774,3.59341194826707,4.61023589331021,4.39445153558635,4.61619544240403,5.12422062178285,4.50053939917766,6.05831214137481,4.3619433119726,3.76095682665108,3.79119811463726,6.47160933372876,4.97964283423882,4.82900494930345,3.01099963828671,3.24911663958407,6.27208310194202,6.15962179595959,3.24088847687069,4.31438409962299,3.64550387228232
2012-06-03,8.53266842221515,5.30263578469442,4.06448257204463,3.66537129985578,5.21846587868139,3.96688682285794,3.41331775470391,4.16746838298742,4.93054664639617,4.01267394971792,4.93725766212833,3.54632077693717,3.50011042580829,3.30722115745823,6.63432243833045,5.75667882103608,3.91147557705052,8.05142733793605,3.76945776572709,5.42638168525475,3.69790348498208,3.56489235623359,5.69536881205608,6.35013166552062,6.35659680713989,5.1079690724383,3.46725594775274,4.77000167448339,4.79792576546,4.97503326876648,4.15084379235739,3.96514309864466,3.63646792753181
2012-06-04,5.37485873722593,3.7635680790588,2.99674411101033,2.14844202822102,3.73405223441313,3.12246359771982,2.57080836037878,2.70199851147738,4.49789150498044,3.33627319995328,3.91142049557712,3.63618268958506,3.12749042636811,3.57113074857278,4.29313743501416,4.01462117972098,3.57020446152047,5.11373553400402,3.36251069799433,3.94692479346014,3.6637588882881,2.94057152690913,4.00706543109731,5.64249592933953,4.45702910224391,3.60009898334686,2.65253240448507,3.44225387986751,3.70541692727359,3.82111131501058,2.95202234102405,2.95908719393133,3.09150222515017
2012-06-05,4.16468037743698,3.29098306991437,2.89242085927406,2.09654839330529,3.46236927363505,2.9762001659384,2.59091055232599,2.40197142558791,3.53285353992422,2.64088892453697,3.23532826228919,3.03050465006755,2.85538990754912,3.05310130473651,3.43543525085165,3.48198718644494,2.79254167586902,4.03129760573833,2.95662444308259,3.46327960457411,2.93469819299255,2.78883927032378,3.4701809736501,4.74846127167545,3.97840880166616,3.25237799640616,2.6424299483769,3.11636683602409,3.39605164508318,3.41444788351424,2.4836323717776,2.92387584779815,2.90431751770152
2012-06-06,4.42902449085658,4.18916139757024,3.44934549793507,1.68141156074676,3.68133302146708,3.33727435117669,2.95484414734451,2.02610419816654,3.70237777258815,2.24979276150108,3.35199440565638,3.04550113587145,3.02666436186199,3.2561844025876,3.40085936907962,4.16449413351413,2.39065345221298,4.26548584579751,2.94174246406939,3.3676339991175,2.76098625553297,2.97149968173402,4.23683899349485,5.94650612842333,4.84932168452851,3.75095679491798,2.99130601564259,4.10129756455992,3.33152011145921,3.34204039005751,2.12704385816926,3.1787206151086,3.1928106395548
2012-06-07,3.51190181463271,3.72930820162522,3.2214761394296,1.55911500466474,3.41117797668279,3.38358271544242,2.8348211314895,1.84683794055796,3.25946460064837,2.1016448472599,2.90524996216049,3.73063559104352,3.34771898050613,4.25769510894626,2.81760381537195,3.69410853782155,2.35236493716566,3.47499955520004,3.1442718593293,3.1248168409851,3.12241661448419,3.05127397913186,3.81170507326917,4.98464311187654,4.45602240450717,3.34419512796004,2.92550882910328,3.69502794587269,3.2216942961456,3.18983526341746,1.92679588046429,3.05296571394483,3.4550150135286
2012-06-08,3.38852903208884,2.70272844600336,2.61476689976545,1.81899037596944,3.04900590308755,3.18829924357848,2.27715229573284,2.03756408020939,3.2393819692396,2.23622336259723,2.95984659553499,4.75746670659005,3.63736723310975,5.78180285037311,2.8272657297926,2.88202514895866,2.29524164034494,3.2406512560137,3.29200220242528,2.97896373732533,3.64645033059018,2.89181476402416,2.76389584290258,4.77167986859676,3.74930510825453,2.86445419313648,2.46396680880705,2.74431926023466,2.96806564435818,2.95757907075126,2.11452148055087,2.58294436950808,3.62336053034283
2012-06-09,6.21022230839742,3.71570969251118,2.09721875165086,1.73144498285949,3.36204034401021,2.55229415125055,1.68363976579157,2.1845215587765,2.47540696567038,1.91700894233465,2.58450502860362,4.15105016904861,3.03713581268414,5.06302990487493,4.45553495856798,4.03354590695926,1.94326231787242,5.82978679323606,2.78508345149737,3.44835854040086,3.1391578758019,2.32871899216012,4.06841699876111,3.37626951048182,3.02586545870714,3.29883597561046,1.84249100072855,2.79288906448276,2.91920122904459,3.06147229759874,2.09188168428743,2.21773779175116,2.98878694456059
2012-06-10,3.77947367828388,3.02141110439287,2.72578431786315,1.32399597206557,2.91607940999495,3.14989988752388,2.39460125617258,1.63038824819763,2.58972078822094,1.72737086388274,2.39472281275983,4.08200079944168,3.31919639883378,4.97839425827211,2.85750128880614,3.13161599598035,1.93524734339469,3.6130914348911,2.9368815072529,2.74346492831769,3.12608732365458,2.75455915466218,3.16969109128188,3.87441279162521,4.15117331528032,2.86264249136315,2.55374743910122,3.05168705964132,2.68508777237251,2.70680270393981,1.66136965676024,2.54953550096107,3.40110821006365
2012-06-11,3.99496535676041,2.70731886674325,2.20137244553255,1.57397502133654,2.67779361791001,2.7886937388521,1.82282834810785,1.85212871278401,3.97777699947121,2.17539916603678,3.56323085189261,4.40462035412325,3.21819755281642,5.45893992276058,3.07435861853505,2.90279665584849,1.92410641707937,3.79302410865253,2.84993311676889,2.70296763142438,3.28679200381488,2.43227324794879,2.89776891435722,6.81393017871209,3.64057769562338,2.58534582033833,2.02564110493318,2.56887349070197,2.48860236533078,2.54913837053553,2.06074618503142,2.09714764544014,3.21215283518638
2012-06-12,2.81375335850738,2.02151324301396,2.23825209248337,1.31862954831332,2.21473025494696,2.79322583120622,1.99228526927813,1.54884478977594,4.86320543963719,2.29017891972614,4.08870212047752,3.96312814219831,3.0450665186268,4.82627759432776,2.28829940871423,2.17563337609882,1.94530337488081,2.69261391361837,2.70064592459804,2.21937429747429,3.07816182011508,2.41850578761969,2.16549849272542,8.79964500249839,3.79071145841808,2.10592787195372,2.17971801356431,2.31396305129048,2.18578387181677,2.21468349146421,1.96237179296718,2.04740402700466,3.07781944966255
2012-06-13,3.52949595108503,2.45578828080788,2.31856932191426,1.97103012982108,2.66764367198656,2.92599194604266,2.14165654289574,2.17041327666008,4.13968273921974,2.54963061678836,3.71362817702925,4.49421926698859,3.41159142613564,5.4315815775074,2.95372024659006,2.65658177583799,2.31115730326407,3.39018979918517,3.07809858931267,2.74522801579131,3.51663366876882,2.69836715845533,2.6268078284292,6.59455374986573,3.24228598993851,2.52566252571835,2.3229401127079,2.3972836302509,2.61687481207785,2.65798965777905,2.3945056714051,2.32046240459164,3.36382524136097
2012-06-14,1.35283115701305,1.42309773970101,1.48991987164939,1.00403951026617,1.61472320744081,1.8738610463475,1.32318540030461,1.07291640023626,2.54826884518092,1.37508781626294,2.19837364383044,2.79509377326154,2.13453940144476,3.43476118289686,1.24863513863437,1.47512516016641,1.2644354411303,1.37128864391391,1.90554238218524,1.55254922960723,2.10308797974231,1.68488054278051,1.47355609999521,4.4212615963604,2.20768529794361,1.4551503105447,1.44175803934243,1.53074938866423,1.63985439555339,1.60212618395073,1.22219521515888,1.46728585372327,2.13503367979116
2012-06-15,1.81465927496642,1.63407624826009,1.64417592827385,1.02508405508672,1.80610296114351,2.12761378329999,1.48970094044727,1.14864472796053,3.29318174643235,1.58659158528722,2.79944350539386,3.31821487848301,2.49074139255769,4.13311052140994,1.54351627712705,1.71523397575089,1.39073647221235,1.79061519880617,2.18004100165787,1.74439056028292,2.45319404513901,1.92082342887222,1.71884081111013,5.98907608825218,2.37854596333872,1.65696258537158,1.63403423448303,1.69415474277389,1.79675928118483,1.7760106462176,1.38259590737291,1.62862817061968,2.4786608536333
2012-06-16,4.4552004442237,2.56643539626942,2.15916549098161,1.94816269548183,2.94557810992732,2.75691021985893,1.70721126724132,2.21896687729798,3.73448191845173,2.36563644504262,3.48127159579779,4.32631936514071,3.1360050789551,5.23875037425527,3.49539348349397,2.91815406446888,2.13059433803815,4.19041454139715,2.90049308480644,3.08806285291122,3.32088795469785,2.39436151741775,2.78972352863663,5.92966555076734,3.85499073119159,2.71093961875561,1.91461994458432,2.41638737792445,2.80241850419031,2.86671455047899,2.33287751693478,2.145461396985,3.12362734036621
2012-06-17,7.89960293726397,5.0630055229229,5.10901461986129,2.56321082718603,5.8189609226625,6.09011623720584,4.96772610308681,3.28585507852767,6.02029769831742,3.78423690928266,5.37227253170768,8.06395951693379,6.6808461698058,9.65632384287599,5.93697872206566,5.59928327997878,4.21675255114329,7.3833414873178,5.99603606167281,5.63308788571898,6.38171453151912,5.66330210917588,5.43321617290775,9.17406560393228,6.49238971251646,5.53422032502741,5.24338464869453,4.94604386110443,5.50961836614056,5.5828151764958,3.49078332491548,5.22961868912437,6.71308732372394
2012-06-18,4.35372238750621,2.72255064281299,2.65217450464137,1.73908269266031,3.103008427365,3.1232795393873,2.40961796155742,2.06387404822289,3.81753619698635,2.34145451868221,3.45254109896995,4.13676811102214,3.35687486105005,4.89105011012695,3.37452874925753,3.02122917441831,2.31118692895907,4.07606379644849,3.08331218205068,3.09410256791115,3.32506981295253,2.82547488222469,2.90305770155011,6.05701785027478,3.86134443728197,2.95098798742019,2.5641833415455,2.70510844379614,2.94076516050143,2.99181129139456,2.21709634631294,2.63350132794588,3.38509125281768
2012-06-19,5.72342426874242,3.25593089261493,2.64862602911288,1.89187223750838,3.58031927875922,2.92332475659373,2.3008221904236,2.30942727884723,4.12624676402404,2.44829188301593,3.83767438817974,3.50721518368772,2.98383786507682,3.95732780868695,4.24557148699252,3.66520893411956,2.32168831576071,5.31367244030023,2.88694198966976,3.61191541180666,2.96797624565933,2.65226764306263,3.51376320138462,6.78431217932334,3.88575337835574,3.41589910383225,2.40928863288377,2.88544772956785,3.26713678083319,3.36117093755754,2.42512778581833,2.71901627781272,3.03311046441759
2012-06-20,3.21350444720554,1.75105181954121,1.66198684186909,1.18845499589422,2.05005385331958,1.88926115664086,1.50152014145831,1.39430800576115,4.0033347290119,1.7832148601012,3.51285484642585,2.1982518193568,1.89522566877393,2.53171574832881,2.41983499358603,2.00785816355138,1.37097668075367,2.98913200818198,1.77717261258747,2.06670379236569,1.82202957008182,1.68079843197871,1.92004688984556,7.61322960798698,2.5504179937097,1.9316384224649,1.58157561470337,1.68913476570302,1.89235052571744,1.94026735481528,1.6670998322058,1.67128823430511,1.94842874806633
2012-06-21,4.43406183945319,2.68669404148923,2.74154351051196,1.61226089442371,3.14788537638485,3.14391648131922,2.57987214623149,1.93866326162451,3.64155011731409,2.14214747295825,3.32189225800877,3.88865142418505,3.31101609527072,4.60959875593228,3.35404979279958,3.00157939256769,2.14594640976843,4.10309868508118,2.99945474719004,3.05065020915859,3.11226842724333,2.873197231029,2.83397661203143,5.99138538122769,3.66682301977343,3.03211355711482,2.70700736142034,2.68608909045017,2.91505471952944,2.96021195960923,2.06239657148907,2.74923500645671,3.36758314475773
2012-06-22,3.45276318424743,3.04077103250599,2.56788653896141,1.49236217591817,3.01821659648701,2.76111104882378,2.21507659948983,1.76891705906061,3.1518329149886,2.01234499949236,2.82139806155154,3.28313660513814,2.81939830977487,3.71393877295249,2.75047066258013,3.13305247555602,2.12998932272308,3.3419607330282,2.71331788397115,2.88539537439067,2.76942423069508,2.5171414150566,3.1379736970144,4.85266206954177,3.60532549944106,2.89023830671855,2.30358948218135,2.90549087222114,2.87654245545147,2.87149878041766,1.86149113455342,2.521113364692,2.86799683064775
2012-06-23,4.0242352766975,3.74447183789279,3.26393633405352,1.93083658492977,3.59337481740824,3.32034591316529,2.90760899728699,2.21976291807688,3.61578569851996,2.45343748292484,3.2880181819907,3.44774614131686,3.22618263272749,3.74016340721037,3.26528361284753,3.79003724407526,2.61215468331145,3.90276819954149,3.14219042437642,3.38639625882162,3.08096323454859,3.06311009771158,3.81002521419377,5.35843966192098,4.29124386504715,3.53570609114243,2.96425192061203,3.6497417552252,3.39536172306753,3.38963139040346,2.30784318844379,3.15551244830117,3.31633370923074
2012-06-24,5.21870326744317,4.2769791039407,3.76307971865418,2.0806627450947,4.28606569987268,3.87951827804691,3.41009646215466,2.48945344386634,4.23520733729844,2.73880693280492,3.8512728938057,3.97845221681258,3.75833167015481,4.33573075788363,4.05864595970454,4.44391551612863,2.95231120590378,4.99243589603079,3.64139216695242,4.05721860214259,3.52926442069136,3.58037771482281,4.43221335163021,6.49095229613527,4.94144813412433,4.16538270998662,3.48062426456422,4.09848052768212,4.0138320775869,4.02584612838167,2.5870168359025,3.71712686577868,3.87337575204882
2012-06-25,3.34426189440706,3.44105161681038,2.86516371353952,1.65515538472697,3.01411572298898,2.94441910161273,2.47113359131792,1.88287804167476,3.75572107150001,2.21960967619935,3.33631565213515,3.27621556036577,2.91660691824638,3.70180163422832,2.72739711621142,3.38445016631762,2.18556409421993,3.27944270260233,2.76081661135934,2.80287371293245,2.79262910284172,2.65486874598091,3.46888428404304,6.14336830476468,3.96082135211611,3.04960063462963,2.54353320971825,3.39044061570839,2.80627710827271,2.8036790284454,2.05285621214637,2.65170107096097,2.99963943536637
2012-06-26,3.6294926142572,2.71242103128013,2.31046331031352,1.81067146636041,3.01564965073224,2.61131590673258,2.0083428733224,2.06881237806311,4.23945404435711,2.49186203247983,3.73926358721503,3.43119931013887,2.805941748549,3.8339789176576,2.98566619889593,2.93137392879364,2.33941287494449,3.49146790393581,2.77492940840347,3.04703398276353,2.93924943431978,2.44544680943101,2.86194082098361,6.91788832054123,3.21570746027792,2.77075603287871,2.11180210212872,2.48615098345632,2.96917048157728,2.97915551440401,2.28220622500755,2.40840553907691,2.78982106933763
2012-06-27,5.22994640039161,2.85031232057334,2.22204062432804,2.01745733386894,3.34751193693007,2.21034563537202,1.89581613247232,2.3499758553806,3.16311691240813,2.26598256228565,3.10351893038306,1.94753954593168,1.97279420985815,1.75000159167412,3.98450321688182,3.29074913253889,2.20231870378333,4.88430715665451,2.20439845111543,3.46807629374708,2.04111593981825,2.05839038646881,3.12344293390158,4.64106840226117,3.26719770824846,3.07181016245875,1.9172499627403,2.38614615376717,3.12874076011108,3.20305350352506,2.33538840832618,2.41647614485142,2.03517551914558
2012-06-28,2.04393506220893,1.38512244141121,1.29303443963395,1.02004623820923,1.62192228857825,1.47038679196144,1.10445072148987,1.13712858899302,2.89323313395907,1.42972102006507,2.53496878773009,1.84378725233622,1.52068406406888,2.10428932530999,1.65851805246264,1.53216248280778,1.17095946862227,1.94310016890573,1.46870168524544,1.63013713035912,1.53394143793072,1.31996489655794,1.46574037760675,5.26375287651412,1.99963169801397,1.49025457474552,1.17036685064911,1.35904143433919,1.56826953539033,1.57490889016095,1.31774361055039,1.3024792103651,1.54218987094175
2012-06-29,2.12922785245442,1.44890260186504,1.33215413695278,1.1884752815544,1.49570328814853,1.50195059815177,1.18167006670474,1.26575221134165,3.41850990886166,1.60888547115563,3.01229127147634,1.81945295196242,1.52976132790373,2.10088503871358,1.74780416434125,1.55733230411127,1.15912074336543,2.04078618723753,1.42932270868729,1.5229095098134,1.51432834047712,1.33243254844537,1.5495016828122,6.40749520568422,2.05952715282244,1.44401732522758,1.24750932990009,1.44478346765161,1.40879613067568,1.43632944600241,1.51330164990349,1.27545850494226,1.56316059516286
2012-06-30,2.06244130474512,1.54039213293834,1.38032116171687,1.02309793088667,1.61886186123604,1.44406089568507,1.17902956026419,1.13993700914384,2.29891838697733,1.30771296854454,2.07258861435599,1.49283948327314,1.36193535473944,1.60228421704248,1.66714891020793,1.64101857937065,1.17111369392476,1.97814664567901,1.35586215854243,1.60300403147721,1.34332611654746,1.28305540402128,1.61879743166995,3.90238440282533,2.14025724145909,1.53578457844666,1.21971519608112,1.52325277045981,1.53947672560661,1.54995181121757,1.24500251730363,1.33657183661642,1.41235581176546
2012-07-01,11.8615731562858,7.05443964511036,6.94118002856783,5.67359462078431,8.39714488612755,7.82158268472535,6.89617469795098,6.31993329100791,6.21045850141403,5.84310913770656,6.44202760154929,9.50689397874741,8.37920894249566,10.8340126008251,9.44011627604125,7.93250190320106,6.30075220906292,11.0814448504583,7.84457553723211,8.40624372631723,8.05585980277749,7.55029482702393,7.50435632432001,6.80427086652918,7.73369445450831,8.02203632904906,7.11907540134925,6.52640617425374,7.92054054810888,8.05766255818249,6.08631410475841,7.3759298533476,8.38710778415892
2012-07-02,19.3403337431881,12.6528859116685,11.2941029587997,12.1056953537367,13.692059086231,11.4004747140403,10.3556375078864,12.3528950628985,8.97308242798863,10.0244677189096,10.6761673225159,10.5830784590908,10.6254368909328,10.9376824422029,16.1324728784794,13.7680610424091,9.61275864495001,18.4197992368963,10.5996502447925,13.8396581011997,9.9476306809614,10.591246214402,13.3142032585152,8.87928883338119,14.7712743459632,13.2242104116396,10.4827768328306,11.8271309038305,12.6353511120917,12.8210970429792,11.4390842859811,11.4513448042506,11.0196201820854
2012-07-03,5.09482783445688,3.79133326956201,3.11301736278795,2.99681313424773,3.93120460694752,3.17295079829405,2.60990015682838,3.15251238282323,3.52777680525742,2.90203311457122,3.61342976861346,3.23581721016514,2.99157838368273,3.38746948872777,4.23990428005707,4.03426196741576,2.74095063828819,4.91304958195383,3.05643455896575,3.95044331516315,2.96765907121801,2.86687100225413,3.9651892395195,4.79861137256262,4.6223602039917,3.72690931023975,2.67775327986642,3.5341107646929,3.7016577279336,3.72581991232803,3.06811659083828,3.09635843599154,3.08991951502884
2012-07-04,4.27480297423457,2.42571873805162,2.2258773357224,1.58016973483919,2.92244993566674,2.39642869197023,1.93536936058771,1.88636714431782,3.70145195733662,2.10194293682383,3.36618505278138,2.51615534263303,2.28356887929763,2.68912813117096,3.24855388825482,2.78339783479173,1.96505837052955,3.98295284682595,2.29696217195027,2.95162012972936,2.26274201788008,2.15121621931678,2.630995232283,6.24236424957935,3.45315570504316,2.69689375553246,2.00995085880092,2.292762381116,2.75270838320637,2.8001311817709,2.02431303791582,2.2839461497146,2.35718908230941
2012-07-05,2.56779036227453,2.18530214384528,1.92472426401547,1.06885548794371,2.2775688650609,1.97010849063307,1.66418542906024,1.26593445773127,2.31639954314425,1.40965885667279,2.08619438624655,1.92855626020962,1.83905996158432,2.05702509201279,2.0196988264037,2.28534329315546,1.4899562691065,2.47934939817396,1.83334712296728,2.15763951781114,1.72974932870545,1.77736725218019,2.27199537471285,3.73531210105786,2.77997859252051,2.14111959262292,1.7032431804748,2.12134413725246,2.16485548801525,2.15068999807479,1.31981006159465,1.90493945745785,1.91677463305402
2012-07-06,4.16337340552097,2.88953487119208,2.37233121519303,1.04859305833767,3.03238951645746,2.39478506609653,2.00397777530139,1.43641017457509,2.33288547595997,1.4821837865605,2.15895892744916,2.33352129396801,2.2226146454593,2.4981378031998,2.99988643575429,3.11423409834194,1.75012935983855,3.88087636481703,2.21690489284006,2.87363938111658,2.07569100430611,2.1456834940108,3.01668242616404,3.58217016210198,3.45052543214937,2.91203010283433,2.0486826446747,2.66866797507469,2.75785356341671,2.7854287420212,1.42782786450727,2.36453501420471,2.32429061001318
2012-07-07,6.01001514268084,4.48761590076806,2.88487817090402,1.74966559897333,4.00745285242292,2.85773101630109,2.16175464330464,2.24940406392519,3.50757487337687,2.28876486474075,3.30623004455983,3.16592529528633,2.73675108135682,3.39115634440926,4.40144986541502,4.66833038116526,2.39125337000825,5.69403627787058,2.81591962648513,3.92085271828192,2.80940437502296,2.51642225646924,4.69235720231777,5.34788290709634,4.5595513886252,3.95238493654827,2.23277244704733,3.83404332837836,3.58049844367087,3.66277403824771,2.2657823215471,2.79170531536989,2.81910894008645
2012-07-08,7.79704121475996,4.50043202450129,3.38674972809182,2.31642071313692,4.8261448434208,3.57001378678428,2.70497645015842,2.93771050143963,3.98537872413537,2.85147252519693,3.87801869541344,4.02297457754974,3.46122164253976,4.3458780925405,5.70657411673381,5.04080891221429,3.00508087127895,7.22633732222554,3.51971273653779,4.88035812234687,3.55548299614463,3.15994267591527,4.82435043314724,5.6753956902485,5.4684254828201,4.60062707992302,2.82511205835011,3.94207476437559,4.38038176200777,4.51129393257199,2.90065294644329,3.41931279464595,3.55313059329225
2012-07-09,5.66690308033712,2.98238614288731,2.16408792715842,1.73459522832015,3.29047449866699,2.37619313617141,1.77763050516845,2.17540449663983,3.59003621573416,2.26591774731708,3.3745191546659,2.99683681356451,2.46116934723917,3.28398296263246,4.16320717081317,3.41882519196007,2.16990030233325,5.22898379266059,2.48962625180749,3.41859541159599,2.61978432283613,2.17132808355657,3.24141530750425,5.60930628097484,3.30173389878404,3.12642204571842,1.8700261745664,2.46767570259551,2.9972305454483,3.11489794051055,2.25709774833498,2.28022077997371,2.46828287793239
2012-07-10,7.57643885185986,3.40930273323573,2.45338244577132,1.80022470747563,3.82737718754771,2.58980189318791,2.01767937739285,2.38853059890309,2.65369760443679,2.04400448460173,2.80983629749967,2.86578256616922,2.50656835538963,3.10831656256278,5.31015060756695,4.04049648271638,2.14171946085588,6.86667441399425,2.51901909139167,3.95175279569936,2.52876337561861,2.30393915740535,3.74223614097287,3.60269053004447,3.85382722405538,3.72889286763255,2.10040646650223,2.7758085837705,3.28899105969205,3.48026431337701,2.26830027017623,2.55909478226467,2.57788606006727
2012-07-11,7.09215945906949,3.36966800821214,2.30987571776799,1.88600125135242,3.75170950958672,2.47714056847386,1.80190068887728,2.43657253321777,3.57332690084722,2.34813507245857,3.49298987781841,3.01100883807028,2.48371984522368,3.25481441178193,5.07289906417196,3.95045031388967,2.25877078971176,6.4701357560184,2.55743072535148,3.92427512163943,2.65976978318006,2.21290586548762,3.67864050178593,5.47169134238288,3.76273891866149,3.60208117584026,1.8967162960448,2.71230348927378,3.31086347099624,3.48138010881423,2.44874104594335,2.42711422060661,2.51415822977435
2012-07-12,5.31640256462954,3.80489445213295,2.76026157453014,1.78401521127578,3.6366029578232,2.8206296500965,2.21795214239319,2.19356697707454,3.04482187171406,2.17523132644324,2.92585459190387,3.0804333428926,2.7142169618051,3.32949083098244,3.97711658351038,4.02306119119714,2.3065300571444,5.03110466243456,2.73371466410044,3.57811820951541,2.72591402178686,2.50874270866212,4.0032132554702,4.35862971354092,4.24798479855638,3.53839461985671,2.29346123012487,3.37976062862243,3.30773306084245,3.37350080859467,2.17865814299069,2.70100906676089,2.79635728369349
2012-07-13,4.67977888612941,3.65125549602846,2.71045238873662,1.69456942429026,3.50141900523318,2.70080115545521,2.06305747742425,2.06932623391657,3.22467982747981,2.18160727428332,2.99206141665375,2.82288295431889,2.5024271497863,2.95519803969503,3.5760862553798,3.81322709509126,2.28699221779042,4.45592635407957,2.60250221192226,3.42784758116284,2.57643116597281,2.35104759656884,3.78048413524638,4.77965196910881,4.4674235319136,3.38306483215126,2.13287666174713,3.37723151234907,3.2422475213192,3.27887219099838,2.10466024117592,2.57784058785515,2.5994724837861
2012-07-14,6.20165179183343,3.71070312713786,2.98657722490561,2.46938512025826,4.23525497930202,3.18713211705671,2.51805432141727,2.91889914997408,4.23640464595008,3.0314137970714,3.99736687878395,3.80877358278764,3.2532741489069,4.03956267203861,4.80540905289526,4.16880216454875,3.04577870177189,5.77823993379739,3.35581615629004,4.34485842691165,3.45857749698094,2.976545921244,3.92423102470946,6.02115884220745,4.24899487499179,3.97827738290669,2.61121179388153,3.25253244438075,4.0037927394186,4.08817340527384,2.97565667891672,3.13503537985604,3.25822470669839
2012-07-15,7.91609171004504,4.93463918674139,3.63145711863042,2.60235265356744,4.82321038526584,3.69564105443761,2.94700913745664,3.18620401372826,4.16110504233406,3.08862195819406,4.0884577276689,4.07266219491055,3.57465476441385,4.37815055480742,5.86944679452639,5.3380983116444,3.16432353447492,7.35635921033536,3.59418885061071,4.84352276251509,3.65925604622666,3.29845941505204,5.18309347688215,5.76445984044857,5.53521662332311,4.80241937078582,3.04426513805436,4.37232680068052,4.29973944629325,4.45512810796145,3.16783054775657,3.52808474337067,3.667359508784
2012-07-16,7.62055197106397,4.17781865020613,3.42995965864098,2.60294311442047,4.72208823879359,4.03414848051297,2.9605193679682,3.14611565960902,4.30785011488212,3.07060741118583,4.19968035278966,5.63806296813586,4.44068056290887,6.66802438661194,5.68294605365127,4.75371584682526,3.10486138196931,7.03680515476698,4.14542897990184,4.79719072894138,4.48663154380075,3.66744345590572,4.48090053046559,6.2360441533119,4.99257543938381,4.51089969714119,3.16717387862609,3.69682228467088,4.31110396711187,4.44225637316486,3.14157501676465,3.53862537836028,4.44353683041678
2012-07-17,4.99558463262947,2.91746596334438,2.2237535210362,1.95911892487058,3.23915946614833,2.64895698780447,1.78885284738636,2.30190740299347,3.36102793675131,2.34925609856634,3.20158760129096,3.86564608688284,2.93438490692119,4.49454229776638,3.84263690162864,3.28899050010462,2.27205347746441,4.68460195487852,2.83943515652555,3.37354694771794,3.13451969050526,2.38372848712151,3.15538411169679,4.92516695443521,3.58311442858837,3.01028443502412,1.94264091269926,2.53636564069301,3.04853899016725,3.12589320964296,2.3441268814017,2.3037693864298,2.91490649006212
2012-07-18,3.68162570922411,2.87121136227961,2.29601310117512,1.7766297655424,2.86093761401129,2.55643151493721,1.78463505889157,2.0181268665461,3.46179763064641,2.24067222952919,3.1579630464981,3.27909775502549,2.60641469652857,3.7147574941025,2.98365068230158,3.02535322107298,2.13379657615134,3.56368147931707,2.56410698507071,2.8952422724218,2.75560298884547,2.21647268610141,3.02754458974301,5.34899119939548,3.98633888798001,2.69042705613886,1.91209811853371,2.76010081817433,2.7509164802349,2.77654106121093,2.13423585909109,2.18096586578342,2.64944444142034
2012-07-19,1.65489374393622,1.65272715651349,1.56038640733959,1.20302180384583,1.86864479396439,1.77042987871098,1.24315301523737,1.31602480934174,3.29955926665509,1.78614725395918,2.79780750508279,2.32490449829796,1.84286443816573,2.5851407068871,1.54350682609774,1.72944954078385,1.5984245109639,1.6638587384928,1.85475711484479,1.88437318460302,1.9976290883438,1.579054970626,1.70075952871077,5.6199464923077,2.61159984617504,1.66321704543547,1.33059793230544,1.72375531750375,1.93922226497584,1.90932433156545,1.54336232647181,1.52215677281827,1.84984536758494
2012-07-20,3.01164249931442,2.4687309980701,2.16394168424912,1.56457470586553,2.53749467689391,2.41891307960212,1.64286685080261,1.78680001987499,3.09861577455922,2.07348984216078,2.76766970572761,3.07096762575636,2.41952152562396,3.45409955379876,2.51453236446461,2.59545712475928,2.04968668667804,2.92785790854245,2.39811989494976,2.57671714472073,2.61310995710873,2.05117290197022,2.57942923291864,4.58223991540471,4.0294603797658,2.36578107875193,1.77375769104316,2.5605538643473,2.50446484640304,2.51649638188958,1.91106427066892,1.98063715040868,2.47071323485656
2012-07-21,2.66590064009999,1.7165772812865,1.430569794549,1.04699300961379,1.95722234250096,1.54328603970758,1.12136158174241,1.23702458969561,2.33013183662614,1.36192086094783,2.12221811216123,1.68329279808932,1.45110351876992,1.79944568097286,2.05930696956845,1.91809097481764,1.28486908379041,2.52995406124435,1.49990954749072,1.98291293761889,1.49415238207043,1.33388376124109,1.85845276887656,3.87537230399333,2.53609477877349,1.76754756115542,1.18282234153937,1.6144843208645,1.87007874943242,1.88633892037416,1.30738502752647,1.43707026846186,1.5048920176546
2012-07-22,4.98290345836743,3.75268896708302,3.25922563085951,2.2051919996006,3.99897485083648,3.49328878507032,2.65855432597694,2.58135857091029,3.89600764619696,2.77922633999568,3.59019488877257,3.9462763152907,3.38694608462555,4.28963080402019,3.97951489034592,4.01672850504523,2.92203108481704,4.77519203269789,3.40603840824656,3.98392414711209,3.48470385290576,3.0761397144963,3.94830426876653,5.51566586427838,5.35823938407592,3.72969498272542,2.78755685523043,3.68226423811995,3.85889629587583,3.87942859818807,2.64340577544932,3.16185872682895,3.47958513992081
2012-07-23,4.32834200015208,2.93662724447921,2.25114874421703,1.6508872453196,3.07939592237608,2.42838770141891,1.76830773294578,1.97748149967058,3.45662809896191,2.16047761698472,3.16501541084411,2.88706251340923,2.4015636492658,3.14570054922219,3.33234914778879,3.19508903508644,2.10297502615251,4.10941807643616,2.44700409477211,3.1190280529218,2.52622610022982,2.14300309746899,3.13620133849835,5.450675859816,3.75874897621197,2.86926430442299,1.86502549189884,2.65944676102971,2.91035946496518,2.95426346588252,2.07333523529802,2.24649548968831,2.44919389723435
2012-07-24,5.1585457168084,3.31258833694401,2.85225451802766,2.22807996568221,3.90581856388966,2.98946504862019,2.39337562977769,2.59135271368541,4.0234252281674,2.74794431694384,3.73823019737157,3.26988263461389,2.91486929691669,3.38483161398569,4.07489777117828,3.70371032409386,2.76042945792772,4.84425919166428,3.0482969505021,3.94755509062136,3.02951976799827,2.7560511227135,3.48487949347781,5.98067083034222,4.20053861934152,3.59869289461673,2.46918381971615,3.04294896905667,3.75030173216182,3.78360567672785,2.658569594698,2.96896373244118,2.96074343072505
2012-07-25,4.36466658506717,3.39697850065616,2.81152987186519,1.90964303500235,3.53601319593202,2.91088625930167,2.29777630722299,2.25258284367163,3.90322794330124,2.55089760269735,3.51235985515731,3.12240877334924,2.77458132849664,3.25018794721545,3.48734748340324,3.60395194519934,2.60026728494968,4.1932763019046,2.87829418209631,3.51934855973351,2.88945199303516,2.61149498991181,3.55926090227333,5.89518315821786,4.42350190582361,3.31054977128046,2.37812209562017,3.22532101976278,3.41416599426013,3.43185398965601,2.37537417257098,2.76745231323123,2.8449139057938
2012-07-26,4.57020571998648,3.23448290667942,2.65433832274889,2.20416593779499,3.31460869823249,2.75968240957344,2.08412133344267,2.46809003355246,3.85160847118161,2.6009953273353,3.61211290617019,2.93013063167423,2.56036609677638,3.0759668809088,3.67197760338307,3.46969512679147,2.43498289929339,4.37276307502168,2.64574801825298,3.38248002020514,2.69207460592594,2.38065438716804,3.42264570537378,5.85023364501177,4.62862277741235,3.13628011575407,2.17939178741608,3.12902112694223,3.14600716544323,3.19421365060004,2.5603662040612,2.518966411216,2.6559663011561
2012-07-27,3.92228188172041,3.44530855426671,2.80576766186257,2.08033993167435,3.44128908931179,2.88460193133337,2.13756644873338,2.32433435248472,3.58388640679938,2.49568013048924,3.30879276824519,3.13824003957898,2.70758893427502,3.32748778586805,3.26111494965994,3.56800231421284,2.48609351195914,3.82775322584777,2.80337676696276,3.40421806245111,2.82952647770744,2.49486296999458,3.54812708353369,5.28106181506452,4.80629056786956,3.2340296384101,2.2331453209983,3.3856921151319,3.32323325456559,3.31637654659363,2.3889708602625,2.643010948141,2.80294258408521
2012-07-28,6.15631516233602,4.73728121227401,3.74140495371523,3.04399097191886,4.91085366876961,3.92430404520703,2.88757284734787,3.37469939825683,4.30184485940934,3.26292784270961,4.21034891407437,4.25952680135558,3.69102010502914,4.5681506659299,4.96985481991873,5.04763201405552,3.25653059199537,5.9650074894435,3.79942921026362,4.91221779100984,3.76445951588085,3.39843812841425,5.01031432996726,6.09607356651158,6.42380004140785,4.52714098988932,3.02555372547412,4.45410555769749,4.67885763921418,4.68736764105574,3.31266294426334,3.66358751427121,3.83114641717422
2012-07-29,6.86633616885016,5.05169243145976,3.97486990776375,3.07384995817984,5.25048475093466,4.16517241675142,3.1105615973191,3.518166151228,4.56487817485693,3.49039098391862,4.40866640674988,4.74375137489822,4.04499332643396,5.1133419748268,5.44579284358325,5.40356952757303,3.58556804368221,6.55329232051749,4.14079418176425,5.25280115671362,4.1951561245672,3.67927794761331,5.27955043882734,6.2550083705328,6.4702797894607,4.9362245957651,3.25114242011192,4.69537534554492,4.96625018641123,5.00652792000885,3.48281084144673,3.90681337817512,4.14711140300476
2012-07-30,5.43213119541721,3.98708459232869,2.98084235499671,2.02576472647293,4.19425892781876,3.34071154766978,2.24679039418663,2.45844861896265,4.08859918952856,2.63363866083146,3.75225182350428,4.45210404500667,3.48860780506184,5.08697807274346,4.18429588816505,4.29374174465165,2.70015123094028,5.18140708832858,3.4602714712784,4.17581901756016,3.64614719526004,2.93499766713143,4.20292464930171,6.31801865348891,5.01371411810756,3.86518245622779,2.41323381505649,3.59533442546822,3.98048130429023,4.00133597063147,2.51684947725695,2.99214711229765,3.52766060825445
2012-07-31,9.23485998078292,4.99669180192923,3.88513266936056,2.37829055503796,5.71202606643979,3.8177727378835,3.2635305651132,3.22215395400305,3.65723060967771,3.07304403655182,3.61802159444934,3.52797737716743,3.46945135927828,3.30219477790957,6.66787078271996,5.72342006289403,3.64979236711589,8.46276322084826,3.79470514888445,5.77000958789158,3.59655374512584,3.53763377692945,5.3463538320458,4.20935397004671,5.62314956030416,5.41970892352498,3.30158865996881,4.25746142009302,5.2258686233696,5.38641966080551,3.0877726993599,4.09633908277985,3.569394915277
2012-08-01,6.83913039866967,3.29067130422448,2.55757076783463,1.95560074886265,3.82794208534752,2.60955420635048,2.17418037870632,2.46803478665721,3.70732894437228,2.40264884989214,3.59964603757464,2.61421884210036,2.44996381145088,2.6513906791027,4.93876701490636,3.86562052024835,2.33897302909385,6.23286508504041,2.55783612717389,3.93055382740203,2.4805660897343,2.38789119303506,3.56758969889495,5.76850257681008,3.75418921022691,3.67130273863476,2.22476352424655,2.76224962447935,3.40811162250013,3.55378481604336,2.48951709492404,2.70025897035464,2.51928972658662
2012-08-02,6.84038427255984,3.44073155239884,2.74353848133475,2.37958678568808,3.99118908086731,3.01835467521455,2.32897622184269,2.86609146827383,4.86628724635771,3.03251967062332,4.55428603341941,3.58617022331361,3.03615008619092,3.85590537310921,5.12361884675901,4.01472269547315,2.79026857816296,6.32024234387813,3.08730948185427,4.19764712372285,3.22040685291986,2.74639793011185,3.78350859101048,7.72259706106604,4.27703769742984,3.75052429017495,2.44246156134273,2.9639457567329,3.68932696564914,3.8318103614134,3.01427260252727,2.87535284169889,3.06526976027931
2012-08-03,5.84342301134217,3.59922523844077,2.55124567431487,2.21612980521403,3.83751858729824,2.62451365922083,1.99846440330118,2.63221537395943,4.17454384768706,2.75452963985224,3.91542927285047,3.00257812990109,2.57765714698588,3.06455906324649,4.47311734968851,3.98691107256685,2.62363747894333,5.47786773366272,2.77058229281107,3.96036638931897,2.81618280023028,2.40468270276185,3.83007504881722,6.37389020977075,3.93934960624535,3.61152026639701,2.06820586898261,3.03314918804149,3.58111687368153,3.6687885188219,2.71643295535043,2.6566867794547,2.59897042240097
2012-08-04,6.37949765994803,4.82361591812296,3.73735210562726,2.4687832352692,4.95553021524183,3.84350224227651,2.99408355366984,2.97105731713424,3.95068459447637,3.01066039264026,3.74782122332529,4.21888982979564,3.71093064059899,4.46999356624026,4.94460592549359,5.12763101645963,3.31003802166206,6.07686298227999,3.8264664027018,4.88040128208436,3.8007764017414,3.45665111923243,5.03129686427252,5.29026539015399,5.73880165223502,4.67455823861476,3.09613591134696,4.39753363118558,4.67543609385758,4.70649826109035,2.93372436331277,3.72847798426123,3.80240299502366
2012-08-05,9.96141926150995,6.75375117111179,5.33302899063388,3.0171876314799,7.51693288898099,5.41362587027964,4.4563763952236,3.91537359594907,5.24698031279652,3.91768993309162,4.96356609120274,5.70047550885779,5.24389542975851,5.91622496396547,7.40958184826671,7.40385971457701,4.63426105649756,9.29650333862294,5.45922163549195,7.31574034523148,5.21775826397057,5.03890729475728,7.03907734137068,7.05083897934942,7.31460286657599,7.03431148961793,4.54734294156435,5.91556429467933,7.02170200853202,7.07089384007668,3.79857719006918,5.61204519138381,5.35452039877665
2012-08-06,10.7038970609409,7.50482550616113,5.39822227017319,3.30978182447519,6.97834104823836,5.12585717304416,4.35961708636353,4.09877133053087,5.21857287083683,3.79943358257308,5.2056954764762,4.47518354002586,4.48544154841255,4.49195196336759,7.83746873050767,7.90555930951912,4.0662011734688,10.0566139554304,4.63682370166082,6.75701268302043,4.27102741916692,4.51813748887994,7.85101897222221,7.50154780709048,8.17770576723578,6.94651625615516,4.40887704691017,6.67242954955458,6.15001648295703,6.30115471274663,3.97034164169473,5.19715876957722,4.75090777450433
2012-08-07,7.09629578016797,4.12646692434819,3.27889821526061,2.5837884125245,4.58626921720044,3.58829134872636,2.78003867007972,3.07904835742168,4.31338209009326,3.04989626248572,4.16767727213979,4.42254053061071,3.70907398540747,4.92746568390382,5.36375967969765,4.63512714184562,3.0503618149729,6.59359176644003,3.66274848636943,4.65767135718,3.79038144307561,3.28924727116322,4.39793634818232,6.29256497790861,4.74950762851524,4.35777122765057,2.90885666218607,3.61193121760761,4.22672397810769,4.33437071121165,3.08975385262251,3.39909606290479,3.7406587191105
2012-08-08,6.12340194306732,4.66742585181728,3.34806254461197,2.24156972829098,4.46359843376053,3.45510679240756,2.62362111814423,2.71634376161814,4.11167598048195,2.82567459697207,3.84906269966993,4.10571865283134,3.45960941833737,4.50172391082658,4.67708158275973,4.88512254873328,2.93078773583072,5.81309555191201,3.48621063729854,4.38695584625889,3.56856645126172,3.10157317148763,4.83060881261845,6.04079651526156,5.07229918863864,4.33894476773833,2.72783069688936,4.15074153829002,4.11241996978705,4.17139925513286,2.75443390453563,3.27780521468513,3.51845765684249
2012-08-09,4.62792810462824,3.29604359596234,2.57004087907209,2.38653519754627,3.48278896187969,2.83761319177415,2.00584502723849,2.57928132490207,2.90507248697478,2.34704787876146,2.97638893603179,3.62628330420507,2.92182866799457,4.15605739154429,3.73680847741936,3.5538451618132,2.25488679063444,4.42507908245376,2.85768775674912,3.50410788244717,2.96552105333016,2.49930361587254,3.45099316331444,4.00771688844209,4.15758754579865,3.25993359981963,2.13344366887801,3.023738415715,3.25976954951035,3.28220923943735,2.48606569487353,2.55744763411766,2.97305827623949
2012-08-10,5.12919287910807,2.93663242475826,2.35953107648214,2.93369681931937,3.29747994043243,2.55154235490473,1.79766281503393,3.04315674451779,2.9032894428447,2.59923072047278,3.18215361611184,2.92897447718017,2.43865260818877,3.1838603178861,4.19391444031069,3.32337412818862,2.25656640062162,4.85528216599705,2.49514263661227,3.50525275710256,2.56424441198062,2.18051128216778,3.16258520177121,3.76763715668571,4.28515448015022,3.06674271049701,1.91029305673663,2.72766456997498,3.06686490903519,3.13918055874887,2.90483442010469,2.32339882246332,2.51879587065619
2012-08-11,5.69594966788822,3.17029704075592,2.44842258179738,2.86825520424555,3.67035155090875,2.44175410052774,1.90443892838789,3.08663015773054,3.32950501261488,2.76142174230369,3.48700362826621,2.39241640812219,2.21053735065496,2.27721261400266,4.54954734062002,3.62510675859506,2.4901381797888,5.33080847846308,2.4606885706304,3.87240676870984,2.38433854710032,2.18954590253101,3.38140889591008,4.49517745139402,4.00392064758651,3.41515822347394,1.95429685770651,2.77575003134897,3.41765600043324,3.49992201980744,2.98920238605827,2.53591909606271,2.27860309731373
2012-08-12,9.01280028338142,5.48930860043638,4.33148571125799,4.59769793020673,6.03201143486034,4.54940037624098,3.56012606141658,4.8949718875879,4.78521082238014,4.17691744404604,5.19772833943698,5.18479592859769,4.50733309046701,5.67981666367227,7.18129381501108,6.09192714128043,3.85661673457526,8.45972690692482,4.51527393798228,6.15458246443247,4.49768814796855,4.11686377702943,5.75839064067217,6.31555670318336,6.38631919706067,5.75164800819526,3.69240915765691,4.8753052812331,5.50777779026549,5.61319399098361,4.6429767900989,4.42623951553303,4.60687515234843
2012-08-13,3.59150876073545,2.09959997347743,1.57080985689203,2.37006867037906,2.34585104503392,1.75715111052669,1.20237017285629,2.36721819813266,2.64041813319376,2.05414169128817,2.81127682250859,2.22915508636781,1.78555536349805,2.49651155869042,3.02694230113728,2.36982565833372,1.5743631626269,3.4378367872477,1.80018596629358,2.52196670480439,1.8727434513112,1.53964433160894,2.27247261758341,4.00314829874673,2.70792903728748,2.15371846663918,1.28712634897059,1.83445671146326,2.18677416684173,2.22963752281314,2.30790503150704,1.61802859343786,1.81467652384454
2012-08-14,2.99906094536928,1.69591058256014,1.38480664592338,1.92681404958046,2.02960190907907,1.60825220124592,1.11808098124469,1.94564952482467,3.55261448732835,1.99765233457776,3.37539575199094,2.13701806204889,1.694708546967,2.44401667312805,2.51989180206222,1.94968957718886,1.38998333735296,2.85540668799656,1.66697773018765,2.16516020261684,1.75505347687365,1.43547350629951,1.83941290117779,6.37486270629993,2.26389710936185,1.8409168711294,1.20090005326314,1.50892686702049,1.91820410738076,1.94832684699324,2.07732112361422,1.45609874967018,1.70831389717074
2012-08-15,4.42198372715339,3.15127345423614,2.98744216746049,2.40007584810461,3.35700069370708,3.71957167517224,2.57405472124234,2.56429028147308,4.61934765542977,2.72147839280325,4.3104241870782,5.49328425323384,4.16660185511942,6.85685296028179,3.6012380032363,3.38132022061484,2.33585351386828,4.22970389674739,3.63028715282006,3.31680036245386,4.0446655796456,3.23733175095589,3.31726139397247,7.87871418842744,4.76062757374671,3.20993013814968,2.82164032926719,3.23825683512256,3.1403424454665,3.16552489467244,2.72156201952446,2.83562910090876,4.21045179391059
2012-08-16,5.09733071200337,3.2383840996699,2.72457757290567,2.22504570522538,2.87514499325705,3.29415965082064,2.23273354634542,2.44908531211422,4.29726458132204,2.52522061535078,4.09505400671868,4.61712931144528,3.49595707913069,5.77042238643197,3.91196874459558,3.4313045801372,2.03002732199524,4.82885181617331,3.00262298860576,2.93081573695004,3.43618483833773,2.70252313645355,3.495238189194,7.31590751704174,5.050860850233,2.94788361340298,2.46474620925034,3.29582473694475,2.51281964400659,2.63445120009654,2.61659511635954,2.34129510395701,3.59598491837396
2012-08-17,4.70343481986961,2.71485652551962,2.47069321826061,2.20270075531547,2.93871487967413,2.86069149396659,2.23220057484336,2.4086987811013,4.07596265985284,2.48321009055597,3.87456823609946,3.6357080603437,3.00074488481852,4.29809943254109,3.68383029958581,3.02520194271096,2.10041019167896,4.41319812997941,2.74211791672185,3.00399300613579,2.92664675840143,2.55424262805864,2.93567064215493,6.79071471580671,3.6949532743104,2.85151503061868,2.36822730444006,2.60686853021355,2.68798099241924,2.7705668609489,2.54201422746746,2.42765685695783,3.05237073748284
2012-08-18,5.98348331591753,4.01982759214779,3.55181665580488,3.62553775308976,4.54078372387058,3.99133660101871,3.04298744261601,3.77839578039444,4.88841624939847,3.59833724991364,4.86632199415799,5.05074094023759,4.17540197711549,5.80265672047034,5.00622562781547,4.41029540664799,3.2057657643197,5.70850155595507,4.00334585429802,4.61350654273805,4.16172971101079,3.61899013123522,4.21689835725584,7.33067017140612,5.20725166946631,4.25120251275957,3.20896398602998,3.80617740368416,4.30192622454139,4.33376802839653,3.76922991723932,3.59822426158737,4.22495076487952
2012-08-19,4.3942334489083,2.77922000760443,2.20364148764762,2.28633181137529,2.97290230210188,2.3619786598755,1.72863767071846,2.4058806870986,2.89441131765439,2.11967195523502,3.00642813656383,2.67942871536533,2.27814143081925,3.01828727988206,3.50409372768533,3.05866239299414,1.80940290827083,4.16641183938352,2.24110968709982,3.02383450899333,2.23561629848637,2.03220317812309,2.95022457186665,4.49379467069304,3.7191792600398,2.80569460923014,1.82237825757334,2.56825781386051,2.70932030869327,2.75188313362287,2.33915777985376,2.16618769591949,2.36774481307187
2012-08-20,5.40298991271261,3.82358835401248,2.96292325723477,2.91222503978405,3.93061858464232,3.19500064324477,2.398075514641,3.12199438998012,3.9756611593146,2.98233692754559,3.95216074472054,3.90014682959841,3.24509379419729,4.34583028462203,4.40708411305473,4.10027846770999,2.73168614052834,5.17655718277671,3.22185649939283,4.00070193038607,3.33090107254096,2.86596741786909,4.01881816388846,5.78277821851471,4.57280981357138,3.7276016103389,2.51730028535307,3.46942223159488,3.68361256091077,3.73058410739406,3.10425683137645,2.95315320263072,3.2943300039843
2012-08-21,4.30578664754855,2.85027213106834,2.32074189695009,3.03020103913265,3.23063268140535,2.64051324198665,1.87854792947627,3.09480820547791,4.00077701879471,3.0283933249607,3.95108690561515,3.59930136053135,2.83436059722287,4.00897159844586,3.77403432194572,3.14964795198942,2.56740622288357,4.15213471921434,2.85439143780943,3.44884649618469,3.08469171292437,2.41641434320574,3.0161341385076,5.81313804413384,3.61321793925702,2.96322190299892,2.00283054189252,2.58784653728577,3.15388253737245,3.18970013743837,3.13198902308821,2.39564302567948,2.81461105280041
2012-08-22,6.72021568414118,4.51803027643914,3.9412501285532,3.32031198114164,5.20776975085172,4.22771880508644,3.16482589416987,3.77222593814016,5.74545885921117,4.08835639459649,5.30560484850894,5.01220010366852,4.20185614311194,5.30450598632707,5.49345628880369,4.98967943421062,4.03523244207853,6.35547551038746,4.37027078221031,5.35480798585857,4.56153069065689,3.80808596435034,4.71760828281614,8.19943239817504,6.35920786129092,4.81438408244893,3.31874127147645,4.34036825257809,5.08386239326355,5.13430638176621,3.91079921253771,3.94047357423754,4.24534785116022
2012-08-23,8.53451652179904,6.86483184584705,5.12870539936142,4.0394630531749,6.37600522885195,5.30034842422933,3.98645551176221,4.53100965054955,5.55439929592102,4.41920792889679,5.46175057812647,6.43135901238879,5.33228208675917,7.18205954263945,6.81716633125155,7.06459984772852,4.43840761094058,8.14653075231296,5.26531600181497,6.28748707731255,5.50232106797859,4.69019371486245,6.97884657730975,7.38331390761578,7.93482225408492,6.33736401021386,4.16372589173632,6.39148619238874,5.86119332159764,5.94414938556438,4.48319486615742,4.81037056233674,5.43254951773808
2012-08-24,7.14358033153173,4.54342599294934,3.65126384708467,3.89427757464316,4.94177874684325,3.94884390698533,3.05959797000896,4.15304095623822,4.26748720433732,3.75846683622634,4.47234449491618,4.89443965903537,4.09062964854377,5.41864413179444,5.82904468929519,4.99295064584814,3.54550316255627,6.74698216547902,4.06669509415806,5.0974616355219,4.23237690871518,3.62947109678699,4.758412890893,5.35461465450471,5.25221902576313,4.71311107009836,3.1952702830133,4.0762254027704,4.61800345948365,4.70560510575588,4.01850826963747,3.72433671699545,4.11466060512211
2012-08-25,7.41471079308029,5.74873858643085,4.28189143902721,4.12303037787689,5.52386788170704,4.3283738851876,3.39240149072432,4.37518765127708,4.22494092097698,3.8647669081016,4.50734732229011,4.88055792263568,4.2406636968766,5.29576304653357,6.07834960878237,5.9863126101382,3.72996439942361,7.10901231871438,4.2761146542736,5.5096024171501,4.29617020831994,3.88468681569138,5.88212424796436,5.15588158697235,6.36731395557756,5.4121721584297,3.50027802304573,5.22986375521079,5.07445608081604,5.13301720704229,4.16842360100979,4.14777275962747,4.34139620514948
2012-08-26,8.55892681880787,6.88699958393381,5.43247064830723,4.59163598127134,6.57225188777226,5.63525617355622,4.54732434991148,4.95365067433416,4.89502490391612,4.48580792534436,5.12389975498209,6.39949380836465,5.59502760360783,7.10419380956218,6.98443844560251,7.12080050815219,4.5663115002621,8.24929286569057,5.46693505708025,6.46653635475773,5.52369818875139,5.08774541977648,7.0976799663639,5.79835082620192,7.81361284465341,6.44585250315281,4.70070909493641,6.41233264987689,6.081825965448,6.13865791418567,4.73948789215826,5.25239967924638,5.72728136951918
2012-08-27,6.35383900222382,5.14202814839501,4.3130448989563,3.58545394663598,5.12577191514931,4.74462286307569,3.40335440281505,3.88348470106512,4.33375099356522,3.73422287960251,4.32646680363524,5.90804831993416,4.78303389794782,6.74830137494585,5.29931946976082,5.37104636898718,3.77909438929022,6.16827827656273,4.63410574107581,5.13523328963147,4.91563298097899,4.09981221941214,5.34378794742276,5.36132081825532,7.3250390518688,4.87921393847968,3.62580984359429,5.10235255866257,4.89277449195149,4.91900112254863,3.79952198449636,4.03390407251011,4.8948429641656
2012-08-28,4.8169892936802,4.11074807495287,3.45024282377242,3.07173280407876,4.20712386078418,3.83343520165215,2.54876005817879,3.26447272846237,3.43652445859194,3.11844799560865,3.45544817812593,4.88901562726529,3.84091698716793,5.55944563355739,4.16832915015437,4.2974331878688,3.14541362219274,4.73586239039753,3.79684731683079,4.26162605343006,4.06417276687674,3.23886472504581,4.26341050473228,4.02778078199078,6.38477501414141,3.8994147125921,2.75391319426791,4.16417371830018,4.10470022127934,4.09657074094287,3.16623873056126,3.19453317720805,3.93477266162687
2012-08-29,6.98987644636698,4.69710424816211,6.33853574505142,4.69622225757334,5.78691170581546,6.64677917618773,5.98360405057924,4.88272142957061,4.93239465010116,4.60665659825674,5.06968123922116,5.91097139829631,5.95502101516871,6.40153650267508,6.03732555860226,5.14872244370004,4.78916020304306,6.57787607871051,5.59325652319018,5.63858005697426,5.4028822770141,5.83587346580649,4.81640172403639,5.63813456961377,9.56055638353852,5.65515001814076,6.14539623388634,5.93421371113584,5.54883090336258,5.57824947122338,4.77526795826949,5.8207742225366,6.3194711259311
2012-08-30,6.061250384464,4.06403927873827,3.85349624478119,3.87503528114908,4.68010285968404,4.33021307319368,3.16842694638994,4.06549564406971,5.18942912754579,4.03402181203149,5.07992413718268,5.4992560071904,4.44961066362644,6.22460401208735,5.19685963980325,4.46879260796196,3.70682227350304,5.76874434689648,4.33774663870568,4.84210534349673,4.6503680858149,3.82569603075749,4.21919865113176,7.21529752409229,6.30920962929054,4.39203445147463,3.37328925473673,4.15345896565077,4.53232222570828,4.57783668034696,4.1028582680641,3.72143161565589,4.50873895362191
2012-08-31,5.63592170551268,4.42382522124753,4.20762780316224,3.44789651504658,5.15065382927052,4.63467691576634,3.42249478094709,3.73366674984382,4.62582415326102,3.77691029307058,4.43887897306688,5.71819330113315,4.7125802786309,6.39637604161665,4.85155259493729,4.77106831172717,3.8900353318063,5.41141138604414,4.66707902437679,5.14447461692644,4.86636646239246,4.1294389890262,4.51213961613662,5.9725243941209,6.69238501826912,4.74387309842508,3.61666165298309,4.53653971022477,5.06799153694327,5.04019607403862,3.70678560955518,4.12223865958059,4.78506346577968
2012-09-01,7.34628396787214,5.50296023796735,5.06128910337683,4.89413039621557,5.73346043471898,5.5353360561681,3.99188093374056,4.9240109687522,4.56578788358965,4.12282588724034,5.05559011376488,6.40258753212358,5.34113134737563,7.53883345286717,6.22979396089745,5.83396748888046,3.71306521086228,7.07956068006609,4.97997273918603,5.68379578412553,5.08430097706227,4.60486917569254,5.67482079135999,6.09027676605637,8.95439661386378,5.50502760928256,4.25538922820145,5.8087140051688,5.28638068605313,5.30067343422565,4.64008789720055,4.59818756220492,5.60613740866393
2012-09-02,8.56023531346913,6.90099522097017,6.52209427038999,6.1245420143026,7.91932660839374,7.13108275534644,5.37835269452447,6.30390961137894,6.21645984595089,5.78875331326837,6.44457853729641,8.91216987088913,7.37182312279084,10.1548447101485,7.58775073432883,7.36290091322618,5.76165119172446,8.22499657737314,7.15407733639817,7.84559984820054,7.39985474252908,6.42080279121031,6.8983125251948,7.37596225640216,9.68577609565405,7.42956391965277,5.6552019206706,7.01836341694961,7.65892761308445,7.59903743185563,6.0369622115827,6.40180386043547,7.47741422712663
2012-09-03,7.18084759821172,5.88446079154086,4.25698134727173,4.49504651519732,5.61521841556597,4.28369694863901,3.10252719507699,4.74819098962245,4.42816006382214,4.3771723799886,4.64053539039886,4.90257836533484,4.10448929195533,5.05960924620235,6.14415834848196,6.09793526340762,4.27685834112486,6.99723610377996,4.39448037215372,5.78958658024378,4.5592637430301,3.75956113550832,6.05437783274409,4.66208238622325,7.2282855571781,5.3766278522293,3.23492229967751,5.43619836785072,5.3618066242813,5.41521078479696,4.56642783573754,4.03581289390248,4.18278119561684
2012-09-04,7.95451663256382,5.54858620349245,4.70226374935296,5.33588953869476,6.0474571963673,4.76954808214939,3.76175826231294,5.58654588905402,5.387049979353,5.29262954989101,5.56145942994486,5.14967184244096,4.53474020888001,5.06727514102761,6.94452516462415,6.00740945908899,5.11002643156542,7.61909293899238,4.9165957539136,6.39426876103001,5.08015990089621,4.3287623497539,5.73394165146483,5.62157508548981,7.48366275633254,5.71694327342532,3.88004535667257,5.32769346027608,5.90553536832081,5.99154324386511,5.45966675838134,4.60408261758182,4.59234404931492
2012-09-05,8.66839119310579,6.73980348437692,5.35212715081463,4.94907493811313,7.16488804852314,5.25192997558554,4.27145999290395,5.32609644525432,5.22009529697173,4.88148172795751,5.40391268116901,5.02034721144768,4.77233256534384,4.83658521252863,7.24425324123888,7.17932001139366,5.01425402695058,8.37664537987861,5.21251833533018,7.20463718419273,4.94699677612777,4.76713293191088,6.99398957303013,5.98391295715395,8.17430208699339,6.65538566154987,4.34622600276352,6.19511998856787,6.87504645583871,6.87824816378038,5.07048174215693,5.40277145093681,4.93088393661795
2012-09-06,8.02083095860386,5.9773544154264,4.51771902981094,5.50442832025236,5.93050863864593,4.65928487976512,3.55399680581751,5.68113526134703,5.71040395093644,5.32141757896169,5.92038152642967,5.59419625797567,4.6733076892947,5.83212469652288,7.00174254853473,6.30312729637402,4.87939686953932,7.75950708755663,4.9119444772925,6.2607629259864,5.20179150749516,4.24832070926793,6.17584706268739,6.60165251192422,6.98264061062999,5.71313378752132,3.69330801113353,5.456089416982,5.68852900754565,5.78654176961596,5.57440149287245,4.41171290551749,4.68508365250527
2012-09-07,7.83755167236788,5.48884113180987,4.21533162425776,4.39863577624575,6.15687668750958,4.26833113587469,3.4449007569832,4.76566867187159,4.56635009659354,4.40553600234386,4.73053295337379,4.75622419842985,4.23398246150129,4.70955751177445,6.53558536519518,5.99812386672165,4.50098165210573,7.47702854199193,4.62055334790536,6.32942175904554,4.58454855353852,4.06820802136953,5.70262940763544,4.91790547296139,5.77276479232389,5.68383084683892,3.51456698636351,4.73114503888879,5.94827307041991,5.98536081115174,4.55572545852049,4.506416912943,4.23319742125938
2012-09-08,11.2697100562626,8.31567185889103,6.73477806708411,8.8499368930193,8.37430983042656,7.08986709637244,5.44633608694207,8.8216608366691,7.08200291640679,7.69986392589326,7.95020770440737,8.42750310716076,7.07952418021446,9.0409682763013,10.1437923984257,8.78911026151976,6.93709065690508,10.9692492366369,7.20915634302887,8.88090372201754,7.61357835952545,6.37686466661247,8.6182250027312,6.93072495308069,10.5514915213022,8.07058100359157,5.68584718232142,7.88782655807755,8.01814130850112,8.14375902994334,8.4224606047791,6.48469901262738,7.15866715820867
2012-09-09,10.050353861233,6.38812962029331,5.89207164504089,4.78387149455152,7.47997788563619,6.51478145206997,4.98251002542518,5.35387557857561,6.2693990584972,5.13113382750624,6.23118478436121,7.87987948593538,6.61727964520135,8.87583629332941,8.03117458481706,7.11869263291786,5.27514063186542,9.4278614234743,6.45064139680171,7.5285537520644,6.66847367709271,5.84324619453816,6.68539288302487,8.15048989235261,9.03244970540764,7.00562264547356,5.2425791666407,6.23032141106092,7.09632549193373,7.1707575012874,5.23803307754589,5.89152327519493,6.73491017199503
2012-09-10,10.5558599367417,5.99404298211132,5.07621722466561,3.79720431774777,7.52417678942085,5.93350101364676,4.03335320821056,4.57804226059638,5.82960754226165,4.38896987905136,5.69751085245274,8.26390918534714,6.42394851346233,9.61801845603733,8.00932287246048,6.94429175803611,4.68543053675078,9.7517411274339,6.24218250365681,7.58717736893101,6.60832161880332,5.32163767998026,6.32692206258786,8.09055692105655,8.03247063613494,6.85542081458013,4.34907507955979,5.41921088266348,7.08513352822639,7.16285878741638,4.43921904846512,5.35108139311134,6.44504274470811
2012-09-11,4.6633870900543,5.16767642699686,4.89075167993924,5.48967448517128,5.85536931052868,5.29885039118988,4.18529193649269,5.42272277034906,6.25826487514168,5.55006022789035,6.04293421774694,6.71340399327127,5.60745224294531,7.21254269246835,5.04325496294916,5.30952304770644,5.31857048469208,4.8079187294738,5.7390594606146,5.97871044392289,6.02493413398711,5.03656054243771,5.1496622738222,7.56117275331791,6.57404108773577,5.31493900871042,4.34784821153394,5.18458036095914,6.09549525671967,5.97307173598895,5.44185268173888,4.97661494619219,5.55321490234951
2012-09-12,6.86319352598467,7.4972478806981,5.37959749800777,5.45598046705576,5.81912871933414,5.74892696649775,3.85768643547178,5.58505458086609,6.21346819326778,5.53768697194417,6.16250329248501,6.31286338447295,5.16945971301922,6.72945036346293,6.33372940854421,7.32857797087339,5.16782166005735,7.33013705847652,5.34172890430107,6.1556165828035,5.7427547468413,4.6002603460083,8.18770474020174,7.41376410256603,11.470335853793,5.42996586441955,4.15910543323264,7.43814978253597,5.82079347078174,5.85506318399939,5.58762844812385,4.57822033163375,5.43168814784428
2012-09-13,7.10713897138672,6.83829314964157,5.82174363335324,4.86713962478365,7.84001945269315,6.26978199478008,4.79214713566971,5.19015344235656,5.83448773403666,5.07554517566475,5.6765008421531,7.91234518908034,6.62063917992373,8.73368027243626,6.35483918346403,7.18822886200353,5.47386592174108,6.99950948304493,6.71100240282275,7.63336597366172,6.74239209183196,5.90813315584223,6.87007354345612,7.18484318446164,7.74133465695638,7.06994444875477,4.97888875589939,6.35149807442908,7.78351898928678,7.6167843197191,4.98913760629471,6.14422297447895,6.62035705427648
2012-09-14,6.01557210993337,6.31478739369285,4.69534987017294,4.58542498274095,6.3325022062205,4.96581585510911,3.67964737320061,4.74226911079374,5.10456354960329,4.53819433998852,5.08906794493556,6.31572685694645,5.19938927531692,6.90717551394643,5.50959891043874,6.4194734529658,4.56434556061978,6.09103565739829,5.34339505620365,6.26896191473747,5.44763032651939,4.61318346804363,6.42631101358594,6.27568245962899,6.66306262017301,5.80725959644868,3.83263389470843,5.67222654329285,6.24688375171126,6.14059953799623,4.57677144800835,4.81679399092727,5.19983380006877
2012-09-15,11.7155249532494,10.5805187932703,7.70619980778882,6.52528731387305,8.95456624233441,7.56441998773746,5.72389541478305,7.11520128083962,7.08159400605115,6.80864855167524,7.20802830154494,8.24184855957917,7.06709933218295,8.65392026333852,9.75783138360403,10.560325961969,6.94933097678675,11.4247812507231,7.30002127556437,8.96276040003933,7.62253593684191,6.49564225797702,10.7477151599576,7.39482578374992,13.0724113863121,9.058953919899,5.93696448284046,10.1563943639552,8.32931866810189,8.46626079792745,6.94127945459628,6.80221139721379,7.30075229894105
2012-09-16,8.82121837113208,6.55904319235117,6.24941956224329,5.3412287535847,7.51921958162218,7.28153262690375,5.68894476115987,5.69991278489893,5.72875528204313,5.33378651563038,5.85884975858105,9.85364468801947,8.01374452960306,11.6093099442848,7.47701071802161,7.08823158765805,5.60918149837693,8.46075678590876,7.44398766683167,7.4567148527512,7.89746949997274,6.77844292883138,6.8076643418044,6.53920551273733,8.17321918118687,7.03420079433542,6.00902780046901,6.35921680200626,7.27337834162404,7.26715337025896,5.48376873702729,6.40908311735041,8.01283515550838
2012-09-17,13.1592948584036,11.385990818873,10.1910483979029,8.73942010291104,11.4024585900247,10.2406068224653,9.24426031776815,9.05769631585598,6.80305567659386,7.8263242955114,7.65697543826279,10.1809036179318,9.85419147931977,10.8591546841635,11.3345962306854,11.6906525203987,8.34834273645323,12.7752885572153,9.6589707579086,11.0182308435498,9.26726315392188,9.56519592599363,11.547501721764,5.78808511514373,12.7687797954352,11.2004774421718,9.36177155746221,11.0501245678047,10.719549672524,10.7096829812974,8.42592890135694,10.0217146926666,10.1423462582061
2012-09-18,18.6229836868023,16.0594508837712,14.8911953238339,13.7805183371508,17.4882100154819,15.0497483066081,13.7727584910972,14.0900637685885,10.8495120945553,12.3444443101655,12.025239859007,15.4730794778023,14.9115632607181,16.2896866859258,16.6210099940071,16.7497098400687,13.0563432683368,18.060131738281,14.8606563338486,17.009608805067,14.2232616428779,14.5200249655935,16.1131964685971,9.47794684717534,16.8877249922791,16.7786205182758,13.8917722428883,15.3512158646563,16.7961414966554,16.6652394097495,13.1445632014793,15.2918168493808,15.1400838001353
2012-09-19,8.72024795795077,6.34079045160516,7.33167368117514,5.99180352286946,8.25406187843611,7.76388039708683,6.33107911390042,6.21560229837692,5.56553214000247,5.5707356927427,5.90355297010505,8.11093404359543,7.39550108735934,8.93424926101775,7.63176905008515,7.01056149350608,5.90409269860893,8.2111323436867,7.22023463219744,8.0361479811784,7.04051884648384,6.90483296201196,6.29015749295718,6.01235495443056,11.0288928575353,7.68683550658401,6.55792307046969,7.18018033373469,7.99591856926443,7.9081943391705,5.84623285119773,7.11704888678404,7.68777111852501
2012-09-20,10.6705837409201,9.44940453500918,8.95377320202062,6.51547068068287,9.44873751726213,8.92034262656384,7.88133156162296,6.96848423353775,6.02236408119295,6.39703101757045,6.35012257505813,8.48570659661312,8.26167162493835,8.96125965401099,9.0696335482824,9.65282143210687,7.10333439704957,10.2909323294082,8.1286515884983,9.03415039021538,7.83907486234975,8.06221545766691,9.48673463599764,5.51617094054716,12.5090410354754,9.36392687010392,8.01365942360502,9.78795068837017,8.91510696490528,8.90933959760615,6.60380720912082,8.414492971051,8.61213453677356
2012-09-21,6.57272135322165,5.98068332532308,5.18960321356705,4.83012304938606,6.43011407236154,6.03025115078107,3.95300821863019,5.00980451173506,5.18452549723869,4.76097657812756,5.23028430540426,8.85585373010016,6.65387537892001,10.5123551132186,5.93143414156693,6.22698221469904,4.77542664789019,6.43144539854162,6.31496071721574,6.40312395154491,6.94485930311179,5.30552369657841,5.97488090860834,6.09850812731155,8.47085081954862,5.99846318335677,4.30396830588476,6.02405756765131,6.29247310906088,6.22607317606452,4.83932923489495,4.96493590978022,6.6621660155051
2012-09-22,11.4339532077225,10.8413810003745,9.11056923313432,6.80396329588761,10.2901349218145,9.3442337125592,7.36324667944025,7.27047688123435,5.82379610315491,6.41233416352858,6.33836427972567,10.6143613972632,9.18912837065174,11.9790691276633,9.64145013260669,10.9158433035258,7.08528714935833,11.0880614437317,8.87128690570538,9.78900193022891,8.95174575799987,8.25615870686016,10.769568524402,5.18563836044673,13.5826729950168,10.2002087934803,7.63283120474707,10.8112428979378,9.58187814288416,9.54305676446526,6.74908057024015,8.43629260741993,9.47790575256676
2012-09-23,19.9526419418308,15.3826404367308,11.3634056814872,9.56865600662465,15.2462832440965,10.7247402332444,8.10940024342889,10.4324818741933,7.52908171539898,8.3211995037865,8.86252922592072,9.64859682147173,9.14488157283099,9.61904138058519,15.8001599006834,16.1699797498671,8.80469232898761,19.0069235865868,9.87646454160317,14.9253415893247,9.05196554374112,9.05424087496399,15.6762167467124,7.33058665009607,19.5654705224575,14.6478355647784,8.29536142297562,14.3585089367697,13.8670339088117,13.9260574923068,9.36075056903253,10.7332073169621,9.77558215117472
2012-09-24,10.2204967858047,8.06107542785629,6.23688233135036,5.05139307673552,7.74595987427671,5.91278013035332,4.3160830496159,5.56331049286834,5.66444509693441,5.05178057623318,5.87394281597509,5.24600038527815,4.87024660472172,5.11429749685201,8.21758905265234,8.39521513285601,5.10062753241302,9.7780101944447,5.32400457303978,7.70635911079205,5.10521055282544,4.79956094304468,8.2269781601645,6.87681247918095,11.8919986694789,7.51295837468142,4.46360460754629,8.00124788927832,7.154457527019,7.22322414491076,5.30729775181264,5.53565044446438,5.24867466743584
2012-09-25,10.1756059650334,8.04501389227647,6.78404529826882,4.75669217626513,7.56899063679345,7.26988757804979,5.13602933195073,5.35814268219812,5.26388540784726,4.9766186086609,5.42499807762626,8.79680966812662,7.1103131898667,10.191152852957,8.10359490738144,8.3034208783596,5.34041849403737,9.68124171049192,6.75122783200366,7.42715675343978,7.2145891065429,6.04034800991439,8.1845773962451,5.67154019622829,12.1921039125249,7.5567148602667,5.48542462419965,8.32180636546078,6.95186478723891,7.05616377261565,5.1384820980134,5.91604401805167,7.38348312886172
2012-09-26,11.212084473036,10.365668191653,7.81622374915557,6.5988185890765,9.5225698788392,7.73971463122531,6.13700456416465,7.08904618904471,6.74014367656725,6.56917628384123,6.97936206389359,8.69088027633425,7.57324575200231,9.30751083530207,9.4553448565951,10.4402058484064,6.84670457233161,10.8965673314855,7.70424387969713,9.30245249949058,7.79166181678258,6.98033313702193,10.3738543124307,7.17063202258832,11.4320123184688,9.434754574563,6.30163476122663,9.71045020495768,8.90494053611389,8.92917334944458,6.77788969896548,7.38115337999829,7.73147616784202
2012-09-27,15.8136444809694,14.3417326842789,9.68713874473374,11.5826906601229,13.4549161648987,8.66556471264707,7.32919528476286,11.8964269188901,8.32089933843774,10.4069127108418,9.45929317530381,8.48999996676354,8.06791472337466,7.35229383531213,14.1501249356661,14.5630108098641,10.4126400653463,15.4883863978588,9.4424787853794,13.7374561222031,9.17538276587553,8.29817657799071,14.3017402694274,5.56090172233441,13.0175153388246,13.1040271292538,7.2713031974953,12.4103580943585,12.8513660024792,12.9016499992541,11.1069680135278,9.69294642944113,8.09232611418207
2012-09-28,13.691261289087,12.682323834503,9.66831412449747,8.33874749488792,11.5754418254408,9.10242498332384,7.33103073977698,8.82901671244374,6.92850865003796,7.74109249502678,7.64339623709971,8.99459288260079,8.29498284468745,9.15094554680493,11.594636094049,12.7322737135964,8.11636500569205,13.2448964846797,8.70108360473717,11.2595687861639,8.4888454977531,8.02025112024006,12.5372695832184,6.04342009042498,14.8683419505009,11.6002008785871,7.45192199866231,12.1854699280943,10.7004185100337,10.7304636992786,8.23539971681439,8.86186219132099,8.6326221154586
2012-09-29,8.00213948651836,8.65548924566714,7.1551228758803,5.02709280148939,8.09461944561193,6.67029597697898,5.33570097226572,5.32770192945665,5.83481252046918,4.97448486826286,5.86366185708665,5.91146552237949,5.72880661201238,6.00953988264946,6.86970183969022,8.56820682102821,5.20891303391837,7.83921031162423,5.97536137020442,7.54907119601725,5.51670717212894,5.67709320327281,8.42825857763845,7.5825174179989,11.6411632419556,7.98600632679493,5.42255608700493,8.86581526755652,7.54188601937594,7.43058923652101,5.08820411910619,6.40413226816327,6.12603895316508
2012-09-30,14.1848722244167,14.0843223737803,12.117313669257,7.68557412124487,13.4284901334304,11.4611212657582,9.85141679475872,8.45807717768199,6.79036918850292,7.53362658345918,7.26783030553673,9.88019408489629,9.99774550905533,9.97283486840861,11.7531052905521,14.1172378176168,8.9352533548021,13.7675127791317,10.2424973636693,12.5148902700245,9.39581776186192,10.0896814064739,13.9643019894706,5.72898991854676,18.1080192477346,13.258961050633,9.94985534260111,14.2563141280402,12.5201604941447,12.4080231519434,7.77583524399547,11.1931177147936,10.6162268337015
2012-10-01,6.1049264058602,8.04083800373832,6.40575608917687,4.21051944448191,6.68212928698008,5.65455588800421,4.41453997810654,4.33445868557959,4.16260348612265,3.79359443741883,4.39022222048402,4.15771662026328,4.33143922787072,4.07579633683744,5.33880047879107,7.6433799664409,3.95827998849212,6.14291653134452,4.57190082980659,6.0239691863233,3.97915176359774,4.47357918134264,7.73822436035759,5.30049573314544,11.5924457015539,6.79922276871533,4.47145935093566,8.54362540325717,6.07001337123862,5.93951450392359,4.02525922944115,5.26549268629065,4.85213535285386
2012-10-02,7.43085737506929,9.31474634449513,8.06605697461694,5.73217630595407,8.73462902304623,7.65717787759794,6.51056097245664,5.861729177789,5.37844560048364,5.26184367879025,5.63420661449302,7.35483318774,7.06718488173506,7.88851342341735,6.7622805115012,9.03955792939821,5.70931452212279,7.37519420527479,7.02194132343142,7.91879944436849,6.52463226380292,6.8467684017469,8.86571704508935,6.1208343142478,11.1566661350126,8.72834565472657,6.57912867925756,9.54633948948116,8.16383634014384,7.96506454322348,5.46837820240969,7.42454286547251,7.41188574723842
2012-10-03,11.9844837476753,13.3522741106564,9.86659217063292,6.61436806859497,11.279565748152,8.91264970242864,7.70058495520737,7.14199119184536,6.15345443485117,6.22108134811504,6.62180103180059,7.92021147556366,7.92320325491719,8.08960306272374,9.89504348430846,12.9320560085299,6.94758469536447,11.741282244043,8.11709645379374,10.3015115173978,7.3910017658312,7.93968701113352,13.0224305092394,6.51464720996174,13.7683875977159,11.570093848808,7.69867624961536,12.679751024212,10.1654602101717,10.077467121577,6.58231306595844,9.00502462044899,8.36787965399596
2012-10-04,12.570283766529,14.0056084831406,9.81696593922663,6.49941694500974,11.9184944702078,8.74086265430648,7.30845843696703,7.14951347826754,5.72362914361434,6.12773622735642,6.25015318506178,7.66936378249709,7.6419778241411,7.58696158385381,10.2631141089926,13.6295254181718,7.08277512681382,12.3482411471885,8.11442310064286,10.9582594020489,7.29931596425327,7.73439435174659,13.7328033832578,5.47444274726386,14.2534360520988,12.0087888191443,7.29774550735895,12.9932949631152,10.8117010757379,10.6970919371796,6.47477831072466,9.0538239073484,8.08571926430114
2012-10-05,3.55992153568815,6.01853352353644,4.41450597433699,2.87357159148699,3.96892751165662,3.77808730160781,2.66812773905107,2.85927051230186,4.25054398935493,2.82536138533809,4.10369103236608,2.93286563019787,2.78627171346089,3.09303969572893,3.24295589249237,5.38715272177377,2.41818077052896,3.70330116167656,2.82807430232427,3.46172567182959,2.64191892115674,2.70238551937892,5.6593526559676,6.96574885399014,9.00667179535237,4.43446901452997,2.74598568042684,6.62100184035444,3.42357715402318,3.36610174318512,2.90013455846761,3.07801303275027,3.20093160145713
2012-10-06,2.62809751310819,4.27964638641169,3.67066207022191,2.41664176494546,3.27792398660377,3.41380449866461,2.24470350537044,2.40339797535042,2.856985211758,2.31120766322864,2.82667552106328,3.03805790582838,2.65889811110932,3.34147556244926,2.5363105717507,3.93033537339512,2.1980237467318,2.73126215744339,2.65441257492247,2.95394625940854,2.61519002626541,2.43492088021769,4.02368087851748,3.99420291192908,7.99637159492598,3.44667236699021,2.37739476903614,5.11940901455199,3.0018764676726,2.9299910354422,2.35476220380095,2.60770080768174,2.99939246758284
2012-10-07,5.4645074089861,6.93344577499896,5.9153399050097,5.08110920870377,5.8719520649867,5.56381804295172,4.10734868532212,4.98145768603221,4.52679267688855,4.43711420767221,4.8521370264828,5.20676970243602,4.70481697399144,5.57678636729028,5.23469954408708,6.60647423656887,4.18167384618783,5.51068519596242,4.74818761246546,5.52901299503127,4.64964602456647,4.42251752261797,6.60344208077567,5.29279876877875,10.9638253565859,6.03886178776995,4.25674827502408,7.71546208645382,5.43939347105936,5.3587134746097,4.74146999836726,4.7444100707064,5.09861901633504
2012-10-08,12.9088405488844,14.0949835991308,10.5390652508121,9.24270956234538,13.034685706809,10.0573040979545,7.93975898191263,9.68342811254394,7.93110881333622,8.85979018298225,8.39667910708994,10.6537999796508,9.52457874096738,10.8098791714572,11.6008021369245,13.960445671264,9.52076751534577,12.8553087157546,10.1742709193318,12.6634051499154,10.0204905694903,9.09336903582388,13.895386576748,6.69313539578102,15.6432425298161,12.661776221933,8.08006111301802,13.3123785996678,12.5067786915865,12.3709482194537,9.07967222481783,9.9837057849435,9.74886445081576
2012-10-09,6.66443736021129,8.74737523649999,7.15491647459788,5.41785128008787,7.41698441677831,6.83054634680353,5.23727960772105,5.46357774907306,4.97393542607231,4.8939828830328,5.26336276144817,6.79832015454189,6.1184150124729,7.44955317436588,6.14448974217184,8.32742875703769,4.99949264143015,6.7391446464125,6.0640450958141,6.83075470624919,5.89562157569047,5.69267305274313,8.40291484114258,5.65741319566517,11.9662338018091,7.55009291280448,5.39538123103509,9.22176146176112,6.87300318369512,6.74284771127443,5.14381368119475,6.06466256231769,6.50955779377841
2012-10-10,7.43971885769355,10.5150909043219,8.0844137662397,4.7853768645899,7.74289182027798,7.5494100457335,6.23786647876127,5.12131942399005,5.49046157121925,5.01074489956572,5.42654434637212,7.99370303069285,7.15201866434108,8.98901245875297,6.45786751234484,9.65850239909776,5.48265911976591,7.40649778068305,6.79746092213787,6.81905700897466,6.8519919530014,6.54152263620934,9.91026550116857,6.25755557105877,11.7100573478306,8.56063516212868,6.35120291339124,10.7405117713702,6.88211256489777,6.8325095658708,4.99079389883394,6.68001045737697,7.47371534730955
2012-10-11,6.6234706666793,8.72830943645381,6.97233052417497,5.3273067365472,8.23350820142726,6.67538688232161,5.23703009855902,5.52189513223615,5.47995231390412,5.26006084268513,5.48165462782961,7.38864507945586,6.49059836889611,7.89936406013312,6.21547904354319,8.4695871117266,5.68793794872668,6.62144161513722,6.68076116407996,7.64875894427707,6.5428475056496,6.02895979607437,8.24192051393348,6.06540807893605,9.88181068443473,8.08524235024,5.33672900975914,8.62855112758734,7.88002714018701,7.68219039760265,5.24204916688801,6.50189646697285,6.6504755619086
2012-10-12,5.24513325707749,7.64383685958192,5.36243303951341,3.88875245848411,5.3357609743874,4.85418417746887,3.36688257012378,3.96890693375477,4.03104456322724,3.64001938627457,4.16530947582133,4.43172424595498,3.92770232601459,4.72047588120319,4.69497774881428,7.0289613701235,3.53691814933499,5.45568673854049,4.02824615715348,4.91551370304662,3.96009233052148,3.66708659716653,7.45607383361631,5.02021094522,10.6972769501615,5.65786931346453,3.50173993071716,7.95673074110805,4.7963223377521,4.7474430117381,3.80675021890505,4.04278034323307,4.33057163997057
2012-10-13,13.1040647043749,13.7968716534816,9.66563189810733,8.40202416342609,11.956603333977,8.79733024609811,7.41239199628008,8.70541419058963,6.75609278689385,7.29637273323208,7.63604834864883,8.08991369005139,7.91845332153497,8.07521637002467,11.1761523194359,13.5600676709887,7.52820845807931,12.9680845475225,8.36844432302167,11.334197760812,7.66971712548423,7.92824443788078,13.6913544635859,6.84517297335381,13.6037260226096,11.9264348790425,7.41999703658165,12.5733458389152,10.9396766477553,10.8571706283678,7.97935692375606,9.13619089333301,8.28319106970008
2012-10-14,20.6193656357656,21.4693156737286,18.4029676411549,19.5898030339661,20.809787262552,17.483304538503,16.0091772130948,19.3527233778611,13.4236035440023,17.0061740986891,15.2762073646679,16.3183316422941,16.3345085901921,15.7020626548676,20.0274081241805,21.4195239192392,17.1789467773731,20.6848428982584,17.213226299182,20.5974535926777,16.4561367323461,16.6027546488682,21.2636909986047,9.13321717891709,23.0977188055877,20.3801573543655,16.0081020096941,20.8078833294302,20.2278407329746,20.0566991972603,18.1382356795129,17.9565703839512,16.6959589072096
2012-10-15,11.9895225939211,12.5596199133969,13.0578212567739,9.98359217067292,13.5597565949386,13.156725578232,11.782016190283,10.2226965049991,9.57858286465491,9.69696951524112,9.77031039630325,13.2298622090039,12.6879850934444,14.1949012150664,11.2553431491865,12.7019015226152,10.5651529124606,11.7249888225287,12.3997594748457,12.7503315528728,11.9677108353464,12.2379585227059,12.153339517147,9.74888361760157,16.4977743348152,13.2225705671777,11.9529202207521,13.4915872461307,13.1816527575096,12.9470555733038,9.79437287847912,12.5733393644395,13.05977495698
2012-10-16,9.33618723440169,11.9564608508104,9.87820504978718,5.63938833908471,10.1291208669186,9.62706026326686,7.56353511865682,6.05490171238859,6.10467090335049,5.58989942862686,6.20038096340204,10.7146097099233,9.30900488577376,12.4372533730431,7.94042029967982,11.3435885752948,6.33272612580177,9.10287129883112,8.73055269217747,8.91328044210814,8.68174896898202,8.28379610608544,11.2107301951788,7.24115919265525,14.655224154288,10.6512958568426,7.7926535204342,12.4576570423641,9.11057274702463,8.95332949322146,5.69628561575267,8.48385749768427,9.73293472998025
2012-10-17,10.5512351078618,13.216043662226,10.3434695899945,7.46565344895592,10.8845727585714,10.1164479950723,7.80559662871047,7.81400761535418,6.99395294445814,7.25401151268906,7.26434570119962,11.315445747043,9.71742204379488,12.6540744216395,9.40555199341089,12.5743817005789,7.81790857018619,10.5578306591385,9.48081533890378,10.1029634713121,9.66792162481756,8.72179325652202,12.7654711628295,6.80797164922162,16.1437137211214,11.2441016625731,8.06625385991662,13.4074493358579,10.0838798865411,9.98112072886388,7.4143413753072,8.92496231877971,10.0865253108175
2012-10-18,13.4647537369481,15.9466852906155,12.756792368923,10.6328327393425,13.4739260475394,11.8916772261919,10.0128855285563,10.6982849173645,7.51683447155812,9.07393325941759,8.65835833336501,10.4793652336429,10.3468448109606,10.7312666270174,12.2226480737678,15.351271760339,9.45155943034097,13.6091682290595,10.5353593630228,12.6709580303239,9.85079914844441,10.2861304781398,15.7242921773023,6.10146554262638,19.7008560653262,13.6545926769245,10.1311652715106,16.0812810646481,12.4977082667443,12.3568432483615,9.85010803567045,11.2845358789423,11.0143249184269
2012-10-19,16.9704069302872,17.4108824803151,11.8654523473176,10.8204371580841,15.2967467181588,10.3659246911504,8.44472246139052,11.227426386133,7.38110716626736,9.12278838194303,8.80579900561374,8.6012907290192,8.7157702555282,7.80229841229434,14.4744623983671,17.2294206263801,9.5271802013692,16.7258150560605,9.82831315655805,14.6861266814553,8.77829849528245,9.10285284027928,17.2285114570929,5.80201844916351,18.2879308823416,15.1201351676777,8.41017300575572,15.9158373861788,14.0387366414409,13.9419769227686,10.1072926549462,11.0618295863284,9.25028718174691
2012-10-20,9.87827582384144,10.2999928268379,8.27274050728774,5.63214137833192,9.72155548893122,7.55334943595543,5.93723456239967,6.03219193531416,5.30889520642975,5.1840895324296,5.70313827503575,6.22420766000221,6.21821001330031,6.16677256668793,8.23499334730156,10.2733616489265,5.70919407610068,9.61392706841291,6.6230804136281,9.0209533013679,5.87701232281887,6.303913430924,10.0513215947262,6.0767778071078,13.9603221152542,9.52110989963877,6.01760459921261,10.4359785083959,8.95476473476002,8.81430487108953,5.50645579959863,7.40342648391229,6.75332699712255
2012-10-21,9.57064550840385,9.62118715526594,8.83765799521711,6.22686507237093,10.2531831214646,8.3210690007282,7.2196184218685,6.57353954658492,5.41290648139386,5.7518082862936,5.8139189457756,6.80947807850551,7.16542768141771,6.62574572750966,8.30509586810696,9.83673109529868,6.5860391537996,9.31171861679066,7.53397391959213,9.56613237123262,6.61209234346278,7.43416214540965,9.43363047201201,5.3552242474021,12.8337550951819,9.75036882224529,7.25189394802746,9.86363275349101,9.76114977018189,9.55631976256822,6.00269546925388,8.4923686198492,7.62252789220053
2012-10-22,10.0193148573978,11.7583079821315,10.802470982597,8.58182885117031,11.3242594464272,10.993218455115,9.29721215995444,8.71573641826626,8.85365067595985,8.35538337354066,8.91919782383548,12.3747734031334,11.0319229126072,13.8285025765321,9.47650953962445,11.5210133110805,8.70064427112445,9.97007671322216,10.6037148909793,10.6094836096406,10.6449816804967,10.1039278584143,11.3361246304505,10.0804621974412,14.0747590083786,11.2920975793656,9.52246925988293,12.1490232507849,10.8578634632151,10.6741617547498,8.44823895676001,10.1337905573122,11.2665034020918
2012-10-23,7.7919919908618,11.3277866030644,8.65428637005757,6.64648087506123,9.07032871297112,8.16752854569005,6.67276407661137,6.78734412636614,7.0286085882933,6.6035018194825,7.007301222663,9.20078337941731,8.04620800950594,10.0977152395292,7.3972265849905,10.5392334986595,6.80758359996451,7.89239787167786,7.94504833884486,8.30384859179,8.06084310613991,7.35051309425336,10.6461859615946,7.93675838962471,11.8358082757261,9.57804270895641,6.78345082359438,11.2559637437251,8.42485997849404,8.29455844122087,6.61315555438312,7.57667322511979,8.23728024380997
2012-10-24,12.0986201697804,14.7471600484375,12.5981088299923,9.82965692483164,13.41394631592,11.6423583981658,9.95250438208763,9.90092139642186,8.02368185289283,8.62587068779337,8.77938369649041,9.70789695918775,9.95417238881882,9.71606899974742,11.1340377623647,14.3120826259132,9.09288317272386,12.16247394425,10.2576632627568,12.4246922895907,9.26886214745469,10.1309601926219,14.3155336594835,8.10524425368707,19.0933405553219,13.3578509350604,10.0200650448256,15.2635889609414,12.5776957173989,12.325243004598,9.17477785675019,11.3277629322008,10.6514684795798
2012-10-25,13.3922123569735,16.3335074820191,12.3350730207102,8.10765796185984,13.0830861499781,11.1549685980116,9.89658989363255,8.53191563983306,6.757866844134,7.22060154843405,7.52596880989219,9.50095923237709,9.7852874834286,9.90410675493026,11.251629019169,15.5132778759502,8.05071359409462,13.3362066042966,9.72289995952355,11.7139170049731,8.73571825641167,9.85252911156338,15.9400904381451,6.82618144071681,17.1032855068915,13.6702145479579,9.88967950261116,15.8449494109319,11.6751770141785,11.5422880745433,7.7979990186769,11.0044111108594,10.4349756559211
2012-10-26,13.5687341478741,15.4590471035448,11.4938518551649,8.24323270200752,14.2438728488719,10.5105165910388,8.97256297945415,8.82790174505269,7.2669265145853,7.73402525989939,7.79292086600318,10.1552729778534,9.81450021309831,10.3256509350499,11.5807543967554,15.1794786125826,8.83380132662346,13.3076668897608,10.2916124971924,13.1205496057438,9.42265108870482,9.72318236144036,14.9230226612568,7.06095324433168,14.8357559037088,14.0992078073401,8.95477275629324,14.314741362871,13.2150294936773,12.97793925279,8.05346805936713,11.0979198840892,10.1502286047137
2012-10-27,11.0790481308116,14.7050297483231,12.2103808947364,14.3818821809597,12.1782754316732,11.1604643236434,9.95206019461219,13.1096745341669,7.2847213166607,9.93461552298206,9.77577790551375,8.75559992874951,9.41359612384786,8.90889564328299,11.6868995877386,13.8965945695639,8.50364514758603,11.6983732030379,9.39742787137434,11.547256762294,8.27003738902498,9.70305832278786,14.370840480459,6.24609497083663,17.8557634244202,12.4674965724212,9.96938471574176,15.0963302982967,11.1824624338393,10.9444687698734,11.8706766625585,10.788639395627,10.1726498927077
2012-10-28,14.4805743450942,17.527973158288,15.3944672022551,13.6347922659701,16.6870377177737,15.0226194191994,12.5615860935422,13.6316996767143,10.198862545546,12.278148363082,11.1466439300602,16.2977649665251,14.6782303948999,17.4963243372892,14.1493483028816,17.0805881010245,12.9664475169428,14.4259959121284,14.6933029112251,15.8254846897301,14.6317563166785,13.741893097622,16.6132299582768,7.67144848681644,20.7874463737345,16.7116603945399,12.7825064241369,17.9837401507813,16.0145296991574,15.7389669389352,12.7754237066266,14.2503360604052,15.0128076594104
2012-10-29,20.2852285043837,21.6427364270349,19.2137986892497,18.3176734473454,20.5776461137633,18.7129723711137,17.5562379390895,17.9650040729911,11.7603963294711,15.000494765782,13.9941377738788,18.0132813661015,18.0060751257849,19.0496754301405,19.1140073349543,21.3825257974921,15.3504582463019,20.2540568947122,17.6223525416686,19.5171657041796,16.5465751996324,17.7822586222846,21.3349930289499,8.76440609206035,21.9490611470418,20.5748007166784,17.5987771322177,21.1382941441285,19.3911171613514,19.1504752143797,16.5378371759681,18.7490970064705,18.521370568563
2012-10-30,8.75360412149083,13.3879094460667,9.89775565272401,7.86638607535379,10.3449413940177,9.45722673899554,7.70764971673676,7.91763150664324,6.66320177607871,7.26992622573432,7.05000502319117,10.9536074326011,9.47829639951184,12.2562122669444,8.41413656743931,12.3542222261762,7.63665011123931,9.03811812008678,9.20875813621031,9.43357793438604,9.36756116182451,8.5396738382266,12.7092453270657,6.15086012132648,13.2697600625961,10.9329246896223,7.85419518907458,13.0625558541767,9.57375441850057,9.40727306321415,7.49602282641549,8.70880435817928,9.6838762226643
2012-10-31,10.7846890754692,12.3615412871473,9.73425515167883,8.61095378695532,10.7930146874415,8.96595850756695,7.5376025452865,8.60217675888116,5.9709707729765,7.16926415125143,6.97567862716461,8.41968852477799,8.09360909839818,8.74974125533454,9.79406399158218,11.9661409790532,7.29313853032519,10.6881123823178,8.24703519216787,10.1103897204383,7.75275410468704,7.92269030897695,11.8869286760382,5.09527217319192,14.0560900733256,11.0328500736615,7.59426369914217,12.241042119236,9.90001929808284,9.78204674835595,7.88478504781418,8.75265495468789,8.50738494135412
2012-11-01,16.3656296573002,17.6262823989627,12.9440229092496,10.8662089587358,13.9415995820959,12.1772201355368,10.0396754652569,11.0545305571906,7.91186532976092,9.01530304978072,9.34497904192203,11.8065172717655,11.0456070398285,12.8972109223417,13.946198849359,16.9532872944307,9.00980573171607,16.2281709920042,10.7869508955025,13.0461907238323,10.3549496072912,10.4794894671469,17.4510761128722,7.56821967996423,19.6339647071887,14.6095817341029,10.2144756539173,17.0580539584922,12.3574536167533,12.3688657248419,10.1472666439171,11.2998540301685,11.6900822260311
2012-11-02,17.3098655640267,15.5128786490873,12.8407715845591,6.74142832739234,14.323406087399,13.3518122265252,11.0039716358905,8.08059249827354,7.68647869150597,7.5360850466512,7.80876001246568,15.98579328976,13.7676631899393,18.618669973969,13.3693321672171,15.6078871471935,9.3682688873864,16.3831184203852,12.7676384528839,13.1800692720192,13.0325472247471,12.1443548074767,15.375270665458,7.46520071832606,16.7816491675532,14.6442596704399,11.3634563305311,14.9788517910051,12.951637110485,13.0064794220533,7.57688462868298,12.0821426253011,14.0541932292653
2012-11-03,19.0910836148364,16.9141978340028,12.637345035404,7.74177777441078,14.3354229107799,12.4098213210805,10.2337002708409,8.8870247508638,7.47312050327569,7.56565073563407,8.22887926667074,13.5847117694876,12.0988005565729,15.523354508968,14.6324558392385,16.8184126848617,8.66299043679298,18.116153848269,11.4053068553527,13.2468789807843,11.3122077443505,10.9823616833043,16.7906590893604,7.60576059782908,17.6453393677519,15.0539756039989,10.4804983682349,15.9324535211344,12.4697344666508,12.6306969283306,8.18426538818414,11.4689075755052,12.5612400009461
2012-11-04,21.7091794936493,18.9237408797958,14.027271268265,9.71643691751802,18.0912723188271,13.4307835379523,11.4794419790524,10.9305989897631,8.76714665860631,9.14765036444171,9.73562486270057,13.692245207062,12.9271514659986,14.6076565806867,17.0503063425038,19.3271145627709,10.5770130126935,20.6793532330695,13.0434627082008,16.9547118731997,12.142475587769,12.4580254191873,18.8618242505167,8.80984781803634,17.76720732523,17.8873669206556,11.5619065912834,16.8990746518685,16.3665482793832,16.3368356919064,9.87503542936042,13.9374466291161,13.3236440491671
2012-11-05,20.9470365997439,19.3422754605488,15.5062465531015,13.6363706333947,18.3144023103641,15.0358007408558,13.0027468724999,13.7522392185096,8.40168910996646,10.3584139209433,10.7619174335042,14.9651653077109,14.3192906498336,16.6580263944693,17.6303488791156,19.4904865837032,10.5795969939822,20.2459017512933,13.7956091108592,17.0674370562425,12.6682933742026,13.6716465644236,19.0750363993373,7.80210721018129,19.8852467252005,18.3515789833749,13.1445841033047,18.2359340741905,16.3844477377601,16.2537269707904,12.1914803302632,14.9452267831302,14.9539303093456
2012-11-06,17.7202484103188,18.7663033392622,13.869378041485,10.796235367474,15.4392730339655,12.4626669093616,10.9555642085045,11.3982830395499,8.35459003119444,9.82956428768376,9.44175481205702,11.7175146185497,11.409587297005,11.9850688031232,14.9552870547599,18.118108455622,10.5779947803898,17.1773764459528,11.6259493474918,14.3838702858897,11.0883561525179,11.2685408489156,18.0888779405765,6.58575359562894,18.5892967014142,16.362696709866,10.9396688799118,17.8650939336055,13.7956695063455,13.8326520357059,10.5577749837483,12.4404095911552,11.8830052137943
2012-11-07,15.2225789957631,13.7318864094545,10.7391288139137,10.5020624236104,13.0799814458938,10.1277527289342,8.70949137012469,10.8046588203019,8.58796173319746,9.4288638039248,9.5240236259387,9.88712947282045,9.44927299340234,9.854692777572,13.2821106473554,13.9194244087242,9.47672253047799,14.7637660739749,9.93616824479858,12.8469052500645,9.548182089887,9.34175645252352,13.609331623595,8.05389819959203,14.6046818579931,12.9782346954634,8.76222189462468,12.8735144526017,12.2177001973354,12.2305791201956,10.1334485245213,10.3283311686913,9.71519926560169
2012-11-08,13.6410113221606,13.9919164843012,10.2077054950369,10.6095690993125,12.8331786600813,9.33661878162099,7.91794210530115,10.6573617424005,7.63306257074372,8.97157203833561,8.81006112474189,8.64416244833531,8.45829250586156,8.27857079565048,12.3185701991054,13.9205179311783,8.90407829542107,13.5587160983086,9.19552396596981,12.5288829924827,8.54964108026205,8.56713490127463,13.8624274834067,6.68390398986304,14.2027888107529,12.5733378278529,7.91607657088611,12.8382430607735,12.0527230861719,11.9520809873914,9.81956330964471,9.84478494311,8.75492493189607
2012-11-09,15.0846496531287,16.2484591940495,12.9096727149809,12.9573483714235,15.3851018562334,11.9657004621997,10.7854688453401,13.0160010935679,9.67596610616056,11.511411695564,10.7451792250754,10.9771748891946,11.0462958238887,10.3234157094983,14.1990812863797,16.1267031723125,11.8289137307982,15.1164814919449,11.9146971937105,15.029024312342,11.17737009149,11.3429612173513,16.0487932945868,7.65417329815309,16.3893137572986,15.0173371532533,10.7378743970382,15.243078268171,14.8196457659753,14.6556373249355,12.1718135845964,12.6615209348382,11.313188839919
2012-11-10,15.9126394209383,15.5250453762119,12.6389790882882,9.67871954148887,15.0079831501772,11.5385959875753,10.2480991178307,10.1538556033567,7.96916758449986,8.4974503794602,8.94097739673996,9.37865400885199,9.99227820521236,9.09862327200579,13.3928911316881,15.6284977015272,9.23630997492767,15.4189643652876,10.4774687002555,14.0060303996549,9.13964850867576,10.4205657850325,15.2560988952036,8.20741282346562,17.3775631921012,14.783586769092,10.2103723510108,14.9548630817525,13.8083577700605,13.6451517825481,9.24012898747197,12.085595613534,10.6046698856238
2012-11-11,12.6739761154272,14.9462877136156,12.4595163194657,9.19401899184778,13.5522216598051,12.4278402522875,9.51059625344082,9.54129844495547,8.48529952528769,8.6813639432188,8.89340322813072,13.781150999401,11.9067315949226,15.4460786491035,11.3599599882156,14.5560330624195,9.34902902659229,12.5986432464921,11.6421431369694,12.6383375931408,11.6604108853591,10.728306225873,14.4735815495712,8.73049575788851,19.5945582316905,13.521355366118,9.8574222044185,15.4114103868794,12.7295876281791,12.5247428065539,8.95927764523779,11.0848007450227,12.3875775334067
2012-11-12,11.2953502047221,15.5079314312008,12.4253809370329,9.69341161742239,12.8204328087644,12.2466996837587,9.69011755759973,9.91283100198809,8.23098256144623,9.30813061866442,8.60563358192393,14.7114487676846,12.3911236624326,16.5872450259467,10.756512296587,14.5704569780043,10.0097342689564,11.371795128176,11.9807324795659,11.8947824766116,12.5187366333184,10.9416031321175,14.6343119665783,6.68061661168541,17.5569204160717,13.4328496943909,9.98226423789932,15.7673261172945,12.0285164777852,11.8721232597716,9.43835690077081,10.8580123153157,12.6255212897583
2012-11-13,14.6456228015214,15.8196343351723,12.2959715457181,9.49993510530015,13.1715210084061,11.8880962194754,9.96663494667046,9.94342130746539,7.51075920631765,8.69290782077954,8.36388030258112,12.1579395989239,11.1910950765057,13.2036224304745,12.5883233425986,15.3289707953127,9.37596302900256,14.5037722556767,10.9745559001758,12.4019885569657,10.8113006576022,10.541347553144,15.6812613994466,6.13027845547501,17.7434540474268,13.5721730646397,10.1559582286023,15.4481689888426,12.0624937801384,12.0495695497729,9.2557907737013,11.0477546198489,11.6454713504685
2012-11-14,15.2346514213277,16.6786935341571,11.6628117044618,10.0543451392998,14.2770647526763,10.3417084284421,8.52626101252242,10.2846829751554,7.08834183748825,8.21874006303362,8.44058032459888,8.69248436100821,8.79800451896037,8.46733009540333,13.041517386206,16.2892433037998,8.4587660864553,15.129256029474,9.44250458128406,13.396614108566,8.3459973005959,9.00792101115817,16.4360056116881,6.75416237824531,17.6634398559473,14.2710044038479,8.52111558803275,15.5294064190796,12.9471000372489,12.7987865612115,9.23775427792554,10.7136087307721,9.40058286197198
2012-11-15,12.8462453972251,15.3840373775269,10.6467617667861,10.3619158373237,12.6690895780847,10.096282359438,7.83376198506616,10.4302077390332,7.85793181545777,9.05102170061277,8.80834893660375,11.1398820947204,9.69804517421027,11.8289711334147,11.7990877947657,14.7815135901606,9.04105674554704,13.0421446580608,10.0160950857437,12.2174089175919,10.007567332921,8.97759377918196,15.1282141052187,6.88954459691666,15.8990868446725,12.7551451279575,8.00031191350612,14.3548761481622,11.8338470373144,11.7271458245925,9.710380021862,9.68918725202247,9.95840811950277
2012-11-16,15.4204945877162,16.0834008291766,13.589624714277,13.7546078394803,15.4661847850382,13.0578233627546,11.2724691790659,13.8186352833913,10.28070623071,12.4975829573458,11.2957316777478,13.2205178726541,12.4053026864678,13.1750881198814,14.752121532073,16.0185690794592,12.8098270257446,15.336309153117,13.0256526382169,15.309020353399,12.8832833587013,12.1460876243173,15.7652622137675,7.35676051634945,18.3962194357665,15.2330206333558,11.3821098455033,15.8256796371171,15.0215742300339,14.9196969549354,13.0597373624062,12.9350462797784,12.6414904466635
2012-11-17,15.5834370851266,14.6638403438408,11.6998548591713,8.52145487972511,14.2529213606081,10.7967937339602,8.98488880544937,9.21233483755708,7.20313430982144,7.83120665949414,7.9829866230559,9.55106176311768,9.46895426119236,9.51422055820787,12.8483848517924,14.8545137212189,8.78212294002986,14.9514208536769,9.98882550511587,13.4006794859159,9.0627700383639,9.53836811122915,14.3531377584028,6.83342358418535,17.3845268042581,14.0257868439375,9.04080517335968,14.2144978519339,13.1182268530443,13.0061087072638,8.37308694948168,10.9936792317138,10.0131520365746
2012-11-18,14.9574119936836,14.4838861256436,13.5928592441255,9.83470081280995,14.7688835100515,13.3192343290591,10.9613438454106,10.3088150193099,8.39675152564395,9.07162106445083,9.10420790061803,13.1179482998538,12.2524679672259,14.2012476399548,12.952234868757,14.6569703439087,10.0041255215034,14.3260954082411,12.1024783124729,13.8041558594938,11.5933353773618,11.6591083241463,13.9281609704513,7.98300278487586,20.4075501669085,14.6487729774136,11.2091571428021,15.4500707561006,13.791819484696,13.6270264209971,9.54923836750598,12.4054390674018,12.8733658478035
2012-11-19,16.3519724725117,17.3760607093705,13.2306073475047,8.66033636351539,14.4102166809273,12.6277704947275,10.2142984783019,9.6629357457041,8.48553310985296,9.09660208823558,8.74132689955776,12.9550069388418,11.7050401760485,13.774761096943,13.5386991191033,16.8731115037003,10.4135275527989,15.9966457269852,11.7781353937609,13.5758561257888,11.7932112152091,11.0092337760695,17.1470362047192,7.12622214036506,20.394085565484,14.8783812737944,10.4392230689147,17.0745347931949,13.2458277616742,13.282373312169,9.16239776169978,11.6352587449036,12.1906791636046
2012-11-20,16.4970450714287,17.7103540359172,13.7820501395191,11.6726239725198,14.7977792218661,13.4563944164012,10.702110974723,12.0711988067602,8.73996482802,10.6361384561249,9.79951596060263,14.0630434967374,12.5290489674787,15.1218129515198,14.5759453236899,17.2149590352657,11.2017035294409,16.4564466668249,12.5192525296678,14.3038428070229,12.652266267164,11.6480025896816,17.6490985158464,6.22760594102489,21.9033169466872,15.0779337873247,11.0129037897242,17.627358404162,13.785804392011,13.794839555434,11.2837988976323,12.1159099801566,13.0509862987716
2012-11-21,19.0678910986974,19.713901322506,14.6198796098006,15.8225156866311,17.3596531683519,13.9071179965463,12.0777631056004,15.8688408783298,10.7039698717209,13.7415735631411,12.3838885506931,14.176816829531,13.3113940466423,14.1253073664775,17.6457947930469,19.4383079776638,13.7994663512271,19.1547142870551,14.0022600221641,17.2865904706084,13.7885572015153,13.0431013100136,19.7820154343481,6.96550813453444,19.2553055835499,17.2472289669134,12.1547816934947,18.0815411601774,16.532682182278,16.5181191779876,14.8039500223998,14.0798642577768,13.5277513200284
2012-11-22,21.735870905909,19.9659202362196,16.8223845134407,17.737017032326,20.1812386072186,16.5992034124223,14.7569115856383,17.9557888691988,12.4930132162567,15.8505374198073,14.1349623781686,17.6861376418987,16.4984659693525,17.981866994088,20.0953963913408,20.3905789331349,16.3945315243124,21.3291268263146,17.0705833340984,20.1496456833671,16.9036901808209,16.0045209668232,19.8905668239398,8.02953405748505,20.1739749728516,19.6263651354473,14.8788664155459,18.6971939257282,19.5456843673895,19.490335757013,16.8080515819971,16.906075802232,16.5840611089713
2012-11-23,20.3193598264074,20.7880119654216,15.6656270590776,21.1425349468138,18.3816523971739,14.8817027515606,13.1449092955398,19.7213673038782,9.12190302393394,14.4930679616582,13.322008269447,14.393351657498,14.0325122384378,15.1726271853163,19.6734337192999,20.4821092003918,12.6616203479719,20.6031754116661,14.0580225812846,18.128707443751,13.0582660383413,13.7571291883254,20.7512482795709,4.95709252380116,19.9095058200866,18.3829495271651,13.2006817571579,19.1291316162345,16.8598044815048,16.7262461380717,17.606386298366,15.1137166809978,14.5457318370583
2012-11-24,16.5943796924078,17.3715829299742,13.0172799913612,15.2419402418298,14.3236487987649,12.8252213680429,9.93433231935384,14.4782263298046,8.28816311100569,11.0245348236779,10.9830325543227,14.2899121968922,12.3462602853599,16.3536238504109,15.4133472832315,16.8484097211623,9.61907883974055,16.6176739597555,11.7756544692095,13.9049386742697,11.805092482407,11.0184802578792,17.0868944650699,6.89608782406428,20.0470192809701,14.8354848545747,10.272354363228,16.9679460239617,12.8079027520957,12.7857526580442,13.1304566736239,11.4255017028396,12.8834841091586
2012-11-25,19.2582132451427,22.3583984402986,17.3513652554591,14.4953840038562,16.9128717806178,16.440764727461,15.2876489827892,14.4311299298354,9.20160062708084,11.7116683101996,11.2922284356147,15.3816873178202,15.3621909523901,16.917501080168,16.9406400578602,21.0905264904162,11.9402575871363,19.4086205700076,14.401712151382,15.5237041845748,13.65108115914,14.9483208732727,22.2277303947286,7.02827079635878,21.7265749178165,18.2319892462994,15.355198244099,21.5654763166015,14.9560709406583,14.9746918621088,13.2566310002034,15.5657708122902,16.0950030405424
2012-11-26,17.8993716844428,17.2156197494653,13.3997652320978,9.04466944849868,15.1014167327281,13.1660806064704,10.6843042631291,9.92465722618072,7.5383442428332,8.47239483268077,8.44014646580255,14.6863400467972,12.9187355762313,16.6558942889253,14.4325301595276,17.0128734949662,9.61930513053692,17.1152101871001,12.34974662593,13.9816635095136,12.3127334723728,11.6883657221001,16.7847200920174,6.46944373516891,18.8056513053047,15.6570865553081,10.9545799258382,16.6571972597417,13.4803254305137,13.5084722445111,9.09139781824408,12.1617659408842,13.3560502454575
2012-11-27,10.5958734924647,14.709460268917,10.7193592152093,11.849559207961,10.6120227055951,10.9996211336591,7.30558285516757,11.5027406609899,9.2492030735922,10.6444262633676,10.0216791416731,15.2490915100395,11.4325816375268,17.6490522162388,10.9770302249813,13.553623781363,9.7789402271211,11.0214110844286,10.9913292144146,10.6016733135181,12.6364924278611,9.19014477782033,14.0699714064479,7.68509008827368,18.8774969670552,11.4697609801684,7.8391898259772,15.2059441700181,10.0090927977507,10.0383985119091,11.1652040647653,8.40276910678123,11.5784003278864
2012-11-28,22.4698206372588,21.8381786938071,13.9299802954146,17.0857941908564,19.9479229076196,12.9091687875482,9.47363326142713,17.6528439287509,12.1889498362823,15.8333902696135,13.6216491917377,14.9204468665474,12.5390345911813,13.8951055494147,20.5396639380974,21.9631749783846,16.0646058687251,22.3055945688039,14.7019812909926,20.6602389728184,15.1779008634018,11.9756588522387,21.7889525219148,6.66592299401403,21.4413951970902,19.19033114683,9.62597819075224,19.0160886962867,19.4096213888334,19.4490485033297,16.5339574896101,13.5894479485692,12.4338802953355
2012-11-29,18.8469671490923,17.8643078059608,13.5399778424546,14.3016625324594,17.2903825237631,12.8437347695674,10.9186708689358,14.5814506222298,10.0476143411648,12.5989225065467,11.507484459598,13.2158971874053,12.3303654465205,13.0001749544428,17.0112418611344,18.0944699404913,12.9473686018746,18.5167275515069,13.254816345848,17.1753044272622,12.8732514201808,12.1217863075606,17.7387276646391,6.9351549191832,17.7684668765434,16.8019148530462,10.9770444178419,16.2783966242916,16.509096402312,16.4421109858356,13.5053636917316,13.4272840382124,12.4931192622663
2012-11-30,8.38789197446083,7.69444830336747,6.30876834071294,4.61495277985667,7.33776879850426,5.60759338645681,4.00256861382206,4.9730617661241,5.6435210911988,4.61105975078064,5.69777147917273,4.69195228752004,4.41172904819667,4.55511300512698,6.92830295082468,7.76473071487475,4.54710713898463,7.89047599977993,4.85409131478915,6.96746435588613,4.54104030461645,4.38507376202979,7.2645190988501,7.64409750865705,12.1087671474347,7.42502833002507,4.10416261280882,8.25492591192333,6.64180419638483,6.62644875759307,4.78598565335615,5.20074055717033,4.8536081194946
2012-12-01,14.8887385010723,12.9623412426061,10.5301855986232,7.34814547117323,12.5473126011423,9.67512111260046,8.17554415891389,8.10032262006325,8.244461882323,7.28573397035794,8.54258024018179,8.60573007340464,8.52324090288419,8.67741299102658,11.9547362351621,13.2016724696347,7.77966313055058,14.0254373872607,8.84838838036282,11.7769841932654,8.1372215510699,8.53863608198437,12.5773549347884,10.2242157765499,15.4266699674394,12.6546043587451,8.22076220658764,12.7004434157671,11.334742082277,11.3344513629245,7.64588142951579,9.73365798981278,9.0097402623145
2012-12-02,12.070403311554,11.7838983485965,9.86446505059259,8.03687477986967,11.0697450975631,9.65273917241819,7.63573904374476,8.42234801487125,9.11160868404824,8.01976970923102,9.17218320863434,10.0893333409844,9.01169746874531,10.7920853182055,10.5102410938387,11.7852987050487,8.02704997668717,11.7230305690551,9.09752576411835,10.6597787783465,9.06940837966346,8.41691452668933,11.5388428848316,11.2463460910642,15.4539980965831,11.0575483169635,7.85013154774727,11.9828008142521,10.3710047282718,10.3366911611908,8.20426428443097,8.89413705544665,9.37290968135224
2012-12-03,7.98246249323441,9.2583098732188,7.20468807245221,4.88909521734033,8.41439153465254,6.6315290895687,5.11777387379862,5.29173995650282,6.6625183353923,5.27598164014013,6.38577266934134,6.29419076212052,5.82845435072072,6.37116743021282,6.88495070497863,9.05649231103344,5.53460109290241,7.83977734976858,6.2062999797733,7.84381923917986,5.88652346076629,5.67072656928631,8.90479198132123,9.01606810263266,11.741652473812,8.34585622495782,5.20471904168204,9.2880583181171,7.88195591427505,7.75859636035316,5.17890048131866,6.41179641922789,6.15828105382204
2012-12-04,14.9523776392488,14.9489385025503,12.3672051841774,10.2967804088963,14.3511833405875,11.738361744688,10.4085348545877,10.6395622528699,9.52683073854721,9.46191810092486,10.1607238123957,10.8113304635861,10.7928431354037,10.961171924016,13.0693643644091,14.9845923720345,9.85375825883264,14.6689800183045,11.0686624278879,13.620506933786,10.2332576349495,10.8181004647667,14.8069533522457,10.5211419127969,16.2970426410749,14.1101502398579,10.4470558068995,14.3675392367777,13.4569792947222,13.3201681276293,10.0006683131313,11.9470534959564,11.2223905654643
2012-12-05,13.4286098295702,13.8842686678945,10.4853181222245,9.31838935120487,12.1567542036104,10.3350312289619,8.28335202130623,9.81909833140101,9.61044318967279,9.49862312657303,9.71685291580783,12.0050955168159,10.3083088400091,12.7841046010373,11.9294286337758,13.6533700522853,9.75167123456202,13.2492876356085,10.5076760128822,11.9457365095782,10.9274595530857,9.43008505916427,13.7210498770768,9.74530344903392,14.9508467143952,12.2611731820284,8.49524664652655,13.1942540610734,11.5435914388961,11.5687709631071,9.57422056114491,9.70392517149315,10.4189059624738
2012-12-06,9.81603381797301,9.62232324152113,7.80782635642398,6.31456851870635,9.16192127048082,7.29628440850102,5.74925708576047,6.60234172301988,6.61141195434508,5.97962644755469,6.86362197174884,6.72596028235891,6.36003667679756,6.82165110600537,8.4328741132182,9.66053183388564,6.02140972222483,9.51509194495679,6.69414409392548,8.7399154894336,6.29930700114857,6.23863132116164,9.38298409090826,8.17406229509042,12.7316826487617,9.04860593843151,5.85368855935574,9.69894858473682,8.50621771398534,8.43591435046575,6.2705933901467,7.04055870318662,6.7491521403575
2012-12-07,11.1543253389437,12.0291341226865,9.95878536891604,8.54689709549396,9.66551929622804,9.34420668336519,6.76984781593169,8.51710069727326,7.20723756070526,7.31895458440516,8.02290451040169,8.06733641277514,7.43551558100388,8.54776940989447,9.93406160282078,11.591662092601,6.77949373478306,11.1006310163691,7.49598863012409,9.28560673523514,7.3325502199602,7.07930839677079,11.8275851457779,8.10599604965106,20.1179762680616,10.0777143107792,7.06198400329205,13.374430595713,8.72053232385088,8.73461869269964,8.05321746247358,7.66554141023024,8.25090333352479
2012-12-08,15.4763590984426,19.6052843834274,11.3906704349839,12.3040680187308,12.9707012518651,10.1983239250083,5.74605789404488,12.0882259239283,9.6416006993043,10.0243773860265,11.0959063862351,10.4729351228637,8.24858745888548,11.1726862827925,13.9159520613706,18.2356697360889,8.43333524857162,16.0569921203773,8.8903006049839,12.7707657437039,9.22255588375841,7.21768083792993,19.4959224206529,10.9557766283562,25.7138732048821,13.6783638786808,6.15941597311551,19.072096362012,11.4608311920135,11.5120590039878,11.3177233352717,8.24108130802705,9.07386198834501
2012-12-09,22.6968236103244,21.9619960722001,16.0168425773622,12.8328194610522,19.1822747139096,15.2194924104054,10.8814789559077,13.8549061709132,11.3713928469735,12.302002720853,12.3042277532789,16.1146813325119,13.7719503709252,17.0204589245794,18.9375418511203,21.8116316766205,13.0157111688541,21.9995206756062,14.403786218249,18.602370778948,14.5377680165775,12.6539617020215,21.6085384512867,10.3028490647882,28.3480262231693,19.3216350179026,11.2896677325458,21.5638774764395,17.6151363323415,17.6683249020996,12.9360570920769,13.8627697837874,14.4526319472523
2012-12-10,16.6438152190278,16.5922511598691,14.7022512667948,12.2924798027524,16.2584894007025,14.266008542436,11.7419948555551,12.8667721600242,11.4505305785545,12.248580143015,11.7713931493337,14.1552956453868,13.1072974173003,14.3183538174475,15.103321094394,16.6740087609782,13.0590057092808,16.2824573407565,13.6697317862099,15.902381759161,13.5796606403371,12.6965079813724,16.2667056565673,10.1508216360297,22.524511702246,15.9889388248659,11.9806962921399,17.1892361377965,15.7215798332035,15.6390409837727,12.3554867210879,13.4746929231461,13.5690611647779
2012-12-11,15.7801799331258,13.2610498143032,12.4878242170032,11.8450532731375,13.2896323316925,12.5719572471834,9.37154515508081,11.7862760405296,9.50238950370888,9.86503705706778,10.8193279580266,12.4357623466227,11.0828983168796,13.7492264239874,13.9231487144753,13.6605466062487,9.17904785944618,15.2190709231125,10.8620801222033,13.0521831732566,10.7336740063729,10.2108928889072,13.1360897257743,10.6180185616412,22.8682087814039,13.1366944175937,9.81323129807107,14.781490748937,12.2772279384045,12.2737846088612,11.019606500642,10.7137581849347,11.8814829985353
2012-12-12,14.5684866751769,15.3045207514624,14.2634485304803,10.837042996294,14.6784580955228,13.5305701345245,11.1513785309707,11.1440167309932,10.0577847394678,10.1728370391078,10.5685275026376,11.5410799153055,11.4400447456355,11.6674654880135,13.0934686924668,15.2043070781848,10.6572534888414,14.2948009547129,11.7300648215448,13.9003418069238,11.0180017706542,11.4319978169167,14.9121940641089,10.5634181109353,23.700836875408,14.594336484545,11.3668565227266,16.8226040411055,13.8614910550005,13.7064016920233,10.5702442777072,12.4589801899037,12.2938038651086
2012-12-13,10.4608200194369,14.8283346945096,12.3698256094497,8.40649444558307,12.2452410585731,11.9167806677248,8.62008969427604,8.63734570957894,9.207527248527,8.30825954239009,9.16720965292761,12.2108617849613,10.5696649751349,13.5314421290708,9.72965569178841,13.9540623836029,8.61193249373761,10.6449872811621,10.4480184225851,11.2276125482083,10.4819788682205,9.57882430375717,14.1378948019548,11.1007460443165,22.544562615214,12.5624257482169,8.99630607891379,16.298449577615,11.4343176513351,11.2116592718013,8.3489457887878,9.9771482690415,11.3034764693959
2012-12-14,11.2474565582467,11.784747168766,10.1173196510836,7.52470183014406,10.818193392259,9.7510293744506,6.83358518398172,7.85745174610453,8.85796612934491,7.42696495600034,8.87789927021283,9.02815834721891,8.06477824096318,9.52019521622635,9.80810465997522,11.692532590037,7.32656697647097,11.0796485412903,8.34407048698186,10.3591506419143,8.13866176806666,7.59230016755508,11.5900721268357,11.7127015467866,20.2198215360186,10.6424708239355,7.16446869815406,13.0323703052771,10.139341949164,10.0416442931696,7.61838775856482,8.30641545892517,8.79529241806347
2012-12-15,10.4739209384163,12.2927613156415,11.2376286604785,9.31380311703539,10.899860119415,11.0310301432662,7.66741106934292,9.25737733669301,8.45762861810061,8.4138688651178,8.95086137767346,10.8091397341317,9.34680033578364,11.8312470155757,9.93661676984377,11.9181573165521,8.1233280970041,10.5081382147742,9.3310144021078,10.4644548710572,9.44804471880704,8.50384796417414,11.869952267278,9.39739795929409,22.7187237552909,10.9786714160033,8.10558175463488,14.3972199122725,10.281789416209,10.159365906936,8.85264440006791,8.82375243736906,10.1518428237442
2012-12-16,16.5874475109507,17.7492744643102,17.9647343677313,14.932861985312,17.3334274483118,17.425894320836,14.9448116945502,14.9168563319691,12.0469713122802,13.5275120754757,13.019926502413,15.0332969015966,15.0399473610653,15.3166736843954,15.8291407107286,17.6037401725696,13.9946479613523,16.5003566299455,15.1165643780527,16.6295433652657,14.4255475900832,15.0189967062586,17.3941524262981,10.6344754889513,28.6198210040581,17.2405638856995,15.229786933143,20.1838741361846,16.6847029773461,16.5006806709478,14.1603544396768,15.8117188563647,16.0356553849821
2012-12-17,9.85199273144774,11.7940114729223,12.2995192109456,9.00227057171366,11.4784085354688,12.7309265052145,9.28849673517028,9.10431830128083,9.42589256587341,8.88438372654122,9.39320401072598,13.895444733551,11.7593342368843,15.8240288122972,9.57167655214119,11.5429500797915,9.13406456932989,9.7902996366187,11.2333626716211,10.848957889843,11.6733692834891,10.3673768799426,11.2223329311672,10.6336962422947,22.523345747727,11.4536172550682,9.82626017800388,14.4179089372925,11.0971075999383,10.9071302832295,8.8940062727693,10.1126147503453,12.4357770657397
2012-12-18,10.0170480714463,11.3528192258391,9.6733760591507,9.78819792858177,10.0826870007892,9.33342289524335,7.01734572593748,9.6681459267865,8.56328588599688,8.99203950438898,9.03888257138248,9.51965051627457,8.34512315003085,9.83562181406387,9.8706056923724,11.0497440589509,8.5292248755725,10.0931499947028,8.69647180412687,10.0525428087684,8.9434861371928,7.81069618091827,11.017840994824,8.49361652834876,17.1533642850963,10.1434805372401,7.27267793211772,12.2511944950466,9.72405532621422,9.67469951805207,9.35873818922323,8.14762897224995,8.75167607405198
2012-12-19,3.82314446582167,4.69918850433781,4.57799566119948,4.59744141794138,4.26274197911853,4.34027227820189,2.65736492006157,4.40639727918607,4.45209516116665,4.16721246362516,4.58663007509191,3.98029011855836,3.33193659362218,4.08899391245727,4.07452172663669,4.53873207296371,3.60976636498335,3.85924330236569,3.57405284489911,4.28020342102105,3.7286376958224,3.05564451786422,4.374630493157,5.36114984310469,10.8296157673509,4.30491514929519,2.86203557098548,6.08721838127794,4.1260578257867,4.07859598598449,4.33832570932701,3.23680181535806,3.71943218061996
2012-12-20,4.26305453896634,6.32739387515079,6.53671655762085,4.9834333390111,5.94914467137895,6.15043935482974,5.02662840281336,4.89351070073998,6.16067787190569,5.02863441324729,5.89746086399695,5.35619508893508,5.20381237214685,5.48881698543602,4.55622003548786,6.00509341119144,4.85459617017403,4.32913429347415,5.27625368151529,5.50382938804445,5.0833206014242,5.12709044710257,5.82548809182505,8.26556849790092,11.0359420555832,6.06625789052947,5.13434220908684,7.67437085586626,5.76092057101775,5.61551847778555,4.94163853918553,5.39993191380531,5.59642641275812
2012-12-21,9.69869431775249,12.5450854858155,10.0446300537667,7.32122095968075,10.4176045766945,8.61839741263958,7.27739309673941,7.53407071365493,7.85361322543739,7.12564304227857,7.94084762588852,6.65912423927292,6.96938192856678,6.18404946877981,8.78518264905898,11.860033694387,7.24587561560605,9.57012814565369,7.49835842585404,9.52740117322717,6.83118974961665,7.28872584956322,11.7354541452229,9.47464536937199,15.9535412342519,10.96964516614,7.25353179885894,13.1150610038785,9.51484711973806,9.39073404701806,7.27672758279909,8.40903996926939,7.54685370298706
2012-12-22,15.7667464366273,16.900869415139,14.5057524560683,11.40658633013,13.7983498652515,12.4097553342892,11.2031423655905,11.6032721480435,10.9828103870839,10.5328415431735,11.6395339193711,7.23272579324036,9.02387493984527,5.78667241878151,13.8770682117345,16.2420878565425,10.249264002993,15.4683073308654,9.73802577283514,12.9823473624951,8.47571973309425,10.2216346458863,16.4128639665178,12.6288498141034,24.3178195787524,14.7207186842356,11.1354275194079,18.3021293238597,12.4291249006828,12.4795427461699,11.1981259384155,11.877832349044,10.1324607126891
2012-12-23,18.3794646766427,17.8412365695873,16.7925265311007,13.3741765693901,17.7475775385306,15.5886602817113,13.5624284087823,13.7410373040391,10.981511987106,12.134987168135,12.0060053618078,11.6904942492892,12.6893542826226,10.8592984949281,16.3544087432608,18.0226553190878,12.8651048654056,17.9488812319852,13.4181520900224,16.9793084573279,12.0580284513519,13.4265363348234,17.604179600688,10.0868115674223,26.845228759251,17.4325778291985,13.6594488859289,19.2515736056353,16.8042308730188,16.6511556272674,12.8396990335451,15.1259299611788,13.7209473822031
2012-12-24,13.0890886448213,13.9556447990092,13.3633424384231,11.3593805282046,13.7005699923074,13.1315803398545,11.1677468310247,11.5291103152188,9.98401416972263,10.8373828886164,10.4189712030154,12.598109183623,11.9861631781008,12.9620536547959,12.4454550253811,13.8879809742745,11.3420783885861,13.0095012682934,12.1544896834237,13.2896642422667,11.9490651859483,11.6770923664503,13.6933901473436,8.95443379897593,20.0898612594866,13.5073938016291,11.3894290973848,15.0804812575027,13.3355331367643,13.2040021963769,11.0662545946271,12.1544264196061,12.491777345082
2012-12-25,18.9959294957461,18.4328010402261,17.9331808071811,17.7094482245676,18.8154133969947,17.8437705282255,15.8850328093405,17.5345583633296,13.6084583754301,15.742792644835,14.9692081150626,17.3011809967664,16.7485070623836,17.8155423086079,18.2973958816507,18.6615548821342,15.8187446983216,18.84062603991,16.8360784093604,18.5701652967326,16.4469899183055,16.4307463220001,18.3133346162589,11.4419516725038,24.3142000900609,18.4183270544421,16.1134285728655,19.3085390533664,18.3227565638403,18.1940228795527,16.6519218542148,17.0321458689335,17.2729579488255
2012-12-26,17.8261681485148,20.0783772790401,16.5127500464847,15.8081415832775,16.8430445015864,15.6654430486552,13.0336575237501,15.2939374496813,10.5093665953987,12.3622511948179,12.6701083424428,14.0872015336984,13.6845920989164,15.0942448221425,16.5168794049659,19.36552778535,11.6058205434753,17.9993238917765,13.4444628685652,15.96402396056,12.6469203386682,13.3047574924764,19.8169057525008,10.1433591881447,26.1339000784925,17.2818326212493,13.2766538581368,20.6862049429791,15.3447888598608,15.2149295718026,14.0768137370845,14.3261199914977,14.6600837831252
2012-12-27,16.7022287097833,18.07311834449,17.0754565601011,15.5632409100186,16.225172698121,15.4636249967466,14.04332254927,14.8747112721062,10.3839626051702,11.9066564317073,12.5585211830675,10.3402277508484,12.1382857701304,9.97865614888636,15.6448194482928,17.5938622800071,11.0961201403477,16.6005191774666,12.159592630429,15.1115187806664,10.3706095599416,13.0507555819518,17.5462913226356,10.7998204459074,26.6757977065915,16.7648213315301,14.0602687881506,20.0035526806594,14.7050561149551,14.5361525143312,13.6945530017748,14.6880318533804,13.4514614214753
2012-12-28,14.2412713513917,18.8246634292752,13.1203768064095,13.6852445356593,13.1911229970135,11.9086416975348,7.92265111459268,13.0570054842434,9.82102660010217,10.7275530914703,11.5466410216691,11.4555226134702,9.76049275366226,12.4356954091154,13.5675635465849,17.4262111104378,9.04930547633724,14.7072873455632,9.93815259464746,12.6680677613891,10.032887481423,8.85083592511038,18.219397118214,10.7264903922191,26.8284607571257,14.1845527726513,8.30759851233065,19.6932597543486,11.6785498129248,11.6439376329951,12.2096286053654,9.66414366433053,10.7323609651433
2012-12-29,15.2213482305615,16.7361054164014,12.5653461291569,9.85614460043851,11.6985522721441,11.719500270268,7.32643540288426,10.2385681238318,8.95640539412813,9.24268264547748,9.67858488141503,11.8527960422518,9.55370903582305,13.1287611162007,13.0287886913336,15.7280023926953,8.73771134242619,14.9154002947423,9.51692706849838,11.295877333128,10.3330867920633,8.27202936042407,16.1186798862523,8.97493193374878,28.211085197107,13.0621993887036,7.86772932471603,18.6983234969635,10.1761517803078,10.3994320023351,9.86650235736693,8.49868119155312,10.5426551419299
2012-12-30,18.4001404479336,19.4831313686573,16.1164186232488,12.4547994133786,15.5971035748862,15.5069383852933,11.900819611121,12.7897408700502,11.5001102395657,11.388558462036,12.3987762249842,15.2474987693563,13.6282398327541,16.9222092673826,15.8806597565261,18.732942738065,11.179199892352,18.0354678497047,13.1443295309414,14.7102830012611,13.2686834618081,12.5265580407776,19.0022716225578,12.7053324768444,28.6371854005929,16.6256774756946,12.3497023492474,20.9935536884219,13.9394215228677,14.023872603785,12.2180407979237,12.9257267676546,14.6257965507049
2012-12-31,15.646088306746,16.49102458417,15.8665922017667,14.2126057773914,16.029676464466,15.1790705159777,12.7918376908887,14.1165906120676,12.6412980151908,12.9306175462492,13.3882297328042,13.2897268615738,13.114907832065,13.3527614928948,14.9463148378006,16.3819013277161,12.7317291368945,15.5035788415201,13.4437079696932,15.5167601635056,12.8642198416728,13.0881740735919,16.0458468297753,13.3108708894119,25.4191405561067,15.9480256920315,13.0198460811599,18.2702116086837,15.3627214774808,15.2085144545277,13.549225075097,13.997877552645,13.9392182246783
2013-01-01,13.5422623915288,17.1781907657931,13.2149235089219,12.9533223233764,14.3443898252042,11.8566676771391,8.12273067612708,12.9304726094124,10.8092772502229,12.0268324908902,11.4574547234273,12.1254825530271,10.2149703815864,12.0635869469871,13.3564466590409,16.3242170564971,11.6229126554579,13.4943558553741,11.2663048631206,14.066854919721,11.705292627363,9.52117641909884,15.9432880235521,9.43447236062803,25.0248155663412,14.9054978117983,8.40403018814167,18.3863780242884,13.5654339963648,13.4738137382537,12.410312114117,10.424597170472,10.7806502249565
2013-01-02,16.5546480813647,17.8066027049032,16.3391180694818,14.0932613586431,16.8986582194036,15.545927654693,13.3888504294413,14.1534570171817,11.7752823465475,12.7617844772468,12.6867800813496,13.3208623057293,13.4472009792291,13.205088394195,15.4913690473412,17.6241361734854,13.054241798057,16.5255262037705,13.853405384507,16.2540639999905,13.0343284812011,13.6044235443047,17.5636168357259,11.2285573893861,25.2205644390235,16.7138896143807,13.5595600652029,18.964815143441,16.1682118835757,15.9923259120476,13.4082793957368,14.7261344518583,14.2676456163549
2013-01-03,15.7878414389872,16.6293328105552,13.6437155991826,12.1646634868442,14.8628383914196,12.5858897677396,10.6449976871307,12.4275169971015,9.66129678381543,11.13963689782,10.5773379342444,11.0004577432815,10.8844938453575,10.5552867056402,14.338598374719,16.3448640315465,11.4761344681849,15.6301945331991,11.5785381798539,14.4430632114546,11.0766452272342,11.0291549892547,16.3360501580903,7.9129811799618,21.2175628326324,14.9739996819116,10.7383834630514,16.8531536274768,14.027746427808,13.9829859928626,11.7202685468959,12.1789105766347,11.4733903109113
2013-01-04,17.4558097088057,18.4419959699551,16.4211984307539,15.2465139534378,17.2449001314073,16.0216898097034,13.2511160084575,15.3290297047003,11.6046800118066,13.8521158454195,12.7301947556447,15.8341736101939,14.6778672544498,16.345191249829,16.5381139884697,18.2354193059538,14.2023832070894,17.3881762209149,14.9862572359532,16.9267274746746,14.9425094783731,14.1164836899596,18.1302639139539,8.74657906592009,25.4169564237417,17.1787240666914,13.5500269654232,19.3900584374974,16.6104402879056,16.5175912193326,14.511969899275,14.7386237095824,15.2708052231678
2013-01-05,18.9663290466851,18.236112781621,16.5740386596824,16.3078406113393,17.6909346517873,14.9149846445817,13.2859511396188,16.0943549876653,12.2001528492479,13.8057723254126,13.8632640391374,10.281712886269,11.7782244037746,8.73668396891003,17.6057888459697,18.3390094043616,13.3369821239726,18.6545764623085,12.8610025207898,17.3142583142148,11.3920376650955,12.9225134933331,17.944559302157,11.4841260910261,26.2061331588434,17.5564795763584,13.2684026711588,19.3316369762412,16.6911860961724,16.5985667390093,15.0821994636441,14.8907795240539,12.7800758288389
2013-01-06,18.8619982998362,19.4750286032012,18.0090093937617,12.3355286401115,18.0930866646433,16.9272075428546,14.7850378194565,12.7170069946988,10.0616157196365,10.6740712312363,11.311398828885,13.141940322452,14.0536263425678,13.5703654994051,16.0991614467869,19.2612663925092,11.5634601037296,18.4370965845064,13.8697192272219,16.5561787530189,12.2544583985037,14.3925287249434,19.1659328131629,10.565540467911,28.1062964372877,18.2584264585047,14.9422987866251,20.9916533949031,16.5117662567416,16.3165299530274,11.6644183603189,15.9111764964713,15.3205826669312
2013-01-07,9.81083601426284,10.5349984502157,10.122203955847,7.5680698963091,9.61701978838663,9.74413555493625,7.05614491920167,7.69522231430085,7.74267459673119,7.1496258221269,7.98019800827982,8.63409567156421,7.88871496138012,9.19578219900484,8.88765663416906,10.3386547743755,7.02408213896236,9.62010655746692,7.9324932113732,9.14858682884848,7.8075303248308,7.4637070089569,10.1465885706283,9.27854907231364,20.4195563027336,9.76046204108411,7.39201070493452,12.6527210866336,8.97301258167769,8.90282118240729,7.43444501564637,7.91626454023936,8.69541879103283
2013-01-08,11.4061597685911,12.6136378550162,10.8929711044271,9.95770086036716,11.2553422234497,9.82554311967104,6.38544328717816,9.89266908653888,8.86773072599268,8.89536156706082,9.48355216173642,7.93295472559336,7.19991308215514,7.56896796576213,10.7548040838245,12.3325582667656,8.23845782712481,11.2648106338433,8.07030662536523,11.0528255638476,7.87118502207772,7.07393970205052,11.9816546104275,9.81217269717744,24.3900247700802,11.3343122045405,6.70412142459031,14.7929269130704,10.5594993405841,10.4759011413326,9.44021805240812,8.14784835188924,8.13214460453762
2013-01-09,17.1845572927109,20.3860930432499,12.5545519001392,16.7393572367507,14.7471268335811,11.4955374389669,5.96908439809484,16.0371495489505,10.5030920692109,13.1122322899111,12.8335782206521,12.81521116459,9.58547263373188,13.4906563761039,16.5739481536929,19.2964920089271,10.8771332692568,17.7003337408282,10.6310410738854,15.1931950498852,11.4962770825512,8.15857772712262,20.0049386277537,8.81538078500357,29.4235851398599,15.2164458201136,6.52385434773779,20.4600580345745,13.4931963938582,13.5531977571067,14.9024502875308,9.10128558690457,10.350768879576
2013-01-10,16.9464220345671,18.1519345681294,12.1630477605701,10.7410898965688,15.6868801826092,11.4514375173273,6.71538745355664,11.4058364759144,9.77508129167059,10.2822078620723,10.3787893963069,13.9258964353791,10.6620020518796,14.9704144045685,14.6708494554243,17.8058527518011,10.4593836161693,16.5071620939857,11.5246568253946,15.3039687128109,12.1472795961208,9.13112090485071,17.3473882205054,9.41445215386055,23.8776220850742,15.7191370395998,7.15520152863909,17.800312352514,14.5285606827001,14.4666061991253,10.683790370723,10.1032013340636,11.080866605414
2013-01-11,15.6678213901211,16.2266523728577,11.4180579756666,9.41614514329389,14.7540700923923,9.8103856365815,6.87011129055083,10.3467707219211,10.6875908101756,10.2117955354888,10.4902805274461,8.1247964264312,7.63058978455152,6.41519885482519,13.5662466216931,16.167646173175,10.7822968731952,15.3466040411347,9.60482058322967,14.6360330039532,9.20978287450555,8.02525575232134,15.8659880065448,11.0631311877642,21.9975049293983,14.3285113355525,6.95872269352532,15.9011520797258,14.1464284573573,14.0903929488302,10.0100715896386,9.92096281168128,8.15676617909216
2013-01-12,13.0383171455294,13.5728755841727,10.6760441004161,8.77775866814797,12.2399945023705,10.2799280649539,7.37580658116891,9.23620331920001,9.52312696264852,8.78379761534273,9.62077805039418,10.9085583492844,9.31980735081636,11.5291993055867,11.4550900110751,13.4169075957838,8.84722632025407,12.769601469454,9.71576741717511,11.8782524043284,9.8639807005522,8.55426977658731,13.2162986587691,11.0060705340522,19.0173500898558,12.2043303008577,7.67273055057028,13.9229437589781,11.5089391426078,11.4578658053056,8.93676118692563,9.18722088354223,9.77151016248395
2013-01-13,17.7322626258458,18.7754500286315,16.5235197834939,15.2958613150905,17.477602563778,15.5631988285434,13.6511370888376,15.209061867647,11.8983750591586,13.3425804488868,13.2148457688917,13.3527876445979,13.5970276173665,13.158373659266,16.5675921471489,18.5492776246988,13.33661071432,17.6900882229864,14.0366518204358,16.8700662319645,13.1329968716611,13.8280883728618,18.5279541210843,11.0261040797724,24.3708269672462,17.4139547795429,13.7575048976917,19.3605244230934,16.5676562870233,16.4221814206141,14.3071842713319,15.0837483403721,14.3582807925505
2013-01-14,15.276534180085,15.451278698096,12.1419815154608,10.537148446198,14.2070315960785,11.2050534857084,8.37247752137934,11.0717061758959,9.97997625821716,10.3232739792139,10.3636140587999,10.1792020973528,9.40608420467631,9.62259124671187,13.5437727405661,15.4085045771136,10.6262254446333,15.0209033782322,10.4880986006671,14.0221850838819,10.246544928362,9.32987242084784,15.2135344368299,9.66388284238925,22.0096840878161,13.946155800305,8.57704293781547,15.760237798634,13.5416771699527,13.4957925915857,10.5652700746861,10.5763388997148,9.98951592489872
2013-01-15,14.0966649241311,15.9578849626783,13.1216813091249,10.8708684482947,14.1754954453516,12.0776038966588,9.3364860325316,11.168287179583,10.2236625657634,10.3643268958993,10.6337407020638,10.3533691991292,9.93449671860624,9.95399226290989,12.881260149371,15.5871091061819,10.5552224354982,14.0830517042225,10.7603911033156,13.6915669394762,10.3001054407316,9.95449757063128,15.6041896654483,10.5325719964056,23.5662838947487,14.1035322359793,9.53851859054358,16.8641990479085,13.4582658343073,13.3336562865233,10.6682651975752,11.1582496523575,10.6938623019389
2013-01-16,13.1775878654892,14.0249832824096,13.990314000958,8.66932073934621,13.7176792727219,12.8306969742938,11.4518159354126,9.2397797718677,10.112976082571,9.01320219437308,9.95834817591579,8.94424403816596,10.1787348428332,8.22903389762175,11.516782228495,13.9229269637425,9.93614849203318,12.8084531887804,10.60657887036,12.6600072048543,9.35726313806844,10.9523370513699,13.603601923925,12.0123129972335,22.2899907684394,13.7270747068929,11.4969999592068,15.8673612468471,12.9474884289122,12.7792391942442,8.96615785018051,12.2695784406075,11.1352551199443
2013-01-17,9.70773461594646,12.6807360085245,11.0950928068778,9.81112275961584,11.0983117673964,10.3555410261339,7.6867066672395,9.72107635271834,9.86259708333181,9.35004977896037,9.97525745788799,8.94396424438612,8.36446567912469,8.72123473103876,9.75444396738504,12.1691665422899,8.97914016887255,10.0132376931282,9.00935157604116,10.8104127362714,8.82443581077492,8.24724752463289,12.3042090486573,11.2893507430126,21.4654117415554,11.0187866611895,7.94238016482553,14.299791076315,10.778255666043,10.6138255529103,9.50540429276049,9.0020247996831,9.08266655731423
2013-01-18,12.736535936975,14.1724206577347,12.0421216361587,7.79371135696561,13.0387456303561,10.7756473285568,8.5308345503009,8.44703385256855,9.32842593382059,8.22314721999685,9.14935463515914,7.98015940054738,8.31783562612993,7.18400007668813,10.976736134842,13.9484152948922,8.92168659485891,12.4945501159419,9.20916923817543,12.2372803460714,8.32476911809722,8.76699941720795,13.7598621463705,11.1797938620349,21.7935117367378,12.9127556164595,8.6381376528051,15.2403734961912,12.2736741788286,12.1171482630749,8.14592534462204,10.2432111565238,9.15499756709509
2013-01-19,12.8363633788532,13.4508831289987,10.7033390601756,8.53576233323395,12.9944246609939,10.1311505316421,5.85274392911837,9.11009779873909,9.66957015891001,8.7962729492995,9.57576038153822,10.5237206986237,8.43713003359453,10.7529139605513,11.374639526352,13.5030899145419,8.95382742672059,12.4857645245347,9.46339799180792,12.7545805960468,9.65763809381522,7.61388098258341,12.8561668709356,11.237106380624,23.66840333118,12.5010210434838,6.28301611987495,14.687377824535,12.4429258518266,12.2950345161714,8.76361408135223,8.63550096204535,9.08664310018976
2013-01-20,18.9941332044783,19.9629713403388,15.2940171634789,12.4298228419891,18.6768405869406,13.7929086445816,10.6647105098304,13.3336106279759,11.4840683755872,12.481216310187,11.8639736569304,11.739189383234,11.3945046003912,10.3262975267384,16.7242555819439,19.9256107811892,13.626199897953,18.7652902696073,13.1794759836188,18.2713420749667,12.4421166779694,11.781622943105,19.7062650013862,9.82461343918154,26.5061857517485,18.0272787358184,10.7874209990669,19.7519147219715,17.9699691017043,17.8138260092414,12.5679755161837,13.8205281819989,12.0781515544101
2013-01-21,11.7446164664583,14.0812250812124,12.5321772316094,8.77930347683685,11.4145025471049,11.5024590859222,9.9374053870374,8.90023280524171,8.1123408649458,7.96616235289435,8.66113166553049,8.43783166258994,9.12562755417962,8.46712141996982,10.4450291320245,13.383223779793,8.14094927147222,11.7967754348441,9.069540614905,10.4559600996401,8.2143251706066,9.43859412280955,13.8308982963839,9.16813441639174,21.1223438064336,11.9892314385624,10.0571497253361,15.5544247223317,10.3765728285145,10.3019614445897,8.47096194949609,10.3098430790956,10.0882023066205
2013-01-22,11.2719348792681,12.5933246035155,8.66089374922523,8.73897069476174,10.6257833955828,8.00575786976751,4.20692550321739,8.83343613261775,8.90454016964967,8.05367947930202,9.2627108276476,8.73304796569092,6.66632619330857,9.11804019390454,10.2573490303143,12.2728263234876,7.18395726430621,11.2008859412864,7.47771545830458,10.5639973865005,7.81585697313668,5.78814131979142,12.1001993012816,11.1674342509034,19.9168361487126,10.5677623102543,4.57605478869959,13.1078777946753,9.8943215617538,9.83140631595233,8.48603076966728,6.62070731930644,7.20275069459364
2013-01-23,14.5150607180965,19.009838064194,11.3508373419044,11.3445956221681,13.8218736938513,9.63844551930862,5.95143982041604,11.4044997510485,9.77135797781464,9.94689192591323,10.6735186535666,8.82091343499234,7.53376423552662,8.32326230128203,13.190378702817,17.8521074310535,9.12701836660172,14.9699996507553,8.8636354085376,13.4577164781886,8.67589051198681,7.25341001710138,18.615919518893,10.7746483049148,23.5945603631739,14.1387408996368,6.1496161800537,18.233731215213,12.6252708426922,12.5418276081604,10.7184324930635,8.87818013488276,8.23487859006915
2013-01-24,16.3980462822355,18.3794934456593,13.3201825385726,10.9146935008035,14.5872551447081,11.9524468073924,9.78454041568419,11.2147834107298,8.79656926683296,9.49968906011881,9.92223067228203,9.7556675889132,9.839581397239,9.5798835259795,14.0956881108651,17.66667708401,9.59450677652179,16.4236717957282,10.3343349560871,13.772970025564,9.49409571243051,10.0025226991261,18.2760474688838,8.84458264823943,22.1003906394061,14.9968690326632,9.87354070510912,17.9835557515779,13.1796907206965,13.1437762181919,10.3918990914045,11.4487538049056,10.654780539472
2013-01-25,17.922336408877,21.3562630967027,17.7947859117498,11.4219441703041,16.7117701945218,15.8710858656468,14.5503821974365,11.9589109281696,10.2515031815839,10.6241541322675,11.0529448166494,10.9047315924392,12.5998724668205,10.4214253225697,15.2675837795417,20.2112908591445,11.57735866212,17.9046611847545,12.6738810998801,15.1054812572248,11.133944724369,13.4906368511007,21.0606977454626,10.3927431549874,27.364864113669,17.7660244439306,14.5265425321055,22.3085558927134,14.9849664104529,14.9301194808372,11.2533282413984,15.0649698350462,13.8559499914801
2013-01-26,13.4570657498814,16.1653592111195,13.7953329865535,9.34188065807885,13.3645653500737,13.2522443221515,9.66056644669544,9.66995719649882,9.00480362664632,8.73348036781998,9.4629035968093,11.970111874761,10.9143491848195,13.001945605237,11.8172843639551,15.4978641151099,9.07062656107791,13.5325594143953,10.8270259136665,12.4330450022518,10.5338942205519,10.2498153175684,15.8972079872347,10.1736494575821,27.055973208457,13.6156291363204,10.0942579347028,18.0810585757156,12.3096787422577,12.1782363623143,9.14452675996691,10.9278616358544,11.9961622177771
2013-01-27,14.3736084017655,15.8703832823735,13.7513102918103,8.64946268443723,14.6276186626996,13.9677958984227,9.76937179214385,9.26163488522127,8.27857054768259,8.24158463354337,8.71026222150825,14.7044740989133,12.5414955707579,16.7383741375423,12.2143820707769,15.6795048492174,9.23755005286507,14.2292713633091,12.1874353206992,13.6085794938604,12.1054354886006,11.1563013374644,15.6854667767192,8.91668126448157,26.0181754169804,14.2856387583756,10.3385401256118,17.331915680145,13.6707579509937,13.4490328631326,8.55308626926004,11.6194096831875,13.4364911853301
2013-01-28,14.5386705047484,16.705078244288,14.206838991066,14.5213386106552,15.4321703195433,13.9286211630534,11.0240780148341,14.3312911344991,10.5022400476317,12.853630573786,11.647465082726,14.3533974675298,12.8738783326361,14.7976437764803,14.4646933156499,16.392323485593,12.8509133016425,14.832426681645,13.3742528877389,15.3364586688436,13.478000791687,12.2057553551838,16.4715145235647,7.67992039106025,22.8193560702404,15.096932878164,11.3339213046848,17.2962014570175,15.0978775003241,14.9333639831472,13.5224638075641,12.7811019391412,13.3326154777906
2013-01-29,12.8921488829295,14.7968770508331,14.192360553112,9.76579759890896,13.1468279149341,12.9868830697959,11.3730036624965,9.8719358959353,8.97934605654848,8.74259047838051,9.60833150098952,8.91547234204994,10.0977397254087,8.69938259040822,11.5111798022988,14.317639372103,9.05141802126641,12.7760810887094,10.1446205012284,11.9867710032285,8.85885417457776,10.7012451763726,14.388173422994,10.4222888974676,23.6927027877961,13.520533081207,11.4707727772188,16.8442841013571,12.0606742711492,11.9014288198339,9.32142011030902,11.9101517764746,11.2381985269251
2013-01-30,11.6129669410942,13.6492841256916,11.9771730546776,11.6923740536745,12.1572950301256,11.1543554784199,8.79864445288127,11.4197490063539,10.9101766749753,10.5620611142243,11.4223754266196,9.53365086207855,9.20627614520069,9.28313628115708,11.4999877893971,13.2427954245284,9.76601493846825,11.7950305467644,9.78353975566488,11.9204325233991,9.45564367675086,9.1997665848941,13.2798322520492,12.5874320239531,21.4082757249408,12.1774491400884,9.00161281596061,15.0002909463997,11.6494164446544,11.5273543509527,11.0813455980019,10.0503799800698,9.91355266129941
2013-01-31,12.421054644072,13.0553535633884,11.4882969841126,10.5348592781944,12.5009771979944,10.5638046927986,8.36005633332189,10.4245498628521,9.08301175777365,9.08100708344604,9.9082439257201,8.94688344195326,8.76286575734301,8.87048864834945,11.5086922136096,12.9581274009863,8.63773848428639,12.1616847041598,9.25576189560027,11.9612651076142,8.59587454304405,8.783777194191,12.4650349301619,10.4482493975384,19.6632495654892,12.4752061713841,8.50502566070345,14.1059069605365,11.6627440674956,11.5123215745963,9.81717538253944,9.9251123472567,9.46505399182118
2013-02-01,19.7388786951058,21.5812503480603,16.6879306366751,15.4851367185068,18.2732851547015,14.6351870598842,13.0421039007444,15.3066053749402,9.95396725065861,12.2321882659345,12.1789551117409,9.91038286390329,11.5189477797342,8.74238103504439,17.6524921552734,20.9808176619118,12.0177085542332,19.8192773531487,12.3824992232585,17.3249915748816,10.5377258054224,12.6206852602719,21.4521759341588,8.68809091916477,25.6832122900956,18.488010494103,12.9520640621866,21.2262962190336,16.6582493354676,16.5207998240163,13.9112049411535,14.9245675620295,12.6033085485546
2013-02-02,13.9352275882498,16.0560897735868,13.6828229405117,13.7967661007892,13.805481495161,12.7018159492062,9.4872428821811,13.3423319237478,11.3666884478587,11.7311613508878,12.497153857388,11.3607505635491,10.4815741570846,11.5928774677713,13.5880698419537,15.4877180850357,10.5463982087351,13.9955226258466,10.9286709715663,13.4734654480508,10.7308429587292,10.1187890011893,15.4086311579739,12.5248531430022,25.680645968478,14.1564303042719,9.79200659442532,17.7902524968956,12.88227379033,12.7869370021476,12.7265288887491,11.0091173811394,11.3679437605026
2013-02-03,11.2729374904342,14.3628419796095,14.0185300855808,13.2812113499516,12.7176080321617,13.861348040981,10.0675537931738,12.7083217259145,9.23861053345346,11.1822327916391,10.4649840389898,14.530360353659,12.3878915593088,16.2130840248487,11.8274969234172,13.6844373447077,10.609556075392,11.3623579970105,12.0405483800386,12.2576170313385,12.5606168629808,11.0626153450759,13.3828743256275,7.48577351065747,26.253959463498,13.2413974955253,10.5907990502592,17.3905067697376,12.0585410039288,11.9076294843679,12.0235309710711,10.9631339391135,13.205694864476
2013-02-04,13.3328472257081,16.3972077092329,12.6970866119863,11.6854501516032,12.2228363823256,12.224461451734,8.57001558273602,11.4307387517889,9.82337378977661,9.95902272648403,10.8530674601874,12.621990669742,10.676579599322,14.1732186111929,12.4053708192617,15.3950420248272,8.95548428848912,13.5619585421197,10.3921411863371,11.7068738910186,10.7559953222932,9.4761258310286,15.9795054572599,11.0984648449409,24.6844764892007,13.0153805447918,9.02656070302173,17.6774328442938,11.0195819043681,11.0144978978247,10.899145152014,9.70820269682363,11.5088613127728
2013-02-05,11.589007349417,13.4268168000452,13.3300673058916,10.7927944255918,12.7995802932513,12.6438624403975,10.3027151982502,10.6045162014708,9.7016689056091,9.49812251011775,10.3372934368684,10.4981618532174,10.4622255345142,10.8671011961329,11.1069724440245,13.1348468513599,9.30006201804963,11.5222535783707,10.5028995085852,11.986929867405,9.78832247266482,10.4019109044539,12.8394218405349,11.3025319234744,23.0106520382043,12.864302082483,10.5404882239126,15.6680099498754,12.056062955191,11.8401421749304,10.0883638246686,11.2250629977536,11.3966299277914
2013-02-06,16.3870175327106,18.3408406515624,14.918942999604,12.4180594448893,16.0001484016044,13.2999527579486,11.4350372302934,12.5739023316351,9.85005642877301,10.856448992417,10.9777876420526,9.9091000645928,10.7177044141715,9.10828803720899,14.6933947582407,17.8407485371427,11.0967379035011,16.3196722256171,11.4816401694616,15.1141987499213,10.2458781136849,11.3668731561929,17.9566557799101,9.48101221674759,23.7790619711927,16.1802897447563,11.4459167880719,18.742963548668,14.8123107754076,14.6688138045337,11.6961271241776,13.1057340543413,11.625407900989
2013-02-07,12.8952789222051,13.9174363527886,12.1720343142845,11.4105445591291,12.4363598737212,11.2241707362454,9.17082392543501,11.0896622083659,9.75083977031966,9.47990585800002,10.7910445225399,8.88428702329576,9.079912425953,8.89163153158237,11.9900567814619,13.6149757674628,8.59766041840778,12.8444216893368,9.33340683141694,11.8632069664616,8.52003816877499,9.22269498224102,13.564829754391,11.9937441250045,20.9718956052725,12.5989709451529,9.32212764564818,15.0772845923005,11.445905170347,11.3299533059534,10.4792558108757,10.3218102143207,9.94115515474746
2013-02-08,10.8429379848416,11.9097961222571,11.202549041023,11.2591892306071,11.2451937611243,10.4283325201053,8.55225821320219,10.858649750218,9.5612422995942,9.67999863971612,10.3595822281844,8.32041440736372,8.46141963639208,7.98017511978261,10.7767080595087,11.7288569529012,8.86316758042804,10.9008006487681,8.93057321489081,11.0099811136996,8.3697392153432,8.66935848254482,11.5623868803502,10.7522584833386,19.481770672733,11.1947700453944,8.70294049982892,13.4005527342432,10.7456322067845,10.6198576237919,10.4008353450307,9.55535238343729,9.17726853137658
2013-02-09,9.6377463234999,10.4876824771528,9.54481248058153,11.0317347085502,9.68056847966852,8.99463986503269,7.20103665564442,10.476767305157,10.1269757090085,9.53573852057695,10.755761132473,7.88600196270248,7.57234679113262,7.74827318622592,9.91296683853225,10.2966048020852,8.11766420624094,9.76036752191475,7.97763825256324,9.73066628427672,7.78965165847326,7.5224836409277,10.1926413671102,12.5152680345515,16.6476858637321,9.69348229303576,7.36823122766982,11.6193301315204,9.29964112631857,9.23123851819385,10.2319308316465,8.10932300396705,8.09350874195904
2013-02-10,12.2698940586417,13.1785287429691,13.3793050748283,12.7766443791457,12.7496850663519,13.1909746795818,10.9662499133662,12.5198249579945,11.0077732817118,11.6877127948798,11.6253138989864,12.4671866228223,11.7500229014966,12.9102854695573,12.3438830155329,13.0225690729994,11.3209953723295,12.2864484009298,11.81210309952,12.5931814320535,11.8279205771979,11.3585994236388,12.8336144603381,10.720567768692,21.8120718049489,12.7701985180144,11.2618944397474,15.1789455769678,12.4432594245163,12.3568346591272,12.1524909599401,11.593055707027,12.3702535493502
2013-02-11,8.44644221623346,10.8999228821512,9.9859238734701,9.47321826048323,8.9125800558889,9.13635394164368,6.96987552809763,8.93480495540897,8.39086713261422,7.85814628250816,9.10154561034195,7.15150121641616,7.02876984820015,7.34077866286907,8.54588119855738,10.2671364497337,6.67834842482297,8.61151628171191,7.11757986591096,8.45322831039273,6.74635468799794,6.96158282637652,10.3407189550645,10.7889588841899,19.5495770156205,9.40464121619998,7.18481664087457,12.9395685163116,8.16522510496263,8.06520772323206,8.61552373606984,7.57397689812295,7.88321970602458
2013-02-12,10.1145676970069,12.0595558861514,11.5110032969997,10.4526468900926,10.8111206016178,10.5593559171879,8.80300295611955,10.0639851422859,9.06098505420029,8.95455284009696,9.78760223324075,7.98031005276324,8.36892032346309,7.7836780914236,10.0053167315369,11.6268270672177,8.25936366249513,10.1752591519113,8.61589472140859,10.266839187724,7.93199715414237,8.63083447438078,11.5382920617234,10.6004520493304,20.0391054105854,11.0862449247849,8.93587682735178,13.9247873824606,10.1256545110967,9.98818962483002,9.64284938932767,9.48983247851606,9.20600795326934
2013-02-13,9.90958221717594,12.6082877775461,12.2788417019904,12.2659806515687,11.1698431957935,11.4754438137693,9.0726934408209,11.5339022842494,9.86645990575103,10.1437443532696,10.8610735953533,8.94254919704923,8.99126532096334,8.89327738121703,10.4977490163505,12.0756864061839,8.97117429787603,10.2489622574077,9.25040718735196,10.8240124650419,8.72546931931596,9.07293692388073,12.1471025688234,11.2117267574294,23.1929003271513,11.3263307470655,9.32202011412711,15.0811625574175,10.6382576666649,10.4640749125051,11.0384203356074,9.81218440320528,9.95491028675462
2013-02-14,12.6428947612206,14.4333042285235,13.1109189731639,10.2855880578184,12.527900065772,12.8084681611215,9.55807926386873,10.1955251376385,8.1015083940963,8.63402568694423,9.13682053081736,12.0291203886369,10.9074594852082,13.4514931383251,11.4971430302393,13.9602669881258,8.49596709035667,12.5990326885176,10.5071511343972,11.6942784994352,10.2506314978829,10.0949207578793,14.0190988449658,8.64362051949185,24.5714886482021,12.8226565445157,9.98085220620168,16.4859317706684,11.4675643365203,11.3337169972135,9.48468928518613,10.5482285176333,11.8926157374611
2013-02-15,9.42631490211125,11.3355794754814,11.6253569227573,8.78319252574617,10.1815403468035,10.7904509201002,8.37895918571594,8.51812407512833,7.34820211912279,7.33061495821037,8.11174549657621,8.78575544572085,8.57212944275978,9.51951894906286,8.93866519865255,10.8381892250947,6.96278597171932,9.14309320976825,8.3100041133635,9.22140486905062,7.80718516172288,8.31606606499579,10.3492838573938,8.70346042966722,21.800322788863,10.8473365934472,8.63885020840837,14.2199993434764,9.16086447325967,9.01565530920387,8.02941248406588,8.90075211123149,9.57506415877304
2013-02-16,5.344062980609,6.75086120195111,7.57213517683979,6.98044276034274,6.57188635890066,7.51001690956171,5.07803183987576,6.56518895717402,6.97546468093335,6.11291540576247,7.19559946243747,7.19847346288846,6.18685959363857,8.02237955705608,5.82926793687643,6.54029410201437,5.23950064427796,5.36655569474799,6.05291115128889,6.32507488797914,6.18082975216831,5.56300282532398,6.18848382611207,9.34516296947818,16.2500220799203,6.65734561195683,5.42352476252068,9.2265935919329,6.29282373462192,6.1597804558488,6.45479460412036,5.61124935795029,6.82322520296287
2013-02-17,9.67147018083288,10.3473870921177,10.3757885403523,10.5475758460045,10.4370353243297,9.52669205046547,7.52405041573903,10.0393504743865,10.3821141620544,9.07270348049332,10.8972559218592,7.09449163446529,7.34459600576688,6.68296989079362,9.74626849456994,10.3188583617531,7.77081010628781,9.58930235401336,7.87000047849401,10.15976643364,7.17441985982785,7.62569483680737,9.80303054117812,14.1319265016116,19.2721054660043,10.3101307633167,7.67886878928502,12.3129793790112,9.92903959750882,9.76124618200819,9.75422650458879,8.63661941200919,8.13740349488811
2013-02-18,13.8760041989332,16.7378750012101,14.9242016244785,12.254532532893,15.0436734393446,13.8618349870887,11.5037990570847,12.311215362892,9.90633690831854,11.1457692013569,10.6784414717511,11.4629805343233,11.5330734262045,11.1653563982534,13.2119661927239,16.2125472495557,11.5772533227342,14.0077040173099,12.0821209535444,14.3178520987861,11.3684921703203,11.7171554424122,16.2796992380932,8.69670293734377,24.8916473674905,15.0773374954183,11.6735259549862,18.2090003319538,14.3519100517418,14.1533631757478,11.6208923824034,12.8450266113402,12.401313010376
2013-02-19,14.3744452630532,15.7884109312858,14.707125171184,12.2027380021878,14.3810549699044,14.2674248063908,11.1799298966641,12.0980199586529,9.09367961456418,10.3661592805625,10.3153633863889,13.6394934874904,12.5257149733027,14.9397315808486,13.3087320315688,15.4059391111437,10.3666789867647,14.139797855794,12.2221233539493,13.5417578873772,11.9736582933421,11.7531579750312,15.1102497880841,8.42603759015402,25.2778343934016,14.7451234899279,11.55215709757,17.8294301323381,13.3003425884855,13.1647334015544,11.2743571473359,12.2700226107277,13.4272911713205
2013-02-20,14.464129544609,15.8258295647257,13.8667302349324,10.1855084751347,13.5268460866871,13.4524112926457,9.81129612214845,10.34191604043,8.32171263789488,8.75107385403619,9.34212266348764,12.8432838850671,11.4532710304355,14.4398773382184,12.6063602273115,15.339588912671,8.8130347402012,14.2062808773831,11.0421540823764,12.5659701410948,10.8483679205144,10.4863226957821,15.3178063992262,8.88712834922018,26.4015378582547,13.9892517843071,10.2708453914357,17.8327638264493,12.1964746741052,12.1082199928147,9.59228646043481,11.0202315038736,12.5013072054747
2013-02-21,15.293268492937,16.278300727852,13.272367007303,9.50159972201083,13.8747646324582,12.6341662576839,9.26443339302071,9.99334210776237,10.0619334042394,9.10947905532787,10.4322672448392,12.3332184828762,10.934273646972,13.456064862479,12.9947909948829,15.8456063649222,9.1954310462083,14.9003702025741,10.9035734329509,13.0041015761345,10.782736265367,10.1046058946115,15.7594442005502,12.2991981112392,24.3422991837527,14.3147071032897,9.63001394671983,17.4101159385352,12.5671802836049,12.5266159139188,9.54717847407785,10.8321314535676,11.7767857375058
2013-02-22,12.2417507063264,14.6941461775944,10.584105309256,10.8338305426513,12.2420646106235,10.2845903581951,5.14435920647297,10.7993863087945,10.6338607244915,10.0190715414888,11.027386857051,13.309956536614,9.49735316329845,14.9557109945335,11.6746871666659,14.10443472564,8.92333495467331,12.1281097984171,9.93741925897753,12.1335106966595,11.0892624432553,7.53699059471005,13.6838476836948,12.5608244551454,23.9851883700009,12.5159598039075,5.7431528723507,15.8979352989666,11.419276272176,11.3419194721688,10.4533411398985,7.78397965943362,9.99278448424696
2013-02-23,12.6500969607447,13.3161202225503,12.1306004363865,12.3507700453315,11.0710375703426,11.8472475959543,8.93472465989507,11.6353470432456,8.44334911074187,9.30126109449277,10.2131212031473,11.0357279344152,10.0285866552443,12.528383702876,11.9735355064522,12.855769269011,7.82027609624183,12.619370269714,9.43216911437726,10.640023080535,9.30979416443933,9.22189507137371,12.9626786417887,9.48616700378519,22.9400964773811,11.6933820872017,9.34066380770154,15.3561492643916,9.86674058502998,9.85708043261565,10.8479557414604,9.48301737223757,10.9902052402092
2013-02-24,17.6265426309931,17.9394020442819,15.4758471895614,18.1120459879192,14.9640034321191,14.8545663783347,11.5004375630511,16.7276772133254,9.74210329630511,12.359083789483,13.1486407139888,12.4419103573705,12.0494618921042,13.6919791626181,16.8180472534292,17.4855874290734,9.89244832658976,17.8490497183332,11.5920713098942,14.6236490896204,10.796577267506,11.5974651133237,17.9263959134686,9.85532146054808,29.0689364366704,15.3902428672598,11.9145413220571,19.7386126966554,13.3178975329982,13.2752208144301,15.1837051025128,12.5293451398427,13.3838109597283
2013-02-25,14.8483971416801,16.0186569310272,12.9999389321362,12.7310756057705,12.5522301379356,12.7306309778124,8.85820070408208,12.2874403779393,9.40294352037569,10.0552855159828,11.0572610137113,13.7154592896634,11.3999772013957,15.9573878220668,13.5433214671239,15.297713338343,8.65275028723229,14.6668135063299,10.7156687562507,12.014805863593,11.1574185552293,9.84737505587709,15.3922302449149,10.5209910846928,24.9523266625065,13.5285147407019,9.37870661217189,17.6097860127949,11.0128273524133,11.0615921824495,11.514592842704,9.92850435605377,12.2686874479354
2013-02-26,9.71489269200218,12.7875272425973,10.4320575093922,9.01167029465973,9.68904999131029,9.82057515656027,6.21132570737523,8.7976772880499,8.5822912591515,7.96300516203523,9.0831883659563,10.2329905238446,8.27663960325614,11.565087003738,9.26992632306258,11.8896857268923,7.00622445823512,9.70297233090144,8.14157183227255,9.12914629803258,8.60472346579391,7.13114347588393,11.8762490111997,10.6709671289267,22.2883794975054,10.547235906858,6.64294329321948,14.8445895122974,8.66728400401811,8.62245899905646,8.52308074505002,7.32151231216001,9.06165296820954
2013-02-27,11.1776945280196,13.7000845037242,11.8052585857654,10.1846119748187,11.4726927701329,11.4616001227807,8.14543149953615,9.91581816011716,9.10726462775572,8.67056622906734,9.87064088837274,11.925379884673,10.169758592993,13.5918377979467,10.5488487709224,13.0402163511588,7.8985708275814,11.1364301272313,9.77798927182786,10.7194314878068,9.90440429116889,9.02249425974097,12.9342378320719,11.2959513987835,22.0392640743079,12.0162009274888,8.55675889569403,15.443730405908,10.4147148545571,10.2872823185794,9.43459225555005,9.27922107006831,10.9404421277731
2013-02-28,14.3298254504161,17.9125190128563,14.3646005428273,10.4439858392743,13.7334654072737,13.4946727989905,10.1472327812385,10.5507615343509,8.87981516035735,9.05192463249543,9.82179851912694,12.2818450881314,11.2818633077307,13.5562983292011,12.6158891256311,16.8547662198577,9.0103366339511,14.4337657407577,10.9718339681439,12.5892342370672,10.6319926214668,10.5659087128553,17.4284169972603,9.87746923732579,26.6596371813523,14.5349337922563,10.5129850473743,19.3823288106157,12.2524286886088,12.1597704915112,9.86414254160893,11.2724655059819,12.3641324697752
2013-03-01,9.09099763002537,10.5854018991875,10.1941281059811,9.72521251277775,10.1892118502801,9.70897372338187,7.80499821816241,9.32137231237937,6.27259830030156,7.7811560164693,7.41816527731201,8.35287951111457,8.16117046754173,8.60345957269644,9.11969483089707,10.3893154730243,7.540931884894,9.16925833339714,8.30542277222923,9.75444258469563,7.79645706100866,8.06358641957905,10.173043830424,5.22983368338902,17.4996090922029,10.0915838271336,7.99225994795754,12.0578698025733,9.69567734563615,9.50759222028332,8.59689433290427,8.73636712861016,8.81989541548326
2013-03-02,8.96862444248701,12.1055692915702,11.8698929684312,10.0685240015424,10.8630214609082,10.9335837922787,8.77044031785007,9.57125225816879,7.76679421031645,8.202272723015,8.68920986777693,8.75595664138389,8.78323719247566,9.11921140380802,9.13860000205556,11.4947346238517,7.72080833877765,9.02910027539524,8.77372926518331,9.97452013597265,8.09147837551269,8.74388982762685,11.2152327463363,8.64829719019173,21.0657848443714,11.2655256443984,8.95940039769153,14.4862211375924,10.054303211938,9.81841993381287,8.97832597188074,9.51943356395009,9.70389828382888
2013-03-03,11.9758863334632,15.4328673931306,13.9091639655101,12.7535671416101,13.0248031051362,13.6109901390083,9.50881613473546,12.1221739221109,8.0901768070911,9.92178163828887,9.74987883805853,14.5382451592444,12.1816058005753,16.8355525550777,11.9077765664165,14.584008282331,9.17646335511669,11.9734283362826,11.5402631061732,12.1545926242111,11.8443788328984,10.610221619819,14.2909044232843,7.21050798379678,26.3099847834469,13.773529515694,10.0432266519549,18.0524655828925,11.82791559779,11.6429206883493,11.1773375196468,10.6962533423169,13.1045449670421
2013-03-04,12.3136817100787,14.3790055508582,12.1622095108421,10.4381973682945,11.4244491186309,11.9095741445623,7.55087799850856,10.2756140155066,7.46058690435447,8.64779370625145,8.6674331340403,12.5068328436182,10.1321755488514,14.3507909508022,11.3554664183053,13.6743546254385,8.09889075644686,12.2512562061381,9.7882793413739,10.9165448905582,10.3162260409262,8.67438785580336,13.7334221057562,6.86275628872342,26.4186589939491,12.087847347399,8.13973099269858,16.7895337849327,10.2972750038091,10.2722604426538,9.57737121028708,8.77665072259153,11.0920495294094
2013-03-05,9.20511671925316,12.0281570255474,9.89845078760088,8.71433547244503,9.82577506407597,9.90237432744937,7.05286935519112,8.54454812703073,6.68350727505083,7.45856418441935,7.44214647524874,11.0268218524062,9.1906701888459,12.5807285217131,8.88630845646754,11.3902399287779,7.25234560667504,9.44825047810715,8.85676654736493,9.32437609430492,9.17446886225755,8.03213468565029,11.6593029087016,6.40078006491838,17.9413672432069,10.0748703222521,7.43540487872929,13.0180057208633,9.16910193576789,9.04603639128289,8.02449172966262,8.05429406039073,9.70892560245859
2013-03-06,8.77401658056019,10.7258805345246,10.549294418679,10.5669014607014,9.41662782458286,9.57590494714922,7.25055736310539,9.87436591106939,7.26913283866037,8.24329918807909,8.51054635537171,6.72662924815512,6.93950962551965,6.50589688029718,9.12286198345799,10.2733593268256,7.1754642404956,8.91053861631817,7.25975657971917,9.08768905791,6.69971387077717,7.13550241571506,10.1487432935824,7.4895202112313,21.6278182448462,9.71842323810957,7.47299726585045,13.3370728480362,8.76391105640045,8.63801863483963,9.26276698774727,7.96323923511437,7.93329610030614
2013-03-07,6.65725502179698,9.3413715225773,8.28877495123805,9.32696600981887,7.39485453761981,7.8106413360887,4.85116494212905,8.52645823907953,5.93044143756425,6.9557257545906,7.16493411305214,7.44406771148945,6.18332583377421,8.27017046666886,7.34610533328756,8.68942506353607,5.589057029172,6.91006017153989,6.17557211687593,7.20548081017445,6.36504301066226,5.46540360507013,8.65780474663114,6.07413470105139,18.8171344001207,7.84557809058859,5.21223388399299,11.5396461908771,6.77212794365002,6.66817078061994,7.97197256436386,5.70688751806355,6.92943441035145
2013-03-08,9.09430623980147,12.4130623025675,11.7024219164941,9.54396255949014,10.9041531114016,10.4737850451392,7.9622094355341,9.18380638095309,7.17467034775881,7.84010777569983,8.07214832021715,7.52308611840897,7.74394164970765,7.35371951851084,9.07900343976741,11.7796176564439,7.53918294639236,9.18830521755894,8.12476411208408,10.0727728549696,7.33130459802686,7.94865985121841,11.5680225201993,7.5090057342854,22.9715012535483,11.2077724833652,8.15541996932617,14.9448985003262,10.1079251139448,9.87232134709276,8.54566185991775,9.03644671637792,8.79468789803693
2013-03-09,10.6694194438719,10.824168483387,12.1552966268747,14.2491529864404,11.1934556813692,11.8633629635671,9.29976035142133,12.985286490334,7.50228096315605,10.0677918040648,9.85126743480019,10.9471080948453,10.1982504050428,12.1510103213864,11.412048347157,10.7782851880378,8.44441052061627,10.4502200127121,9.77217772108489,10.8746476697343,9.47187224976934,9.58883179045203,9.88829281995204,6.35337449291749,21.4296976253569,11.5001983822382,9.63607670047974,13.7596211168341,10.3613726295489,10.2013397208101,11.8989549417674,9.92258685607519,11.0603309728278
2013-03-10,9.49399318201029,12.5358080020904,12.3657269066903,10.8387566013976,10.2710904272999,11.5952199372391,8.68712987509648,10.2345673474824,7.74523429091302,8.70700969239548,8.91143411903799,9.80682538594021,9.19715816263076,10.6721461020998,9.68386545872069,11.7229345844638,7.87923237438129,9.56933927743997,8.91470875056192,9.57854605681478,8.74393606667543,8.72978885373004,11.6512788096473,7.8223317308939,24.5412785021964,11.0920043400234,9.04362409499046,15.7461916617879,9.33786952690177,9.22625425231585,9.65639119997683,9.07566141884335,10.2708484576094
2013-03-11,9.33209922095789,11.3305112022149,9.84591769643537,7.79788059424242,9.51796481743436,9.31026296660747,6.7831785579,7.7027516751507,6.93964145272691,6.68314682055495,7.54240299578672,8.11219561403944,7.51440012479459,8.75713624991684,8.57338171022688,10.8520636370059,6.34486883725474,9.397118404883,7.49035815843109,8.8871660911347,7.15919642249855,7.13474966884183,10.9767844339172,8.45879580622867,19.370994594074,9.73897575870497,7.06643016019798,12.8732138847938,8.7113375010667,8.58996888439018,7.26015034065863,7.73133898808934,8.3262348047527
2013-03-12,7.90790000681559,12.3946765274837,10.8126048406477,9.53028557997783,9.28193609637277,10.273460157761,7.14979929930873,8.96618908751019,7.20295587138032,7.70321288827051,8.11203682538818,9.50958873527713,8.35504149499081,10.631941805194,8.27507103956874,11.3506686539437,6.88327871365883,8.37453120385935,8.09870914446888,8.63908177932577,8.13059622270517,7.59715336401862,11.7793755848949,7.88949566029469,22.380744459558,9.89338228086061,7.54139498232828,14.7339052004485,8.50200946968675,8.34426108239745,8.475069332566,7.8289715778846,9.27624529824684
2013-03-13,10.1499601854334,13.4672368247508,10.7087108595885,9.24111076636208,10.5587889820929,10.0241397884287,7.32771039515315,9.00680340672144,7.00860098069106,7.6200913572865,7.9652550448003,9.87579344619101,8.69329421800968,10.9451156489408,9.58511147789813,12.6131232426208,7.18886272780111,10.2795453284701,8.55112384071222,9.79648712489124,8.47531682127652,7.9521591466225,12.7922214741732,7.34850554917561,19.4723120900806,11.1699534904223,7.60315662366076,14.5423137444033,9.52402346287123,9.40243140218049,8.39849601606609,8.43781421727688,9.38603917946745
2013-03-14,8.33990372131093,10.9221474877652,8.11791205164498,7.77023979233417,7.82493328647419,7.67702928837518,3.89256208739645,7.53160495939765,6.00047502615484,6.44554875617807,6.79851639813219,8.96987197430223,6.51462465531854,10.4165313896613,7.94703246342823,10.0999657889681,5.50369364140565,8.32287358973698,6.44926302565038,7.52947794567548,7.22218033210654,5.12902337235764,10.0771644327963,6.34029088459423,19.6398582884846,8.62691115666452,4.35858145327979,12.6088262046015,6.88331337754607,6.88535713371847,7.12344544180027,5.17695368749927,7.15331698105858
2013-03-15,6.65797980956335,11.478478844807,9.74921286798165,7.26654853798591,8.35103734797,8.88450610147116,5.84939718593634,7.04892191472101,6.20555383507887,6.43944676457418,6.60722292824992,9.69125015414349,7.78744751418352,11.2009819030346,6.81582956195726,10.2432368274487,6.09742749486702,6.55569968091995,7.44213459588608,7.35821067788302,7.95558268423436,6.6004975907641,9.89857104557408,6.52945410460944,19.1240782855053,9.6860868601606,6.17423147477338,13.8079985680966,7.30297623089811,7.18746715800699,6.76615022385814,6.60690967882344,8.43344204662186
2013-03-16,10.3325375083084,16.4758717832262,14.039072295885,13.6824743280522,12.9721909293317,13.902833616908,9.48616619189876,12.925814323147,9.02426358910831,11.2693733450887,10.3687331980476,17.2407267328305,13.547234235178,20.1650668444261,11.39405149055,15.0697893464778,10.5083732749458,10.6208666094843,12.8030889621319,12.1703679355529,13.9652339153483,11.2303507664367,14.8876675073385,6.98584038108874,25.0522321284713,14.1001715885884,10.0722478884952,18.8089360349758,12.0115629657243,11.8048261278412,12.1758628857039,10.7004354826991,14.1164245429385
2013-03-17,21.7023591710965,22.2771615819691,21.5097964974218,16.4534791163867,24.2231030399102,20.5695262008804,18.3696773498919,16.6108998050553,9.64086767873552,13.1296825471735,11.9571601661144,17.2055186096123,18.1853927802206,17.639490619252,19.4275392052477,22.7370148622884,15.0276060064249,21.1972054995089,18.3498699350027,22.3138112957822,15.8936878446341,18.6254042789844,21.6736503807049,6.41302436969431,28.9870473331187,23.1375396678692,18.4396797489707,23.1072162701534,22.880438192659,22.2904004469438,14.6014405543187,20.904055509829,19.3103296825202
2013-03-18,11.1027676016608,15.757819710093,12.4423179369437,10.1548336378825,11.7779036693081,11.6719236896456,8.32182065784651,10.1012863760888,8.02382341553392,9.08882458719056,8.75042932795843,11.5551137657596,9.98594753122178,12.5242643337711,10.6672922370431,14.585918098656,9.01884028142647,11.4385356500103,10.0196207028216,11.0857078763673,10.2717296806213,9.10922233004098,15.0949701325512,7.04307945113051,23.9186992601396,12.5223848120537,8.68986701698262,17.2742518525925,10.8561727504194,10.7602720628281,9.57522338560113,9.47874483341598,10.773597927013
2013-03-19,14.3078856635283,16.985337236578,13.3186166171277,11.4885070112944,13.9791702823526,11.8774837038697,9.91854281011688,11.3598619969051,7.35301983056048,9.14652680979682,8.94815365288816,9.40855492387279,9.72292017017708,9.34853395051038,12.9257203683316,16.2398500855501,9.12158154989645,14.3322574868717,10.0507076980667,13.001677216899,9.04421154445991,9.94650988578701,16.4602426277261,6.17184035076975,21.5396263787164,14.4754052676349,9.97640310181938,17.3551766149647,12.6210117326078,12.4825091752432,10.3182703546433,11.3505804609731,10.5869247604731
2013-03-20,11.0426573715043,12.0995837001194,9.58174089538149,8.6121310853922,11.1067901140479,8.74187668697082,7.56042220613109,8.5899106189157,6.23317799703496,7.06109392286585,7.24819325347058,7.69652893015092,7.76854191974252,7.75284331992312,9.92547846557087,11.8892185400994,7.11662511210959,10.9029987414734,8.05120427454656,10.4010140861274,7.25159912677619,7.85134101755612,11.7050095290343,6.15714398592615,13.2674718644441,11.1148493981559,7.55929778545833,11.7445603660343,10.2201497270819,10.0643687222732,7.83748580362886,8.93902428013585,8.19075675474687
2013-03-21,8.38079743435981,10.0540834704479,8.49424853400876,9.28405410082156,9.62021476415461,8.222418909417,6.50692805310888,8.85250781422179,7.21789898568609,7.60896800951808,8.0523118117183,8.64363459193359,7.75607265566889,9.25504480027945,8.53042578368991,9.85177366020655,6.96081932745272,8.49835029247303,7.88737898227831,9.28618694508645,7.67577463518641,7.27373185842025,9.60611623383084,8.01179018498047,12.6921685161002,9.44323965596903,6.654986363072,10.2758479142767,9.17883376556602,8.98063101401354,8.3101041407737,7.79325967888762,8.0456502105739
2013-03-22,8.14142922439457,11.7734314396509,9.12472537125756,8.70456840515785,10.0391539623526,8.16338993952871,6.779066328034,8.40008080456845,6.85064821938474,7.31554911711571,7.5497691122084,7.8930771997738,7.4549625513169,8.11224344359282,8.22790710952089,11.0733652646667,7.01533080886526,8.29454522835393,7.74339721135362,9.29358445401241,7.31577392159571,7.2728623673814,10.9327103829465,7.27952528501757,12.8373996642744,10.3514205931459,6.79167378017344,11.7811969894244,9.33047245654111,9.10779611369589,7.86704669064215,8.08569177663181,7.7809183157995
2013-03-23,9.1521033322808,12.5213527607372,10.8531196894857,10.2430928727401,10.391049372992,9.88933422236956,8.38590838099749,9.66648098620685,6.74458647665497,7.95923978085274,8.01746102525984,8.75689652330293,8.60542708360233,9.32919744129155,9.24818845741104,11.7145206410834,7.38073701591254,9.25826185621278,8.45449151861181,9.52759944496193,7.9284597784524,8.42358890082876,11.6377872619147,6.51703974297785,16.4624905832941,11.0830096593842,8.46592317708907,13.5759075449584,9.41556207897632,9.241575409089,8.95457081347783,9.07287476465812,9.22472518265504
2013-03-24,7.63481751346489,10.7487986526494,9.53123443950741,10.7732045967048,10.1104799107324,9.58213457817359,7.27034400128067,9.98322707232956,7.45454108406894,8.43004312478759,8.58625121877366,11.9144138476604,9.83654999652764,13.7922485719119,8.56205725157772,10.2500243073733,7.51123459803147,7.77067201703702,9.38841813925566,9.55578973660822,9.67827493293263,8.49493106921765,9.74105390681438,7.72680946459761,13.5543574330661,10.3048128795209,7.54522705150376,11.4922458876242,9.55490872980598,9.28946707588398,9.33054754400236,8.45270396974908,10.0452147960381
2013-03-25,5.69161558540088,9.08044541620676,6.64842115349544,9.37212995646366,6.68453133383495,6.57892840071597,4.52493856644173,8.50978685187358,7.05733270555839,7.41649949543592,7.94130938895441,9.64321928496923,7.21127700073507,11.4317383777602,6.80351610154996,8.19870418576102,5.7597653014345,5.93370219042531,6.77091294168016,6.52234974422224,7.6819274970504,5.71465640433362,8.10694796005428,8.03764330456054,9.89607985508929,7.50969903190383,4.77664189337399,9.34298771891416,6.08894119547081,6.02469986826233,8.22535537736603,5.27886447908574,7.22346295985165
2013-03-26,6.55797125992038,11.4480610095254,7.89561221821949,8.275956275306,5.87770850272896,7.11889597228873,5.28631425440949,7.53768685011847,5.83144721936588,6.26103066321237,6.9241470994458,9.05812773733628,7.0951244584309,11.226808545458,6.78712348509338,9.70292849517163,4.65897924435323,6.66982310692883,6.04923666063438,5.08188197322871,6.92098831715941,5.64892578289805,10.1078042264218,6.68367589977979,12.5250922168436,8.1221484627904,5.4946033005455,12.2335824834628,4.38887596491347,4.49682221070523,7.27561388008829,5.08967263208898,7.43583338081192
2013-03-27,5.73602619457916,10.2486472745648,7.03013951903468,7.37014044224393,5.90879180054548,6.14766304623039,4.9333331192722,6.75902007110937,5.93163347845718,5.79948019717605,6.67965924145168,6.96188738613078,5.90311511865975,8.16866259308179,6.03914496699089,8.84389902525136,4.4966034399183,5.95999443018478,5.37098464696148,5.20150247236291,5.70533437756645,5.1243038600628,9.22437337163125,7.48732888307056,10.2936118432134,7.47098171589658,5.01021688530906,10.5302096443034,4.78581639685124,4.79549131047976,6.55602640299649,5.05439347750764,6.18880831948642
2013-03-28,6.67102666392585,11.538183373581,8.51132695682657,8.49102582416286,8.67777331084365,7.81616223316698,5.8582116086068,8.08360644324361,6.72632067133006,7.2573666329229,7.29740920865473,7.98078853434214,7.00455800358008,8.4132343219257,7.27066185062001,10.5361757942658,6.73605814687635,7.24129139852311,7.2379812301675,8.20341310018134,7.25637695047424,6.52509819046915,10.976088305993,6.86028967058729,14.3993648339956,9.02520919285291,6.00764445566381,11.8691624535691,8.19800095236515,8.0129024839858,7.69518283281655,6.96105816112891,7.37961863311504
2013-03-29,19.6166404713969,22.4834819080796,17.0445850912241,18.6282989891968,18.349723637535,14.635689879425,14.0871469053396,17.8745614867002,9.98965599888408,14.1287041529622,12.9761836745049,9.65632139930926,11.8231737305819,7.94627276641768,18.6137528092457,21.5589867639687,13.3497550718038,19.9913776765334,12.8093354461955,17.658829377547,10.9507547711658,13.291031686439,22.2637099504398,6.27302513343913,22.9961594000225,18.9166527483825,13.8138013702703,21.4802553780577,16.8077247043929,16.7100319537175,16.2727894112043,15.581061061187,12.6996467365641
2013-03-30,9.57837924982772,11.846772881753,11.0283599939707,13.1782954789574,11.5075841665542,11.1458287323509,9.38757210735519,12.1785725355413,7.57925949596297,9.90352864096973,9.36903120044258,11.9145455908991,10.8594306334694,13.1925872122827,10.5481822712176,11.5701344351831,8.99290319018676,9.97563354088131,10.5199752003563,11.1902175836638,10.3098083964546,10.110812276531,11.4763331045164,6.14549379375667,15.015026055445,11.2847705641002,9.60748164683961,12.4185608065064,11.1127475280818,10.8493958777203,11.2186251328161,10.3204296988755,11.2017425632212
2013-03-31,7.05684139468319,8.61384298453836,7.81180920708279,10.6752370709876,8.49197761983443,7.30958689183556,6.36510720234886,9.87557609235039,7.09355769979693,8.51709181902092,8.19734681805317,6.7764284379529,6.64049568494242,6.44907377000626,8.1954783568532,8.44213319166678,7.4641113640911,7.34570728620397,7.13095566570376,8.59983365884682,6.87194068781416,6.718736904603,8.22266111065893,6.32343414160098,10.9371045159381,8.309591093464,6.39212226556316,8.98213920906128,8.40430566838849,8.24771467610077,9.34253308207731,7.28293815475599,6.84574805130249
2013-04-01,6.61492221858297,7.10646153161678,5.39652574809388,8.66895413397646,6.02737442466482,4.77986802855435,3.78830966109174,7.91901677781693,6.15269814869164,6.54632607441311,7.23811706651159,4.45996093383362,4.14876697151921,4.32510599768452,7.04210812832064,6.86885600983946,4.87284849218499,6.6883877316798,4.4958127786991,6.21297926191466,4.42289702188421,4.08808578588528,6.73394848504668,7.2167521934863,8.75333791506772,6.28894415195875,3.82386512685677,7.16990783921884,5.55452521512636,5.55173082483919,7.53722422510879,4.58331070021328,4.3635063558892
2013-04-02,7.22424967513857,8.29743211051257,7.14893211099379,8.1312646568934,6.51828595694259,6.39087482352777,5.84829971867908,7.54767117668924,6.40494024435468,6.35510723009866,7.31394745393009,5.03788088661953,5.37942305397869,5.10827295012971,7.2017370911366,7.80897171624764,5.10192976181322,7.24616325433122,5.27693766529233,6.22212386591963,4.90829901980633,5.51221955998139,7.88940132608724,7.99654610723021,10.440498600069,7.20554191359359,5.84769311726771,8.86563909433074,5.76193181603884,5.77378164242928,7.24560777701397,5.93798608564628,5.80067448640947
2013-04-03,7.97674854641155,10.2998963266892,7.87613337882368,10.3581647172193,8.34933177558326,7.0302700170301,5.98140919207181,9.53680284549255,7.02464912240051,7.88325092891565,8.31782775206312,7.03455435325599,6.55667046493702,7.33863735639212,8.50299458293953,9.65664679091949,6.42030919653663,8.11303490319239,6.66758535140901,8.07491723984124,6.51432808116226,6.30846120237313,9.54550140722781,7.55737720896436,10.7070386736371,8.96132307798546,5.98945669266948,10.2596753849918,7.58707125645935,7.50759850442583,8.98597997769345,6.82655477286382,6.79461611144748
2013-04-04,12.9730887796699,14.4823949819746,8.49062876452404,8.54235003079355,9.17574651380868,7.04031805697576,5.71539438423483,8.4930063756851,5.48995694573507,6.49351861465867,7.02052313028454,5.55904810619435,5.58820020708829,5.52373685601008,10.8638451164683,13.4695637964636,5.60946029456954,13.0034949800657,5.79131528974552,8.69571578723775,5.38589366073854,5.64744505450801,14.385070586186,5.40636457876527,14.3469924237678,10.3578697441872,5.7111528037073,13.3133327778964,7.53414730691444,7.71570955295846,7.77850358865928,6.6684430964561,6.15526321882289
2013-04-05,6.35943725805009,6.47959418766321,4.94160702280243,5.37058591200709,4.48894193699675,4.79489502199813,3.5454407018367,5.22834849047679,4.57280531483442,4.60269434788388,5.09054704129679,5.5914677404289,4.54871665052841,6.45647860026005,5.78438218624121,6.08541209023536,3.80829070002032,6.21703887056629,4.23124852823078,4.44946301517144,4.71503145866373,3.86776305151678,6.2101110211413,5.13732562454458,8.71932187566638,5.22922569062841,3.72343644393866,6.87084505340057,3.83450660708679,3.97266155501663,5.10828398540891,3.67328226431828,4.76437106924694
2013-04-06,5.85788794592413,8.28408328987289,6.37652279493514,4.6548072639786,5.36066968061847,5.71966922051483,4.78312445605863,4.70216778017111,5.57194374806022,4.67583110148773,5.52971017708956,6.20567209309151,5.43003246648378,7.07343279846739,5.32110658478465,7.38102246115237,4.31579624762073,5.69783938072355,5.01780661002839,4.70771886218637,5.34017079043996,4.85729549661698,7.47049180000816,7.2021154674089,9.27130270949566,6.62056897127714,4.85694460550486,8.81051905952873,4.47374734693806,4.54122043259291,4.78371866988851,4.75807512993089,5.67446427164462
2013-04-07,7.08562680886859,9.37749328637749,8.13980566579191,8.46697363984264,6.98624374717953,8.36377560381331,6.18955387229234,7.90551979474176,6.8175851327189,6.9105198498367,7.59870601249248,10.8803000846979,8.60947050637461,13.2589961192893,7.30849914457674,8.59109878746999,5.76369248867084,7.0928523687459,7.58954020379353,6.54332359881814,8.43320033473367,6.9923704164999,8.58130023335195,7.95280129971884,12.9117867624441,8.0160068926328,6.54642523262928,10.5264461877979,6.1526828074878,6.15664476622063,7.65788162229284,6.28665457094159,8.88380042306185
2013-04-08,7.3504378586202,11.2050143115422,7.98294785771285,5.03050832143041,7.08751971880982,7.40662655436976,5.68871705389417,5.33205220423165,5.72710762495425,5.37122576843893,5.63706659181902,9.14340411416305,7.40776638250744,10.6915852772285,6.49428809615778,9.95024336444983,5.55331537890471,7.26238198102059,6.8352976167358,6.20322867306589,7.53534711819822,6.25050548072926,10.2473578998667,6.11434051853854,12.0787301245418,8.56439992701309,5.87120718364414,11.5450390311218,6.02695726338853,6.08433105951408,5.32932792024809,5.954614282535,7.63568660457247
2013-04-09,5.79435327037355,6.98434981169523,4.10269869180345,3.8705841034515,4.63951031508232,3.38906446402052,2.53836443581867,3.92488464908795,4.08842632612059,3.48443898824907,4.33341252195262,3.14992245550647,2.84744942964268,3.16741339573416,4.95111624486903,6.4721950608739,2.98086182749334,5.77582666454393,3.04927929308576,4.37222256823791,2.99364852572296,2.74085828090988,6.73557431365794,5.55660634473998,6.99025532881506,5.17864532996012,2.55003594039824,6.49774076859432,3.93672626503497,3.98726996862021,3.80516181978453,3.20781599038518,3.05560784837782
2013-04-10,7.56380164376725,10.4825853613299,6.82052941114188,5.53398464915461,8.2962979189122,5.60183459726892,5.01473968153814,5.66696963801395,5.1554393486425,4.9974571666298,5.47564216729564,4.40172524720401,4.7834664208033,3.85455019683436,6.7563610842293,9.84959419270018,5.14310284528575,7.6925254316604,5.36601169446522,7.56650071394987,4.62163500150643,5.15760082186522,10.0601185844306,6.01929657771511,8.83242144965128,8.52590094740995,4.87825488002889,9.44724391879681,7.5515906269162,7.40599301859043,5.2768861221147,6.30706163432466,5.03621279593869
2013-04-11,6.07868872723692,7.1032457416168,4.77488457351772,4.28730535831385,5.42406854749135,4.1059693778376,3.32269323131815,4.3542120547218,4.56771545314269,3.94005130272799,4.76374150279511,3.66013226178042,3.51614993156063,3.60137447578967,5.31059642504659,6.73027370592507,3.59498473771699,6.02788702009437,3.75315599553684,5.10533075345088,3.55050876795193,3.50278258766381,6.84148513065447,6.06585353564781,7.47105884815174,5.76984468358112,3.32399425605016,6.76145596173695,4.8131946546131,4.8125752221433,4.20952840169817,4.04776735178231,3.73806315546091
2013-04-12,5.29364726410264,8.61070690967948,5.64116751025165,4.39801274864352,5.90735413429354,4.53809940849004,3.70577576416227,4.46427700547797,4.73348773973684,4.29554551030354,4.75888294534864,4.41723802457808,4.05530416051658,4.42379130084006,4.95239333687197,7.71937195828732,4.16212567719929,5.29023467768359,4.3077707647771,5.24987081195235,4.24429310930188,3.93193814848202,7.76304517620787,5.67508497607691,8.10083122387677,6.76393232265507,3.65595106062416,8.40785953820618,5.15490776437046,5.10783389002737,4.37055524716406,4.45605913052169,4.23863909212524
2013-04-13,4.85693563846449,10.3753093129661,6.94955244531141,5.08570307347031,6.85432232723103,5.91404396109856,4.4402497036297,5.02682615171303,4.69623003663232,4.73184265392154,4.83089914069931,7.26769336442941,5.906204618736,8.27759513555262,4.95583288896829,9.02580752128852,4.72510072268203,4.93102956779327,5.75559446995497,5.80536873628808,6.04619800220538,5.08623638044143,8.98837467227326,4.99415447648162,9.7500847575106,8.10523789462675,4.48303072027144,10.4587835729851,5.90831695756366,5.77662704791323,4.82893578647173,5.27706988706789,6.06342756492407
2013-04-14,5.37476466701648,8.00520049017476,5.58543299837204,4.73772177798161,5.28988539403228,6.27730043219325,3.66688244532325,4.75863886646459,5.31572517148152,4.73830347423389,5.28593328337449,11.7297174463484,7.88127591722568,15.0152441603289,5.10867513115696,7.13458444756725,4.32030972520469,5.22228545248481,6.68490661524848,4.79696973988732,8.35221285215143,5.35025906393613,7.0487709081415,6.38087534625568,8.43316913567674,6.41498694551336,4.11223197657882,8.24783395900057,4.52588356232945,4.56912339378955,4.80397591144092,4.10503864729974,7.74391025124454
2013-04-15,7.36081485087817,11.1835830658759,8.17599392655482,4.35664773485436,8.28775895085769,7.51765405056472,5.55911862440697,4.82107198217579,5.35969963467836,4.84063834524124,5.15194859664511,8.86055539300294,7.30458667675703,10.1430326470427,6.33600137234159,10.2054478169949,5.50173524705837,7.19361553575074,7.04288150941207,7.1966677977455,7.32991113285472,6.33183192463601,10.1543265580863,6.00902886541597,12.6820000559947,9.22162307734078,5.72199197807316,11.4870342078081,7.31654932635701,7.22338876242135,4.67501665716663,6.49308107790769,7.58802339140814
2013-04-16,6.08122905712614,10.3014518114515,6.09622178898284,4.34671556012832,6.50511594924081,5.62387247122086,3.88090261070398,4.48909217559424,4.85011777453681,4.22302235532592,4.90285872104149,7.55789771854903,5.83148481161159,8.94592897167586,5.40636574197568,9.17208973341098,4.14292375193931,6.2828214678971,5.51917471509198,5.71529089458741,5.94824665799457,4.75265958375879,9.65125977412858,6.17958485261429,9.2792885879368,7.38809050752706,4.03219020720833,9.66574956628042,5.59420894402337,5.53886775007368,4.34482020402077,4.77831570296156,5.96489398655621
2013-04-17,7.33485966233578,8.10862670837622,5.69724231365313,5.00317312471104,6.40788353673674,5.29652421251522,4.08329272317263,5.16130058402572,5.3486225043179,4.80019019213981,5.51782308128861,6.50660166321442,5.36863572203997,7.30054485935519,6.3821036005724,7.71060498204355,4.52877600776577,7.04387718949275,5.26895500012366,6.00828631777802,5.5481788160965,4.69547058790822,7.53834923658315,6.57217730148585,8.0037003900439,7.02351622180896,4.17556609298502,7.79939610545099,5.64316575664638,5.67841838258248,5.0318033815763,4.8479061958878,5.45897370287805
2013-04-18,4.30132181636547,6.2142809938336,4.85535199012527,3.62891904218911,5.33405795255741,4.73600589421519,3.41637063464737,3.77994836830525,5.04430570551555,4.02270671644306,4.69676256659106,6.02198325872772,4.82660307894515,6.7583138695316,4.13567283767058,5.85308132378429,4.04702832520491,4.28509887953233,4.80584823916671,4.94785516964413,5.10000339045199,4.14975557425887,5.71031025844191,6.65518314067829,7.41172154546828,5.51245626493327,3.55279291249686,6.37608335661752,5.05546714665625,4.96148235684127,3.83002263953583,4.17486765112795,4.89770073113851
2013-04-19,3.64062516737862,4.49960032671183,3.73048045281796,3.48308466050266,4.23761972636181,3.82738329822404,2.78608843344181,3.49026956887838,4.1572091568675,3.499597427335,4.04469006544742,5.16261838517376,4.08112454388814,5.89651865003395,3.59885509296069,4.36609541579268,3.31961633364289,3.59528502146092,3.99033013501912,4.05986927182922,4.28517805417747,3.44501795015056,4.1659491643222,5.39544070827726,5.36597571490289,4.27324405805476,2.916261387307,4.59436843855148,4.06690598207862,4.00097153641416,3.4833888234687,3.37151348541288,4.09116281389673
2013-04-20,9.93433386977883,9.53908587967711,8.69000076889358,10.687279577922,10.3741919035811,7.73098660104513,7.27544286001359,10.3837309944585,7.9610707918162,9.28985674858069,8.80851933672671,6.01581873003085,6.69045482911219,4.62241678993722,10.1137452069497,9.78682130043698,8.85069847927635,9.78816048000333,7.7725365936839,10.520018473134,7.12711684386207,7.42135818805628,9.16394478918945,6.75000538133037,11.1639509761642,9.99080324277873,7.15348090553031,9.49850788816728,10.251647864808,10.1466898367871,9.86379504748879,8.57280532842656,6.86987745020315
2013-04-21,6.57167096771927,8.48251080679106,6.89093666186115,5.64684782049515,7.47609122057238,6.65776693032914,5.08184979443626,5.69680439678029,6.14566710612139,5.44812102939568,6.16699643204236,8.04080262570621,6.69696484915675,9.09491952897512,6.21166070377581,8.07644729686398,5.34604514401573,6.4228521580522,6.53557081660174,6.89360754511,6.74438443162315,5.87712933210562,7.7504480145146,7.6792061076673,9.93045947391585,7.81801355626031,5.23461448803911,8.74095861016226,6.90933668347113,6.79637403826579,5.54890190675185,5.99426172551477,6.84883442626446
2013-04-22,5.81655081812291,6.71824049112448,5.27590083627532,3.84622628366225,5.36861961779216,5.22679540032418,3.79044553702008,4.02394825481056,4.94519627555937,3.95390582303974,4.85953862120699,6.45021035752273,5.19664389971298,7.5500625850715,5.04114571273363,6.37379464268804,3.80293701195832,5.63226843614176,4.87499329878072,4.95566829260831,5.21930588296599,4.38163167333637,6.30686876882839,6.7243696027601,8.58157014231504,5.81913299165648,3.97693557871054,7.01499544654973,4.78515512156013,4.78879733868941,4.01354565674245,4.28901203238635,5.37777966134996
2013-04-23,4.57041919866161,6.07428795059006,5.22252088052079,4.06690102919787,5.15614773683482,5.04992883784782,3.81126298750982,4.10205668063726,4.83734395180013,4.08327097977071,4.73156814170776,5.58076626925954,4.75203753566694,6.22366662355199,4.38196344174663,5.73556699997361,3.94894281027926,4.53906879439617,4.6457972559314,4.78822557852864,4.80194147239665,4.24611407857644,5.64121675655054,6.258171157745,8.60364293936096,5.42313298949306,3.95246778907781,6.65900328373232,4.80498231194176,4.74108289482685,4.08685629476508,4.29364934472971,4.96559143835648
2013-04-24,6.59266347305465,8.4937846665062,6.37015603007788,4.29709580883525,7.21293231080234,5.50767180347352,4.83580612826964,4.61671548992099,5.38696795032342,4.60268737608172,5.20401061260122,5.11582315284747,5.02777927425469,5.00580060123595,5.78939720964822,8.05967718295559,4.94127244052348,6.41388470525517,5.33554449129118,6.52947319529773,5.00181099591567,5.06231125223275,7.86941408669632,6.66478738879169,8.2149328276535,7.5737476411032,4.77899381771212,8.21789698090227,6.605364804232,6.51311619668873,4.51222273691604,5.73875101612691,5.20569869948581
2013-04-25,5.19123771860904,6.48534756545103,5.69033734757628,3.17657941802444,5.55442214348911,5.11307587955928,4.14350128680831,3.46434857816096,3.84770323602296,3.43192438210606,3.73570124157818,3.96574691041331,4.05399414273956,3.87752065211895,4.48124129736532,6.19294501266434,3.85645593340498,5.092879464106,4.22697138069718,5.0278469235301,3.90342959346305,4.14279145619018,6.15985766890305,4.46818385036711,9.99864876529669,5.75994368693599,4.20188299552785,7.22363788422869,5.12524861912851,5.05805452105898,3.35790143416553,4.63648019772101,4.45829803462735
2013-04-26,4.6206711404276,5.61259678365118,3.62150083977707,3.83119482185995,4.24495330480965,2.8623186722807,2.46717250975356,3.81893328540683,4.07701372941961,3.57793464672381,4.19115796900487,2.46084300653607,2.45672282513976,2.10163037240508,4.26300280314178,5.26129646979667,3.1396399801237,4.54604007300152,2.83026724384451,4.05964860016833,2.70139851660982,2.57901760203752,5.22269879114698,5.23253561923757,5.04875557399439,4.64191054896166,2.40185672861366,5.22438284089471,3.78621031459201,3.79814736054976,3.76056227114989,3.08533335981012,2.55097968880344
2013-04-27,4.34856963208333,6.94070312386246,5.45045331146333,5.11749738842478,5.48938785793453,4.72755903460761,3.91394956158373,4.91271181983039,5.10934074052976,4.63915321477985,5.23142800850941,4.79249554770038,4.37200035707316,5.00277452044602,4.58017133858768,6.33405477494226,4.18742735645606,4.35311257738401,4.47369769232015,5.00232713249107,4.43515623001336,4.16237458376411,6.1421348653018,6.41823041590768,7.66787629027951,6.05957728907538,3.91533987956015,7.24960742612238,4.98881852232071,4.8976504446723,4.8217962492981,4.48620013298732,4.54261648047327
2013-04-28,5.97607881962994,8.152428118031,6.58543192840983,4.70475948568766,6.24955141191495,6.2855127959991,4.47453911619812,4.74587799080967,4.72198752934606,4.35858522411045,4.9111491656754,7.6519630505371,6.13503912377584,9.09878336319903,5.4274518008368,7.50038709201174,4.23210366736136,5.74680870780048,5.66169364557386,5.52719351647413,6.044422022494,5.11595623106894,7.25879084421245,5.73693305177885,10.9091452525834,7.08352846007063,4.68519110893268,8.9564277457285,5.41442000366703,5.37205437460017,4.57646761357595,5.01430509521145,6.42081404354633
2013-04-29,5.21141049786762,7.24476937764049,5.22212030045435,3.45082559840686,5.70863333825776,4.75353997838522,3.36868293241895,3.73226430630044,4.34910959954782,3.82028554020857,4.15344221984684,6.05653306187441,4.79095124246258,6.80609160371306,4.63187608996491,6.71140189361006,4.03288241875582,4.9781687325977,4.78265738032514,5.1388302061012,5.12007374520297,4.08124745816611,6.4233446615565,5.0707985499674,7.96540737141716,6.30228886686663,3.4707812818388,7.35797101108284,5.11284411700498,5.06798315874029,3.68950571011093,4.2039093753183,4.88162420839583
2013-04-30,4.48264578260912,5.68912360862706,4.42661052717143,3.68913241968069,4.97810183802171,4.20060440890889,3.13628506158104,3.84439659962932,4.33940052765521,3.94857576723126,4.17125750672669,5.21149719794845,4.2469403689659,5.63017325012322,4.2597395680869,5.42787374607645,4.00701664933222,4.37074643040123,4.36101179456817,4.73565288397567,4.64236410765033,3.7512085393063,5.2030501378923,4.88096065959086,6.54346871884036,5.19184961864147,3.22635658794221,5.76614003546642,4.71681455119624,4.67314476997356,3.83191036804981,3.83933582271869,4.27975830093982
2013-05-01,4.7700054717611,5.83028207878264,4.92675786354902,3.88042243164957,5.31683399990386,4.52186715734067,3.75045609842624,3.98451952056217,5.2980199938531,4.10305286634147,5.04099023528547,4.53728494942661,4.19157399223007,4.67968133293504,4.45607455722444,5.61565694474224,3.96994195474754,4.638636549083,4.32615231711852,4.94864118491236,4.24216540337255,4.03361003199721,5.3742508945205,7.36688998635494,7.0488837428519,5.49876164165483,3.78343323509397,6.05867116045007,4.9803230206178,4.91107416217246,4.02911137699283,4.34935035459942,4.34328473207325
2013-05-02,1.49237914513214,2.43022341150928,2.09951635498491,1.43754779284137,2.05306792508598,2.01502186107954,1.45899244687275,1.45800448794037,3.6456481666172,1.88522278760619,3.15818832461631,2.32384396160736,1.92099970763917,2.62917027827862,1.49480705278817,2.24861596726563,1.53101351104735,1.4913257248324,1.87454335464911,1.84696011670165,1.95261010501161,1.67710178949615,2.18020395248649,6.53713298136662,3.50032410808358,2.17308546802743,1.51934870437807,2.72550012029425,1.92156128322561,1.87477127135037,1.69821496464994,1.68724919395112,2.00403489968176
2013-05-03,2.07670183415746,4.14479178729165,3.16022390071329,2.31184855041906,2.79425810415082,2.75304546215033,2.39326906750609,2.27817364339659,4.61318510732779,2.73560818788678,4.11395383343265,3.15599071143013,2.76297859750202,3.53804039596557,2.16743649385596,3.60376789295924,2.26572786755418,2.07258738422284,2.6236601393009,2.37146976169483,2.74502865085358,2.49462880578331,3.57464588455004,7.72783822782214,3.82629451482443,3.38967331476039,2.39165651647412,4.3130990951037,2.43135683002895,2.39966539462554,2.56324131304416,2.48802518136499,2.81861206840022
2013-05-04,3.37644206715766,3.66106695212614,3.63585355100836,3.30829061397751,3.96379429211695,3.49178456231884,2.94105010491626,3.30089494592795,4.50901302877029,3.420249052192,4.28140140809717,3.25007434308196,3.14073128553209,3.20343051651742,3.35992128057633,3.70136388878064,3.1788730258663,3.33138001896178,3.31416687946249,3.84688249654809,3.17788567849403,3.12955679037055,3.48634576897169,6.46182685862736,5.43068183624069,3.81355110948167,2.98170373519038,4.00976440348454,3.90884495507263,3.83469100478555,3.36510168748968,3.37966489656577,3.27111902026015
2013-05-05,4.18498257559805,4.73729578656387,4.6692828653517,3.7840738165046,4.97983594159083,4.7188412626711,3.65338338979597,3.84695558977517,5.14068993736578,4.00344949344578,4.85873219363272,5.26030091926024,4.54828181772818,5.75755924259217,4.070696296201,4.73365812827738,3.89751495740157,4.09561599635919,4.53239162790033,4.75156508783727,4.60753954420137,4.13626887359028,4.44705438744114,7.10704320146942,7.28103662988525,4.86535086739429,3.78730814447846,5.29101981976854,4.86227789765496,4.76809564321496,3.89654514941307,4.20697380142098,4.69201719422673
2013-05-06,3.63872684017015,4.12347029362498,3.6422429734908,2.88608009433826,3.94160357894013,3.78587724523723,2.88634447715451,2.97375616116611,4.1559428562906,3.10272049703829,3.92147214563198,4.84461994431925,3.95540522721226,5.59681712696433,3.36858099380741,4.04407045845921,2.98396454269117,3.54305848800143,3.76599098692033,3.71233315864156,3.97927549549552,3.38887816118925,3.8798136421958,5.95480002093914,5.19338570867306,3.98661720940604,3.0134206301531,4.302987799053,3.73831122839214,3.68951156711569,3.03313829814095,3.29681182723962,4.00758819151523
2013-05-07,3.76939744758243,4.18802981640549,3.6219388414029,2.79120771571473,3.99506006384166,3.62150802268944,2.68108282837256,2.93176512765727,4.54719702730889,3.19291953878502,4.18650771839831,4.23526175906249,3.53071592676033,4.67121020864764,3.43901840090201,4.12909623586802,3.0388255971476,3.6721810065638,3.53275105550863,3.81405181724898,3.67224119962917,3.13435560475234,3.97104078786159,6.74686043452797,5.84266290980269,3.99172477047313,2.79380605280213,4.43195118465266,3.8180214030876,3.77499248777181,3.05015001685529,3.1904585724585,3.62958075353289
2013-05-08,3.61981567799044,3.57660833777487,3.68428499491561,2.79125868442899,4.01465765428405,3.62792472318339,2.96528187910149,2.94804434586739,4.13236244971569,3.18486126411347,3.81547201263086,3.34569019157829,3.20224343166464,3.28551582025735,3.37084937361984,3.69740398544754,3.24528802979891,3.53870660382591,3.39557449815249,3.91717591221433,3.28751271739066,3.18063544751082,3.5076858397937,5.5920896381942,5.98855241240628,3.77281978539803,3.03502133441195,4.01089679864054,4.00862303634535,3.94715471533692,3.01534451124974,3.41160444913479,3.35665250610636
2013-05-09,2.53011183584074,2.96175617959663,2.86394586562544,2.4724320106034,3.19618373894129,2.9941639072105,2.23321212861386,2.52932322281313,3.73343685692743,2.79625408977637,3.41348802754706,3.6279119328908,3.00475843318108,3.9558682449361,2.56881422904443,2.98051363056442,2.7044357395972,2.52986017098308,3.04454829962236,3.13484797348012,3.19293223838857,2.66975625031798,2.83136462182408,5.22145856489366,4.49520774356648,3.02172118486659,2.33686469241867,3.2320433547561,3.2313161992776,3.16516965213606,2.62911543556672,2.65739910011389,3.04565719991465
2013-05-10,3.24243183469736,4.52162138045135,3.71317689742469,3.17307308245396,3.94919386603688,3.32513007149641,2.80682499014774,3.2084006791498,5.06212979340862,3.57021568470424,4.6333033545781,3.24234858646944,3.04311239019153,3.1538516677315,3.25957492702803,4.27320512368628,3.26365367395451,3.24416402421607,3.26136894016776,3.73154481841007,3.22699153168379,3.00377945173585,4.16838869516734,7.50852689774138,5.28459079232229,4.09530975450877,2.81163222911384,4.6678095460989,3.78471509208884,3.72734556551184,3.39172589939942,3.25671856195376,3.13311963915765
2013-05-11,3.2284350002976,4.98224118559947,4.44219817196381,3.63915453704926,4.42562292290311,4.06966789105944,3.54763891387221,3.56806212526807,4.44597536696265,3.6041502892782,4.29363833731808,3.7327394481141,3.6665288328134,3.78896860781886,3.38565958140242,4.67558238148607,3.44491082268064,3.30560908893279,3.74852549743903,4.05833523166491,3.56001725930388,3.64344247204125,4.60695675569732,6.07286730001357,6.20548012465354,4.55652512109603,3.55948341434294,5.33912027799626,4.2227910145682,4.1145370396041,3.57952967638132,3.91433500241786,3.83902362204753
2013-05-12,2.02685413763319,1.85139930107088,2.13373428797253,2.16848192944801,2.46278012190173,2.29608025576399,1.71888735170805,2.12624042005304,4.45415512977868,2.48519839579444,3.99262572106012,2.40684892093322,2.12834637009693,2.54618100533633,2.08012320736833,2.01966404267481,1.96017880509087,2.04131466362725,2.19776062130938,2.49141504838637,2.16775536914074,1.98990822782507,1.8841189613514,7.84878631020095,3.72267188292422,2.13653162143039,1.80503450800478,2.16196050896485,2.54352506474061,2.47807436440394,2.35528218635438,2.06838130007379,2.21579070547761
2013-05-13,2.46303944284778,2.43283582851084,2.38485580262778,2.3504652408677,2.83574734914096,2.33781207096636,1.8583780013349,2.34714624756961,3.22907899444944,2.4039724345603,3.07401380136419,2.0387487915824,1.99726690383312,1.89202206881607,2.42843642085147,2.55470861380563,2.20085753749691,2.47966146715964,2.21934210749114,2.8411382581143,2.0724616596751,2.04206136341739,2.44870392905252,4.74100497306273,4.04504162971816,2.5419936331217,1.90050253592796,2.61907223002192,2.87090401546385,2.80837497590534,2.37648056026655,2.29276336026504,2.10655024147679
2013-05-14,3.00437522748599,3.00732713325834,2.92058065454112,3.11561054579919,3.3314527944524,2.90191932201531,2.35695390831977,3.06638785789303,3.85997675405962,3.08052864276191,3.7483252366876,2.58152115049879,2.51578438269061,2.42481460661752,3.04073894615139,3.12054804209197,2.78697570069702,3.07481288379974,2.75072893446631,3.39557090144607,2.62729045609237,2.55295314609142,3.08015536171399,5.35777176794102,4.89009836245949,3.01067651975611,2.41357477865203,3.21904688692285,3.39400952066427,3.3355139916221,3.090035996279,2.78864961571597,2.63906601435469
2013-05-15,3.8490955574827,3.1948577690149,3.10329169402565,3.39726092855261,3.64613258257172,3.10961068594018,2.52193448600667,3.34794136234889,3.36232503913809,3.04225866947682,3.5211195382839,2.84059873406077,2.73892567117852,2.81338889227,3.61731606434552,3.40249607218478,2.77278620423983,3.79518968526161,2.89807947376436,3.69791282130785,2.7462208455225,2.725868218997,3.2648768327167,4.28668361517851,5.08540130651407,3.35369564536407,2.58757360851929,3.36784011370586,3.58251642915615,3.54622057255921,3.23349197980824,2.98370413756445,2.88127686176891
2013-05-16,2.91632231834097,2.91982439298098,3.09626881050019,2.81758488637688,3.52748209175504,3.34646481634842,2.53750348591733,2.85370965715549,3.53196255593238,2.93548989223447,3.36465474663656,3.74800541853629,3.23359406310413,4.02782396460051,2.92083236022269,3.08282268034417,2.9145913689135,2.95018172550649,3.29420744214784,3.53375102618385,3.341092536495,2.96131423637947,2.96207947875772,4.57473117954192,5.10051350949829,3.13459613346422,2.66179543252165,3.24507171791246,3.63679665698368,3.55521577752192,2.85496629991236,2.9987084484322,3.31914656634789
2013-05-17,3.00196749419797,1.87615715600746,1.83510352915453,1.63202023750813,2.27216708054429,1.88759204062428,1.46954627497303,1.76852054192141,2.83647446182311,1.85623091163287,2.66414445505209,1.80164629652255,1.6697177807807,1.81178638185036,2.47147068968063,2.11305805280147,1.66807403519935,2.82805318410563,1.76201694292674,2.32894450000109,1.72409037589234,1.62372687071438,1.96829553227404,4.47543882866083,3.2239041905213,2.09732739193228,1.52592846493997,1.95992012309073,2.18742646455532,2.20722241832933,1.84099242637458,1.76513504669008,1.75467381963436
2013-05-18,5.29977950272472,2.92293870597275,2.72492206888379,3.07626716538111,3.31192147606681,2.97933654162227,2.37133901022345,3.46878756559086,6.13083078195674,4.31479439989393,5.39755285691238,3.94141796349708,3.15901987937563,3.9048004708489,4.56666537335488,3.29968362670333,3.95185740657819,4.94832256820316,3.40613769306732,3.81214991354097,3.99591978627819,2.83995216504726,3.0871021913801,8.39844297710402,4.18023207058913,3.23131940436781,2.48482720752591,2.87109035606981,3.40380240889666,3.57471616537372,3.91834031095209,2.64714097924402,3.04359803961832
2013-05-19,6.03011111752405,3.33609379261463,3.16169797281036,2.87256380021425,4.27120277158349,3.24835406216905,2.58592279448655,3.21328388363522,4.42329173897484,3.23101813736587,4.25857604448434,3.24185768396565,2.98376430094552,3.20486505561754,4.82301568114842,3.87945023620702,3.09801915724831,5.58253694246375,3.202284607824,4.41610913538958,3.15170632564268,2.90924234088684,3.49867685599501,6.35698231479836,5.11110961199041,3.94356319675036,2.66704593321058,3.26336076503613,4.08392417227216,4.1480833017661,3.24640736356467,3.20224050033916,3.07670802478162
2013-05-20,5.51954863038641,3.37967614871984,3.33575624551625,2.67207881874816,4.01372008297595,3.50946877631364,2.67488219151814,2.9527946185669,4.74209461957273,3.05162728576547,4.47863951487007,3.55194226912581,3.18093674769673,3.81041956835205,4.40697947829246,3.79758641661094,2.78558547033415,5.15820875453153,3.20233615008658,4.05096310284948,3.17964047937496,2.97224690550797,3.53496720731463,7.57784490368336,5.9189097776869,3.76711179765513,2.80283672140492,3.58500656768406,3.78298610597992,3.82903521351742,3.05527782964179,3.1429567721252,3.35006563136142
2013-05-21,5.74970291852623,3.1439448120758,3.18262460369105,3.28714212380854,4.20066951595156,3.28724961153719,2.71371964468278,3.46917990741249,4.90454731498934,3.39524257289669,4.78913321128776,3.16337046797537,3.01179566541711,3.17197914634557,4.74605659230262,3.68996277153104,2.97468197415479,5.34945141978963,3.16433319274925,4.33247915534203,3.02764624331104,2.96863258564894,3.29899245238266,7.63411976406678,4.89557002880823,3.8520250595028,2.78636235834888,3.13078380377477,4.0110634425607,4.05188974351095,3.51340946480112,3.26745475923622,3.1230978538508
2013-05-22,4.8455368428015,2.83363233097006,2.42556499705775,2.40980307603387,3.28767444781143,2.42092861650379,1.96971301178291,2.6312166111193,3.57375724889787,2.57043326949744,3.50237879442277,2.2213530552581,2.13867803305881,2.10762703602801,3.88143757655902,3.20604675143253,2.33052561547462,4.54505377787189,2.33269703867174,3.41503836370631,2.24000675359135,2.1536465437626,3.01276589260889,5.31399103997353,3.95969664397005,3.06937077435789,2.01631567529546,2.65582504876668,3.09679843506213,3.15790293383187,2.65166400648148,2.43752465319275,2.22860280272235
2013-05-23,5.25504530262182,2.97550837485434,2.71492119943458,2.54327700178192,3.390106771052,2.69058725755225,2.23445647096362,2.78287054378115,3.75778052478218,2.71119072106374,3.70060522192437,2.38073774927178,2.33177028715158,2.30327018365458,4.1693539690489,3.35618326078334,2.44743237663152,4.88176666838049,2.46839189701656,3.50212801095901,2.38594986452149,2.34636097442101,3.12757287819938,5.56479808723077,4.50045559408496,3.26805978756747,2.28791637129629,2.95064896067417,3.13318445470435,3.21987540110672,2.81561157483145,2.60375360613403,2.45750030831061
2013-05-24,5.84939975345409,3.07490898066356,2.96615923345999,2.54055816688236,3.55972012636425,3.03617466107242,2.493143664932,2.84776057998399,3.6228082386832,2.7204048550813,3.61916387199014,2.79640497258786,2.6682495379774,2.8624545914639,4.52938379916747,3.52406721062779,2.55390279281752,5.39471618979085,2.71071487667889,3.674522076054,2.67102304945817,2.60637180872415,3.27537364270733,5.15216378011697,5.05510075762041,3.45509560237793,2.57726141176263,3.14884439878572,3.25407834143747,3.36770467273746,2.85159417816358,2.79889206620978,2.82082991554762
2013-05-25,7.09560906936368,4.70331989603152,4.04275023473157,5.06681531279612,5.17023336049873,3.91511075887915,3.32459229930372,5.13089748455254,4.8917950251996,4.61933342139595,5.2283391444742,3.49837248716755,3.453758603651,3.16737587079902,6.21079980678738,5.13455960112285,4.12653619420418,6.79004510982837,3.82596577923853,5.46099234086298,3.70240819492494,3.55254410870199,4.8867086027939,5.79101425005609,6.25352716765668,4.91325625639312,3.36835882141557,4.49322161186923,4.94568467807375,5.02364501430162,4.9768628547887,3.98596413402715,3.57365861693663
2013-05-26,11.7030592002537,8.63854101831148,7.50607101260881,6.25785364014652,8.23751557775202,6.93217004580571,6.59786480210437,6.50522547959161,4.24477877908376,4.92750850118857,5.37357243822908,4.47215531526849,5.53312854670206,4.19853177956239,9.31843231320292,8.99721642900066,4.97712148438368,11.1550878980486,5.55372163546885,7.88632523976098,4.5915698742723,6.08151710520378,8.94107328169162,4.18336384314764,10.8345889141839,8.31173664031134,6.57613534765543,8.48391004964521,7.23850990105155,7.34025253527457,5.8588702061622,7.03247999661684,6.07773663347712
2013-05-27,6.24736019527446,4.60320860025105,3.4105349498973,3.15179951862175,3.60151406552775,3.26412250077601,2.57612089697715,3.32202659757475,4.66407526597378,3.12463965721513,4.68878051540776,2.73870520284289,2.64020679147058,2.86812590209754,4.91795259016092,4.66850174420565,2.45923089932693,6.00688416670789,2.60899240309479,3.64524893295751,2.56982849880323,2.56901042795489,4.84758652308221,7.5287174788429,6.52259836405228,3.81553129682252,2.66703552150564,4.56137125955467,3.07085900261132,3.21639077222299,3.39663968052002,2.78710332021951,2.90235646669395
2013-05-28,8.54120566966777,8.63924359964997,7.58553668024293,3.20289231498601,6.88242679432419,7.63796461196884,7.04999023534425,3.93376113284143,5.976644463538,4.34432370202262,5.4572994886405,7.73593011266404,7.38900718131589,8.83651923331839,6.55802230038888,8.32355098027598,5.11995913420575,8.2500239101895,6.6662566177471,6.12359997367198,6.64711404523,6.9266866018026,8.69783993190385,8.07203446742335,9.62326547245518,7.46531400147996,7.17362046705812,8.76684015211986,6.12710445396376,6.21085573912846,4.07965114850358,6.77869330272425,7.6840780645431
2013-05-29,5.05794320737178,2.67099902006033,2.37588638856232,2.50576192453676,2.87915884905667,2.76894803133734,1.97599917753831,2.88429287458009,5.27439253702461,3.54405606915135,4.67849197436285,4.12301416165061,3.07654166701428,4.52114092721411,4.15461934046385,3.01267859627634,3.17854191556998,4.67974158420373,3.08699555178271,3.27671611721304,3.73559852922664,2.52395293403179,2.82574481548378,7.55990881619939,3.97778023723333,2.87603825161959,2.1365266934127,2.63464211093441,2.83869305566908,3.01063694772093,3.26237638082549,2.21336041773531,2.98649378633076
2013-05-30,3.50434977849086,2.09283754307833,1.93618917989538,1.74662633233724,2.5038651338729,2.36974204069226,1.52379615920228,2.2479898700844,4.48329594572712,3.32807523617645,3.60911820053161,4.05458251668139,2.82453827433846,4.2266983849124,3.08257625980805,2.37062228147051,3.48810421506435,3.27767597778188,3.06451520404403,2.97269297378375,3.88595125219988,2.26144069609237,2.19757586850675,5.25094928879907,3.39803808513373,2.32770152375004,1.68499650845489,2.10740642227906,2.80167802071461,2.92211440035011,2.68234268592294,1.87687170112727,2.62538571096723
2013-05-31,3.59242025495506,2.20522078565173,2.26259458841346,2.22581941561836,2.47302562936805,2.82458644047567,1.8447694454068,2.4657286024688,4.28109048472301,3.00549166375223,3.79475157310117,4.41976480745944,3.18916983645878,5.13128654771159,3.14263088590592,2.44086170885123,2.76469717385576,3.39650805046862,3.03931018565452,2.76245893318939,3.70011819021547,2.4732688551238,2.32205500742882,5.95943816672044,4.15686353811599,2.37997449817596,2.05353411726134,2.4553311909384,2.53530112735945,2.62709834916599,2.75135719496325,2.03263691110509,3.13242491144705
2013-06-01,4.43122986238704,3.04881001782373,2.90433030172516,2.90131619104991,3.14865907216673,3.53928623393978,2.44355995138947,3.2010706068602,5.0838576201158,3.85529778256861,4.52692637561702,5.59207207907739,4.07839793960178,6.42677101044067,3.95179045793199,3.25401269497406,3.65862098744616,4.22435998834857,3.91144926869517,3.49547557231779,4.76160622571966,3.20690208226776,3.15615560376995,6.51868896164206,4.78547057342092,3.10968311557842,2.6772778374683,3.21962759577223,3.22927352102487,3.34695704997262,3.52861841927942,2.64643576868504,3.96469927751649
2013-06-02,5.98776930075026,3.59649307175358,3.3992829073124,3.2131517742865,4.49472530558891,4.06613085447806,2.90655134703358,3.69756292481324,5.94256136757413,4.38963411401606,5.27932349037856,6.16449590817582,4.65619299916804,6.85375484455118,5.07768103893291,4.09923738243777,4.37234016886728,5.60630629152645,4.67476847236404,4.85806528215829,5.39056010507359,3.84439491524827,3.7637411701859,7.82223295014096,5.02650423744123,4.14832186762688,3.12759708446284,3.46037059602254,4.59025570726886,4.68672219506743,3.99614516921614,3.50400253488724,4.5029809282978
2013-06-03,4.41915887039814,2.75170148493967,2.7352374940664,2.01691788570775,3.26559467772326,3.26652165363923,2.28709418976726,2.44256375821914,4.57719995234212,3.09908990586124,3.94994723288395,4.78292951096413,3.61410666373646,5.4324190477623,3.62822410590936,3.07933948343932,3.14412911534402,4.12309776538148,3.52662163803522,3.46040278802632,4.08607140789225,2.94871592947083,2.87368695365549,6.39702159445246,4.51247196202328,3.07717239938895,2.48196545186028,2.87250879055712,3.29562528760089,3.3734775973672,2.72962100790212,2.62881856799111,3.55827124059644
2013-06-04,4.434662367072,2.62062480107308,2.37161634144413,2.18721712382123,3.01742161351536,2.98489140098027,1.89273019443367,2.54230071548626,4.37538666775797,3.04963329315596,3.88498498829292,4.90691184590132,3.49378309029292,5.72833310759761,3.66395135794478,2.94707013771171,2.92119694589407,4.14273515505922,3.35471398307423,3.28809856645626,4.03546005896674,2.67765907433371,2.75424328821574,6.0918402414264,4.08781676849914,2.85665625262205,2.11137101605971,2.61057356594179,3.01699249873222,3.11362449160174,2.79090291893448,2.27811731658867,3.39901353724916
2013-06-05,3.57949854542746,2.89340701846204,2.39672809627875,2.08923790483885,2.90518865579658,2.85141023324479,1.96367913202256,2.37270399206953,3.74241630502989,2.81610156682725,3.31921998907862,4.14735078956573,3.13259131885639,4.65844849331357,3.11170319135594,3.0445842591706,2.83855510844395,3.5391843761286,3.1107789988623,3.10542505065525,3.57832638637758,2.57301626640227,3.11440730089364,4.84574572176915,4.06460610375419,2.67406409819469,2.13279442312522,2.78933627192059,2.99063944859643,3.03296681332295,2.55373126319363,2.32295722524366,3.08308462515623
2013-06-06,4.52578676322791,3.11026942212967,2.56504420889187,2.05359391863243,3.1869385203296,3.043411516801,2.13581221915031,2.4497615713513,3.64157854275704,2.8288133442687,3.27336548593856,4.39803987792295,3.34355880980094,4.96681965058934,3.67843341688567,3.35707970995856,2.95416006798426,4.34198747046183,3.28610611028428,3.39576249572812,3.77672650628,2.74992108280738,3.36183879205322,4.49416997566405,4.25837867648867,2.99533363876468,2.31260678907199,2.93986931151457,3.17784309625159,3.26205096557296,2.59817932134326,2.50009890538101,3.29582716527646
2013-06-07,4.03619728144871,3.2093242792741,2.60232486049585,2.22732431173084,3.10082119459939,3.14236354512634,2.09147303693028,2.57058471143397,3.65058510335365,3.00460565430344,3.26246189798046,4.76289322074749,3.50821359341478,5.41857026271922,3.46408503534395,3.35853347316049,3.12867929513092,3.97027141122839,3.44438635255574,3.34308026970487,4.05719074439203,2.80570315711095,3.44861449761303,4.18845226937875,4.56621676571028,2.90506676591844,2.29618666255663,3.11150177672108,3.17805584423377,3.24586164523159,2.7308913458289,2.45604567070196,3.44272946001985
2013-06-08,4.7306556015235,3.00619976946963,2.67866736890394,2.22215394383064,3.38294096154908,3.28047798310927,2.27350392298697,2.61275821901966,3.44254027939975,2.88567719359873,3.16818439141888,4.95316918540287,3.71322819010596,5.71472094581241,3.86260921824752,3.33656015018643,3.06922766112586,4.4833235180314,3.57843082848565,3.59564147746256,4.12806129044871,2.98891405709696,3.22852619670511,3.92141541440588,4.29100162678337,3.14705444674121,2.47711887662632,2.89122194155598,3.37636373543711,3.45508888571247,2.70125525754904,2.66856131760847,3.64528126621448
2013-06-09,6.7160538859218,4.46362420045915,3.36395836236715,2.97296820077778,4.4767622906268,4.17361613566143,2.79141276658504,3.55668927441225,4.20907731494382,3.87527600755843,3.92355378761251,6.88719303638151,4.97402815237541,7.98930352024899,5.42008017866936,4.82025338012313,4.19004391682848,6.39284264856752,4.79794095979215,4.82430983940318,5.71197006597217,3.87293037482947,4.78372348024806,4.06707754199522,5.18317610474004,4.27565410334134,3.06619871117553,3.95441252100138,4.4188320182311,4.56833345204275,3.64265849997062,3.36718226843427,4.80183249233767
2013-06-10,4.81284018902723,3.47406009713434,2.82459385160543,2.24248105356418,3.31127771204354,3.52346086533733,2.24671979222552,2.69073748386268,3.63589840259773,3.12258386284978,3.26429420904026,5.53447424577582,3.98003303976203,6.43726018179193,3.96003598951672,3.67909396525187,3.34710269157333,4.66769004036703,3.81329397586731,3.60069362885476,4.59275302194667,3.07966546494297,3.77841682099339,3.83701863165127,5.25462880889438,3.14292182630332,2.50797274006955,3.41018355907124,3.34619248900994,3.45604897061765,2.84282128586048,2.59543594436919,3.91338873390206
2013-06-11,3.59304147088157,3.11388372166147,2.38305582091822,2.10078847335871,2.72021765499018,2.81518353453979,1.91478054506613,2.38225376127198,3.31511068300375,2.75902768470258,2.9871895822723,4.16821495915693,3.09948129651664,4.71656554637992,3.11887606482768,3.16535025906911,2.8213237974528,3.59054539756161,3.04248879063028,2.93576141682154,3.58865941239368,2.50197270843747,3.34698882493548,3.78149607051993,4.18279076767395,2.60852947018515,2.08962355441046,2.98504830871284,2.77001588873529,2.83874603435127,2.53206385559067,2.18996656011468,3.05100673513173
2013-06-12,3.09091519493138,3.16582674415435,2.38659210304805,1.85859756670568,2.94095146327074,3.02827278962703,1.88140329185184,2.15028427179303,3.27012592037959,2.59797708218151,2.84634582894276,5.03282257490345,3.57846685570955,5.93340399004015,2.75574168742078,3.20247036021968,2.79662613472814,3.17374378363976,3.42411504622951,3.07139429805268,4.0473637129099,2.7286295340969,3.38419871539407,3.90568034274636,4.05579122754761,2.67185479334791,2.1035399919486,2.96192901387652,3.06602815261009,3.06992329516956,2.28824736789946,2.31912370216414,3.48498870170403
2013-06-13,3.16268676270315,2.88624840282081,2.66010974072277,1.98193826826382,2.73085210318501,3.16406137238842,2.29233000765041,2.23003188961228,3.20092804338443,2.61420163014567,2.85507093122287,4.48173191061163,3.44942271847925,5.19969932686764,2.8045653661899,2.9365236241838,2.76475888815816,3.1570567530937,3.24933082193932,2.82753387849877,3.73955317535336,2.8172451894985,3.05475450248909,3.75344402785003,4.36741311719482,2.61712126567399,2.47791381862473,3.02078593279723,2.79015733597416,2.82358889394988,2.37260713971663,2.44191815590256,3.43529076109983
2013-06-14,3.22452112402686,3.20825709770577,2.7455813947092,1.99385722184177,2.7451499030216,3.10979748370878,2.24430819908458,2.25400774235195,3.19577980989578,2.64788895943811,2.84825542431546,4.05316584628146,3.18812515759142,4.56149130449151,2.85309258706001,3.18327584071599,2.80197632598822,3.27296359016834,3.09154249435376,2.84704893516062,3.52249152431569,2.68549529689,3.40463723827856,3.65616213373119,4.92113170787348,2.66754382603315,2.41383189158119,3.35109617693808,2.79045149831802,2.83104814299362,2.39894919407539,2.40509684700197,3.21918451299142
2013-06-15,2.60313805212641,2.72314256572381,2.36938763189148,2.17425908678938,2.47015671436879,2.9407893199502,2.0045767214469,2.33912907519961,3.67584896904226,2.84604005429715,3.23326069115759,4.57719828540373,3.36244841381901,5.32704959229037,2.540330294458,2.71759059547903,2.80411061455262,2.71156832709963,3.19327359506903,2.65765990593007,3.80360682466487,2.64493814900442,2.90616768040869,4.63479094100143,3.97948199394899,2.31654498425665,2.20385607614419,2.78536066047638,2.63350473152047,2.65648432948769,2.55720291638954,2.18795131589478,3.29383605950518
2013-06-16,2.76693449245299,3.98497001314421,2.95413323548501,2.15474630206236,2.40224954942269,3.14337312348558,2.10142101493305,2.26313777253859,3.29552934915419,2.54625276199837,3.02930327002933,3.45695264228168,2.77665371614664,3.9085948595389,2.56687117157291,3.63681772340755,2.40913013650247,3.08679128756609,2.65530767165807,2.43822986392252,2.99546622396322,2.36512519205744,4.27138312247378,4.34239027293287,6.65732176663275,2.48552622393722,2.2895416445534,4.30873861066417,2.35054926387382,2.38550639870743,2.41422935276472,2.14350032787782,2.973685909699
2013-06-17,2.3029535760655,2.78554021089581,2.79836622294721,2.18111352851349,2.25305188682817,3.10495034660071,2.23185035917489,2.32221233940899,3.41217574617568,2.84292341190697,2.99749922780842,3.64543631617313,2.93233011873624,3.97965688394741,2.35952269518762,2.67103889069656,2.86218454133539,2.46126812502305,2.88038761389748,2.41601903605137,3.33239697070838,2.53527595027407,2.94617128701023,3.88623350894926,5.73694137191555,2.22343001216187,2.40976277016954,3.39676922988821,2.41832807383163,2.45190821913951,2.54381959105278,2.20362952131347,3.0276322624482
2013-06-18,2.38570270517476,2.5096762841858,2.05314368139397,1.61983740447102,2.37607740881787,2.4332701675733,1.67397069685235,1.96637275394861,3.62468897437029,2.82657406944359,2.91833970379306,3.74744483692415,2.75569572094656,3.96531832542185,2.31108228142137,2.53504260859586,3.07409814617978,2.469884302061,2.91136361427979,2.65009461661875,3.50892927940614,2.28316827632538,2.6832016102455,4.07033236425572,3.47136371295754,2.15725553381866,1.81639403247948,2.4523320915828,2.68235315635309,2.71687291808052,2.27757146965019,1.97039381905879,2.62989770147553
2013-06-19,2.70841159824267,2.51360955762358,2.09923750605735,1.75348683201535,2.46991587813159,2.59629156655423,1.7199209746406,2.15802806522516,3.92222278170107,3.13031247314477,3.14404878515315,4.3216072439892,3.07157644336962,4.64853606655628,2.59029554246405,2.59090841270911,3.40413504239451,2.74321169324998,3.21285867973394,2.83450720703981,3.98673338788409,2.45778712882802,2.69705213542613,4.2032153637184,3.56352302507339,2.24886289389041,1.89364592591906,2.4593919002242,2.82132930067688,2.88311682280068,2.51434157908789,2.02435941163803,2.89544650521386
2013-06-20,3.57856756921261,3.17548290401858,2.3959459337243,1.8506110095843,2.85383074450166,2.82688082556994,1.95864508968373,2.31077558400606,3.70180485038277,3.10176104563843,3.06509698896071,4.39162868284899,3.22376360773812,4.73064526482152,3.1360040943012,3.23807559781484,3.44172918176184,3.57212073067363,3.33846102969098,3.16352045178316,4.03663208887036,2.64221085707636,3.41128739674371,3.74088381238615,3.96966184618177,2.69420457942201,2.12383157857348,2.95844275503149,3.06637880532195,3.15040208508031,2.58597812623892,2.28683631982878,3.08463896003143
2013-06-21,2.66085283456037,2.74514947128946,2.07238986828187,1.55174756528706,2.45937581164198,2.50580744967915,1.63690068777801,1.96388185556379,3.79973407440926,2.90875407655675,3.02403993237354,4.09233194588618,2.91636320274184,4.40513876179429,2.47612453471294,2.75612558930478,3.18882789640842,2.73690891764554,3.05683243726317,2.75715563256674,3.75919380316894,2.33971489628219,2.94426435485339,4.28760075140607,3.60563878381539,2.26019847858802,1.80043328870296,2.60223494911771,2.75653515538433,2.80887133860447,2.30816645815947,1.96784633639848,2.76685532413171
2013-06-22,1.83367339984573,2.28999863799341,2.04702844790496,2.85209729784154,1.90260456496638,3.58366163095019,1.91591355360219,2.93276095619572,5.16557899206239,3.95724258140338,4.37994985042166,8.53472806075804,5.38145182073811,10.7492711002684,2.3884386255176,2.19675295053156,3.60970244124556,2.05814583255124,4.64067626740553,2.39339304777527,6.3738234650676,3.42164029003519,2.44442850745959,6.40483147491762,2.91281448566154,1.83779451658322,2.34375805406659,2.32804410122987,2.34308959352788,2.41375753988772,3.4259449378045,1.91454833037833,4.97782650743165
2013-06-23,2.88413771373798,2.8023759809164,2.68782806584306,2.44012862122383,2.39882204034851,4.32237811410756,2.71728909351616,2.71694960863444,5.37813528482331,3.8236441554562,4.48288825688911,9.11231922881211,6.06880800787894,11.5203940057588,2.88827689703516,2.77379953118091,3.73446760902183,3.00114535931725,5.13479387553074,2.745725411584,6.77641653055225,4.09602137031786,3.0809847856418,7.03258602327927,3.54981811710172,2.36084368802551,3.15959012444999,2.84737497955152,2.7131419535105,2.80798617871154,3.23519950966902,2.56027394920038,5.72669338672252
2013-06-24,2.39180150792787,2.79552253870638,2.26090675062449,1.97228836489177,2.2647824749884,3.06414074894476,1.97672394356989,2.32560574353327,5.88432714782413,3.75871131218269,4.68755147030382,5.76975415421464,3.93713918543368,6.67741766046024,2.48125621477293,2.70789192527198,3.63325774043582,2.55315093735937,3.78151619013884,2.64669522337991,4.90075700918859,2.90556856682458,3.00559432359988,8.25940673793497,3.59069090459163,2.17187473386333,2.22911652825773,2.75135880817711,2.65261973700872,2.72950701038196,2.9708462835601,2.08330857235029,3.69201607772647
2013-06-25,1.72116367189713,2.14807679442297,1.9501739082556,1.88277588175635,1.84543552977374,2.58982880201973,1.65280160585239,2.173028178094,3.98485737254684,3.27952509076615,3.15159341236985,4.8173313975156,3.26914969650815,5.39784378088606,2.03597468252929,2.07983695240198,3.43581166208574,1.86890792657398,3.26098721298421,2.26522437851828,4.28626303127179,2.44811033305786,2.27047587018012,4.06341888434489,3.34230052596345,1.75547601925344,1.86520537698615,2.30832305565448,2.29455959757605,2.36269255584956,2.60992773093417,1.73218753657414,3.04567603653189
2013-06-26,1.36937678143534,1.7025550982213,1.46185204117825,1.26816107640301,1.43905435551073,2.03732657086909,1.20808025381671,1.51140989700849,3.21694018465025,2.39185186985983,2.52173233873081,3.95898621219579,2.62955334015377,4.58070524095382,1.52131456949028,1.65272035477409,2.48248767387988,1.48613165383984,2.54798017821458,1.72604260687462,3.36075692507723,1.89255862040878,1.82329733121957,3.76414452762245,2.61162593354442,1.34638668937029,1.39532760259723,1.78188262530454,1.75512109220767,1.80097416349507,1.86783149956816,1.30352112071076,2.46051902785897
2013-06-27,2.84041165629589,3.7584430152197,2.96867140227893,2.69778508041457,2.68005696681791,4.61033772244388,2.55555171674017,3.15836684140528,6.08498603950141,4.82979556998777,4.82017831354701,10.2150329086115,6.52393246772422,12.507616293115,3.1436995091875,3.51418011435743,5.00970288470408,3.1048752763405,5.85516112859123,3.24923071713644,8.01225181763613,4.31097241456339,3.98752182199292,6.52871983259774,4.84790775682643,2.70908918981607,3.05624020231652,3.78993471258231,3.23564128416741,3.36703294756011,3.8457927381784,2.56928796831687,6.06209855072788
2013-06-28,2.38627124004515,2.94970506973837,2.58797071322477,2.46078353540541,2.04262438099778,3.47180547985922,2.17203209075513,2.69862845165995,5.89926111549718,4.00464698199343,4.84897402874282,6.22820303737249,4.23574684207281,7.36560815071883,2.61170149658478,2.75946468177102,3.69746161636147,2.60326724214843,3.91671354226181,2.46577457629915,5.17558718269241,3.0634572705917,3.16733885464972,8.03157235279076,4.9060218742893,2.10490527048664,2.48359469050075,3.27917537691647,2.39123762089184,2.49785523798061,3.33048159235672,2.06414408475415,4.06553986585663
2013-06-29,2.7273413385834,2.96308672037983,2.51598196017681,2.36790579232153,2.87683752722584,3.43465851308972,2.13440448645389,2.80579351873818,6.0099653385681,4.33918324070638,4.76469258173437,6.70907733392808,4.51977360812645,7.62700634851762,2.92241744871956,2.98391463167227,4.45321361918647,2.84503356919518,4.4923700214401,3.37153347214912,5.79803714354194,3.34209397756617,3.12129477735778,7.39380284673382,3.86692530375587,2.63180467032831,2.41652127944901,2.89764461093658,3.41950790923386,3.48461801655334,3.42678396566523,2.46017249614502,4.1816159389816
2013-06-30,4.30839912973679,3.89028575075563,3.10578474085884,2.61783582981604,3.82738627663253,3.82970269363333,2.64312831750683,3.2342891702233,5.71002450178484,4.59590205299626,4.61305244705995,6.41689289096633,4.61502549031013,6.90699185267595,4.01586737813122,4.02434586571093,5.03495961353142,4.33641725631436,4.81258315615154,4.33871263309169,5.90648222841502,3.72644224491735,4.18075948503987,6.0747557839475,4.74900863609898,3.49359455100306,2.87889480897613,3.5972741423022,4.30317519814551,4.39561184751581,3.72450863781199,3.1252178174545,4.32757129899586
2013-07-01,2.89711912723974,2.94578595177823,2.25039818264883,1.90917419611869,2.6379298967143,3.02945038035627,1.90789791513345,2.38624898443858,5.55044202988677,3.81516218349765,4.370766611998,5.70983232323084,3.88672381186347,6.41345503818,2.82163544552122,2.96424935382029,3.93901331901417,3.01408720551254,3.90706092218232,3.09025418950339,5.01412956130434,2.92306288618817,3.21429423374978,7.11350849034853,3.63304633062251,2.40650581238883,2.15070237577468,2.73059914286249,3.08413683164834,3.16512311734006,2.97313608868116,2.20618081384532,3.61050795483657
2013-07-02,2.14617179536626,2.27889576845037,1.79603873591877,1.53877157872228,2.078567156038,2.33296665082597,1.40341377066641,1.85188230946485,4.85481991047072,2.9823801307989,3.87413374702568,4.17807384756503,2.85291363251415,4.68925304757447,2.12118411286584,2.2879617866166,2.87386688594348,2.23897375174543,2.88596301283275,2.38428150797438,3.65236286527156,2.15613107256297,2.44592892979902,7.07504113563679,3.25644227311876,1.88958777879252,1.59068309093889,2.23254554677583,2.38590106864511,2.42922611404664,2.35104503899798,1.68143042484162,2.69329934559955
2013-07-03,1.23204654578013,1.51991918687205,1.34788304698473,1.066167493838,1.33003770074621,1.71009434047282,1.07111455136395,1.30061467402543,2.85080733051614,2.10025536952376,2.21408371388143,2.95228506718834,2.03386452782263,3.24045690175925,1.34640399193909,1.48476074714254,2.2137783802328,1.32195860045193,2.08214802087895,1.57254833969427,2.68063302376883,1.56518641196077,1.61277491424468,3.34202205044954,2.54128452783782,1.23780658733696,1.20481445940509,1.64475744286476,1.61037391663914,1.64722759642101,1.61769207007725,1.17829880483769,1.92152481165858
2013-07-04,1.59037635030763,2.11682847464808,1.63953580963363,1.52411097241198,1.50806952702389,1.98204764953326,1.31788318008997,1.70542761325544,3.90384881488767,2.57739832995855,3.18154455798698,3.23489901208187,2.28848850734854,3.5826171305917,1.70870244164125,1.98304894685625,2.41074033383465,1.74524355121365,2.28968161705262,1.75568208757825,2.91642407410097,1.78880774923962,2.24653822566086,5.43313470662277,2.98856025925276,1.50448274450157,1.45737373421668,2.17047606504722,1.73147379602171,1.78412138993365,2.11204501282315,1.3736553400819,2.19198306543728
2013-07-05,1.44799456175168,1.57059199430556,1.39179454819964,1.41355199862608,1.55985888910136,1.72888731635288,1.1415488707268,1.61557723302046,3.91292545898917,2.53450565922299,3.13750578408199,2.92251914116864,2.0613924867985,3.10203140925348,1.60353924009701,1.59162124416408,2.41655352384429,1.52898228465248,2.18610631111371,1.84791373050283,2.74486937748928,1.65036399685157,1.6686715527616,5.49032992160267,2.37932646926877,1.40116576735066,1.25877701888385,1.60675926670339,1.86693787859531,1.89794840980297,2.02248405686793,1.3268591316846,1.92835846824374
2013-07-06,1.68422507799631,1.62514810969472,1.41459787157334,1.521286534561,1.58195803753251,1.78082641867769,1.10614996480136,1.75086823271167,4.04469257698792,2.70841522355837,3.25348485902871,3.10878871936225,2.13257748508436,3.30179631056381,1.80108231374394,1.66217548164594,2.57980277896662,1.74085102639727,2.27415739406145,1.93432980416651,2.92641418898937,1.66811528634238,1.73366571404548,5.48086468987911,2.64489756737156,1.44143180682351,1.24080389438123,1.68756184587581,1.9007508347187,1.95425519173115,2.17696871278537,1.29844455876259,1.98846087340081
2013-07-07,2.96000297498255,2.44990390433066,2.15542581039452,1.73233971492883,2.54269672638511,2.89200869648653,1.75520348787819,2.15200343973595,4.73607173562775,3.25010229279424,3.80743207310613,5.31068484426884,3.6191177862806,6.10469344182886,2.72441973828932,2.5819845419012,3.34861379880841,2.92097387474215,3.55259679160129,2.89093868027755,4.50227638768093,2.68837844576146,2.61177793934191,6.18016248237904,3.71763193488192,2.33120159970963,1.99598896053722,2.45994015724952,2.84882749426323,2.91776633809866,2.60306954019458,2.06304951508137,3.41890389195753
2013-07-08,1.22976473281766,1.38085989765497,1.52160854777748,1.31602520255109,1.62054315365301,2.06363143693468,1.3040872528838,1.54104748952641,3.60150907025899,2.48191758367152,2.82375735861955,3.83129407068358,2.62465600204704,4.35381196551451,1.45964457423293,1.43151351944883,2.53914021848394,1.28126141132166,2.59984289093328,1.87611540673711,3.30964203863318,1.97133701991122,1.41909362713777,4.66699429742186,2.44673274335406,1.43726532968174,1.4710570835893,1.56840164041612,1.97441233185239,1.98862907216648,1.92320536753334,1.46591854359747,2.45595126016878
2013-07-09,1.84347241518358,1.90867216224397,1.78058848469048,1.47377465691785,1.95078454400431,2.2117521499117,1.47078851852134,1.7468053425428,4.25204979546049,2.75274092787292,3.3924468962511,3.65279380801018,2.60606563636774,4.00103192315753,1.89635772687863,1.94865972652354,2.7332495907034,1.89311716079281,2.66845573494639,2.20958568831307,3.29861607539936,2.07062402795204,2.00395461095751,5.92447973211106,3.01525016925221,1.77621825413383,1.62113821395088,2.00995724749064,2.25470027292793,2.28433159852264,2.17621765251332,1.67923581334348,2.47468357409254
2013-07-10,1.50696633581038,1.576276517537,1.48780032822892,1.4067603746549,1.78929040852048,1.89655560079113,1.20629414463515,1.63247774440578,4.69691228621057,2.71869504852061,3.73586535984723,3.27345503003633,2.29297130198596,3.54094948347612,1.65421463628134,1.64938887178081,2.52206549594123,1.56972558740092,2.40994950383926,2.06183117169511,2.98359538186393,1.81122407196186,1.662306106805,7.22896436596531,2.52001134812467,1.54791451226818,1.34110055109359,1.62894365769077,2.12432464955907,2.13582232703711,2.1230796307695,1.47786669290628,2.14956052621597
2013-07-11,2.46590698936982,2.74045870687331,2.41161691703618,2.05135381278891,2.65969187285781,2.93395246303057,2.04013858935092,2.37096161493691,5.05713183215708,3.49605964846575,4.10180149668171,4.78406081564264,3.47325657479245,5.26643693274406,2.53730100517026,2.74535270306601,3.53078425888174,2.55398520647329,3.52241588010139,2.94280901204158,4.28820776633122,2.7905328990027,2.85013402193788,6.70363255464766,3.72793120037431,2.46644365728299,2.21954041174673,2.76221585062569,3.00496149068336,3.03431199742194,2.83704948876866,2.31069173195208,3.301158322655
2013-07-12,2.40036009461074,2.62287865410379,2.40755950300185,2.10466059924122,2.6806534317304,2.94486392930335,2.00953695290982,2.43028891010034,5.42652965057045,3.66642807618934,4.37459366009367,4.84290258700974,3.48877599557312,5.28805998128636,2.53506851954047,2.65778571499797,3.66023876469216,2.47945688055477,3.58057338718104,3.00185686936013,4.38207458910122,2.79903794152053,2.71655451322988,7.33968297015161,3.82871793417166,2.45209276160709,2.19507114608278,2.70765730898673,3.0758043535352,3.10291852044585,2.94822868302248,2.30910015841538,3.3056434291025
2013-07-13,3.52970775785262,3.45123281520829,3.14953941255819,2.7697715254386,3.89913706479195,3.72860872129655,2.53446502936159,3.21224632971029,5.44656650513011,4.35408626741835,4.48606392886901,5.72543152862779,4.23017221804049,6.04599798105969,3.5494187644862,3.62783912381122,4.68071182306421,3.58015705013286,4.51389684892574,4.29601677598098,5.32530742664741,3.52860134799991,3.59909555747,6.12859087199332,5.17555281494371,3.43236534367307,2.74484856784424,3.47879200210327,4.38946037021977,4.39632189158839,3.60307340424574,3.14563428906993,4.03766988130014
2013-07-14,4.72225240913036,4.2570888811936,3.47546171418454,3.10084924691811,4.41703667753156,4.34015795412972,2.87641691729628,3.68849066218363,6.37039021434826,5.01968178182179,5.2609999419954,7.44269481628486,5.29113630167552,8.22368731857803,4.44748413457739,4.44206068381443,5.36033611375366,4.7238349358048,5.41766273270539,4.91167080537351,6.59710764265521,4.18113254961682,4.49432189032299,7.23432021079989,5.3172943689127,4.00508817090163,3.15905299521201,3.97903092154364,4.88421527501984,4.95067294134338,4.17052855394404,3.51981173775268,4.98552589513778
2013-07-15,3.36192211710622,3.15403236356639,2.92097787728765,2.19602028316131,3.39809637359324,3.637878699464,2.56593090726751,2.63024643316772,5.78378791966041,3.85180434853522,4.70300677023216,5.85552244840426,4.31228403426399,6.58071098532273,3.16973664276412,3.29039326501336,3.98543844063186,3.37461587190537,4.2771907323217,3.66105013210202,5.08779356349637,3.46814113319792,3.33298136831273,7.95165920779348,4.31699310710631,3.07418649660922,2.78903594915018,3.13108802228147,3.74256374653368,3.76650322999469,3.12476445987645,2.93249214848988,4.12837807309952
2013-07-16,4.05280482155633,3.80250461286855,3.56141317214528,3.02864080187574,4.22311707733313,4.42288641545723,3.02111407992806,3.48958926477518,5.97840047954849,4.65527199382351,4.98245044167653,7.06621557268471,5.17375560515282,7.87380341703909,3.95767722867237,3.99723510747211,4.95209404143653,4.09740617942182,5.2081639162836,4.60510208654359,6.18759837216904,4.16535707706463,4.01777054133212,7.04980632355523,5.62192353282462,3.75756873907333,3.30084097435212,3.84184397569069,4.68623513754995,4.70297997779892,3.90797530284956,3.55633568673547,4.96281264594812
2013-07-17,3.51226934612656,3.44471927320406,2.97993826197018,2.23226509853746,3.3612360193739,3.87374818513209,2.40432567794623,2.66784217767819,5.1232095316179,3.72358163065168,4.2126138536322,6.71353222752344,4.68174213939312,7.85128266348934,3.26800420352808,3.51305118633751,3.92907213158168,3.55055440907663,4.4913040763923,3.63865857613428,5.52923195585199,3.516230867129,3.63279931703414,6.44452783637501,5.14127852226278,3.1021143011012,2.70863958340614,3.50109831767577,3.65767778085393,3.6977673661675,3.07335329722623,2.79225935735384,4.50542956686145
2013-07-18,2.66949683659257,2.76448396879659,2.15537366251559,2.58670581968471,2.53099526455295,2.44414657539175,1.72658267488227,2.71078475833474,4.66925425546054,3.37259317864248,4.08845225296719,3.66593998459654,2.74136297347988,3.89329427593969,2.74671001648094,2.7633069746993,3.05584254963266,2.76480348673231,2.87930929905553,2.82839054800026,3.40720513676035,2.29604385236707,2.87430935162167,6.38385924108834,3.44003306932772,2.38474091048483,1.85007311711709,2.64610296320511,2.73535265068244,2.76902662449738,3.03289833262009,2.05019084857936,2.63133186012718
2013-07-19,4.06891621540471,4.6552338590845,2.9540132422187,2.109918704758,3.39760400367409,3.03099775944952,2.15472891648549,2.54453763115086,4.35476585201827,3.27392356781502,3.70766992475445,3.87348309917541,3.04120764183389,3.9644771080935,3.50124127006857,4.46026788913797,3.44506682922494,4.20153730364408,3.27099090182996,3.54377768343775,3.73038783338699,2.67715836782565,4.88905961120556,5.36908735807774,5.25234526271395,3.37332968256827,2.27470030189305,4.25799334523771,3.42391120875391,3.49046710468431,2.82152930055644,2.59513750173452,3.01985146055712
2013-07-20,5.60697533837236,5.62944585751607,5.11296412006094,4.57797074371837,5.41957114658504,5.32753732010427,4.76177515513052,4.95559725792525,6.73964795396921,5.83795660180281,6.00865611996016,6.02937769658433,5.4113748168033,5.91936613806469,5.43022024501284,5.65986242949655,6.09211155614972,5.69338474151708,5.69027777295406,5.69612145598762,6.12710533984508,5.1872768029291,5.86123014680513,7.33090755501816,6.58461446785494,5.19945840324015,4.8590027918087,5.53288828526169,5.71006714748213,5.75541602582616,5.28192313761991,5.03114583254586,5.32875164257427
2013-07-21,7.6608415577481,7.20813010773703,6.69604556969826,4.79995507534232,6.26104061291332,7.80484778992827,6.11437898736504,5.37317395102399,7.08847693406012,6.17544090198331,6.41849463739132,10.4173844990137,8.34828700930705,12.0515224836854,6.75120214440364,7.17892747020523,6.64237488927453,7.70585978254579,7.73092233623014,6.43173226895815,8.81500799783277,7.01102775968208,7.69358970370473,7.59867078035026,10.3444172724341,6.2214005307339,6.51522572200246,7.55660031785401,6.31994067303055,6.44347389585188,5.67733278580399,6.06140135669823,8.36186649184393
2013-07-22,3.66476674796742,3.54374239549468,3.09515852166563,2.70848218408211,3.58691860675068,4.02500273946495,2.52121664323427,3.1603496249258,6.00131712779833,4.44273408380845,4.9258602522437,7.16598924235807,4.9652689593518,8.20907087089565,3.59124383592136,3.64065290389227,4.5856314599973,3.70786565717258,4.88752924126307,4.00347791560921,6.08589117734462,3.75473339835462,3.71301425655016,7.39774150690745,5.12929624481254,3.29029993215015,2.83041128736832,3.56580290669878,4.00974007342969,4.06345645772496,3.66595749794631,2.96446988229666,4.71070181654949
2013-07-23,3.65833945007135,3.52012495632525,2.78952984355095,2.68314541092854,3.35340687955106,3.33631794220831,2.13390586438126,3.06648136868039,5.03248167137684,4.01694576392178,4.2476076976116,5.39003795894849,3.83954186592414,5.85600035465463,3.52306588311546,3.58702770268208,4.12392947366554,3.71274874297965,4.00191461705961,3.7621921351463,4.87829997795581,3.06725748138877,3.70111954683535,5.76702153240397,4.94393497312797,3.09784626442668,2.3522714510858,3.43925671175159,3.68305134734927,3.74275583304457,3.4297733969347,2.62081212321176,3.66934139728689
2013-07-24,3.37283313011285,3.15273283711535,2.82406290889868,2.27674272145831,3.25073809556659,3.60446981677242,2.29898572309504,2.68379734634044,4.36642743548833,3.57279760366859,3.63080805266787,6.10647590710742,4.31000538218871,6.99869464215751,3.19343159233145,3.26427848502874,3.88124865416192,3.38539631096735,4.22854188128162,3.55830350878006,5.17030659311572,3.31258863961675,3.3146760605478,4.73292762019611,4.78016345360494,2.97254275791882,2.56473521495983,3.22062302904481,3.57060249146399,3.60952080101321,2.99184815281194,2.69210535739597,4.1351954940542
2013-07-25,4.37573468303755,3.24948803864196,2.94247103918075,2.46175388017018,4.04182754034544,3.76619328159677,2.34563207547927,2.9328078730607,4.51002370059756,3.64162488453826,3.86149176855885,6.40789571461179,4.54235766566109,7.33392620837082,3.87053183244957,3.60868319809712,3.98874367433914,4.21235773185729,4.52840314576284,4.33342460897518,5.35733086998211,3.52072249177667,3.39703203475297,5.14181823753254,4.73237224842771,3.55733230085242,2.61250160108359,3.13388093963575,4.30332151640618,4.32030111565792,3.1426447875712,3.06135315187721,4.35168267931645
2013-07-26,4.20265654659931,3.48901867672616,3.17123725125543,4.62558541043692,3.98057505013532,3.36117318439883,2.78557421943928,4.81486828273859,6.01532231718739,5.64705324211154,5.41700737096214,4.64185390460112,3.73201321581073,4.20025444787682,4.58202356797656,3.70674057163584,5.49992957507283,4.19601336430343,4.34523123327415,4.6721205659942,5.070909748352,3.481271514332,3.55037403376147,5.78885576856577,4.07939453211644,3.67790291643186,2.86353746911989,3.31963649642008,4.4967617113585,4.57567856506363,5.14913133640728,3.29261319156556,3.46019658063068
2013-07-27,3.01668318412782,2.61681036617118,2.83874389236401,2.23384702948889,2.94511536482683,3.41650061015451,2.44375396138052,2.60533395300278,5.55021167391261,3.80024324305167,4.53020970076146,5.12795388403907,3.8371033404008,5.6262303528688,2.95114010266272,2.75845794846626,3.84672258458269,2.97245802081442,3.85666408461227,3.25140320789399,4.62942709266099,3.15580054296148,2.71155589099963,7.439898504342,4.67862156155239,2.73323725860664,2.64866714535273,2.96772081680631,3.29096222228661,3.33839223919851,3.11031698933705,2.64922814680659,3.71305694165834
2013-07-28,3.4037798665287,2.98767645724845,3.01216034774909,2.47747621037007,3.43602978407794,3.64989971055421,2.44430303322366,2.9400025870032,4.49153039133678,3.97682632760605,3.67579224983306,5.7950316410588,4.19692434219565,6.28738465094184,3.35096257851173,3.17136345637863,4.43899575593007,3.3521441808032,4.34164040220094,3.83265745913549,5.2708495549493,3.39473980746243,3.07105897116141,4.16379390826069,5.12074615975792,3.1232423518837,2.67716150416795,3.2507562516788,3.87535066492581,3.92087239091139,3.27559386402535,2.86407394392752,4.0116401376074
2013-07-29,2.23514051899993,2.6217694894601,1.63070134741686,1.76586551934051,1.93875088316298,2.25116150091524,1.28381138417218,1.98057353017758,3.97234688202701,2.74251015314601,3.32415348424539,4.40292279267704,2.92131509008832,5.16813141634447,2.19628744615729,2.52996213042252,2.58731606840422,2.43181800609737,2.81324435191902,2.24115432802235,3.62289667041315,2.08649492746619,2.88121146759986,5.39895259919846,2.85481623097588,1.80566818936062,1.48753742381874,2.29666196330027,2.15983292931089,2.21153475758447,2.32694992772515,1.538216223256,2.74732248393748
2013-07-30,5.93651877646757,4.81554639057318,4.3086642061683,5.01987553978564,5.21490910086279,4.58163781818665,3.72700566042269,5.36198022993486,6.58906841158842,6.11700622699206,6.01199260916372,6.13401189050616,4.97632010592001,6.04427940463744,5.80049855187778,5.07025165608312,6.1412208000379,5.78951090930479,5.42848928682968,5.77200992651626,6.18270351284272,4.52636452794573,4.86818197346445,6.50803187118279,5.77238502512579,4.96826926858753,3.85454594189896,4.65714991115049,5.54642878677985,5.64113926319874,5.64569584213216,4.31036744139509,4.75587621479836
2013-07-31,3.26684757770451,2.51219703983245,2.69450766464705,2.25828603078237,3.04376082351795,3.28336464867189,2.29266051231895,2.70371358032104,5.81609251553091,4.03593139286029,4.69675252569529,5.34002485885529,3.87466479270099,5.79757689288178,3.15659321153101,2.7253341729813,4.11894846006128,3.12752399772033,3.97862164758397,3.43174156490956,4.88047024946568,3.13254681844253,2.54426643936938,7.57729806645412,4.20597280133627,2.82841701725546,2.49426209706023,2.75716145573671,3.42981872126647,3.49858873016231,3.25676082362085,2.59615363538863,3.66923898177977
2013-08-01,3.98747399075641,2.99994995280779,3.05602109393686,2.3221062979907,3.49426911900606,3.56511881244302,2.65363991709374,2.80724203141817,5.9973768188267,4.03433592686875,4.92402956189726,5.29522468057702,4.03419502546717,5.71967145106847,3.59552876890354,3.23949896876027,4.12884106135331,3.79223478435771,4.11594975402287,3.78563917251674,4.85212991588882,3.38975936247843,3.06093123866133,8.16412429538695,4.5368302709368,3.28935405082656,2.83368239549691,3.15407813741366,3.75802794512976,3.82693697364219,3.32292787208458,2.97828046721703,3.88025484812269
2013-08-02,8.02088010579069,3.49156412138453,3.05371569484648,2.93420756642156,4.35201665884007,3.72775529785672,2.58982558616679,3.76895315509796,5.62359003506677,4.58740812034723,4.95794994324533,6.13427213729685,4.42844753162759,6.64395106565194,6.28217040143513,4.22533041904146,4.79637102722415,7.26408239469028,4.5652785832896,5.02407662646983,5.62363571253396,3.57088609749758,3.75933088654683,6.10361852561371,4.75300411294475,4.20816505272725,2.82029605306762,3.14875292129885,4.35640538493571,4.64221360106172,4.11765197986763,3.11983262801094,4.17992204583055
2013-08-03,12.2910890835602,6.81878872602924,5.70196005258157,7.2424425042668,7.60125916214889,5.83907481984066,4.93754457392149,8.09538845346597,8.29024817521575,8.69976060280153,7.9532603944395,7.23394289577479,6.06760759710941,6.425579790233,10.6010524921443,7.67735537400467,8.85926821545566,11.4853364476486,7.01034863609279,8.79066388099337,8.05222931663703,5.81102083875444,7.16702948406947,6.22792902520717,7.99866487385311,7.40904435820368,5.05528854143529,6.14913964632498,7.75831021843613,8.1507268265241,8.32381178606284,5.78356655847582,5.76260537687584
2013-08-04,9.71976631501184,4.2606932079137,3.57914442523558,3.46010545570907,5.60884170983317,4.07631321690135,3.48287113103814,4.33652803533322,5.95359968691925,4.80050632951848,5.49585723080784,5.88964312647838,4.78370039300283,6.14657960245009,7.45877049771565,5.20441300131976,5.05268703902769,8.79692519795304,4.97945812771702,6.12992643009985,5.57315914478378,4.25923431290096,4.59180296069984,6.94821864212374,3.51390726337149,5.33010681807154,3.59624884751738,3.28174640455352,5.42312002893879,5.688125505651,4.53339472942971,4.18104388228775,4.51725385272423
2013-08-05,7.40804538063969,3.39745326037938,2.99842256968494,2.60016819684994,4.10048640579405,3.52531250206466,2.5443191379455,3.38014481569158,5.89401084730384,4.27986326623672,5.112448973189,5.35565660633391,3.99849006615524,5.71210008062798,5.75596479962005,4.0406849617932,4.36656242536433,6.72889970677351,4.14591386878305,4.65065260238439,4.99604067805523,3.33069963089064,3.65351818022095,7.42637153060294,4.74819780790006,3.97883649441685,2.7381089367087,3.13717089043137,4.07129634688288,4.32407496501311,3.7916968225965,3.00449246091839,3.82335097878829
2013-08-06,4.84104672768968,1.64397625915797,1.30062140300628,1.10476604417286,2.38029139907285,1.89285146488521,1.11290144929092,1.66733907602658,3.18837476097688,2.1571665602843,2.73814695219604,3.90462088112481,2.59612237616359,4.5679179759211,3.52331560084401,2.18612863806256,2.26098658859702,4.29095224528486,2.52328809465752,2.73327433254518,3.21327517748586,1.86507933668815,1.82637893514053,4.19423902185718,1.82641895219269,2.24002940510868,1.28074679716726,1.22822936076494,2.30893344265925,2.47994108110601,1.8869240868127,1.51711037788712,2.39898908195011
2013-08-07,8.64019439687349,4.53566005244853,5.50075624164417,4.99493329431523,5.43858988279461,6.02586474615803,5.95958376390892,5.42369016347532,6.42988997810993,5.65345976238407,6.24642563751383,6.7712505695439,6.34263419522768,7.32755856896041,7.22327609115776,5.13716414570425,5.66244867348095,7.96245906822991,5.94802424157853,5.70052526021011,6.33948286002107,5.98226955545207,4.77939968533165,7.26427946219023,5.46008686387009,5.57478629342164,6.06689403183383,4.70440571300195,5.22663262297565,5.45984340596708,5.61377916565146,5.57291862228498,6.29967657685245
2013-08-08,6.01149904338429,3.1588909811556,3.17392123670545,3.96291582018124,3.48281789341846,3.72122978153491,3.14826011593875,4.07625283914079,5.15350545061825,4.07076761107875,5.12086219497577,5.24879389724415,4.23980771403389,6.11004889441784,5.12549568472022,3.54083397662465,3.44266328581216,5.58559076161024,3.87225314733766,3.79574523621741,4.42404352299792,3.56551862192399,3.30662040215312,7.02556730333449,3.71986786814777,3.59224897819044,3.30760925273675,3.0764906639011,3.25466914643841,3.4283807896133,4.22925078159697,3.13762583690228,4.16066604135783
2013-08-09,8.3880135450129,3.61704750825467,3.20259106398839,2.69172220014608,4.50349463797958,3.73893384100248,3.04190916282477,3.4542567274458,4.98976020569246,3.84332874904822,4.60391838251459,5.44615466854569,4.31392580233332,6.01706287735142,6.29269206727369,4.37007668835606,4.0114775764069,7.55328680443954,4.24528764110105,4.88551255634405,4.85980932030937,3.68066660769473,3.89235715181897,6.12289634611833,3.82983996149196,4.42773866553876,3.19640120907994,3.07118888383303,4.23185817725222,4.48913765101901,3.64996917267201,3.44323892718594,4.1546735104048
2013-08-10,9.14714154501858,3.81279859360083,3.47835175774996,3.20545866423213,5.07175161937483,4.24302184525385,3.07014684155173,3.99411926450559,5.48308650584939,4.3408806449083,5.11905649428781,6.5440087580225,4.92510194476611,7.37745334533109,6.96664477353287,4.71933054642383,4.45875372485127,8.25015372796068,4.84898574861433,5.57174128418093,5.64948689745637,4.02164506839782,4.12358368362905,6.62898245334845,5.01581818945537,4.83471355031182,3.31117990750947,3.37536123227742,4.84661157161111,5.10604024564067,4.16425037943324,3.69259228299798,4.75783116677732
2013-08-11,5.41816642875526,1.87514889005581,1.4924200959057,1.35154244461766,2.74624083351504,1.94727539613552,1.21309059602013,1.84956613013805,4.06495062870762,2.22198867632869,3.61730003246718,3.35547982034153,2.37832675857437,3.88439186000986,3.89669551713089,2.49202310461152,1.99749469097197,4.81844371293035,2.34335328883353,3.02143619441704,2.75584564197155,1.83160178331512,2.08131184974324,6.74005351090917,2.31011880003505,2.5487357689433,1.35341311258935,1.44315798917533,2.5399871478283,2.69316556304862,2.08128847502911,1.71896393299989,2.27834830254418
2013-08-12,7.54714517961793,3.24771253741725,2.37321606812831,2.51352206536964,3.48176287135029,2.76564945795325,2.20418144080236,3.03047447175096,5.00891404069888,3.20642560274099,4.7513390115553,4.11686778634524,3.21073296616767,4.70890726616877,5.56951452027713,3.82615549942014,2.76253331702674,6.83982394137504,3.04933558551812,3.81417040596469,3.51939886601542,2.66396164091268,3.54615659263723,7.73138412612738,2.92313808960395,3.56868503979107,2.32872892164091,2.55873321510695,3.04242868675604,3.3023983910093,3.25223938965098,2.50046103652154,3.1151690231881
2013-08-13,8.04877713775705,3.61441297096496,2.93439045876492,2.86707870913305,4.33203287613527,3.53940874018368,2.69426683214816,3.53172226550632,5.22240672537114,3.88864489282661,4.8500936775332,5.62427286655071,4.25191102036929,6.35775482995663,6.12576810715321,4.3072970846087,3.83451125456879,7.29881341377551,4.15143079000448,4.74787606587114,4.85691383915391,3.47513944270659,3.88574075492402,6.81008961807891,3.59131648716479,4.24315591646835,2.87263510687188,2.9628577289961,4.07155171640695,4.31545305897463,3.74143593189274,3.17718703463003,4.06263304245111
2013-08-14,8.10803316507335,3.66935296005056,2.86602864056601,2.45521322294234,4.54130435944991,3.47553021856802,2.47242316097,3.20381292459964,4.68794813015925,3.51249960077962,4.33196161033822,5.65697448769627,4.18901429905434,6.43488309317101,6.03475408695696,4.40635173931935,3.66518664440691,7.32005197342886,4.1287726241072,4.89009408173186,4.79535406575292,3.36846165127613,3.91647969127665,5.97463806993081,3.75397122704069,4.3596234357855,2.66252714191538,2.96540123163278,4.2609975676676,4.47843166536859,3.34422493799377,3.14645467194869,4.0082709249115
2013-08-15,10.3009144385058,4.51242135964571,4.24337932437146,3.80976015675116,6.22146249961752,5.10486408229457,3.60510063262089,4.63852229635862,5.65447469461045,4.75070274127006,5.4426907578379,7.46051506110725,5.70347666890277,8.41376860694088,7.90209246102325,5.58182668553137,4.99444243532217,9.33908822422817,5.64912745929305,6.69401396290704,6.36867224433839,4.7217922983623,4.86466233141736,6.55417789865373,6.5632652244912,5.76837289058912,3.89122320751986,4.13156833569547,5.97029815183017,6.19538474298425,4.66739658814576,4.49702710828614,5.59240752241685
2013-08-16,8.91692587365334,4.15523075455999,3.51586259965239,3.14818722262061,5.08661227277774,4.47050343054436,3.11667374881035,3.90978336579146,5.37883546410463,4.23062339862107,5.0268424292821,7.48392819632948,5.45513265289422,8.77954222512531,6.79682747800444,4.9430477715457,4.36113613871238,8.11258468985158,5.1681787743825,5.50804488566856,6.11756915308424,4.24990548635413,4.46756290747907,6.58599141178117,4.81467853551912,4.88737193993122,3.40484396916342,3.57467295039261,4.8313720140308,5.07117668355098,4.06479586208847,3.73558892260627,5.24533922479842
2013-08-17,11.0489536128021,5.19421163985298,4.62879564222677,3.67143927639324,6.36969427423284,6.40889108353188,4.11240344190699,4.63940588650481,5.17815942875166,4.74032057252107,5.02684916694192,11.7940974328262,8.2264861911707,14.5906184654012,8.32669538910987,6.15902974193391,5.26097907578236,10.021266788619,7.30994776284944,6.77626703671854,8.90385155017656,5.95311713673322,5.55254488357871,5.09623039546368,6.51113865792778,6.16059760890574,4.63646216506538,4.67096468775032,5.99045022454712,6.27545211359743,4.64129252186564,4.79834144832592,7.92463477266565
2013-08-18,13.6596961118721,7.00391170651444,6.69718946285339,5.83583383679048,9.34935319067189,8.42673132175798,6.25790382057205,6.88421597392884,7.25328477357109,6.89328786623982,7.11681101724822,13.5290432870374,10.2278365805929,15.9539036308735,10.8060403552097,8.30228695246132,7.63584498791893,12.5016748644777,9.59982235029504,9.76567968158453,10.9060620136956,8.19065747707256,7.37068781387615,7.07862729625852,7.89322862861836,8.72572872962708,6.72598914449077,6.22198277498824,9.07580305248881,9.29350380474422,6.7766706626366,7.36920438965579,9.88144700231555
2013-08-19,10.5809704693682,5.27567675383747,4.49446387237399,4.5509379442714,5.52009263010243,4.69936116038278,4.00092916201277,5.16710213767598,4.65822850882443,4.78332590001725,4.97862121222712,5.20314220929316,4.60179061549564,5.3894767997859,8.20756691035259,5.98260365659495,4.76939268444304,9.73158005356091,4.64022373062192,5.9821203012921,5.0219282046225,4.2965994063235,5.66195581093864,4.20520295706626,6.70374264123284,5.62971864545419,4.13208207823733,4.89275777162577,5.00286081629193,5.33176037400408,5.06707398476875,4.32093931308533,4.64615595476705
2013-08-20,8.48964289677696,3.99891105670614,3.63608834911684,3.21278285929962,4.68639959308566,4.2849770904791,3.38931528544845,3.85054688057275,5.21029058203914,4.05922676765554,4.96231932058681,6.17018740519685,4.86127339319666,7.07139279609509,6.49269667807563,4.67986469772427,4.0507865809514,7.72020372836505,4.60159896917599,5.01562549839568,5.25259875959335,4.05978736196821,4.27456088609199,6.61015976284426,4.76913072692668,4.66047310881442,3.59280843020239,3.62896992167945,4.35063964363588,4.5944211053161,4.00100630839932,3.71452853967582,4.75853271899196
2013-08-21,8.20810768558023,4.02916647111504,3.35605505279092,3.50610540646608,4.39770388571789,4.00420235952786,3.17875217059441,4.07366022739404,5.6886657474778,4.38930340487942,5.37852600416116,6.22713858598838,4.77439658077539,7.12758164943696,6.42866636686731,4.61160117789735,4.16830296447914,7.51453955239136,4.53447762634391,4.82445956121738,5.33744652703026,3.90831730599244,4.29127320099331,7.31128947646099,3.98605950455648,4.45954369672625,3.37206276984327,3.46459305850709,4.1059040733059,4.37090671937867,4.30574521359988,3.46655420133164,4.58811167990628
2013-08-22,8.57674773293392,4.3582920813045,3.42372802649213,4.04953899420597,4.91773212411888,3.90826083496871,3.07325424267151,4.50906081740403,4.79666191059434,4.31193441038855,4.90302424735825,5.6223569697831,4.44485840475212,6.24921072232161,6.80731866409526,5.00963533244041,4.11226305450072,7.92008105125255,4.39366002048531,5.33917496486193,4.92919494340569,3.78569541967494,4.64954977386329,5.46505107415778,4.31174848633073,4.80239406017178,3.23084223550596,3.62943537392984,4.58833959609514,4.80860759016468,4.48524273531187,3.64464724981999,4.31396172042122
2013-08-23,8.42061465020122,3.64820427554169,2.61859735079679,3.01591514628538,4.32401621342699,3.04670133833441,2.24529721425616,3.65081015337095,4.27002240556848,3.65553828900172,4.21483234698815,4.74559514207798,3.58215711121572,5.18240146531694,6.37465444004253,4.38892003667831,3.6092242305498,7.64116893094717,3.66350694971833,4.80939387661371,4.24726858098692,2.98249194421489,3.94981834491702,4.85594355713167,3.46077760292814,4.2055113040138,2.38784325345787,2.81339253636644,4.00340414566299,4.2626665303684,3.69320383334214,2.89020926386301,3.41422870752104
2013-08-24,13.7699104108293,7.89946074769681,7.07412095721973,7.26716681085884,9.35827555990963,7.43357568072817,6.50704696314468,7.97137299449232,7.60374777461038,7.52227892056866,7.87134012144199,8.43182499911584,7.59614635779969,8.62890640536857,11.2691443727427,8.94588593517139,7.69397705266083,12.8333801783033,7.8431743529363,9.80882851716826,8.07604263280654,7.21916519608465,8.29739747450452,7.5720627438353,8.72349331130899,8.93097401790533,6.64293821460991,7.0945956931517,8.96154748405244,9.18790372963036,7.76260681743888,7.48345408546438,7.54781801549632
2013-08-25,9.45752471797289,4.16727338906408,3.98303127526147,3.93135655793955,5.2129527382142,4.81163307189358,3.82777050888813,4.60722282650115,5.14827510258706,4.67992024000539,5.06815558876734,7.1631363969251,5.59211985755171,8.18151976458206,7.37281571423802,5.00585098975736,4.79463466544411,8.59098848318579,5.3157987564602,5.69417583427168,6.13813039576006,4.64597010743341,4.49319251411186,5.36122154776239,4.96660543277211,5.11942347234631,4.06444624055376,3.75552569195281,4.93377386244984,5.21334411138524,4.67364612873471,4.17985488029032,5.42121134110335
2013-08-26,9.05371166860097,4.41705385928208,3.8326181809669,3.6491290879579,5.04353674351188,4.56007387500434,3.64836650262087,4.32758578859805,5.32067810760054,4.52728635540328,5.11734141477629,6.85791062909406,5.34345113915953,7.8190601108855,7.02929410586192,5.11060958140852,4.6045586015476,8.27994092299875,5.09402123851551,5.45945120224145,5.88849621469287,4.43759383712531,4.72766748501329,6.02573472617877,4.60316169499595,5.01628061835137,3.86029396200251,3.84107336386402,4.74380354676376,5.01148856835634,4.45561959136559,4.00841656222469,5.16299763049331
2013-08-27,9.2849723673034,4.3248649253468,3.63611492771626,3.42390813427281,5.29953756518852,4.55183248631728,3.24240972033888,4.15438598901429,5.58961053820149,4.3754890097671,5.30569572578791,7.52511968671612,5.54197904049116,8.82445733352344,7.09713972825011,5.13837981841294,4.40559774237013,8.43373284812606,5.24561549227577,5.70512154307379,6.14704659328079,4.35614702706797,4.60910801915324,7.03082430448572,4.75131969401547,5.12394140753891,3.5174994891418,3.68138730517818,4.98100061307341,5.22438941258395,4.2854612549475,3.88786507324801,5.33380536557397
2013-08-28,10.0452864246683,4.50981575120046,3.68712913234034,3.10627923214598,5.23523821884264,4.64409237696028,3.32331583039886,4.00241099551651,4.9481376536349,4.21181981580564,4.72588034731997,7.74362357116471,5.66725598412134,9.1131173902528,7.46830475674582,5.3419562954615,4.49612019758296,9.08461710800961,5.30721920173248,5.6815737202019,6.33997246018074,4.41451697679743,4.86202327691645,5.36342226772384,4.94079830988361,5.19151491542159,3.6160285661526,3.82548975664564,4.84125667675919,5.15640692459079,4.10486646152251,3.84779281485558,5.45164817775056
2013-08-29,13.982390633317,8.58347026900619,4.96759505807396,4.1608034263264,7.16642686375839,4.92361208554025,3.71702603763915,5.10128447038842,4.90278032103348,4.30778906859966,5.39126328218424,5.94335097756998,4.91255359076928,6.58720168905376,10.0834653144137,9.08799201201494,4.26965236040518,12.9867571547328,4.87394283026183,7.29827691917655,5.15524963574103,4.32353667677103,9.04742690124061,5.90524588361031,7.71865506991802,7.52576955740129,3.85864336903173,6.95729823554362,5.9527134223614,6.33780873832461,4.84061277183567,4.68205848319085,5.00806904966608
2013-08-30,6.72671996905889,3.87773254648081,2.29132855697105,2.94028747227142,3.1131819936967,2.36504668628365,1.7492056498053,3.27683570053573,3.71812409862048,3.12510002140367,3.82466998614828,3.30919058657533,2.53436299756203,3.60662056251922,5.20266092110127,4.11171123658986,2.67140652668392,6.266853161284,2.54619761778078,3.4609682165858,3.01288729842134,2.12566287609892,4.09048329316192,4.62379755534695,3.63601162361099,3.39444359091723,1.84443377696255,3.21066192651181,2.66072987495445,2.91110396467991,3.33074054557715,2.06357134098432,2.49110728475204
2013-08-31,11.1277982062713,6.76580881216377,6.12475668380328,5.90271776296872,6.99723417380836,6.55752244511832,5.47342613592202,6.51358235076297,7.04475368768969,6.534658203473,7.00507979789055,7.83815764191106,6.69251186314079,8.39866794218671,9.13784602803816,7.36367710332932,6.50522176339967,10.4130071420053,6.63247114830235,7.43086775893653,7.26576290122372,6.05600640701629,7.07452078859232,7.43095225322579,8.808174422792,7.04294589173379,5.68346982170359,6.61322957364423,6.63716096815843,6.91389678478088,6.57626250424185,5.84352514962021,6.6977070520377
2013-09-01,8.39073057853297,3.52844420323694,3.08800451181292,2.80635664631492,4.26848451354671,3.8458034052557,2.73595771649101,3.80063263632043,5.24973317638911,4.78635775002543,4.53160849325576,6.6288501433143,4.72294721138493,7.14511141782624,6.53489017959123,4.27004305874025,5.30166415430921,7.57127703824752,4.86295677924161,5.06052126757807,6.17029293151349,3.76963125271521,3.82943887553453,4.3732339266454,4.57833273233985,4.21946970641801,2.98099806019979,3.1493900192684,4.34114791114468,4.69113845017417,4.17893042113096,3.13953231792434,4.39323716472436
2013-09-02,4.20875499277752,1.71975985215481,1.32331084594057,1.64130505162427,1.97113443288652,1.68643994268697,1.21124029550766,1.90362978896345,2.84049941474506,1.98676279594308,2.72677903508181,2.87887208501028,2.09115741820829,3.39511615851743,3.20119564265507,2.07437395044688,1.71357600336755,3.81605167189331,1.94949303871081,2.22280375969248,2.35812082734216,1.61535240812543,1.88294020601099,4.10935313987871,1.72627064717724,1.98488221152238,1.32005103290902,1.38078664834866,1.77710628345773,1.92411665903009,2.01854347633822,1.40144795126238,2.001598510149
2013-09-03,7.05971076799595,3.68431583773205,2.80869848052866,2.8556528655904,3.99796800859023,3.48682620399822,2.75674080232041,3.3749453628468,5.10402238642473,3.70430462531565,4.75121155275003,5.9589653249768,4.464465120781,6.99384902718106,5.48134440525882,4.170874775736,3.54915007553585,6.48455505152134,4.16584433695957,4.29278746069043,4.90284884672364,3.54809598263405,3.90817953112726,6.95923843385502,2.57269514040869,3.99956543934742,2.92931055329548,2.88076424201286,3.73380125946451,3.93573114215888,3.58975933636798,3.11012061473688,4.22689020976946
2013-09-04,5.04938399569787,2.29751742524466,1.80222594692117,2.12151731327355,2.6817266363787,2.44084964306882,1.6392916185963,2.46079827322388,4.37956312455517,2.80420079926827,4.01065805778034,4.6120375466814,3.22065162554273,5.56495475081216,3.93667112152628,2.71483911445965,2.42201022823196,4.60251141202054,2.95336306996249,2.98148542243662,3.63611017060745,2.37111135087626,2.46087491791506,6.69649547020818,2.19337409076841,2.64616086578031,1.82114457738821,1.86319552165356,2.51203581551679,2.66881371707477,2.70797564028353,1.94444395576673,3.04731668155328
2013-09-05,9.0027697729649,4.09642297835157,3.19609077379797,2.88600083690293,4.14995124347731,3.61072414200617,2.83381132331601,3.53495050314772,4.41159416947365,3.47924593619551,4.39927580303106,4.94876233374038,3.9242342412972,5.66267546501778,6.61013400939565,4.71025574114124,3.33297139581973,8.16308502740981,3.69133060823715,4.48698463847209,4.2482175809237,3.28980217419399,4.42323197016432,5.60757820708885,4.69041998969179,4.35315606125158,3.0024449126944,3.5870157846701,3.58628468256679,3.903861885454,3.61631482054707,3.07652928758111,3.89538173301806
2013-09-06,7.92656973064053,2.60667929017155,1.65762890767562,1.61339624784657,2.79234469147049,2.00269418498668,1.42265538607776,2.24212759956319,3.10963827880381,2.08986410970087,3.16288302394863,3.10509687800531,2.29346856561325,3.6690635070416,5.42459325983382,3.29355813080637,1.84095212809058,7.03736787407678,2.11026441264279,3.15047973609915,2.5515871994903,1.79135367503228,2.96723131724113,4.56622408327342,2.65449442938894,2.97277184198282,1.55199401632682,1.92065339981425,2.18766610183662,2.51570405773913,2.30415459050478,1.68366043100803,2.25416270180165
2013-09-07,9.84148210107515,3.70622197371922,2.84467179513026,2.79956189242461,4.23323040030275,3.4630440954315,2.66529941159688,3.53624056612898,6.08434870762139,3.76636086407414,5.75135803219657,5.43022852733463,4.11750541928704,6.38352057230208,7.08117377435638,4.54825737235453,3.26741493074369,8.80095623077208,3.80054081031929,4.65929770913665,4.4827587450619,3.2955615995652,4.07851924249534,9.51942731298651,3.60684601658802,4.37293970381082,2.85500321926575,2.93091076648202,3.6231560210301,3.98337671585484,3.8229239575734,2.99209633889708,3.99303954701435
2013-09-08,9.09752188400354,4.83400052740862,3.91336003268054,4.20712304357702,5.87221414719054,5.07815875018571,3.68116994816922,4.71414711435433,6.57616144836917,4.76485090097527,6.34543382359739,8.86413478936073,6.51695042973111,10.7399974744915,7.20066528145122,5.59045288759407,4.44268860309965,8.39614574278835,5.95874891737732,6.14491106701712,6.84632580539754,5.02518405085349,5.10155182728926,9.47646290461085,3.97726923753495,5.5741016587624,3.98337812504874,3.86006936670338,5.52641387759116,5.68376357275994,4.81813543611271,4.45075551833261,6.24064883487113
2013-09-09,9.83169425113727,5.27786342455205,4.99879614650728,4.18305327620851,6.51218278954789,5.96865122107761,4.76137374127757,5.0261830740452,7.81756491929716,5.81123688115576,7.04219097144471,8.87936494424943,6.97176664522471,10.0450060098179,7.83166465110237,6.09220360975611,5.99701939669274,9.04490249830364,6.73725334407418,6.90059769769704,7.65138392595351,5.85286875660782,5.57962644142895,10.1513800149107,5.90515563231365,6.22366403791877,5.02975634151073,4.77657486177793,6.39004001032242,6.6017480566802,5.37757760586807,5.33468151719436,6.73425106104952
2013-09-10,14.0376142345401,6.91736186921122,6.19805861605839,5.49916909689872,7.45661579423955,6.67335492832256,6.00498557767041,6.42934539787659,6.46045345768494,6.14309784258601,6.66652526527298,7.87769344940749,6.96327723291873,8.55386452291191,10.7093121005678,7.87476359995839,6.34367105258244,12.8173413089878,6.70367523822294,7.87622582930576,7.23904347712775,6.38131798221546,7.38446767966294,6.47577215095737,7.54798071760966,7.66842459046812,6.17209011341164,6.27031106020988,6.72225216705148,7.14762352255486,6.38354094476089,6.21789970210521,6.93897353445113
2013-09-11,9.56483216100226,8.89199639126922,8.5676894097039,8.72665557880766,9.83048986321444,8.95895004161244,8.42459610881656,8.93392689454497,9.0103378641946,9.04219078101002,8.86716947176598,10.3127358231828,9.5068798269955,10.6119959152714,9.35831416198999,9.20858967613326,9.36061748975869,9.49218953346869,9.65113701989059,9.96476716464546,9.87491865367673,9.10947666783034,8.98500468031915,8.72682572036056,8.34687532153503,9.32404765664985,8.50438519427656,8.38788270638828,10.0226357602854,9.97062112362942,8.87805631583134,9.08325676645685,9.33165066016526
2013-09-12,11.8313913652764,14.3157731783628,13.0527953453539,12.4138278006653,14.0746893574946,12.9690706261763,11.9097252329844,12.3738008373752,10.8760457383484,11.8804930740384,11.1824655462909,13.6448342108026,12.9444518333854,14.0188610417186,12.1220640396139,14.0695517196156,12.3768281017367,12.1120245795138,13.1269203980453,13.6965507322786,12.9913613555451,12.5945952276695,14.0588172435223,9.5742923046933,14.8737206304529,13.7125998066033,11.9891574704216,14.1365769103944,14.0388747881065,13.8118645627409,11.9673332952927,12.9198959014436,13.0205590151855
2013-09-13,6.8338461079298,5.5481881178059,3.98674434492041,5.86921159641965,4.52748694166192,4.04425388816263,3.02846994354584,5.65696307223254,4.8769622198885,4.83875050024746,5.52200829221053,4.64524863806341,3.87252400522622,5.07000449674307,6.22932434507823,5.57485212196923,3.79607510049434,6.76661066325037,3.85422528618848,4.85755840208028,4.14864786662136,3.44113832026285,5.73507193832624,5.7989185663656,6.88783866645599,4.66733324598996,3.17432392729612,5.28845264669367,4.12677169048558,4.25651291014362,5.47459960114002,3.46469006709634,3.99140440662749
2013-09-14,7.4901371644483,8.31318866645656,8.5385217933905,9.40854741199677,9.17169177804245,9.18971631194619,7.6492893774795,9.30078062275232,8.17417003520508,9.26728962021528,8.24561249195474,11.1373902706793,9.55115995797996,11.776290719643,8.35819941957802,8.44858620265023,9.44490542246023,7.74712042495013,9.70275785511132,9.49821131335896,10.332811853744,8.73565051301971,8.29857821492073,6.3049558850381,11.4211458993088,8.53920473491915,7.90867439980323,8.82004077702728,9.67480833772247,9.54932614522234,9.1467104689345,8.40401359103361,9.47891505262984
2013-09-15,15.8978064573044,20.0898448668337,23.1032158653858,18.5239214521598,21.9227485852353,23.8051088518018,23.1052171892654,18.72443057323,16.1482226708886,18.9984737647407,15.9727337716755,24.2531002099906,23.8252363686556,25.2228190279636,17.3002859121774,19.9212284600014,21.5904705362412,16.3665335354368,23.3496562519201,21.0439207513582,23.154111051729,23.3916731059869,19.7474835697157,10.6176035181861,24.3890710579843,21.1781781306475,23.2833397809516,21.9441231020118,22.6396315087077,22.1887841952302,18.3045529946477,23.0094633215824,24.00141119721
2013-09-16,13.0671603012527,12.9231176404477,10.4720101120337,12.5071198776809,11.6386643847071,11.2423819655689,9.07044895944488,12.392667163281,11.0512322798354,11.714102131133,11.6187712711986,14.8493008661579,12.1544309821488,16.5158427879178,12.7556659668031,12.8197153611504,11.0235379078592,13.1750396621454,11.8792000442113,12.0537744872635,13.0152210950574,10.5821637219201,13.0486121227905,10.4958479181223,13.778563486862,11.6066120713547,9.43568526174667,12.3224555815229,11.431929622353,11.5109333802813,12.1516707226156,10.000781740278,12.022660490284
2013-09-17,7.28624324880712,5.82301210095565,5.80972527182739,7.08329698237982,6.90886475570179,7.1889323544723,5.28847287652034,7.16453314664296,7.57253848457448,7.33390591388211,7.41843860282151,11.425974181824,8.59695839228505,13.2766032936588,7.28897109735402,6.25765607862621,7.10325447492197,7.18096280542062,8.18856481655313,7.41074164991772,9.44931655482755,6.90859730434488,5.95648666088315,7.80563008890001,7.4725449236598,6.38330569881045,5.69170761704704,5.79371771514149,7.2122333318154,7.22849232468588,7.22201862068322,5.98281277256721,8.30241286930841
2013-09-18,9.26418663000559,7.93611983934743,8.47995014102829,9.14109156233509,9.04492364013239,10.1871262591395,8.03204899305322,9.23862588989506,8.77908097256449,9.2930688348116,8.77214536672525,14.912454172082,11.7227156431484,17.3178376081515,9.30620745266534,8.34515020408707,9.39268192316195,9.18601751823717,10.9788614462265,9.4753185641289,12.4174970272055,9.7183760346585,8.10446975594782,7.70446819124392,10.6726815878478,8.55100427402776,8.52914391562063,8.31651715791148,9.37372432208973,9.3844984864543,9.19915374600079,8.47685293755279,11.4686231660445
2013-09-19,8.79654623213511,9.07008664090128,10.0736675548316,11.292568993837,10.0151169182734,12.1928521907406,9.52906155553821,10.9571524129529,9.73301839066647,10.6469177152951,10.0333955259906,17.6267061569399,13.8843288345209,20.8281500805669,9.74058500086849,9.26422767239637,10.4231889833451,9.09463018937286,12.7344409963977,10.3693658676058,14.3152650645518,11.424857815793,9.23380084983122,8.60015374416912,13.1978199152528,9.42551697835722,10.1570999898279,9.96586453111692,10.4652906884166,10.3637826554585,10.7881537521112,9.83562347421299,13.7038508976162
2013-09-20,13.0507051783433,12.5549921340424,13.9672513025037,10.0102736328639,13.3474579692184,14.8093517109477,14.1976608663557,10.3350146220821,9.47563131931818,9.78527138274655,9.75447609501552,15.413998749353,14.951116164822,17.3212686835294,11.8369488485567,12.7549825454142,10.9699065528839,12.8116286624305,13.7450336342069,12.4581110528762,13.4282170076411,14.2251759776791,12.6780739912854,9.2011085851136,14.8048336352344,13.1805643202465,14.4104233583085,13.298706547989,12.914679294937,12.7822461037349,9.94955669067218,13.8767951327306,15.2604034799269
2013-09-21,13.7471815782586,14.7735919795659,14.653319018847,14.9475892499974,15.102820672883,15.6216829943419,13.2859934911533,14.3652498041978,12.0117343958041,12.7080945791148,13.15687087899,17.375606920261,15.6299127001241,19.6030673214701,13.8985295062664,14.8269313694182,12.1825556345326,14.0705312996577,14.8046338887107,14.7305919556917,14.809506974713,14.3231513569962,14.8809210266609,12.7386751551938,19.5846879307165,14.4755137030569,13.7036203328497,15.5248373477574,14.8035475388679,14.5448908779365,13.6514065724501,14.1152399658441,16.0159238537835
2013-09-22,11.6954505610692,7.38610827525517,7.11881813779783,7.72268631904196,8.70864535759565,8.56548808064857,6.33963072858252,8.67237166220042,10.7492487852555,10.1145213625161,9.67831625633154,13.4922504989816,10.0745497232303,14.6715523002655,10.5971744939746,8.21950911674918,10.5323629063966,11.0926923776785,10.2454961500016,9.8681334248832,12.2951268097519,8.31387130452664,7.72537084035061,9.83898720175077,10.0795370664398,8.21963035168516,6.8026565246447,7.24695921207515,9.26842020382225,9.55944207302748,9.19948659499882,7.18458459795276,9.56945220169757
2013-09-23,10.9881313251865,6.35750745056619,5.09844482461277,4.48167605077813,6.80810105983268,6.81252587943151,4.34468775175312,5.3792872332413,6.72450524931037,5.74717746230693,6.3429771326898,12.2564927753513,8.56856377158996,14.9102411496174,8.6323925833975,7.08666152399227,6.02473238296484,10.2431958258428,7.80439583073285,7.29732280030978,9.49764412490858,6.28794722659048,6.79294885902334,7.464515096198,7.60516574866397,6.58008888431468,4.88003396200176,5.68715292492411,6.54597890187518,6.81189407969568,5.52099842015847,5.13371926696621,8.25705984145037
2013-09-24,11.2157060187272,8.2827601014106,7.68200124306735,5.86113196380434,10.4632272366337,9.48504106796775,6.97674126782912,7.00028162247278,8.20502722500606,7.91840984572041,7.33114980472496,15.3721716453313,11.5792762608636,17.6656031371494,9.6299936901725,9.17414148168721,9.43715580487241,10.6450386948976,11.2805165423007,10.7503665425481,12.7869049998125,9.39127101393101,8.50651038521833,7.09031000121479,8.88855247598476,9.44495573081725,7.46623616141373,7.49932259692855,10.8068741874684,10.8080894650065,7.06563360314893,8.47815347064816,11.0802410176657
2013-09-25,6.70919003018205,5.7161719204494,6.04246458510737,4.35923595062487,7.31389081196845,7.15703363308398,5.5351264602053,4.95610147754383,6.29494515069131,5.63948336939569,5.60683494787873,10.1960683796549,8.11410964544771,11.5884157577493,6.09883929118624,6.21446356280211,6.55921812032236,6.50186568231838,7.88503723167378,7.34080915814173,8.60539123097119,6.88159430380067,5.83078247901593,6.49997811866773,7.65114410779283,6.55635174680402,5.85445236358631,5.77753029872289,7.62414432136343,7.53706201011312,5.04367243373642,6.37100600331112,7.94355713250458
2013-09-26,4.84975472553336,7.60677277664582,6.84262336555679,4.45861865737376,6.6060548735546,7.02580554977121,5.97275073407089,4.75003212518384,5.78042716553481,5.32916133305743,5.22821684638147,8.2486564073784,7.19317336152872,9.09820313797425,4.90749395192219,7.14081199991946,6.0418480730036,5.08998838245347,6.96911945240133,6.16107105173139,7.30000939107719,6.52688612109915,7.38057621134609,5.93044298234599,8.90625550610381,6.66857140032664,6.1315341388344,7.92888616035527,6.59980693819701,6.47892948613916,4.84657519476349,6.2720765333181,7.2560623921498
2013-09-27,9.76035833012624,11.0188529004435,11.3109007812824,7.99654566385527,10.9379936019819,11.2034346338139,9.93878394024709,8.23242731107086,7.64569432339828,7.86730248624759,7.77655864431024,10.1431418319756,10.1119549080425,10.626123670901,9.12440268324818,10.9061787502751,8.69376861543656,9.748262178333,9.93909891035275,10.2439587330237,9.46234501894622,9.99556010657935,10.8674138498863,7.45579888675882,16.3069915698795,10.7708096274833,10.1014670085942,12.250930866399,10.6139041943451,10.4427374516275,7.90505466188982,10.3520872973137,10.6405794510933
2013-09-28,11.5403738646727,9.87975623221461,10.4870997793475,8.16597325933714,11.1908760737163,11.3552567559077,10.0049707783225,8.76361805585829,8.77374116537256,8.91051631614143,8.55045268305535,12.8627389151066,11.606953912058,13.9682022903574,10.4264829002572,10.396589557963,9.98118081259245,11.2526605508358,11.3003950512575,11.0882230457644,11.6053566392576,10.7931072518336,10.1459033537698,7.96938746902143,13.0734781698788,10.5829241984452,10.2837463795514,10.2698598776228,11.2475776914502,11.206222093282,8.62947469294512,10.519533511481,11.6837875598121
2013-09-29,8.42218166930648,8.93721044022356,10.5351609299842,7.01787005452992,10.4583183380176,12.1017892958515,10.3101677195088,7.65147739584659,8.75741097471217,8.62362937014741,7.8901967543684,15.7584972925016,13.2779315059169,18.0263114060479,8.26316419162468,9.19249445370633,10.2199104904418,8.3781995376183,12.4393259627858,10.1574530237144,13.3820906596812,11.6122475460749,8.95167988242025,7.72549344340292,12.3903370494872,9.84069528489646,10.7440948469706,9.89065476364232,10.9046211116568,10.7456892846167,7.7698797569056,10.5315177620367,13.1696917631379
2013-09-30,9.2058859665742,6.96890693779882,6.12907755361215,5.16692398857413,7.11521180396486,7.06035340232596,5.06792837074127,5.89114268552945,7.38460559512007,6.58613973545411,6.7745744750138,10.200438996095,7.78132390015811,11.4920186905451,7.88826483829569,7.34904156066666,6.98591971867308,8.81809506845516,7.63500578873775,7.50438258790256,8.81569452325095,6.41839814718351,7.1941309404939,7.66482405835179,9.72567321208338,6.88886250220381,5.44462280557809,6.96760970673785,7.13302214415039,7.28569828810428,6.11567736548672,5.77600701962426,7.65425149482031
2013-10-01,10.0739695019171,11.5221715143552,10.2578081201837,8.39851424630253,11.5320160704595,10.0665470324784,9.38185540619366,8.8197571454776,8.42670851778874,8.89812639849975,8.24650419164622,10.2108873329395,9.92696495405637,10.080597013905,9.65017158441821,11.4615757025647,9.95175577070937,10.1575606502673,10.328843405973,11.1761836032084,10.0946696186727,9.8895767198676,11.4382241341894,7.23894112447477,11.5072759499371,11.0958755053472,9.39614789658664,11.0721514164835,11.5419523596599,11.3797522351222,8.59577588567645,10.3643072348376,9.96392804330241
2013-10-02,10.5211411270898,10.1236413018934,9.81508248138747,7.31025575366033,10.9124689894894,10.4350121102307,9.28768903108988,7.93241919545553,8.25578214690721,8.19177891880079,7.90567709629796,12.3403828924945,11.0127781816671,13.4494182425397,9.51175301266836,10.389396113726,9.35724087758719,10.2823914459654,10.7646357951026,10.5848308474287,11.0351795778798,10.175791725994,10.1316911928174,7.72467403054326,10.8819605565208,10.468040159353,9.48512304386887,9.95195646787992,10.8673593313739,10.7764609236286,7.81406896786081,10.0090544070423,10.9669132199115
2013-10-03,10.2116491008626,9.23695879305277,8.83150690253551,11.1391560165557,8.88406154639415,9.17806187235274,7.60335395643591,10.6472685681818,8.32884129447311,9.42978321367556,9.36480616803767,9.94614673086044,8.83775894856386,10.7102575401373,10.2889600297835,9.33442663342192,8.37846347187205,10.2604827655068,8.68874317184214,9.28548680676085,9.08778675320788,8.1730332718571,9.35782894398572,7.72505419497736,13.5446921646699,8.82571832775217,7.87161324743188,9.89316076589271,8.67740943946785,8.73260606132608,10.2575973581029,8.0066153562859,9.07392810940502
2013-10-04,9.49828005531249,8.15972435472461,7.45998695182232,7.65099510131094,8.02383638790007,8.95743729275754,6.68021551461616,7.89920655269849,7.36108876529301,7.79217046506169,7.46683138879763,13.1858399337374,10.1496843272899,15.4983106541787,8.83829111416527,8.39205264908644,7.87886085660572,9.45374994220441,9.42647299989167,8.40634839045598,10.7860580554823,8.23564933457723,8.5398371163279,6.4478116021805,10.7790042902402,7.7353350269183,7.17726580160852,8.19072275158735,8.06477717064348,8.15381971770273,7.81676377215462,7.15095171873843,10.015121803902
2013-10-05,12.0366095958105,8.88112600032997,8.91829758450723,6.72754361931159,10.8922868457611,10.1678604650886,7.98208031472835,7.62561602154506,7.41233863819257,7.75248656321072,7.17395659042728,13.5222072836343,11.0554614778659,15.2161721933552,10.2682407014664,9.73834371450476,9.07788477338453,11.4218987978646,10.7872655701673,10.9437752807917,11.5527519721251,9.58963951668058,9.09182484881964,6.0231368072343,11.9099441732087,10.0503192475729,8.38767215591373,8.85462480038999,10.9121969668107,10.9027485781543,7.40581941872156,9.18190437765068,10.9598139279145
2013-10-06,14.619618097146,10.9698246340143,9.84263415403733,7.52212451894543,12.0075675349047,10.9638515890629,9.07201869170748,8.60383619175091,8.60429039576832,8.72097598255693,8.37562682349572,14.4480755377831,12.0334086461512,16.1590031945521,12.1375026957302,11.7191530487907,10.0257673085675,13.9071734845778,11.694278470443,12.0432600079825,12.5095307414663,10.575961913582,11.3059361586898,7.4635826253208,11.8037877666486,11.4676825536304,9.42580902322757,10.2067739704846,11.7512325385446,11.8524647477081,8.42345081685499,10.1782044877411,11.8698316694926
2013-10-07,15.9630012049152,18.1316598418477,16.9767162634156,10.9337412450229,17.6245657518267,16.2642438968231,15.6668512139089,12.0890238543662,11.7355953593277,12.6817124808617,11.1161225652381,14.6155834051331,15.185931277543,13.919104868103,14.5114539868057,17.8969180209001,15.3359383927623,15.8687514611673,15.7455420223329,16.7038897523599,15.0711115077561,15.6662444311318,17.9649297712186,8.66751873467255,20.0547882034292,17.3777332168804,15.6227313811006,18.2603567509514,17.4488616494272,17.2736690293386,11.8446366200324,16.5210657569234,15.5089731198135
2013-10-08,11.5087663475941,9.14334556318345,7.84650931897888,6.55470837579604,8.73172766277897,8.20794165740891,6.87144286674574,7.02263175970717,6.51284583482878,6.44769599744888,6.86266655463095,9.61266317248698,8.36216646283786,10.8415056865222,9.54008175287058,9.40231722383809,6.66150794193514,10.9731297175223,7.94565080181966,8.56937205278722,8.25075189960416,7.51181460246746,9.23967333466124,6.77068025557423,10.5495865536307,8.85499301091933,7.09334283057073,8.89054577630871,8.05433091555543,8.17614160486549,6.7632765263332,7.42853311587386,8.49903905274872
2013-10-09,11.3094079595807,7.70857691675433,6.4794597968906,8.06034619367697,6.98620213649926,7.18792963204948,5.65952307642611,8.15282517695206,6.9143064157963,7.33320118745232,7.63075290605891,9.39342900024935,7.59136037697662,10.7397681920651,9.84772647962361,8.04731208177136,6.55121141297798,10.8736026961899,7.13458379510108,7.53335656738063,8.04799356882602,6.45347249832922,8.07127541346056,6.70651899553625,9.79239288529825,7.22467694278701,5.97760581294314,7.52907066309148,6.48627838329763,6.77285194401357,7.96852646395454,5.90741783181231,7.6170826187238
2013-10-10,11.4630824519575,9.85602979805684,8.58379611555053,8.50666916827171,8.84854382111387,9.28176807084654,7.14462492677157,8.70271391669415,7.51837010081279,8.06493070242104,8.03519114282397,11.6456525608617,9.50804782207025,13.3204573055156,10.2326690586462,9.92645611482363,7.84598640118556,11.20084613374,8.98891672567269,9.02706139780829,9.88163228925455,8.15200041466159,10.0031613608975,6.88343754040062,13.5507203291822,9.03458134503381,7.53766412960699,10.1690783927807,8.37633164003624,8.53043212427176,8.46536935173099,7.610523919562,9.65861996906823
2013-10-11,12.4680278099193,9.55784657618772,9.54339640816676,7.70184508123114,10.9316663893855,10.2951141836923,8.99036099300191,8.32897936244543,7.15369652474441,7.89496460691289,7.39866089475058,12.054339934573,10.7260729641791,13.2780451205776,10.7220005692198,10.2232718716059,8.90198899089198,11.886958807867,10.394078168956,10.7961991852785,10.6332821379603,9.8561477566088,9.73107062341574,5.71020127201077,11.3607961746936,10.4470645264383,9.23382264109618,9.44573203679097,10.6641228005265,10.6762904781292,7.9577309647434,9.74295019878925,10.7589191562671
2013-10-12,13.9938811520061,11.1801519782358,10.9217621096634,7.06059850704946,11.9729943272245,11.5170218538835,10.9137584079808,8.04020075657189,7.99144704614378,7.97533611781468,7.87592360783967,12.8752729454324,12.0539454710776,14.1906294778969,11.470312593531,11.6978207594324,9.51457464673797,13.2590161089294,11.4344212339395,11.4162572595225,11.4374178812899,11.3559555473463,11.3466837092497,7.34717884437751,10.7848538022072,11.8260392002997,11.0563436699198,10.6884495269985,11.4234094398798,11.4713915011242,7.80521364902014,11.2580087375987,12.0821579309265
2013-10-13,13.0022113350845,12.6889101487345,12.9835820808818,8.14327343667263,13.4655461742108,13.378457875308,12.9628885063115,8.97079347040274,9.4491294990735,9.1733061597924,9.06658725597745,13.8116639846734,13.53917064146,14.8544782624581,11.3437988852113,12.910085992043,10.9687114193541,12.6422760129176,12.9868193830574,12.5765770061913,12.61227747537,13.1543097360735,12.7157402157241,9.22162632021813,13.0163119465895,13.1750343692442,13.0527779117253,12.6721840695367,13.1342960613178,13.0032765391199,8.77890656375609,13.2217347094008,13.6864822051972
2013-10-14,13.5727509565835,9.9079944649409,10.046917222573,9.15506454330545,11.088632817082,11.1380208391569,9.35399384088134,9.58818171824285,7.78158818386898,8.79577234480134,8.36828708680047,13.6561681813335,11.7143513757079,15.4922806681829,11.8342653002282,10.6141525933818,9.31464393697881,12.9598331776732,11.0754171624294,11.1531316418378,11.6646693494197,10.4054708329809,10.1581150952708,6.26841298984799,13.0035906322129,10.7310490220972,9.72560432180631,10.0955246431792,10.7331036063786,10.8183160773865,9.15856561486831,9.94524404102663,11.7794845154569
2013-10-15,12.5753370601674,12.5216590408863,10.4888558445517,9.55739946992411,11.8126539181718,11.3765155679982,9.14702181199105,10.0940213463424,8.97185759542995,10.0290892271049,9.02112165459029,15.3882984755423,12.5015343391273,17.2467972072085,11.6065631423826,12.5089000437212,10.8094740101311,12.4438811772418,12.1687366250427,11.8596093828159,13.3318931565874,10.7995702034372,12.517506732911,6.67063295446027,13.3283784147067,11.6822524772149,9.52528097957217,12.015076296243,11.6650798954621,11.6976970132372,9.87127276711849,10.1637276196852,12.3203223548807
2013-10-16,23.9188384299511,12.4884489307834,8.98240841501532,6.99019916412446,13.2471953253312,9.93036709972588,6.98083442289252,9.0610268446492,8.27083470759558,8.50196760484016,8.58362442601458,14.0266908074932,10.7657048506614,15.6734537657658,17.5688241695488,14.1585897080635,9.64869476099579,21.8015384131565,10.7698198626834,13.9180165694251,12.1068663157951,8.98164949668922,13.1598381275016,6.62118851751599,14.226137902085,13.1217063449422,7.45365849595291,10.7013686500242,11.9623546077915,12.5900298076854,8.69664756439801,8.93008870528181,10.6417299053258
2013-10-17,10.2521877439437,10.5645481013484,9.64599192403852,6.92495977024938,9.65032893248512,10.6493041139286,8.47619329544556,7.7179389651053,8.84249764345776,8.64896646197568,8.0851326796896,14.149786486586,11.4472859979883,15.9768853917515,9.31229357363315,10.4370152114693,9.71330568444606,10.1580321139905,10.9525969857298,9.64875459601865,12.2703237172676,9.80538823380551,10.640875066276,7.75923409964542,13.6541318879898,9.68953941127071,8.90583749699273,10.9505503860681,9.68248800560959,9.75934943795325,7.93260269433986,8.85640735979554,11.3794432506904
2013-10-18,8.45794038178941,9.26530241447251,9.42109657088033,6.52099661762277,8.4063106192392,10.2565021532128,7.96332919156375,7.00763296242066,7.26969535805629,7.50703583782426,6.87848053978065,12.422933904709,10.2674783507517,14.1502980544979,7.92670985802367,9.05182929476802,8.3465272232907,8.45038069447923,9.66187565952258,8.26697038608309,10.6656777202292,8.87839885638201,9.24595750267738,6.01422691666948,15.5326616771959,8.53241805740863,8.41786977501155,10.7300733618391,8.37296370603159,8.39990083125531,7.07703701155326,8.03517533328894,10.5039189239602
2013-10-19,8.55040616717015,7.54619304317699,8.55534581719069,6.26130112589277,8.02533534627132,9.59298075528165,8.20039139896529,6.91975228788714,7.90820468739604,7.90737252457894,7.17217993543105,12.4747567260357,10.4064852978795,13.9933188527879,7.97521341890918,7.73006389471169,8.92132958667186,8.22608876338913,9.84683641139486,8.12162164573787,11.0191816646623,9.0971666419329,7.50498580963263,6.50274390630443,10.810161727356,8.06245506818467,8.54641531694038,8.46524095647902,8.23041600301159,8.32508499131753,7.19630281931237,8.06474042118084,10.2913987043232
2013-10-20,11.5481819254959,10.0146245548551,11.6606122676152,9.76118158435042,11.7189629786548,12.5522824248731,11.5075349134564,10.2546831883863,10.2575900959939,10.7199713597983,9.8878055968894,14.3271084254996,13.0287996162841,15.3545418518251,11.0923693204174,10.5033949517686,11.7745846066386,11.2064930152793,12.6923908515322,11.7426574452672,13.2606725620039,12.1995622123353,10.025425051155,8.62500090013602,13.3252797599355,11.3098529739058,11.7639397172631,10.8877154022832,11.9884116869732,11.9716302701299,10.2670849107084,11.6373071114589,12.9917493001392
2013-10-21,8.99394317001815,8.74279206006815,9.14032050006998,5.70948774274093,9.04218205267466,9.50474264860699,8.91114931635844,6.18517317121392,7.65505502494943,6.40562389246727,7.2625970609243,9.93275569278731,9.52091327762307,11.0426816839268,7.80241612018988,8.83642622910654,7.17947953933625,8.71385172167507,8.90295824999052,8.37015600455331,8.73114904213834,9.04717576297463,8.70710533627514,9.45667896368516,10.2215146611671,8.99966716950098,9.04303883577606,9.12682097404907,8.67442455905567,8.60059324056398,6.18962537530471,8.95174622535714,9.72360238962032
2013-10-22,11.2174554648731,10.5082246895692,9.14762702221107,7.09349103432217,9.77980366549787,9.26850514801237,8.07113097679951,7.8023221287787,8.14442084077822,8.14916845043523,7.82144849164122,10.3196141156736,9.25278067787126,10.7751626811392,9.83722914496541,10.5330933453198,8.96422157470825,10.9348034758105,9.31891903287395,9.72507124130338,9.77131121647674,8.69358108439292,10.5659722027843,7.27586525984846,12.1264569566109,9.83781636657286,8.24059670863712,10.3880343650342,9.53857688763492,9.6323997943415,7.81092637231209,8.63737147001112,9.30606702056548
2013-10-23,12.737096173194,13.851617675201,14.1673191176687,15.5952168604955,15.533241215341,14.5560053528578,12.958015134059,15.4886687734803,12.6745468279729,15.2859434049809,12.9552201221324,15.9801189090688,14.6498337069277,15.7964512336431,14.0786883446166,14.1374652159396,15.9210352504193,13.061044144645,15.425628272831,16.0313599630161,15.8961169000195,14.1949866203251,13.751801616835,8.17029321567592,17.4996432242809,14.4924251407873,13.1585460921837,14.3591240406843,16.3548635869223,16.1460413314223,15.106207685227,14.2476014869065,14.5384781960234
2013-10-24,9.3179142055653,9.84939510652272,7.09818687785823,8.18243893743907,7.48667888915682,7.13319820541765,5.15157085912243,8.23795888676932,7.54717774543577,7.9564603273779,7.83114968056517,8.73832747341635,6.97871601627365,9.32244240703717,8.85997100069419,9.4619928427799,7.36604231146315,9.4575809406011,7.15794692209872,7.89020783916832,8.06183949672756,6.09358547737501,9.91934055143302,6.95320982276644,12.5837158626875,7.80710396356332,5.425431892505,9.76569284761675,7.20460119510005,7.35658351412209,8.17226311451593,5.88499780577522,7.07659372451489
2013-10-25,19.1541736545026,15.8418269133032,14.2767733408893,9.9745004067883,13.5522968637728,13.8986561555482,12.7194100111013,11.2214876009396,10.66743671829,11.2940876966638,10.6646199091117,13.062668717599,12.7308691490573,13.2740185754796,15.7546898178478,15.8307518002412,12.5011996280023,18.264556445229,12.578330010354,13.389846782425,12.9587589689291,12.5128150256669,16.0264244448475,8.37268906481724,20.4615541151644,14.5294020493888,12.902390932586,16.451500932393,12.5440840927148,12.9606873336657,11.1720673191014,12.5453117742184,13.190972580777
2013-10-26,16.6384451605257,13.8584140399992,13.5032075779729,10.3874020868661,15.2062686954941,13.2057820600116,12.0539389790259,11.2284516630682,10.0340839469505,10.7062117900803,10.2613205284166,11.8441662907739,12.0683275432056,11.4550038104505,14.3754373876084,14.5459517802859,12.0456624559395,15.9569623829652,12.5694792682687,14.8635191298096,11.9191122312377,12.329112980909,13.9450007865237,8.66409806892639,17.9624323197369,14.608006424118,12.1316491845238,14.0951316601739,14.7714160614735,14.7352420511287,10.7369475901196,13.279218630457,12.4649774773216
2013-10-27,13.5775793152386,13.9656582909956,11.5779689994211,9.33837294840674,12.218895442081,12.661809755821,10.1714112346362,10.0612179560192,10.2439787974662,10.3661825591291,9.95815048210079,17.481892392044,14.0450150059346,20.1349860781515,12.1575832804342,13.6865612884649,11.1929387396805,13.3958739019809,13.2229018667728,12.0389352070381,14.7043287311881,11.8727518918823,13.9143977995695,9.18440448608623,14.7565720874506,12.5174116932136,10.6367980305613,13.5777102392165,11.8209934513735,11.9177903506758,10.0430037395622,10.8383939583088,13.8893668987653
2013-10-28,21.4101947022837,19.5408523164655,18.3482778240809,12.638119067924,19.6941992812912,17.7541294660351,17.0893643707654,13.7581456214934,10.7650117923276,12.6604228451768,11.4400330882167,15.5506299116836,16.4220977187767,15.4701633596019,18.145467453728,19.9006948831446,15.0071256392462,20.6757262122012,16.497199036751,18.6299802450416,15.3188927377768,16.8640698360661,19.6163176133774,7.439697677182,21.7572724321246,19.4868355414554,17.0759638275856,19.3715474867554,18.7077585846448,18.6488295237932,12.8914236428899,18.0299529606738,16.9853381461155
2013-10-29,18.3315744748473,18.1173035842156,15.9090763085552,12.2807062573483,16.7462093647904,14.9862834137215,14.6220850290904,13.1865315562845,10.8682888044923,12.7455916027175,11.1976091526714,12.9990014228134,13.7792575572189,12.1278641385709,16.1892604955925,17.9954081225185,14.4654286007762,18.0006030058984,14.3303589838973,16.2328382367947,13.7132258894533,14.3823082336663,18.1678110922943,7.10001457172503,18.9662928114987,16.9122081694746,14.5386717535546,17.6656736926237,16.1212531909015,16.1742316402439,12.6964051151685,15.3279380069559,14.1188615471486
2013-10-30,11.7168345968523,11.3127831602624,8.96031238485495,9.18749908449571,10.6289701599484,8.8735461803642,7.3592293443856,9.53836178129212,8.72645527829247,9.28344375793202,8.88673140075491,9.71820199805916,8.65359021351759,9.64724713655515,10.8477175639427,11.3876245833042,9.46590885420303,11.6756323833029,9.23726014514763,10.8856340264451,9.55334330745993,8.27161490335433,11.4599358722849,7.66430942380072,12.8042178792485,10.3163824356831,7.50755424772248,10.7200506057331,10.5033053311186,10.5380150917574,9.31839346575067,8.62039704790383,8.69392968476156
2013-10-31,13.6554493225523,12.1064612651697,11.1321473182055,12.4988242044062,12.9548915224361,10.9019886723124,9.6169848633034,12.6822711836621,10.9676458866713,12.2817974464216,11.3155104931625,10.8018804865829,10.2934429921556,9.92158596338147,13.3146249122874,12.5669627549412,12.3770580352847,13.4946742993087,11.3156210025256,13.519873207815,11.4401961724561,10.3765949062053,12.1870090846765,8.76155525826744,15.2558446786696,12.3118399000835,9.70904379495554,12.0522581531487,13.1424086080797,13.1540466948896,12.3802954573185,10.9727235932176,10.3488239123002
2013-11-01,14.0188052449073,12.7420147904582,14.2023066333325,10.5802315675152,12.8475049803051,14.6354666493334,14.3591416877185,11.0129412714559,10.4080963492219,10.8180772378117,10.5351223162554,14.31417118489,14.3150776929182,15.4417007395373,12.6843551065366,12.8585462931394,11.8298366098982,13.6320029396264,13.4000112863761,12.2738098049433,13.2741463890301,13.976711387649,12.8409624209102,9.4795184665665,15.8465666181663,13.1350080830203,14.5097214947624,13.8215156754605,12.4046756319091,12.4534338961985,10.8510624721763,13.621869894332,14.6523892305548
2013-11-02,15.082190835399,12.3960374880745,12.1465414744265,8.55855441703367,11.8409385564078,12.941970434101,11.6329970335905,9.75604235831585,11.4421085670907,10.8870657079175,10.5499105885938,14.8535504629485,13.2439922393713,15.9502834676364,12.9122293092232,12.6563157224361,12.19675222052,14.5303080634071,12.8254069103323,11.9775656812683,13.8576663230222,12.2402488714369,12.7977495120619,10.4776628635503,15.5367062619892,12.0494319476416,11.9531326644623,12.7662159936104,11.6931369239514,11.9678721842732,10.1081690341659,11.4769027566191,13.2586559881557
2013-11-03,13.0006453106344,12.1899129491974,8.9584494623914,8.69894373492527,11.6671168334228,10.2038063210672,6.92965536513084,9.44786101018773,9.97210352373094,9.75127804756702,9.61042566683503,16.1351950626776,11.9034388478419,18.4738222932704,11.6280437512173,12.3804538417213,10.2198284594033,12.7641186268847,11.7519164234348,11.9850528316968,13.450311577984,9.52904595309125,12.23909597205,9.56014823262809,12.8785419159213,11.2311647980051,7.45434918550671,11.0962446789778,11.5685156160375,11.6217625501292,9.39639569406414,8.78592066116634,11.5474238460081
2013-11-04,14.3404697695123,14.060304641975,11.1111933554961,9.47029333612175,16.977011139273,11.8712845408256,8.48397935957207,10.6295989512665,10.5341773865422,10.9739626651205,9.88778370596907,16.2234274798147,12.9721230000873,16.8962882377844,13.106058826759,14.9825251688564,13.0076788435543,14.1128672454995,14.2106774187102,16.9998700443705,14.6998802091702,11.5737081800437,14.0092856628613,8.7303845575093,14.8673718862314,14.8396751113537,8.82818489144231,12.3835895667347,17.4872932130072,17.109637353189,10.1422172342631,12.3016099479549,12.6093970813221
2013-11-05,13.502786111726,13.4448583860816,9.4139243699474,8.87561485604472,11.6235439439671,9.25116638179797,7.37737743345642,9.60454237802634,9.33737058957783,9.66787948339833,9.22640492828129,11.248365283441,9.45451983468041,11.4804667500188,11.9449182601508,13.2985451128724,10.1702016244749,13.3513555015581,10.0580663057958,11.799390178565,10.7524303056273,8.6864196330993,13.4907140414475,8.10859007763287,13.1704223194966,11.6049888460669,7.55100425053178,12.1539976275815,11.2719157312199,11.3808207178652,9.47090396868303,8.94788012024051,9.36102264962762
2013-11-06,15.7282425005466,14.6791123474084,12.3078552566093,12.4756413177228,15.0698662354481,11.8937033608731,10.6793074767176,12.9171176882217,10.6198924828157,12.206275267976,11.1191707722916,11.8910150331929,11.4513790755445,11.1592817894593,14.6070507944607,15.0516474751726,12.8815134513405,15.5201101370123,12.4579954685639,15.2227742941303,12.2511725957279,11.5436221748758,14.7517276962342,8.02424003929942,15.3021743001121,14.383654634031,10.7055784426316,13.6980733227329,14.9401821692831,14.8896666434701,12.3707348878316,12.4795863751078,11.488637811517
2013-11-07,11.666298488778,9.88985767948765,9.74610312121674,9.31515208667468,10.1926991243976,10.4119679079299,9.47026900616194,9.51547367140811,9.51870069927862,9.24682214898787,9.661789803379,11.8795552614202,10.7874742968564,13.0131294396721,10.7136829977671,10.1980557610056,9.26148016296584,11.4226672741601,10.3347407520104,10.2230932091784,10.6793349413437,10.0187429522424,10.1268030648835,10.1017631196079,11.2159607583434,10.0328201223207,9.68283540073339,9.86536002284864,9.97617475988629,10.0313441718545,9.41410540232692,9.69388275078632,10.8225921706059
2013-11-08,13.3541111899364,13.1189763262684,12.9926552175722,10.0511119262779,13.5018066863465,13.2548943855904,12.4519675491804,10.4967299488329,9.63431553709722,10.0997439429826,9.80359037236788,13.3977275467714,13.0605762637702,14.2083239164801,12.1475388570575,13.2830856233476,11.1976180495849,13.1620453637587,12.7236938393471,12.9186189200775,12.4040366030764,12.7200144337323,13.1947017943739,8.84375239142739,14.821233257395,13.1992040848481,12.5788204737943,13.259727122997,13.1745727139983,13.064895027485,10.1300109826937,12.8981112757947,13.296364344533
2013-11-09,8.15222540908671,7.63074538107816,8.02862855239749,6.42250751351526,8.06538926922134,9.21390191806561,7.63133910608826,6.95673242799092,9.0868132257128,8.01670100162973,8.18579960916793,12.3939585390788,10.1518798666195,13.9852676246832,7.76114824573392,7.8191186803218,8.59486162097601,8.06643770380799,9.66594960650376,8.23137450342511,10.7810887768646,8.76418959114933,7.80007756351426,9.72039761237305,10.2653059077715,7.78532747747708,8.00035383690508,8.09684040489591,8.36964839753325,8.40157123383161,7.31648484074522,7.81235839008298,10.0034362880745
2013-11-10,13.7227641526442,13.1034594568624,13.8304647113491,11.4644687825637,13.9619936375475,13.9746081656031,13.6479726878101,11.678457198045,10.5938168714545,11.0766489486445,10.9446118723014,13.2335116397571,13.528775524013,13.7372225115943,12.8185098642407,13.3587985394073,11.8710772422095,13.5153120039502,13.1854069324887,13.4033993780571,12.5956514590524,13.5313363685192,13.1643270927954,10.1253824639264,15.0854181594707,13.6651102361588,13.7072161372229,13.5353155301338,13.6604019576047,13.5422576336181,11.2887009618788,13.8100578399305,13.8255397231833
2013-11-11,12.3309343272377,11.702263315014,11.4552813045543,8.98194164183435,12.121126943017,12.1944759382385,11.0067422307759,9.55501916403136,10.5124984838271,9.85748448142771,10.1122138770494,13.9748003457257,12.6620187075307,15.2577916971394,11.2066312223467,11.9317587562223,10.72053555994,12.1435392257143,12.233509403115,11.8409265244589,12.5481672545414,11.7720350406989,11.88078104564,11.058256137339,13.09453847596,11.7647163224457,11.2449876302331,11.669586718999,12.0165358975919,11.9714356662926,9.53759027437268,11.4731645277017,12.6883345759138
2013-11-12,9.53744285241981,9.6754236616542,8.15139572015839,6.56566295719665,8.54473797061517,9.19331168796102,7.36267885517199,7.26595301719756,9.33655372093732,8.33561209363016,8.43896872329991,12.6739486940702,10.153188960378,14.2184613046489,8.69570644888589,9.57556455570137,8.92936303880241,9.62104264860562,9.80097532954715,8.77920047682397,11.0910699053147,8.66563573375143,10.0540669946937,9.68739886837601,11.0194583365386,8.42932454784493,7.74155232780268,9.38160242694673,8.69266593136219,8.79699192931076,7.62658548419962,7.76820840837503,9.97517337405397
2013-11-13,12.4897536046956,12.1139209204404,9.47929016829373,9.04590943164665,10.7777240738603,10.2259472351607,7.78161070984619,9.53215271538408,9.72418538175333,9.56215049351793,9.63397404700236,13.8870891181798,11.0374480199425,15.6029560481786,11.2832348217856,12.0477182613557,9.69098257766488,12.3692035751453,10.7961950364753,10.9519850080701,11.9768229186665,9.39123710288516,12.2172412278046,9.61785867122886,13.6439629260835,10.7636965958507,8.17957612329832,11.5842060683509,10.486796497114,10.5851632441345,9.47917018831006,8.85151755474127,10.9487682343645
2013-11-14,12.5236970914559,12.2755886435255,12.3709897491397,10.6823505443147,11.9880807180863,12.8643474499309,11.7915290620827,10.7431051274748,10.1961276522074,10.1472663973304,10.5643103730376,13.5822870558863,12.7831422605206,15.0227030437948,11.6930590413729,12.2710016958588,10.2984891714689,12.4060886861606,12.0280537990697,11.5572319919739,12.0598523076974,12.0513783838384,12.3260720717105,10.7914385702937,15.0248850912637,12.0498206704745,12.0189359559076,12.8688808087723,11.535101247195,11.5013376193982,10.4839158855505,11.7975894227694,13.0686927622141
2013-11-15,10.1568136878437,12.4758900521431,9.45807348149625,11.3793914073871,8.8766157222395,9.61210454189289,7.43574068563509,10.9228454873727,9.68370756434904,10.1514928441265,10.3791495677116,10.9968043992489,9.2295821157311,12.0325613911881,10.4039748933432,11.6708885465195,8.86024058215687,10.7902560834656,9.04130293349071,9.22597666735738,9.90751510478796,8.20491747714407,12.7178490483601,9.80982342755028,16.1187879416901,9.34805145334404,7.77873791070788,12.6802571867711,8.53146086900014,8.64007502553626,10.7699163666134,7.80043578132492,9.49978023723316
2013-11-16,12.390443494513,10.9412707577145,9.05365103810614,9.24828453596897,10.7677122262807,10.16059694965,7.60556484062306,9.5757034526353,9.64815280213226,9.27284118078984,9.75896450371425,13.9690911812941,11.0691322453564,15.9494030575627,11.2085611863589,11.2360493428831,9.15799290601583,12.2375191422512,10.7062439373855,11.0121018749135,11.7276237055233,9.33795730043752,11.2267668019573,10.3768606827549,13.0669011323861,10.3249103887059,8.05248217367302,10.4537588261915,10.5617312598522,10.6016357391512,9.40955387902354,8.81502467402728,10.9998742354864
2013-11-17,15.2388450748637,12.3154507871014,11.4779637841955,10.9907876440214,14.3143751975853,12.3025829659276,9.85048606588676,11.691286130074,9.97194124716659,11.351932186729,10.1610443873938,15.1813233845642,12.8308886048022,16.0928329409419,13.8517129563591,13.1896097511272,12.3887305546825,14.7206006022999,13.2093550799308,14.6458411279259,13.8809468134928,11.657997032846,12.4409004147906,7.23047828831003,15.6338086583469,13.2796560211016,10.2063456855948,12.0415029042307,14.4209278279156,14.3867219660341,11.2454937977645,11.7035480332403,12.7332802634672
2013-11-18,13.2447320939634,11.4264139779686,11.7433263526828,9.58185898771137,12.5884706830887,12.2960012586246,10.783164624688,10.497728119715,10.1825579018691,11.2506993744589,9.63208931120607,13.920561225868,12.4454626665219,14.2071311211005,12.2564580672468,11.9236984991613,12.7863424401997,12.8333449141584,12.7673097099774,12.8758249426643,13.5331395406061,11.7658235344598,11.5129115264428,6.83276831770923,15.3106476195678,12.1099690405573,11.0403789609433,11.951486443915,12.920073988604,12.9834845801197,10.5164864793446,11.4995853924057,12.3832647553626
2013-11-19,18.8262325569108,15.3948811013257,12.6709713604666,9.63043947733273,14.9285801804099,12.1529013563457,11.1981947725923,10.991970160021,9.54040962011095,10.8378135294234,9.60914818717522,11.7986950221388,11.550464703541,11.1678559377986,15.5711136991316,15.8581481571619,12.5600110311001,17.9847981879943,12.2822330792541,14.8726454139266,12.2176638277764,11.6653177373801,15.620702009317,6.20734312654616,15.8825466320256,14.8539975000011,11.2200434072695,14.3207048228838,14.2945162117014,14.5036108715114,10.6279428838584,12.473381914023,11.6627854566801
2013-11-20,15.8084825699011,13.873794529416,13.5999487452502,7.17058254472278,14.2992570765769,13.5535401900549,12.0056783087782,8.44036084339239,8.36822723352878,8.34012494881055,8.17109571554672,12.3480014510227,12.2918122484246,12.8535015103693,12.7256538982634,14.2944174768899,10.465813818771,15.1045671641726,12.1763174492705,13.4152276429642,11.5699911531026,12.1717752749987,14.0231167503939,7.60178862499256,19.4836972420707,13.9832844365731,12.2042854014325,14.6173414312745,13.5889898408687,13.5510975280331,8.05796263070473,12.8141896030582,12.8956114803737
2013-11-21,11.173177552097,10.6753339816655,10.40782679669,9.01936864039564,10.673440727438,11.3612178227014,9.16478098508178,9.48865785846691,9.58482246919879,9.82220298631528,9.3018276950808,13.8751063664329,11.6676915439782,15.2698483172258,10.5471038698074,10.8331957027107,10.4397157313126,11.1287283927138,11.4016024834738,10.8667363259102,12.3640542741075,10.3676110881672,10.8954348208167,8.49610236359304,15.3785387008357,10.3325256715534,9.58363745661475,11.3383091979844,10.8087546212411,10.8359429618963,9.49103567731807,9.73252393420844,11.731372551722
2013-11-22,18.8364235277829,18.9333005149949,13.4530290791794,9.02065499443302,13.5784860741013,13.0362757725714,10.4786734146522,9.9224760661524,8.57513520957341,8.70719423646216,9.36882077467323,13.5739594673687,12.0677787100027,15.4023953235554,14.8974921968691,18.1027909323551,9.20781189538816,18.4545517632357,11.3273076426594,12.6987487889926,11.5630845808044,10.9476300941401,19.0972414592759,8.6738462186855,21.648712601126,14.8235971364182,10.8085885142951,18.3632318633933,11.6898862128131,11.9590498565845,9.39309074713384,11.1672579327434,12.7432409136594
2013-11-23,11.9961477638086,12.1896088009094,12.2435640327953,10.3862454409574,11.6362314236646,13.40495361811,11.4212296447436,10.8869381823227,10.9706487646388,11.5336107252215,10.5350468370959,16.7548837937215,14.1888988252484,18.644492992627,11.6281780486871,12.1025819073386,12.3794150365179,11.9875984252878,13.5404897008633,11.7687102206584,14.8871940633945,12.572861184316,12.2924160915678,8.9485063141618,16.0549943911907,11.6778217980843,11.8643318774777,13.0185517283389,11.8071985441591,11.8831516848365,11.0198500288889,11.4311808401782,14.1383627799748
2013-11-24,20.5999365770518,18.1834120265641,18.3067517226272,15.0007676507573,19.7936560232039,18.5152265075376,17.4562146308926,16.0111926708834,13.9876862682169,15.9123423944709,14.0322690409982,18.8296377972141,18.2801067690462,18.9167104464902,18.7679074293353,18.8485186950735,17.9835325074998,19.977284067552,18.5766032188447,19.5975941496601,18.5231460157158,18.0647997511202,18.2595006876547,9.77472469781383,20.9193072811589,19.1878341001955,17.5880201199959,18.3061169184999,19.7241056676492,19.7060978649663,15.5723682402673,18.4087494312178,18.3810528125066
2013-11-25,16.3560429987021,14.9742552040658,15.9291273609066,11.2694803576187,15.883367364254,16.0649640360429,15.6328037147948,12.108641957149,10.8360832318697,11.9991239741092,10.8508148791918,15.5992490807151,15.6695221262535,16.1678286070799,14.5904991593932,15.2971873572769,13.9416378587448,15.7758382054889,15.299330097528,15.1777973427623,14.9487296791388,15.5503706231583,14.9011984348029,8.17047443735225,17.5351887557821,15.8071156064189,15.7172452098207,15.6491907085806,15.5076365198544,15.4732733986798,11.7640298890225,15.691754615867,15.9440541805543
2013-11-26,16.6474322206094,15.2360462472001,15.3020069683309,11.1333014807889,15.7792395713578,15.2539962855295,14.5148928204811,12.0987678985055,11.3388702924087,12.2563278777185,11.1459348590492,15.0272309417379,14.8211287757336,15.2322380876725,14.7969793462435,15.5295210710498,14.0858208235216,16.0537360293154,14.8360677846915,15.2963103163679,14.7043936166108,14.6972704228671,15.1384422018024,8.78330090927394,17.7624676572059,15.7031817490301,14.6025538115579,15.6407076000004,15.4555782062509,15.4693612812863,11.8646890171506,14.9523687298613,15.0277728439023
2013-11-27,17.0940210157079,16.1594489636788,15.4899526371125,12.41506661784,16.1601039227871,15.5074386020117,14.8217727668578,13.5280071867449,13.4239754208644,14.478560512735,12.7264960137476,15.9409323948566,15.3836501486702,15.5364438153893,15.7639366637873,16.3495597833753,16.3685832721163,16.7776033983238,15.8847311066036,16.2485048192991,16.3085243168947,15.2736648611452,16.3177687329298,9.76051963661222,17.6563465933626,15.9766250274546,14.9048525138949,16.075287449232,16.3395097382187,16.441103200345,13.6039648060111,15.3087729691443,15.3269568340531
2013-11-28,18.459044351194,16.4681538925613,16.7794615826085,12.7885672047791,17.4497800773371,16.9685697617583,16.2195158549752,13.7418472574984,12.349197029699,13.6847980284161,12.3395442829428,17.1016206586277,16.7487668589775,17.5511120921943,16.5238096614706,16.9174150396712,15.6122922223448,17.8281812857099,16.6372268017147,17.0002556640931,16.5222485749201,16.4957379255326,16.4727049289442,9.22120644698352,18.7546182664985,17.2245737497979,16.3345538875223,16.7663495726192,17.1545203409382,17.1612088045172,13.3970142301744,16.6657895448722,16.9168026279351
2013-11-29,15.0123521742243,14.6123816029205,11.4620116929019,7.28423246984068,13.5878848808899,11.2407987776951,9.50171745195142,8.51427351976365,8.80351829901324,8.68965539900799,8.42989713562773,11.9908998708309,10.9233732755815,12.3393804304189,12.3660958537503,14.6586294893591,10.3551945284441,14.5911964299705,11.2935165169504,13.0695727590259,11.2978270930782,10.4392283601355,14.6692970054651,7.97016662784238,15.5891038716497,13.3748080711692,9.65123378025882,13.7197427157976,12.9897326619291,12.9915591406789,8.26442869363762,11.0473950402901,11.0942274060427
2013-11-30,14.0273842549737,13.0439632149565,13.0971342408022,9.70879155380196,13.0305952377148,13.6528598612603,12.0264325582897,10.4864544941845,10.4725904923758,10.812041282686,10.1633707251274,14.8471388471915,13.5191185857356,15.9292503259903,12.5970829622728,13.2120623878715,12.0716316800787,13.685336955972,13.18847095625,12.8144959041467,13.6840550276673,12.6692530204918,13.1376281395138,8.96484982675978,17.5196456368466,12.9517490050422,12.3319228613911,13.8498926394676,12.8522637425326,12.8999487573963,10.4228006482372,12.3300402670824,13.7277793809453
2013-12-01,19.7705071525249,16.1455010000115,16.7899342312772,12.3971226752995,16.6379345786048,17.5970708397794,15.7637585362895,13.6119293076217,12.6573242593728,13.8708136373775,12.4773479849564,18.788185439079,17.3276802936593,19.9917623954334,17.2205291522739,16.7126207297408,15.744414833651,18.9973106192807,16.88861022624,16.5850634693692,17.5689860172301,16.3761387586409,16.4763890084385,9.20806129178971,22.3734860501663,16.5753969403799,16.1526575032085,17.2432748643433,16.3502272704242,16.5514044997589,13.4592166753434,15.8917649664577,17.5994040816505
2013-12-02,16.1245983970359,14.863652251407,13.3574305693353,14.6097524935712,13.5018194048486,14.3200013765777,11.2994642548482,14.7379337410203,13.2707485689878,14.397510803161,13.6852472153496,17.9843360499704,14.7508157294017,19.7884362103992,15.5412693222853,14.8475841638042,13.9317672278424,16.0224644864911,14.4418184966715,14.199010740013,16.1182911129345,12.8956834949219,15.0023460377875,11.3180901039739,20.5127090729281,13.6808231112735,11.8501801865432,15.5433088567998,13.3661455056364,13.5866165010518,14.6287042728713,11.9409201367045,14.7932703826635
2013-12-03,15.9539904903173,15.9503689333868,12.2468953068774,13.2270551319161,13.9740182060429,12.7329396007688,9.57140057246841,13.0236984127121,9.24564398579638,10.8253704755072,10.877632691391,14.9854009193596,12.5709995918157,16.9886963416689,14.5681349069867,15.8103058751811,10.1791299231028,16.0758828251698,12.1877895245475,13.8770385030152,12.5602820888739,11.0642828339305,16.2162066981727,8.46498870737136,19.5573351291373,13.7721274184355,10.021752569438,15.4528630679753,13.0878736515406,13.0614907665404,12.0876375311186,11.1852655495091,12.95272859061
2013-12-04,19.5998892900641,17.2212176527986,15.8782461741916,15.4554523252557,15.9959751359924,16.6004055949483,14.3121038839653,15.5075106154758,11.6178802354158,13.6280174694859,13.1385581890962,18.4150873844348,16.5024909312313,20.6279735612857,17.682131644277,17.3438430535748,13.4929798856185,19.2083662402645,15.5547000167788,15.8776186411402,16.0697255423205,15.0937281671548,17.4530869932173,9.48598699009737,21.6914485386871,16.2954226505254,14.7423473673537,17.6460613137983,15.0372491441933,15.1902950556698,14.7379674166801,14.6930696866112,16.8982654704081
2013-12-05,18.2742312721428,18.5872026855149,16.8790789266485,11.1870347747097,17.1461560278954,16.7737364086025,15.4029725616462,12.5825894605042,12.8900093421089,13.4373037698031,12.1424286799915,17.0535291367079,16.253516736533,17.3476488959765,16.020677159973,18.3980197845848,15.7606855884306,17.9502813014743,16.3713808843301,16.6334288515515,16.6527868743743,15.8543629802814,18.6687316863501,10.0589260975176,21.3953726147124,17.2962908314624,15.5775944535597,18.7158752125784,16.8055174735346,16.8801231086099,12.5692666297067,15.9573543576139,16.4811352595632
2013-12-06,16.2120319283943,13.5766371826557,13.2906203328412,9.54612746941459,14.5410430838848,13.6783826306282,12.0179262797921,10.630400879353,10.9656551192167,10.9054178147254,10.5835812668694,14.5655739500081,13.4410939269118,15.2439446231001,13.9315720372996,14.1596939169408,12.4188963889286,15.5266532985788,13.4704145277446,14.306008211699,13.669635332592,12.8160985080415,13.6907460310459,10.0306546694013,17.5259445885198,14.1258426996389,12.269327108503,13.8868441702192,14.253137126461,14.2923537820034,10.4838917608117,12.952399867952,13.6320041521303
2013-12-07,11.6478961408814,10.5121359774312,10.2979547395564,8.76273817692056,10.71575102145,11.3181574860797,9.62797183376351,9.44352698480918,10.9182867908715,10.3695793332979,10.1616322149712,14.730965880085,12.3134847051017,16.2409051334966,10.8297835656477,10.7252011401755,11.0748494956922,11.3603063321681,11.9526730203982,10.9272837834221,13.1861659103432,10.8783059912568,10.5697910792857,10.5741340305603,12.6307071713755,10.6001634413185,9.98355635959109,10.7317230160396,10.8591917814929,10.957060514994,9.72091992585272,10.004541851311,12.1198059814179
2013-12-08,15.9837693676462,14.4896949563308,15.2338429284704,14.063395705573,15.577634220588,15.4989093386646,14.6729449514769,14.564454206741,13.0569970422108,14.7277400925087,13.0302558727883,15.9619196435888,15.3477713108281,15.901914057316,15.4813780499565,14.8902632619376,15.8352321444356,15.6830062539909,15.6187078120562,15.8034695751316,15.9756150201442,15.1169788641659,14.52611931284,9.42715899032464,17.7471887782744,15.2479256378112,14.8138146155399,15.1165122547789,15.8228134228684,15.8625112655232,14.4115439518382,15.0321294274204,15.3679453740877
2013-12-09,12.5767122481631,11.1833095839176,11.3767584433397,7.85783835774304,11.9992253406969,11.9335949379343,10.8279795003796,8.66972054309143,9.10255687779215,8.9643171903555,8.72558437384066,13.1128065110489,12.1120044463676,14.1482151089679,10.9860882676055,11.5493171943958,10.3392182137403,12.1264040718748,11.7700727725252,11.6050633541728,11.9372628833143,11.422522751277,11.2507482699658,8.51139865968748,13.4132030992694,11.7009959174911,11.0365939271345,11.4394284015208,11.7998251565109,11.7777811735032,8.57198181310352,11.2829619345145,12.2141219255832
2013-12-10,14.417429149938,14.1559008730485,10.9557127283363,7.63494583614995,11.9900427542547,10.8469389501025,9.78827476856442,8.51027047241559,9.45260796108454,8.51158851539748,9.24515621150919,11.7927212630363,10.8871374734656,12.7200963773953,11.9016571695771,13.9048933432787,9.31098998308433,14.0844566937264,10.6134945797601,11.4105359194071,10.7063369598335,10.2716945375388,14.2742647048894,10.5284823108669,13.0443434909697,12.3718094235272,9.90241134197704,13.0779297468636,11.1056730531817,11.2078104269312,8.41525720438234,10.4650360407184,11.0268705706883
2013-12-11,10.1311868035902,10.8546613280648,9.58675590761266,7.60723292382934,9.82124904390069,9.97172673655724,8.17770857882276,8.40889736459228,10.7152490158139,9.86683929179152,9.54640325079624,12.378637835172,10.3269479456818,12.9751263406993,9.59278891479388,10.6553991850523,10.660281694793,10.0810471004211,10.5399857710157,10.0537679839639,11.7403649472908,9.30745421847622,10.7926000337171,10.3626893206363,13.6679025612452,9.88797121263599,8.46539172326061,11.1512577330921,10.0471866908205,10.1455469993245,8.87462923997414,8.75709732167789,10.2142212431855
2013-12-12,10.9457641109306,9.57684375139778,9.7532867563077,8.19286599748468,9.81667586417478,10.4384949457223,8.60015486549376,8.94688077047191,10.7177264380164,10.1736742496344,9.76845008697623,12.7028343441243,10.6954027530904,13.4001522110473,10.2528293661125,9.82272396404453,10.8611741585564,10.6320399836408,10.7861402271959,10.25578906842,12.002038900113,9.65867571626122,9.61938553373288,10.0242068482208,14.3361469504476,9.7056739990718,8.94722989671554,10.4494173057672,10.1113117846917,10.2563614366006,9.34885578961401,8.98897156802771,10.6386049169534
2013-12-13,14.450149320807,12.4248249752251,12.2616661601353,11.6234277341983,13.3745262119726,12.3841282699535,10.7188229127214,12.3695906534194,12.9472530380142,13.2397848785458,12.2945490611223,13.3359624793512,12.0682960148876,12.8438351929129,13.7443067163796,12.9162544245375,13.9805816115244,14.0450065321572,12.9236182628792,13.9944302359977,13.7069572529531,11.7020172173161,12.4220710081162,11.0436100052177,17.2656318619096,12.9365959457736,10.9352257920294,13.0277092020154,13.7480717864651,13.8609537560516,12.5508837684662,11.7350449722004,12.0407995126884
2013-12-14,16.9368166250148,15.3216991158951,15.0411821712827,12.401474141971,15.745827943986,14.5632784007052,13.4153890930585,13.0321795300877,12.110727547218,12.7103583109567,12.2575298466523,12.6180839775955,13.0342574110084,11.9392071049999,15.3121709506447,15.6841716796394,13.6639816842551,16.5182279326387,13.600906524601,15.5472160302312,13.0856218643703,13.4399574549507,15.4029990478016,10.8327244914908,20.7951341761221,15.4161565260873,13.4999785511552,16.0791090290127,15.4200992217497,15.4207391674418,12.7015578142763,14.2653442902913,13.5220477684245
2013-12-15,17.1320342773041,13.687373168047,14.1474176829794,12.2836631458623,15.1397527671373,14.3622213923069,11.8220938177538,13.3309988206536,12.9328025286656,14.034848261522,12.4348941802376,14.9563382634431,13.4307823989506,14.5387653028054,15.7106046059004,14.4543655514693,15.2967859033687,16.4381041891285,14.3481301960312,15.8024100803062,15.2083085948144,12.9434314861375,13.7282454553995,9.4394944458695,22.7583748207553,14.5874328860677,12.1832421457528,15.1823364689241,15.4335552459555,15.5928699570272,13.3473435759973,13.0281304475455,13.6441154647901
2013-12-16,19.2237814174187,17.6978316362643,17.1022984367111,13.5370108144107,17.9717922702766,16.6012942631467,15.8287349155962,14.5825382906428,13.7137261155621,14.8584734080421,13.4667275392096,15.4978643879563,15.6589452576889,14.745010193209,17.3714087817598,17.9923385965317,16.6269644970391,18.6496333143737,16.2956562094743,17.7576002759018,16.1086980544045,15.9671450794005,17.6310557059332,10.557337481338,20.7993778091606,17.8453200707113,15.852881349091,17.9883524268785,17.7439077379357,17.804165406459,14.3819259499216,16.5940090369137,15.8897187940766
2013-12-17,19.9964544427022,16.7410248370512,19.4278914930578,16.499717132081,19.5002363455866,19.0176923618748,18.6610771699715,17.39022129665,16.0113167493201,17.9163977454808,15.6926837869935,16.3182096928025,17.3881977292981,14.5656351303857,19.0504021151153,17.6235780877381,19.8092655748896,19.2969344192769,18.4001378142899,19.7336953098778,18.0328836827933,18.3436979832338,16.7264436521903,11.3328896501871,24.0440711531904,18.8925448687734,18.6650663154054,18.5345854451276,19.9193752979488,19.9617491707818,17.2661351914019,19.0004397728222,17.7165591960158
2013-12-18,18.9854035101322,16.8557734548666,14.7293799866644,11.5025108530044,16.4979316601471,14.6745527332241,12.7883401884569,13.1128970082608,13.2318624022048,14.3614801169398,12.3004593737035,16.2037918996456,14.5415910311237,15.7323932999791,16.7523169425012,17.1843798108921,16.493375389759,18.3499055789444,15.5210542646472,16.9012290542428,16.5309494580918,14.0088786100139,16.9421709124857,8.76039033392101,19.8648536221711,16.3156629916276,13.0009967120385,16.5671597060692,16.58644551355,16.8116677054469,13.2392075193968,14.1146530937695,14.4316023312517
2013-12-19,17.388189295895,16.6872975589151,13.0282059898981,10.3766057132989,15.1476084434161,12.2531867912948,10.567692253621,11.5834865977929,11.520036511019,11.9745556997027,11.1225727679331,12.1388541944227,11.4035440443152,11.2772571381122,15.074913601469,16.6727821768299,13.3025612293064,16.9711315383631,12.5121223514764,15.1617988825807,12.722681501944,11.3930368653146,16.6936277429925,9.40858750729369,18.5836912353909,15.1111575865475,10.6448316439102,15.9014015321591,14.7314906784488,14.8619354408113,11.4617759630767,12.2299363429508,11.5467889329998
2013-12-20,17.2625820284682,16.3149005158428,13.2605584962752,9.89254568951027,15.6265241279553,12.686159753977,10.9857636957673,11.1354767949277,10.414986322114,11.2648995896082,10.1800009256886,12.7156665775999,11.9720066631349,12.1994169340557,14.8086049352444,16.4832308310436,12.992851187814,16.7564817100654,12.8865243369087,15.4082696698339,12.8870844913467,11.8709051348678,16.2896933729538,7.80976648920755,18.2400885471421,15.3551445393674,11.0784901810967,15.5972007975606,15.1888804103306,15.2322868395528,10.8229665668411,12.7434091676321,12.138150780572
2013-12-21,16.3719131488848,15.5660816867135,13.4967838337699,11.4722671246227,14.6540596842222,13.1909946762992,11.660880025673,12.0724294926498,10.9821306074763,11.5671495561294,11.275418977323,13.0420192349089,12.4360529312705,13.1899053055419,14.5575958581105,15.6137152806058,12.2538907640974,16.0431825069486,12.7219724973567,14.4145578606028,12.6550178778367,12.1832613991483,15.5906300517085,9.90567194109851,18.4147243362116,14.625291859914,11.8057017276648,15.449476956769,14.0739653823027,14.1163677798778,11.7041300147699,12.7183905719322,12.7460783435557
2013-12-22,14.7913937561235,11.4524554076827,12.5778101618255,9.14224670453277,13.8121420966042,13.4397702614654,12.0663121752209,10.3694551597128,11.8675111568514,11.539651438477,10.8424455692709,15.7100030403784,14.0470683792509,16.4931082084154,13.0992588404964,12.3133105012449,13.3411740181024,13.9776729926698,14.0754674137137,13.8798622639887,14.8053334118512,13.150399504555,11.464444609888,10.5105746123896,14.5859934385442,13.2173952332818,12.3349473362961,11.9019396360018,14.0473504075601,14.1031810497211,10.5601367638955,12.7779024701252,13.9019008562641
2013-12-23,17.1248112993774,13.2884117592899,13.1226455740339,11.9364927692794,15.742890836743,13.2222322909757,12.3199599046973,13.0022686009841,13.1408254934104,13.665776703829,12.5666479394672,14.4024503304076,13.5003362694854,13.7955074026776,15.5560135110695,14.2629090360299,15.0684223743715,16.2752830050856,14.4201718811526,16.1321270438702,14.7877843212858,13.3372840988664,13.2224565804029,10.7746166267796,14.2692472031073,15.0025582049473,12.3823201966132,12.8203910338692,15.9800352529169,16.0515831143913,12.9812055723066,13.7242333194941,13.2513157094808
2013-12-24,16.6163265568326,15.0927082101478,15.9228438655814,11.1632424162933,15.3424510361417,16.0562306671417,15.0202689135238,12.1362037760786,11.4202277243085,12.4279249140782,11.1848451037392,16.1551047616931,15.5816064451208,16.8617452034057,14.7811759613464,15.2827864092085,14.2550809502958,15.9205978191377,15.2388846941431,14.8381981102208,15.4385303216582,15.1415474026587,14.8677204483508,8.54186552113292,19.6423492701813,15.620611108659,15.2097954791126,16.3167607547403,14.9465164834025,15.0282542774286,11.9960836808296,14.9874033209283,15.8754956573955
2013-12-25,22.8248397099695,19.8734212185303,22.0834132646649,17.9186505058994,22.2910037536671,22.4796516909894,21.4451449074941,18.9553625931734,16.0910991700283,19.0029629181303,16.1451152343341,22.1050392212807,21.8256829458587,22.1267570652426,21.3180882053527,20.6821617751318,21.541738049034,22.1216719485261,21.9753324369964,22.165431987606,21.9917716095756,21.7191493175222,19.9408999635243,9.87916179319027,26.0675199147498,21.6992798928446,21.6403546385922,21.3049199215224,22.4652129173765,22.4677127985962,18.5227556364577,21.7889723806556,22.0740764370805
2013-12-26,16.1896285569009,14.1356488497232,15.5762528598568,11.7761751900342,15.6282375786056,16.0760319994027,15.1226617749946,12.792964064358,12.8796339059942,13.6253808678925,12.2260184548405,16.7644387672897,15.986054677496,17.1297231229698,14.8963203261317,14.6594490277676,15.5246805247216,15.6204925682007,15.9730533410891,15.5454065336061,16.372829692907,15.5612861069423,14.1614901998423,9.98378980430778,18.330910214203,15.3164410399649,15.3234416071656,15.1236593677861,15.8073306773417,15.8542362595346,12.8384238339001,15.3025137617688,16.0574070665706
2013-12-27,12.5942662782026,11.3721171096863,9.99547633297966,9.03197469900887,11.3364690905484,9.97291360692686,8.43504899060601,9.37377686939855,8.78085774714698,8.78879818236581,9.09222863977665,10.1601801490165,9.4328104542184,10.5006445422983,11.2162287774082,11.6266059127363,8.98749647854979,12.3161556489701,9.63603301731393,11.223616621175,9.55406872699229,9.07887034558702,11.4528619610496,9.05747670742414,14.36920425744,11.0264476840924,8.60832933192188,11.3304438607879,10.9171654574445,10.9069345842849,9.04208559451418,9.52981502071918,9.69586924948754
2013-12-28,16.5954352327185,14.6967375894768,9.56441275730318,10.4907630226802,12.9258908085366,10.0894605534894,7.26809576176557,11.0430201926835,9.61704075624927,10.045552552669,10.2796946801851,14.592758923524,11.2590172112585,16.4664420731539,14.2137394114281,14.8073019035991,9.85886661456233,16.1746577887262,11.2248968482133,13.1292855805708,12.3244910755044,9.40110472625439,14.8056786360287,9.27875236794399,13.1467105042445,12.8864777006176,7.63418542736158,12.6471214802899,12.0851087565887,12.2411641496903,10.5654502055181,9.32770783040938,11.0608544607996
2013-12-29,15.4173513211277,14.1675167623856,10.5263399325032,10.0988137377985,12.9909997309456,11.4117922264606,8.32036013072943,10.8048792671743,10.2360370232998,10.5256033384872,10.3513042351405,15.9710833434788,12.4546609055504,17.975250088646,13.5197132372955,14.2998912644832,10.8960368406004,15.1339761046039,12.3247820723565,13.2081680795052,13.6329392647861,10.4723877956828,14.3377777989781,9.41210838920936,15.4275224003749,12.7472409417779,8.79141914675147,13.0962237740553,12.5659395125043,12.6704844437187,10.5436245277372,10.054650022418,12.3159487160681
2013-12-30,9.54827713631178,9.01875992396519,9.53651390742895,8.54329336706804,9.52862129226038,10.3192084835,8.87410235047415,8.72864927966367,9.71222732116306,8.97968073381209,9.42519586710106,12.2754983152834,10.6996481174705,13.6295021120094,9.2296514317287,9.19498770906525,9.08495395596005,9.41036563616024,10.2400785239896,9.50621064313418,10.8425865402423,9.66808537645852,9.00283207278532,10.72169135844,12.3083010875233,9.34046710611334,9.17287173373185,9.7335647233116,9.54039726572464,9.52137761256708,8.81020589649553,9.12701923498447,10.7542469155187
2013-12-31,12.8948927918137,10.8553237072692,11.4139056162624,8.83698385025499,11.2799206245938,12.0060131389811,11.0393164208839,9.58982800703607,10.4555681814044,10.221734951866,9.93306215250872,13.2219482296416,12.1632816754926,14.0429702401417,11.5547350428424,11.1837338934572,11.191494775584,12.4305257987501,11.8518770470597,11.2832554637042,12.4247317960442,11.4820525138271,10.9968634274386,9.72491003582265,13.8202492019766,11.270468363628,11.2671636900451,11.4389756329485,11.2148334514544,11.3387426214455,9.74101353307912,11.0227113120423,12.2124970462504
2014-01-01,11.9747886174985,10.0885011089682,12.2964502947687,10.0271685506769,11.7727848584763,13.1241201641927,12.4661816835315,10.3642208122538,10.0092477101459,10.3935544300057,9.95941831132249,14.0604153790963,13.3406679378016,15.2651965577381,11.2985905650389,10.5735946811212,11.2703200561374,11.5560254800507,12.658379857389,11.5461803931514,12.8613485265535,12.6940210447351,10.1055211535776,9.02539144606655,13.5525568241789,11.5470098698397,12.684478418271,11.2126220464634,11.7725606039131,11.7543355091514,10.2611063448756,12.1904532220029,13.4616391671565
2014-01-02,14.861799006613,10.7507154836702,13.2565771618665,12.4056649817651,12.8555536460856,13.97000475538,12.9153978169052,12.6748253312173,11.1353645409819,12.2861205527284,11.5256282027822,15.0106551195091,13.9959219427453,16.0618506271099,13.8972389929331,11.5224897613409,12.6985507578675,14.0209393666878,13.491196192615,13.0138194589823,13.9936414845267,13.2651967613429,10.5814020668622,9.10186869661032,16.1158898905193,12.8450376863688,13.1831087543903,12.317189270776,12.7043694601329,12.8337929091909,12.4696847999124,12.7554144724146,14.1419417264188
2014-01-03,18.8182181087901,16.4036194738613,14.6474455982171,17.5720750618313,15.2243573250456,15.1982285942461,12.4879268336074,16.8887806527948,11.4743029377671,13.9826429645928,13.8488309616362,17.1757245056881,15.0064040319338,19.3692243612332,17.7233733759011,16.5288892731526,12.472966330858,18.5233969496012,14.2305596271213,15.4084574673425,14.759756586681,13.5120564173968,16.416308283526,9.89382888436706,21.4364189029868,15.5223282959735,12.9360127912539,16.8696393969787,14.1618564442451,14.2894334916088,15.850806383448,13.2866041623231,15.4301679270861
2014-01-04,11.2503530182844,9.60130493035245,7.7432344806109,10.4260422292412,8.08321256492032,9.63279343754279,6.39115760978209,10.1645740700666,9.22389389269056,9.32708651507211,9.94495006019976,15.6092875391298,11.2515773235019,19.1198066735839,10.6781593947454,9.61792086838669,7.94824873038024,11.2912833174847,10.0181911029005,8.76146909246349,12.0332385788877,8.43892019399013,10.0166462431135,9.90782747211669,12.7778434409798,8.21420033010654,7.08862994598256,9.56175845240842,7.76349754369752,7.97521672737219,10.0281765718152,6.83896352393328,11.1259112554973
2014-01-05,18.0081622770725,16.331363494691,12.9894544273609,12.7587423924696,16.4885081069538,14.5828563154036,9.78317439677934,13.4992305804533,12.4347094250126,13.0567931926061,12.6187633455605,21.8113039818591,16.3217166441746,25.0938858064385,16.2132059114891,16.7800504220626,13.5511606233436,17.5197120606108,16.0296972305371,16.7556654967351,17.9793846371799,13.1879944109848,16.1787891457894,11.1616434489974,20.1296607373328,15.8127967525725,10.5353885378758,15.7149697298357,16.1713905730478,16.1704824382617,13.0619995678471,12.4162955651181,16.0961578549555
2014-01-06,16.8940824469206,13.2062032360381,10.2797739216646,10.2366806860804,14.1033012771247,11.3211060609157,9.61007691762276,10.9778646057611,9.67903829895668,10.1491496925421,10.1469138887448,15.7350505567977,13.0777027629752,17.6496402482728,14.3799254834908,13.9843767828929,10.8070774078138,16.2361718103513,12.8026877602184,14.1396091361146,13.4333078489146,11.4889180535796,13.5194127629046,9.0087837590594,9.55630887133636,13.4139709839318,9.87275080837788,10.9126298979446,13.592069460437,13.6381411133438,10.4521787364214,11.3962649910877,12.6963683968143
2014-01-07,17.5590848695297,12.6308017952241,10.9912140202716,9.97071195836242,15.2089527926697,12.8817736038299,10.5516739303275,11.0507698006577,10.4397279850393,10.7412426601782,10.4543002112081,18.8000607264494,15.2001926436442,21.4140435229126,14.8770446946664,13.8937517339356,12.082663422338,16.7657869321852,14.733074775112,15.3749068548416,15.7508330654693,13.0262464624923,13.1488989423111,9.38497513647603,10.6105347038932,13.9237733131143,10.9943703436525,10.6604710253967,15.0914191979474,15.0921081557125,10.6187888210538,12.5094573378423,14.702440251132
2014-01-08,13.8603827031781,13.4346761038832,10.3971420775973,11.5689853014723,11.9432194955772,11.8275510515523,8.67024146149017,11.811027278766,11.1292371909034,11.5090855329164,11.3664079850313,17.6785387461302,13.476346982363,20.4526401838339,13.0171390361349,13.3717559831991,11.2063946607394,13.8925156421079,12.8711409410103,12.398952953472,14.6946513823899,10.9652536910196,13.6601262122356,10.4884942226555,14.6187538400226,11.8396095828189,9.24587190777404,12.6509080771075,11.7464863212771,11.8631952674387,11.6645278529576,9.85788036887705,13.2144971933961
2014-01-09,14.5365082815375,14.9792349951791,12.1317880077562,12.5318296333362,13.5501913661962,11.977893075349,9.96167644520457,12.6045736594844,11.2275412851607,11.7617575755101,11.8115657846305,12.9595713233267,11.604257536996,13.4664930604939,13.701626288446,14.8091843431224,11.4727919799811,14.557033356103,11.8976829507608,13.5647587999844,12.159567130005,10.9455029642426,14.9373674799564,10.9557685936431,17.3423965186254,13.4810477705528,10.1753582979881,14.6295708573136,13.0807024550728,13.0770197531636,12.2046921484739,11.3015265243955,11.809032121223
2014-01-10,13.575231886678,12.7197717540356,8.69561280003563,9.50229367299473,11.2560438336914,9.51578493867506,6.19762579437471,10.0752995716757,10.4632254450518,10.1206378030141,10.3350046313228,14.416189228629,10.5985296831759,16.1692346684984,12.176912890799,12.7630121505689,9.94192207818423,13.4206676628589,10.7388905078976,11.7767153376462,12.3369752184151,8.56119380395516,12.8483884038481,10.6112386550743,14.2280061469805,11.0260574026706,6.68616244466839,11.6342423981743,11.007249063596,11.1398755873642,10.0259412121757,8.08531428650978,10.3794346821897
2014-01-11,12.3421515739773,11.3358573384617,8.56819560264351,9.08816074050252,10.4194602094642,9.46909736281968,7.02368884430108,9.49193798756627,9.37527533098356,9.33209338581491,9.43720611477628,13.6654386927454,10.5951484283127,15.4720294514245,11.1691928346469,11.4348816863487,9.26119719278266,12.1908392229247,10.3833889034949,10.7433234312674,11.6304237043147,8.8369137116446,11.5024904293495,9.28100093509565,11.9302244065621,10.2375127612878,7.42506409245456,10.4387130933895,10.1774482836269,10.276496335746,9.37636530224268,8.28193177664675,10.3972283461796
2014-01-12,15.8248872857714,14.9443352253462,11.5895706623766,10.7860073450687,12.644430410644,12.3006901804524,8.61329885146896,11.5545292932482,10.7715478453022,11.6183593946881,10.7801972119337,17.1065887953917,13.0306536899523,19.2435803797469,14.0941111036197,14.737404019586,11.9416656221852,15.3995232097744,12.8307690391647,13.0042977197351,14.7929005967632,10.7490052525567,14.7388735503282,8.49876161458462,19.3689409175198,13.1287506472597,9.19379388138327,15.0363626456551,12.129403207593,12.3862403839337,11.4744075685847,9.90439183469544,12.9952104101275
2014-01-13,12.4219367803682,12.1907978896041,9.36838755523079,8.97075562505903,10.7230134523182,10.1164233682546,7.31822529009074,9.89083115773923,10.7787743300648,11.0697228777395,9.92612855858491,14.0827096949396,10.8308264521461,14.8828573890931,11.5677456574947,12.1381130025676,11.7956347451429,12.4450033216758,11.3278331307472,11.527518166837,13.1584914000401,9.26685259029133,12.4891479300608,8.44439746917788,15.2605757682566,10.5063818072792,7.76393947279523,11.811001934773,11.0751013139499,11.2732801157481,10.1970047172944,8.56209726505276,10.5712229732797
2014-01-14,12.4667501129463,13.5253890503312,10.3383414461176,11.8589949723263,11.6667960600424,9.94439388585461,7.46379016012442,12.1601235145367,11.3830968439124,12.4694880068029,11.2613209600967,11.4047007610148,9.46663104319952,10.815995588321,12.4957377382432,13.2150253160839,12.3236777150742,12.6250021940358,10.6670810424319,12.452496416648,11.7921856336575,8.86256480182834,13.3725925493035,8.83809980664509,17.6459375527345,11.6491402639607,7.71036797458911,13.5353001449071,11.8467779317812,11.9683821833762,12.1787770765317,9.02706080444312,9.45664430095671
2014-01-15,12.7380743563443,13.1377281039937,10.0470626296254,8.69370632511242,11.7644009685675,10.3005504025989,8.02978149393201,9.5481851575259,9.63762893110059,10.1093455984904,9.16648772735615,13.040935116571,10.6941161664348,13.6499218502542,11.5520704025058,13.0130798704126,11.0640068802878,12.6702817371546,11.1561147480798,11.9873051624774,12.2001454201622,9.5816102563054,13.192710257912,7.61691643544005,14.6319744803453,11.5935684285849,8.32103961007222,12.4622761851988,11.7311355722801,11.8062442691754,9.54398602504985,9.44930289875747,10.5730148220163
2014-01-16,15.7415657311196,14.0620404541786,10.5225770574737,12.2177471348732,13.2541470892593,10.1784419514676,7.44104790899934,13.1533189921612,13.1435990684582,14.1766789956402,12.4900397943339,12.6910299386288,10.1214094205426,11.5796230794928,14.9095197861779,14.2873670918179,14.5287846805428,15.3678973688452,11.9240130696107,14.5483803468902,13.574484410862,9.40846128261953,13.9151258976872,9.54019593427424,17.6324631097086,13.0228307584248,7.69686941932378,13.5394059736168,13.6342247925819,13.9101326607699,13.3799083876771,9.60492456850009,9.81941441983769
2014-01-17,15.45901790169,12.3272848964148,9.99210649943385,11.0653919662355,12.6331645682492,10.0240611734868,7.35676784292024,11.9203424780043,12.3109834474449,12.5502360841035,11.8398913236569,12.3834722951338,9.98817226947528,11.9496350651012,14.1373789669518,12.9035957204779,12.7427849044996,14.8600607486902,11.2615056624377,13.657983498497,12.5599771140413,9.15891513934972,12.2834112064409,10.6115139334347,16.6460478539912,12.2167058664084,7.6593036070542,12.1038869511026,12.7970354313402,13.0249518505926,12.0436941040001,9.32090969485563,9.82379489001485
2014-01-18,10.8400426941665,8.92126996079476,7.70151520646304,9.44191745499745,9.41089530961502,8.07643354455151,6.04206725502875,9.89961929174282,11.3803602379587,10.8223516760318,10.682644205147,10.7552420879015,8.4972114273186,10.6838006422469,10.6027231107974,9.33512666162225,10.5590718644007,10.5694609622563,9.35367166133613,10.4085200090771,10.6889348819927,7.60012872854888,8.91144692481496,11.2080013622396,12.0535803800413,9.01076857239101,6.32200031284395,8.88539723727192,9.85172662945699,10.0107899359556,10.2517105111264,7.33548050620271,8.22615453184451
2014-01-19,12.0799484872335,9.32281137593095,8.29958245191303,7.82922567046171,9.72196481396912,8.90337040084468,6.60440967895706,8.55708167846984,9.27778021936136,9.01906777728601,8.87584929896466,11.5298604868862,9.20554043991739,12.315776552768,10.6840103685511,9.81628604062205,9.35708382129812,11.5456070409056,9.46704624359211,10.2410019616212,10.5821861777394,8.03928107902597,9.39304312067971,8.76194367759241,13.4135325238908,9.44833412219257,6.96811665646913,9.5123744674087,9.70246445335757,9.86734568006756,8.65651669339159,7.71817962036481,9.1487471868956
2014-01-20,10.5922291524441,9.15288132873741,12.0252431100748,7.66586469132892,10.0831739110162,12.6536099621153,13.2428468380704,8.26072163127631,9.49344352302857,8.99856984302308,8.88839147306106,12.4407448476586,12.7659061532892,13.43400705921,9.60205905845578,9.36910030331619,10.3407449506606,10.1446475692428,11.7222741097702,9.51180903016314,11.6814490624515,12.5753327102232,9.22718231558673,9.27889912325998,10.92322084997,10.3797880972597,13.3156270072227,10.3722029946488,9.97252410927193,10.0282841147632,8.48904485188382,11.9072300368479,12.9136933507089
2014-01-21,12.4600746266258,9.84151187009205,8.52941741665316,8.99303943018119,9.47215732189637,9.23842121653014,7.33942136021073,9.60345213332903,9.97146520549294,10.1096609795603,9.65651462846217,12.5307657752322,10.0151216792057,13.4975793804899,11.3240886942307,10.1409100326637,10.2073646096526,12.0091900347197,10.0752403086198,10.1743719563624,11.5423023531861,8.69234829030239,9.95437059028544,8.72362053374608,12.0449206811704,9.55033026105778,7.68183844661699,9.71254775114899,9.46907957631337,9.73383065429264,9.79352168291923,7.99564089084022,9.79091331277345
2014-01-22,12.2354905660118,10.5462533206874,9.32737558192829,8.25905809645256,10.1851297840466,9.80952930323873,7.97146572293176,9.01694292999806,9.70905137201387,9.65096544683691,9.21405681777882,12.1407069369487,10.1379450996466,12.8449260150961,10.9758214506411,10.7593424817394,10.2349160246453,11.8579881811303,10.2900979906775,10.5616835101522,11.3567336292451,9.1147115321029,10.6321091855455,8.6369405291039,13.4268118984949,10.1477686731362,8.27233999143753,10.6093036949712,10.1589547568496,10.3307174001865,9.17229868570421,8.71287348465161,10.0627861695261
2014-01-23,12.2325372100193,10.2917077453355,8.62940246140021,9.27790499492655,9.97579276599239,9.47481038489001,7.35056474746232,9.83447977816065,10.09288245634,10.2803506665834,9.79342154210174,13.2877679101949,10.4661418853035,14.4544211113931,11.3101994070448,10.5586436983658,10.412095301552,11.9340363043654,10.5357819734648,10.6470132040916,12.0258253454687,8.97148961469198,10.4337765813455,8.8753163475666,12.0163834957965,9.84627327963594,7.72163545164878,9.91552663693344,10.0584343320754,10.2522829488366,9.96171190414816,8.27422491370002,10.191995381084
2014-01-24,13.9628497946123,10.9478598242323,9.98864127378701,10.7295946862845,12.1613096430597,10.6188264707472,8.74731948087802,11.1859102282933,10.3554827695574,10.9764775323525,10.4965284584976,13.5378159615597,11.3550334661675,14.3966772504328,12.8435737385681,11.6073700341455,11.2017317130239,13.3977231371483,11.5831668025157,12.6218076579093,12.4459811349118,10.2395346167032,10.9154516064536,9.03880549973406,12.6374750909206,11.6900717018984,9.0259462871038,10.57267661897,12.1206745835398,12.204906131538,10.984034682445,10.0714142068782,11.1611451775799
2014-01-25,16.4533141416022,12.6803899474544,13.5902458997196,12.5717274640025,14.5675631135364,14.1632729008169,12.8937367828431,13.1686556836092,11.926077109578,13.0147110093634,12.0627653149863,15.2096674345986,14.1566487837233,15.6744294273161,15.1026804640121,13.5043960814956,13.862450486931,15.7772697160655,14.2294510824104,14.8463360798352,14.6323179353861,13.604087498352,12.8062344259817,9.57741291044127,16.7033027201642,14.093401309449,13.1268527892375,13.2553012114235,14.5727736554637,14.6647076968771,12.9398637763115,13.5046674277561,14.2108590579132
2014-01-26,23.4182930783618,17.5760695932354,19.5222225873796,17.1083859843594,20.5513007010922,19.5781297013565,18.0117543239059,18.0508777697253,14.5741307933957,17.4433421705417,15.1494474961123,19.3563121811883,18.7326710695778,19.266712030179,21.1924994706206,18.7668545605014,19.1013277091389,22.0465876609416,19.1256162044553,20.6954981995849,19.2905038535899,18.5257454027918,17.2414461385986,9.05333243476643,25.0346273732848,20.2476445937073,18.2253969561983,19.1692454407909,20.2685872106764,20.4176000640035,17.4794708672939,18.8621595457185,19.0212192223771
2014-01-27,19.355307565515,15.752812428213,14.2632199376107,15.4733539164549,16.7925198687948,15.4991550361944,12.3730694125057,16.5021813863023,14.9765618078045,17.3191646066322,14.5762325750903,21.5111331684768,17.1665596701916,22.6538406726741,18.3996958757452,16.4780219435933,18.3935219206063,18.6978623913182,17.7683319369548,18.0719541581143,20.2111304284264,15.0544355443357,15.7178377951878,9.05271423704595,18.7928881373132,16.3116401062263,12.8940195096043,15.4503457316484,17.3564439232071,17.6284766418831,16.5477708792648,14.04264321066,16.5621290007338
2014-01-28,18.6801685674484,13.4576502418225,13.3989373757657,10.3874085141322,15.4823671383059,13.213028079316,12.0190575575285,11.5926424217344,10.430357988801,11.3796479042081,10.496863398536,13.0837343089139,12.6527387436195,12.8510486734655,15.7311084206301,14.4805200623866,12.9541884585121,17.3886011592592,13.1698998389156,15.3905693551725,13.0755846106801,12.5823438002553,13.2890641890323,7.93800470055969,16.9393258095891,15.16289875506,12.1175141969851,13.6305503729746,14.9655747788985,15.1011683674918,11.2210727299528,13.2523905030307,12.821854507646
2014-01-29,16.1859935362915,14.4193969583691,10.9045465694126,8.2299225352728,12.5254927772243,11.0284039495818,9.01776595622404,9.34989144181562,9.65416694878768,9.45470562389399,9.45530635836589,13.2653014420384,11.2689164096751,14.3344366859423,13.3273518207565,14.4170782849683,10.3645237362993,15.5949404726489,11.2457081911186,12.3968456793932,12.0070687839008,10.1631186081273,14.5176829475354,9.04259076829992,15.1212706829256,12.8417939109015,9.28205000644621,13.4816124812148,11.742257985471,11.9604412422133,9.25028294481037,10.1433739422184,11.3103227388006
2014-01-30,13.6147632913412,11.2819110649182,9.54040796921826,4.58759519486295,10.6678066474065,10.729797778985,8.08690275803655,6.44990001803574,9.52544003282977,8.43696792586204,7.86422662274406,15.5263402447137,11.9756813189025,17.4283737561821,10.8209579896943,11.5602077777275,10.5623413744946,12.8749728860716,11.6963743052587,10.7931520598983,13.5547648812913,9.96152026828056,11.4631379156593,8.30837456880098,13.8478785775205,10.6971842785233,8.58738123972215,11.0704283834821,10.6038943949162,10.8659076574511,6.97566346511603,8.91210779336136,11.7125774093128
2014-01-31,11.2891688025235,10.4519799067705,7.7336947954246,6.92987072595345,8.58766317978681,8.50134361207684,6.71064354212868,7.77295974890218,9.01582671219245,8.65786780119664,8.34383359201887,11.5571066134098,9.21678426700595,12.4992163468626,9.9074200271403,10.3810870955001,9.18613333864454,11.31699880841,9.24105780716153,9.14084634065105,10.5948350955082,7.97396813452352,11.0662207150292,8.18701554686237,11.2122337727708,8.55981071875625,7.04766458256116,9.59752548916422,8.64128538127855,8.8800181424773,8.06819718339673,7.29349030516142,9.01938200706739
2014-02-01,13.2909561759908,10.6577831799517,8.46241619086379,6.97046379953969,10.0019969232173,9.49311149587776,7.60673830063727,7.9845906480009,9.02501419604788,8.54535873853187,8.51461585130146,12.9813941285007,10.4707309387381,14.4338961459629,11.1159529544142,11.0100017684426,9.33546011755267,12.9245268935283,10.2431892866837,10.3571594275775,11.4238130990308,9.02559457128811,11.2437486433575,8.59885636558742,11.2057038073317,9.76517536932416,7.97372916921067,9.68455533277955,9.84286863540217,10.0590029053712,8.10613980794763,8.40897406946033,10.2745566871573
2014-02-02,17.5657089457344,13.1377334291869,13.6155995988452,10.5281526193627,14.2888525561967,14.3498210457624,12.906852587136,11.4024726944055,10.3568120061113,10.956752215995,10.6222609008309,15.5952172042121,14.3806957843879,17.0158379950324,14.9146747934091,13.8978005290054,12.1085298696789,16.6308071720779,13.7891226730685,14.0727512549573,14.0660850902164,13.4860205144068,13.328658654911,8.95506748766494,16.9819497940738,14.1578079627321,13.2057928624257,13.6258906928786,13.7033879196616,13.8455543928521,11.0654716751402,13.2733876335882,14.601973797436
2014-02-03,13.5061971823335,10.9092012957633,10.3376228313565,7.38738049766663,10.8873485954498,10.8339822617096,9.36379756419205,8.19270032659125,8.53479407725001,8.15378017693578,8.4324316550777,12.0184758205797,10.7970934099003,13.2323147673044,11.2434160072511,11.2703252725054,8.98424789089077,12.8878527399786,10.3627386070633,10.6447678734864,10.6942422712384,9.95916818553047,11.0810468134518,8.6491845102203,13.9516593309199,10.899031005784,9.63298716622975,11.1276910813717,10.3387799648756,10.4587482002371,8.07656468557775,9.79503551511554,11.0030000768848
2014-02-04,11.5643088638569,9.74939896869922,7.53746133324399,6.13669174073154,9.23958599104902,8.39290299467332,6.59010410714576,7.06687891044676,9.14362137268954,7.8685641879271,8.37157220292347,11.6878970088621,9.3279763556744,12.9174187742191,9.75665129247072,10.0285250889854,8.47007354596806,11.2784159712067,9.26018882957279,9.51163815608731,10.3087236063239,8.0175500833225,10.1755948753721,10.0675258268816,9.95782662675358,8.93574722970478,6.90912477636647,8.76623674827851,9.15381544052705,9.29865653645613,7.30497299447594,7.55581551294491,9.1153493284094
2014-02-05,8.97720822238161,9.01330446250934,6.89995997644073,7.08231316215964,7.57044155056452,7.55413430131793,5.83139956597858,7.39395036729735,8.40172601487241,7.75005629051828,8.09134941964161,10.3828608367699,8.22276037523111,11.5649728422316,8.35088072308596,8.86141443182217,7.57464288036292,9.0791366395539,8.06487098516667,7.90242716910003,9.12412228797272,6.99633708955261,9.28171055667896,9.02935703914449,9.93639558056321,7.5785935325838,6.13840539314108,8.52749289751102,7.51467082634774,7.62881560535558,7.55789049666758,6.42323916391529,8.10492518115339
2014-02-06,11.4113740290332,10.0840577457056,9.26362948260701,9.99568847416517,9.49651276233676,9.63902194092482,7.77314887605316,9.9898172094282,9.77870716530781,9.56711071398091,10.0937514593939,11.0567415804405,9.48498825496739,12.0171891291756,10.7609160004655,10.1814870773003,8.88147689567293,11.2181280673588,9.32987835133659,9.79344507880793,10.0021189614851,8.57066259798108,10.1157686889527,10.5220476575702,14.3447089427821,9.58678032907342,8.08313731934941,10.6547988939482,9.19492384381897,9.30983869596339,9.90715782805457,8.29529326982225,9.66664598838368
2014-02-07,17.3681977407228,13.8945022070363,12.515661030752,12.8299484606431,14.023391556279,12.4668270600031,11.3385700193718,13.5338142381327,12.6872929861967,13.6390097438245,12.7010228331278,13.932429759093,12.6580837282417,13.7773724003954,15.8016206663955,14.359017846628,14.0386749900943,16.6228529872471,13.2138921990183,14.5887680554652,14.0240079029182,12.1821683852914,13.8074884969281,10.2217947800992,15.0181849383645,14.1420311784699,11.462478351011,13.5075743955845,13.8214499718275,14.0860513317294,13.4919828965559,12.2056532788839,12.4985868945624
2014-02-08,17.9417757047444,12.8850141096444,13.1433001991527,11.8610599349902,14.1813046062292,13.8326424557469,11.6509111400913,12.7817460113057,11.5310403092643,12.7826180407432,11.604766841317,16.3221077729657,14.0854313616726,17.3645352040905,15.8074595750511,13.7238352220659,13.6733701800031,16.8567668862061,14.0623059081852,14.6305474098767,15.1940669063777,12.8686996653823,12.7926179397451,8.44292143667996,18.2340483439794,14.1424561119981,12.0346346318077,13.6696684425548,13.922452984956,14.1865301679941,12.6284130198011,12.4224924546589,14.0953238945437
2014-02-09,18.6128757504735,12.4027797514058,13.7828604387861,10.2640297950238,14.9756892694245,14.3425056091798,12.4198530959735,11.4688060262836,11.1077148383782,11.4701782107027,11.001985319106,15.5186109693325,14.0963726038828,16.4594919537308,15.6203340081302,13.5930042889383,12.8948315496546,17.1630233102333,13.9738694577774,14.9399626837551,14.4126511920534,13.2626006061172,12.247891953188,9.49329963674571,18.8623262353777,14.7186643947449,12.7478143045804,13.5722042174443,14.4910550091614,14.6722100788085,11.2532229699068,13.2360750902023,14.3232349755175
2014-02-10,16.1393923334928,13.6364469899402,11.4739323142991,9.48379274911218,12.7162386870696,11.9264766444846,9.52185631437851,10.7265823081842,11.5806814825268,11.6889407369909,10.8496814289337,15.01479184471,12.3480374971416,15.8148082456274,13.9983850644819,13.8639590453802,12.746146013387,15.4865382877861,12.6363265564061,13.1816592791733,14.1270943927572,11.0217484242401,13.6839620198662,9.50756999410486,16.9083978734395,12.8771113331204,9.89383500080981,13.5242992334106,12.5421290694074,12.8352635097226,10.9498775399861,10.5417555247998,12.2248807605625
2014-02-11,16.0195683681381,12.8185345240805,10.2721094364412,6.95909184064286,13.0881013141504,10.3416881236505,8.42199325490365,8.23516407417554,8.68891007736376,8.18374172881409,8.45540855644073,11.41403840322,10.1427998116716,11.881940762635,12.7840877217837,13.433013639837,9.51270650086129,15.2193835230846,10.5151319544232,12.847082794805,10.5685280933802,9.54529098759016,13.0273781805841,8.72993126111229,14.5310887811801,12.6058569641031,8.62486747034873,11.8936588431915,12.4471533389323,12.5202524279906,7.9559102598523,10.1683612930705,10.2854518080949
2014-02-12,16.2046847677622,15.3788730593228,11.6321087141524,9.489675969102,14.0316727572587,11.7552871559805,10.0850251967813,10.7016888633297,11.1205974727341,11.3314244685553,10.551366766711,14.8914369521226,12.6599911674276,15.5810010933273,14.0238853985913,15.3743557479465,12.6713085546513,15.738613477921,13.0177806613201,14.0455099514006,13.980872994798,11.5706010411406,15.3318935003807,9.23395543496779,13.3939544077401,14.0943206572194,10.2636345833616,13.8043754115242,13.6762901325137,13.8248303074003,10.7021103113849,11.5307046948147,12.3648733788351
2014-02-13,15.6768200185966,13.605105689168,10.8631430204033,8.78346981331443,11.8904835090593,11.9110944334453,9.22202977675566,10.0984151310488,10.8213937322947,11.1538392321153,10.0550754431287,15.972369342262,12.7118980410746,17.3847757973288,13.4707137194277,13.7190755218544,12.3798916876703,15.3759245178662,12.6843121942658,12.5147142869127,14.5175814078156,10.9543412947227,14.1967862342063,8.1814312400648,16.5348912575865,11.8872354382478,9.72117763561207,13.1077676945465,11.878115917217,12.2035013430901,10.3483998020382,10.0356478803387,12.5326416601548
2014-02-14,22.4833043053278,16.8951989215887,18.7157106370429,16.7438814248981,19.940163825496,19.0012300593775,17.8238793531033,17.9286281457364,15.0750211998434,18.2046523703686,15.0653718261079,19.7325332290755,18.8027626473927,19.2611781986182,20.7169671008453,18.0900362378514,20.3109077913772,21.2827053463664,19.4845270813654,20.4958305354515,20.1459305651095,18.5602886880464,16.7576943519872,8.07600728005071,22.2829371806662,19.4794792692332,18.0053352904772,17.9354132405666,20.1950491004719,20.3989095057134,17.6528884552052,18.570089824237,18.7451249514673
2014-02-15,20.0841061679214,14.7367802640452,13.02429462995,13.9035013793015,15.7019409700383,12.9201395281713,10.8538733450997,14.7552441099849,11.5616619613212,14.1266884934021,12.1896814463934,13.6905462191949,12.3572573681995,12.9672671132747,17.8925922229937,15.6855033262789,14.803066096025,19.1951215848538,13.5127357141087,16.622316140791,14.1705370606533,12.0515253785757,14.9466309846095,6.65551721091527,19.2236067164574,15.2205626056902,11.0711798419319,14.4826959956915,15.5476254967461,15.823068702877,14.2822698666521,12.5855165420262,12.3864039021821
2014-02-16,21.4425729771145,15.3508184889808,15.370586627133,11.7880944795785,17.7604652211677,15.4649104800843,14.648843675964,13.0590773249612,11.8178683495127,12.5297080548599,12.0531533486293,15.3517834927098,15.1607531062854,15.5375954745358,17.8871051241646,16.5701819223087,14.274078852206,20.086154403163,15.3138276219822,17.4534865349644,14.9039603302847,15.0742480819395,15.4610372303904,10.0104272791306,17.1959849350974,17.2587507605175,14.7273015209251,15.0035466830241,17.0774083867195,17.1892864126789,12.555432754052,15.7663163338897,15.3290575808819
2014-02-17,17.24876434249,12.1155742077633,10.4900834455129,8.87723327303745,12.4953720053501,11.2546217904326,9.44178464033599,10.127181827852,10.6012611841163,10.5164720922052,10.2495737024349,14.4478904673014,12.0952466632435,15.5858658195843,14.2885246543073,12.8814441322425,11.4679874073041,16.2370731640498,12.0580949661458,12.9033161580223,13.1996849693027,10.8071103988469,12.3932614798335,9.38864891409474,13.2378457490054,12.4136785965842,9.76073818210779,11.3598282742158,12.0994108838844,12.4149402670787,10.1607791141792,10.4126921450957,11.8970163330069
2014-02-18,16.9054064499675,18.5089594502016,11.0415739136198,9.27123624211674,14.3366436491679,11.3226296054633,9.44661465706691,10.7626758581641,11.9650015357338,11.8355531787461,11.0073715747796,13.3014050179077,11.5619884046061,12.8407202834903,14.5331086563619,18.0909371311865,13.4121500973379,17.76805325273,12.6936218946601,14.9417413952611,13.4642254434192,11.0212296588441,20.2051603227252,10.1113763912995,15.1354038967833,13.4400903300064,9.65319230925507,14.9742894300256,14.5614111184433,14.7128752859015,10.8780230253395,11.3732234432517,11.3232650839779
2014-02-19,17.0181575779074,13.4380992769111,11.4943257181944,11.4099501057111,14.6136029983104,11.5835512633031,9.35940872861752,12.2951962832272,11.9520211542667,12.3319693258094,11.8240889885934,13.1358647858841,11.4478654129382,12.8775649720239,15.139693503107,14.2521806823041,12.9626925610778,16.3465496511949,12.4712605226365,15.1771458890025,13.0317817286,10.8819776467277,13.5452922566297,10.5485733058426,16.6736578359616,13.8505955639371,9.5916177296104,12.886761721228,14.5704835723625,14.6719569198618,12.0963527047981,11.404713940503,11.4007015021876
2014-02-20,15.1167202338081,13.3436395520377,11.1029453379811,9.63341096277563,14.0109427034672,11.4647198536889,9.2020002284122,10.4267887233974,10.0686042551758,10.1758744452861,10.0552127070966,13.8251959379958,11.8124583232866,14.7029313849437,13.2156088624061,13.8490744809081,11.0533469455168,14.6206447442623,12.1453483852942,13.9361202035986,12.5236092960649,10.7963290221725,13.3350962155995,9.54781392147025,14.9042702222281,13.3441434325799,9.46943424313499,12.5577876571604,13.6954265073453,13.6542249460938,10.0718009561923,11.1319094139288,11.7966463429869
2014-02-21,16.3120170131084,10.8328221628857,11.0228927280582,8.59397359628431,13.5072207110509,11.9583043729408,10.2831930038337,9.74149224458776,9.75312128384425,9.78763674357878,9.54444019274568,14.4794936835377,12.6455734169101,15.6598670796751,13.5919112826539,12.0512055977957,11.1722756471041,15.1997112915686,12.5574600414989,13.563989216399,13.0352184682225,11.5889252336541,11.0012804819512,8.78649835198978,13.0720760508061,12.7569395542062,10.5760727171676,10.550767426805,13.2676050922872,13.356895374159,9.51371817364306,11.5258486248473,12.5539973245653
2014-02-22,13.632106566994,12.7149357098473,8.58331642312524,7.56314585872606,12.3683433550643,9.79366268858611,6.39522910284713,8.66730210683648,9.23996252252515,9.12172726745765,8.69715121970869,16.0671574627676,11.6774615963888,18.2531024862711,11.7201919618021,13.0172933534448,10.1957193487007,13.3333250743306,11.788474556826,12.6155027384708,13.4208968858576,9.30117294649184,12.8409211098303,8.25829262342589,12.0418118828509,11.6535733365416,6.89633858107345,10.9195798949067,12.2865571234231,12.3057057390111,8.54936807188096,8.79901342839877,11.224236229027
2014-02-23,19.1347440257345,15.0323976875511,13.2789760191777,9.62355139316865,17.1901971971456,14.5798653437811,11.1913504380925,11.3241750458124,11.0164017825519,11.7717014107559,10.4474574475608,19.102764355869,15.5898523267678,20.7408735280249,16.0525820340702,16.1653442440229,14.1853978923648,18.2496783746468,15.883062046585,17.328370444566,16.9595222577113,13.7443274176606,15.3512448188671,7.98431592878558,18.5207017829833,15.8997923683385,11.7102654897403,14.2661129490706,17.1995890172908,17.2086028690544,10.9934548033189,13.6311371258515,15.4075252504343
2014-02-24,14.550413847197,11.7957593016067,9.76423324252649,10.3310947639122,13.3597527989194,10.1657143071952,7.74845531209599,11.1671398596519,9.69666239985867,11.2168409830597,9.63987310398992,13.1574412815632,10.7329517627728,13.2087076162277,13.3059986699201,12.5959335304637,12.1938057679957,14.0324209163903,11.7866860103198,14.0395342267442,12.7010584833237,9.77865444238917,11.8132913610508,6.22546104224431,13.7807020328777,12.3727995520854,8.0203845217332,10.9437330674708,13.6248877355857,13.6573597821527,10.8610051997872,10.0467186584545,10.4478470037308
2014-02-25,14.6890615122838,12.4816093404765,10.8948673529178,9.77248930017431,13.6049095719731,11.3649685836917,9.1501796818871,10.6993803628749,10.266898433669,10.9585633411774,9.97400540674654,13.9845286175144,11.8153470789502,14.4681310601101,13.1599577045331,13.1055206558702,12.1213971165142,14.177323934422,12.4121794899204,13.9022882757898,13.1621072022582,10.83186424243,12.5081345436078,8.0796769133384,14.7810878691375,12.8603892236701,9.43224385741744,11.9717145874001,13.6784459307879,13.6984426370302,10.5070619411856,10.9499561002464,11.6665815359639
2014-02-26,15.2278620484885,11.3581497140863,9.0781923518997,6.73386872412635,12.765897281722,10.1464432186686,7.30433148694898,8.0478667422491,9.30518821740486,8.37749031099638,8.74963126070429,14.7079168860333,11.4132501168681,16.5460154204056,12.3119423853119,12.2624274283026,9.61511247582165,14.3218066529032,11.4389350027603,12.7982697688789,12.4245198229821,9.59083115346158,11.4679595709791,9.77323450764762,12.3535750200247,11.9527713424329,7.72759373062054,10.186908064328,12.4319429335151,12.4808810390163,7.90950516384571,9.45803832791693,11.1777387090393
2014-02-27,13.316729102734,13.5833190772788,10.9472313898192,8.57687519314257,13.273177352192,11.5023723769689,8.79211393937237,9.41956090997859,9.417299426067,9.53639597736051,9.12402356757528,14.3680132319344,11.8859327672437,15.6170258532986,11.8059620487876,13.7099330946928,10.7150816754172,13.1993369962117,12.074444642601,13.1007238868412,12.7067261352792,10.5655201807482,13.6643399736056,8.52432914345347,15.9778499818052,12.6305257602636,9.15580279759471,13.0053176365796,13.1140865127721,13.0230053464767,9.16076430695861,10.6209852577371,11.9061934722777
2014-02-28,15.7137159689364,12.3244962806918,10.1206999282128,8.1911382334155,13.9958297194978,10.4752267049755,8.14725160840233,9.45163573281522,9.81777636961596,9.72919868204243,9.36210322051851,13.0021952167503,10.8985049359523,13.3613767556811,13.2291594926984,13.2342786902406,11.142526845049,14.910630037868,11.6876550278485,14.1451274484246,12.1697981199458,10.0018393856347,12.3779832139901,8.83020444035857,13.844898071833,13.0122693483763,8.3970283756862,11.2603843671923,13.8675339348919,13.8729515634133,9.21880241431013,10.5136646451474,10.7513636878282
2014-03-01,11.7516111231995,9.67554115769327,9.52594644882817,8.97005481332418,12.1084653076243,10.3247145596632,7.90195643350464,9.70714542195031,9.41390609311457,10.1621153705466,8.97888058899768,13.1573129054486,10.8145433607401,13.6330404942842,11.0944510334551,10.5166049474829,11.2814450531695,11.3692134596112,11.4880261179314,12.5911223815599,12.3220274309331,9.76457906855138,9.69514637532511,7.11985399233597,13.8761638022236,10.9298838944886,8.24872710053609,9.81532636439122,12.6318389082737,12.5548909344344,9.5683303336624,9.73279278429449,10.642730296653
2014-03-02,18.7423428107496,15.0895609171847,12.5719232244828,9.42995292596992,16.2316785378499,12.3743436251637,9.9199727243127,10.8654514011775,10.1865361481244,10.7526328029216,10.0356839126136,12.8470563429198,11.6336410873259,12.4902142598431,15.5473297802913,15.9685795212002,12.5081811492205,17.8602743616435,12.7195899122374,16.2239325288204,12.6927795190355,11.3203561164931,15.2383476887411,8.19775112773518,19.0897124828249,15.3169689326949,10.1310598772945,14.4347970851175,15.8314692010606,15.8621665719038,10.4123342499585,12.3853716365764,11.8344990983221
2014-03-03,13.3468366855068,10.5230864155363,7.95677004964807,6.26421851960701,11.4036813766967,8.15593838750307,5.68728600295441,7.46150632979062,7.74163274217734,7.76767901790822,7.31093357809532,10.2681150209475,8.24403962627778,10.4010362579127,11.0196024031355,11.2342753510842,8.99539048590568,12.6955303766509,9.14117703767852,11.6640404981139,9.7023253029832,7.43829589129639,10.6393812367978,6.5461979532514,13.008532923539,10.5732325882358,5.95209776037831,9.65224815051756,11.2811359937609,11.3275804326345,7.27445511182276,7.94988697474228,8.17964677534471
2014-03-04,14.2951315240099,11.06331328115,8.77461368016848,5.47526901722486,12.6266191738547,8.73905178827206,6.41930859782475,6.92277180436491,7.66662548851093,7.23674188993012,7.10330724176819,10.0921688412347,8.55436409256954,10.0713042153314,11.3445732482363,11.9403435028039,8.94794572777557,13.3807831180862,9.49922320384307,12.4976069741636,9.59015353921651,8.01152337230408,11.0207877748858,7.15513015275464,13.5896540969773,11.6900655144084,6.61850279111201,10.2297444281257,12.3065862465751,12.2831074105983,6.66066817648356,8.90831976524368,8.59553854417029
2014-03-05,14.9135070268956,13.3515825190364,10.549560903842,7.10134710410541,14.496266652902,10.5863298589719,8.25150057039443,8.58603224564971,8.90504100650984,9.13248640888892,8.20494250802158,12.342878806819,10.6197240715045,12.2381823763453,12.4774591914681,14.0037103423994,11.2816249392426,14.349017873627,11.6990234701906,14.3834939887322,11.9063484697953,10.0268456756639,13.4036488693218,6.96086265965195,14.9320281548994,13.3898224183591,8.4484629322472,12.2068098826049,14.4592454843841,14.3669703074027,8.31360705380461,10.8480369833214,10.5539840072696
2014-03-06,13.4468833833785,10.9249298490868,10.9638647815586,6.46210105946404,13.6033778136409,11.574403026652,9.73638478753263,7.73057450242258,8.28022871201997,8.11566740937539,7.67193371257644,13.2910422264987,11.8371195743743,14.1603653372965,11.1904308012136,11.8449251522506,10.2957273650188,12.6630865788249,12.0088756264458,13.1211506917703,11.9966446287492,11.0567402913362,10.8737877376729,7.38169138543952,13.7494388905237,12.5384968653412,9.98009159262433,10.8501811313457,13.5191753874302,13.3637515908805,7.45208858625347,11.4158530256543,11.8793010457577
2014-03-07,10.9071646908828,9.90995160359717,9.9981269680059,7.24522468534603,10.9533904856035,10.8078012967173,9.31132741449681,7.76319302966131,7.61030496689739,7.52371656415362,7.59472526745354,11.9772563168519,10.8727155056915,13.2846988417411,9.60149427732368,10.341592004953,8.54913955185293,10.735194301488,10.4579816706107,10.5712620876234,10.4198579356192,10.0814438566114,10.2311132096645,7.65980995025562,12.9726463040609,10.2353758726876,9.590982671791,10.1094770877864,10.8135521032727,10.6877263077045,7.4595617360785,10.0397587800625,11.077408035934
2014-03-08,11.8118453930213,12.0446744127035,9.26749754881432,9.93623986947377,13.3524092381518,10.383351516999,7.19729501733551,10.4763047452011,9.27902666328928,10.4285836642688,9.17666308230142,15.6060496348476,11.8954907967059,17.0323846277474,11.4695447496912,12.5299965601339,11.3641309651489,11.8892759390861,12.4688269418799,13.7349531096937,13.6034483474083,10.0408346830946,12.1067992961769,6.8929737186921,12.5984672899586,11.9250052763945,7.6259691091672,10.7064735344952,13.8182204804204,13.6066823086872,10.0672949067356,9.92371709955188,11.4771620957974
2014-03-09,13.6443782076574,10.0123312863902,9.81625323689834,7.25864228199256,11.9907332398012,10.9394492833928,8.46971231962053,8.21074410066632,8.36884750731793,8.18918049996464,8.17138205289614,14.0772290266794,11.5931521435245,15.8620922846602,11.4143308990244,10.9217088327498,9.36713116978673,12.8601399505039,11.3132840774712,11.9172447276398,11.9601076031444,10.1041070936769,10.1343907987385,8.03949297284429,13.8270187209574,11.2110423584359,8.89498844679942,10.0842096334616,11.767850881217,11.7651221043812,7.95697102869308,9.86689685379072,11.6091378699272
2014-03-10,13.3943093298548,10.9680309671793,9.79598017394942,6.96401563808027,11.4935165481442,9.89126343123864,8.05044641697368,8.02256458737485,8.59556073333298,8.37417109805751,8.16066201510801,10.5695752154813,9.4426675186025,10.7127534600051,11.2240503698783,11.4824195972812,9.57234175128741,12.7829181725099,9.90468786060177,11.4859968204562,10.1698168585712,8.97700028455371,11.0782543379493,7.90322074498707,14.9156991402835,11.0640052690541,8.27505807841517,11.0257523651188,11.2520319814974,11.3205354274586,7.93400623727226,9.33648542168002,9.61146529560308
2014-03-11,12.0936993977764,9.84996298273345,8.86802087124924,5.46819631599467,11.4627839176466,9.85272093501468,7.92914687581347,6.73941002480692,7.98219079698563,7.51158602039304,7.14496211119879,13.3533599405656,10.9632359077077,14.7427221158639,10.0033693358637,10.5551107316186,9.35217247183594,11.4744272039176,10.9405036512012,11.3045996692926,11.640808905477,9.62515598941172,9.96269731847659,7.25824085436924,10.4678149833263,10.6366910851403,8.23893330102136,9.10960155873645,11.4797268453119,11.4404308765306,6.70464562433032,9.41798599444406,10.7305834954857
2014-03-12,11.6672252274023,10.6727566936267,9.94897683237479,6.57436824328045,12.67609349656,10.5618105952847,8.63261719710299,7.46000646867502,7.55321149672436,7.44195466613245,7.24852724867479,12.4197770550077,10.8894639573031,13.4529721753331,10.0166192227783,11.3304267152186,9.1092763732544,11.2700647499324,11.0107414701441,12.168878243275,10.9074906669493,10.0398165370544,10.6916876785155,7.22956602371198,12.6355409514436,11.5415621034174,8.87812061446138,10.2709103685385,12.5969476135383,12.3608380540789,7.06432500892494,10.4390876210067,10.9408570075882
2014-03-13,12.2348046618967,10.3088087147978,9.38520101212137,5.77719634179475,11.8959039766701,9.74272788432496,8.07516604110357,6.98712954341101,8.26007954592868,7.64534322919644,7.47663874540873,11.3007795285994,9.94134847106914,11.7363926044178,10.1821543778238,10.9742565844532,9.39008759870104,11.6266315221593,10.3484758653157,11.642908079664,10.5052479132375,9.31316837117574,10.3328192895855,7.96595528939482,12.1697835215402,11.0632120736221,8.27025635781465,9.88287957994574,11.8435461731865,11.7679113463309,6.90815433879055,9.67882460154587,9.92029775855351
2014-03-14,14.1532014321303,11.4334157080763,10.5633111550559,8.90923744927523,13.6686414331512,10.7050880652886,9.36948175765701,9.90600834882587,9.12015561231562,10.0589102844804,8.86879898260385,11.7116322824026,10.7752212455905,11.335410543354,12.5216945531899,12.3213362575612,11.6636691171733,13.5588637747213,11.6717974284008,13.8054587598302,11.7117266988405,10.5591162200124,11.5162764149785,6.54718160989844,12.7604845014856,12.5980191404607,9.47350695220306,10.739935907902,13.8272863709916,13.7662263245751,9.58859592631121,11.2060898453095,10.6641813167638
2014-03-15,9.58590275335208,8.03033580820938,7.70021784513492,4.93896896611739,9.85438137137826,8.10167947321762,6.76079713918976,5.87476768639054,6.86829168861551,6.43667444198408,6.20272852166725,9.21282595649246,8.21404713635124,9.43409905429702,8.17020069020306,8.6883330798423,7.91240268268525,9.1862154457267,8.63347813306031,9.71892499692092,8.67435182935871,7.79019207966464,8.15856915190691,6.53171079163683,9.9904890214453,8.90238876135131,6.92470750058385,7.76346535568028,10.003738972295,9.89339328410282,5.79539151087504,8.12785300931873,8.19679148009382
2014-03-16,10.539940150243,6.93885820892255,7.45066128732104,5.20752033017672,9.80041467218356,8.31288545676469,6.53778456009017,6.25841165397097,7.79993848123009,7.04418764433496,6.97357519617872,10.4966199388391,8.77479887389299,11.0952539412518,8.89193622627475,8.00632936952831,8.37300503162697,9.83514908164993,9.10997501895041,9.99801964152704,9.60565873036045,7.93672283935702,7.10853517822707,7.75010060305256,10.2865311136177,8.71250688093248,6.82305297949342,6.98505453710356,10.0767467922731,10.0509792646487,6.31027713232179,7.93808951292695,8.66178808638143
2014-03-17,11.1749712346693,7.99836049048724,7.50979781445537,4.91520027049402,10.0050911040283,8.31854647544044,6.67457965996796,6.02340672545157,7.13511924729884,6.5733573974472,6.48672145995725,10.938675728149,9.08150123702568,11.903758055194,9.12629951870529,8.86269679939091,8.0060878096484,10.4609170094777,9.18812205851907,9.98360164313452,9.67833025109799,8.08243008389395,8.13645062421839,6.88738598233283,9.23348165338629,9.17609551038703,6.93211280123353,7.45704513208221,9.99579301673245,9.98973077390502,5.97278239423241,8.05577424915026,8.92026782795395
2014-03-18,13.3233543784852,11.1708204349262,10.6775105891434,8.03184241521705,12.4099282530685,10.8663796363268,9.65243982588115,8.84566070448479,7.85773399283259,8.60883344310962,7.90334134408535,11.1215779773549,10.5575393538,11.3363958814033,11.491426297904,11.7720874775858,10.0062182683957,12.8270329902204,10.8142349108099,12.1914791460025,10.6304945533695,10.309638124513,11.3391143349598,6.10518374197993,13.6507241604193,11.753674341704,9.79528650463137,11.0387201688237,12.2089460713108,12.1657382800919,8.46130664877584,10.7733412000719,10.7165951248398
2014-03-19,14.4396907684667,11.3512270189454,11.8900810719562,5.86362531650039,14.4122303708004,11.8602497094447,10.8706696454975,7.35011330559249,7.36275944285164,7.5819691188683,6.8490837433402,11.1584523223004,11.2512670993991,11.0107120178997,11.5871221124618,12.3880841852244,10.3686033286242,13.4463530299614,11.7070283010963,13.619233955421,10.8862317161733,11.4067981808071,11.2814615204868,5.73317211614107,14.2760223969472,13.3665623988477,10.9234530754653,11.4095146776786,14.1482908075796,13.9767663370496,6.92799246355077,12.4093400688262,11.498304590233
2014-03-20,11.4874810156466,9.07065892401543,9.2596266475662,5.44998819427981,12.611596856478,10.0348103553304,8.27832487804241,6.68050160542069,7.69057443495435,7.28496461072463,6.87411296318218,12.191661898549,10.6257423401065,12.8775086490668,9.66722588026645,10.1700811131223,9.47685772472108,10.8177726291044,11.0268734890472,12.2791144597677,11.0140166769545,9.86306859110411,9.08892409225096,7.10154054861055,10.9150115242668,11.1119188988083,8.50124231547371,8.64324064674129,12.8521191650982,12.6181451701509,6.45504314984702,10.2745496256583,10.5074951321304
2014-03-21,8.19245350638679,8.79646919790289,7.48281019939555,6.07616508043624,10.7211962078141,8.31253894974348,6.27637970492726,6.86761742361752,7.87040096946599,7.74432502234072,6.9686322006819,12.2854650400427,9.6755078344474,13.1891595228523,7.90248065713791,9.25771139664611,9.22967500863827,8.12038200068133,10.1942052234818,10.7292189532497,10.9298215861294,8.40777566788892,8.64290447856117,6.84451735900801,8.40651569153187,9.47361700431093,6.53222405033681,7.84375917709753,11.2838901749177,11.0360228728998,6.82228707595017,8.36199554087691,9.25199435810676
2014-03-22,8.56060971373929,10.0439896779215,6.09574286994032,5.58227475815853,9.87793710074485,7.32849593349401,4.0415623889705,6.41861579029041,8.05728995145257,7.31556843033048,7.11392426569535,13.4424653063227,9.22239726818694,15.2825143653322,7.9191074273723,10.1413547795675,8.25015545666999,8.80553109297726,9.58701418495241,10.1446452869063,11.088192516685,7.02558866290359,10.2142352477165,8.09682568541586,9.11143893872552,8.7476393987884,4.50966619588108,8.25095505801571,10.2862270333373,10.129557984904,6.46026833929217,6.58609574219312,8.71010524495471
2014-03-23,13.5980310726779,12.7450823879473,9.45625720980679,6.72910452824192,14.0811866797784,10.4078588027818,7.08953142777884,7.88110031539673,7.95002072319982,7.80886114196599,7.61659383781642,15.0175980838352,11.6120490931307,16.8712040344178,11.3649713124574,13.3853777571988,9.50111193936982,13.1910703071722,11.8871696017441,13.7363776689899,12.4632784124711,9.78421253184355,12.7694102455881,7.54534467752944,13.1872276531993,12.7255527080576,7.50666339040852,11.1714266371869,13.8946014578574,13.6638878707602,7.38492526005718,10.0781041177509,11.4223836732191
2014-03-24,15.2546884920418,13.7256089474123,7.80213073624918,6.53470897182714,12.7450994922528,8.08462744000739,4.41320189221752,7.80616515602452,7.65557168246234,7.59961037236769,7.52782579624215,12.3283521340984,8.80814802306416,13.445193985544,12.2494530591668,14.0672032474108,8.58978627013092,14.7608411647666,9.62083875436493,12.8575312747583,10.559986748537,7.134968151884,13.8363159491438,7.03492463813433,13.8444384552739,12.0020215955123,4.80372675952316,11.4978243399452,12.1702347355806,12.2022306876304,7.3858456908897,7.67578209630763,8.64507246737892
2014-03-25,12.9228321814961,11.4277376667124,8.36461659635006,7.22027396338299,12.9243532254921,8.41793767999306,5.22668618806159,8.1538940697233,7.28884669821151,7.81430801021269,7.2590761361694,9.97768090012914,8.00639566772955,9.83207111608114,11.090218595682,12.2028959134611,8.98776726387875,12.5857960564453,9.34033308119829,13.0753457701173,9.41426842672512,7.35148296263876,11.5501720627243,6.03193933042221,15.4781226330108,11.3974566275645,5.51910689996331,10.5329408603613,12.9288505402304,12.7470697816049,7.58981943917058,8.46130738674149,8.10583251114664
2014-03-26,15.6892263011299,12.2363159446796,9.84946184553357,8.33291757909639,14.9596584920632,9.77617071324439,7.48155010846048,9.47694844611781,8.05799537162737,8.99160427866897,8.14610050397172,10.9977746534516,9.64068551104274,10.5739821735314,13.2254233210594,13.4049704704573,10.6111637280825,14.8832110003544,10.9767900411725,14.989542427584,10.7340266151196,9.31793599483125,12.236876518326,6.00619592036319,13.9078905997347,13.4310356765576,7.62362520603739,10.91491356573,14.8313692435961,14.6821158845203,8.80308790053805,10.6306989535322,9.60768443499282
2014-03-27,15.725809372573,11.2088753930411,9.58982766678882,4.62756506813028,12.8442903498051,9.4513759381645,8.58552682742558,6.31013458339941,6.37260919760917,6.38446698197651,6.01756045421045,9.43424077681453,9.22192804268002,9.28080796522272,11.829631271915,12.1966750958792,8.76516382124604,14.5710697779344,9.73149413793399,12.3337037322393,9.21532023012483,9.24335980202921,11.408313293464,5.05017860540884,11.0291868557988,12.1621962914713,8.60504719005449,9.97273032798865,12.2157210111467,12.2593764683965,5.93006527643372,10.2336775078001,9.3039799162023
2014-03-28,12.9719627639782,8.79982540981592,7.87744804518946,5.90258137903528,11.8486976280591,8.18495233775219,6.84342398524691,7.03115126901889,7.38305930028817,7.09786804238943,7.03424269991377,9.45570118498,8.47436130121381,9.3912654710089,10.5857054073598,10.0287491765853,8.57531745129235,12.1103153735532,9.23846395107694,11.8400864255804,9.04815191620986,8.16712869815892,8.96083487115495,7.07606588854555,9.18725114870746,10.5408254327339,6.94699787827884,7.6596304817074,11.8033280252201,11.7214416130189,6.71290179321272,8.97983218836703,8.34863163969086
2014-03-29,18.1139903624175,16.4639623256479,12.6751634387923,9.02344445496954,14.908902888106,12.2427747530601,10.8136054249627,10.4301095129559,9.15866011062158,10.385750445743,9.11112295431852,12.581744213555,11.7931319317687,12.3840299313441,14.9522028020976,16.5696655939762,12.2713973267832,17.5581760381054,12.4093201653264,14.6904701184042,12.5193465332285,11.5669420139842,16.7170377685618,5.84364033407135,16.6588750514087,14.8866424385414,10.9050362125137,15.1665886069536,14.2435634657774,14.4033689823297,10.0671679315537,12.2505930384531,11.9115053611952
2014-03-30,18.7790156636406,15.8916776838018,15.78245680032,14.4230703579727,16.6086808055177,16.5155938839012,14.7597362364354,15.1923239010918,13.4017931293942,15.1945715880004,13.4978634348203,18.590120731822,16.781277051621,19.4352071348271,17.3397650238972,16.4324050153072,16.3705181631482,18.2575000527849,16.7748354353619,16.9635545706157,17.6603210361212,15.7994372353011,16.0957930414847,9.45722533305637,19.7725027427141,16.3225195832944,15.0859426718135,16.2683680164633,16.6258588061344,16.7748543478267,14.9697403440104,15.387144191314,16.767842994326
2014-03-31,7.51057292222174,6.19768271392921,7.44431842948221,4.68554823985557,7.77062595468361,7.82298460890977,7.2326968563974,5.32109019950649,7.47312475292725,6.176480812683,6.62756192500879,8.12052939195664,7.75459538563629,8.4080614226431,6.6780602915167,6.65762803264909,7.10138347272501,7.1389210753557,7.7268381843759,7.57402713431154,7.74843216875931,7.53450444758345,6.21169765474855,8.66759527621593,8.89551561291541,7.33279389829084,7.35201281385659,6.82484157826462,7.90777786997374,7.85780321745902,5.54095598337526,7.50366136685359,7.82791546546272
2014-04-01,9.82161369161659,7.17023281258329,8.07748528329236,4.4575193173781,7.15606764478374,8.58895992945358,8.20488312632823,5.34484517362133,6.84282074267396,6.10651584849115,6.21349563595449,9.06022296493545,8.57734659975459,9.90006119743758,7.93541774748419,7.44538097890637,7.16053150491526,9.2149266383243,7.96342769002315,6.98746351545111,8.37325126975134,8.10804415448879,7.40572391231005,6.79300391162844,9.71041665775716,7.4976335100999,8.37833992799832,7.85521408207942,6.86140621340772,7.07244528190277,5.61283999159612,7.57320099232061,8.71029697023806
2014-04-02,10.8781888995282,7.59861691007669,7.57465029991851,4.40504838641436,7.64556282762685,8.11891386049649,8.0630290583052,5.36211819595729,6.36340929577255,5.81388342045377,5.94752082965617,9.12384058945011,8.60523795807325,10.0616113862829,8.52698925249451,7.99083285828939,6.93322753908816,10.1869273834114,7.98155097795528,7.43915825699981,8.28039572296732,8.10333629701105,7.93782629762271,6.1948278273354,6.97033672105924,7.88523074815025,8.16714960924831,7.23195232799867,7.20686162465942,7.42258643671985,5.48262732411202,7.7032788466597,8.57189481622813
2014-04-03,10.2676419160343,7.08885189405129,6.8535088898359,4.63780360289145,7.44485740541761,7.34542584582218,6.84504980136639,5.41342254301574,6.93976564652075,5.78022875054506,6.52408250651437,8.60184103390802,7.78772570846988,9.51956467050003,8.19735889049395,7.54167643548574,6.37728586640075,9.58888902438252,7.35642365754329,7.32921576353397,7.67918456686283,7.18589003439309,7.28786767845965,8.13685060774747,7.17532332894982,7.5264408838075,6.9816065245904,6.77509836706513,7.02783475967945,7.19425902902455,5.54676270648134,6.92810395555616,7.7622462859892
2014-04-04,10.0282551552822,7.79557786062298,6.19910761649418,4.28920010187185,6.7506156214395,6.57743083396758,5.31542008190024,5.1847621966024,6.31955677909122,5.75696639342044,5.84032172004858,8.58596673294008,6.98630562548843,9.48384577172312,8.01506388070642,7.91819884101865,6.37290104146599,9.48754901119434,6.80030968151063,6.87978377977465,7.69016314856101,6.06120911573213,7.94723689505562,6.10631707521615,8.77534610349187,7.09219543970448,5.54423551942394,7.45835139455046,6.35370164554627,6.60616272059314,5.37652398754723,5.64459968748315,6.93074026619053
2014-04-05,12.5982913209891,11.3482631286953,7.06944725035561,5.87978508030415,7.09344295111075,6.71664778953077,5.17431178082162,6.70716152849173,6.73743549278653,6.79786528906412,6.75966863997161,8.16259424040292,6.56340512787549,8.7848194888808,10.062351297724,10.7826330884323,6.80390789908065,12.1617178451194,6.5098127413357,7.2993875475534,7.62332114058228,5.70318811806867,11.4469825590623,5.77567539831646,11.942071107812,8.36552727775277,5.37902291552799,10.6250231753857,6.10206339701173,6.55997118749168,6.82297520876092,5.4206953835313,6.65947398352476
2014-04-06,20.9273317249381,17.3099630123184,9.23095927315518,11.9465474837895,8.72239603964641,8.64183370682839,5.40652078338127,12.2346757031435,7.7447184545155,9.98579688057647,9.89443465491916,10.7988086607802,7.87813570618223,12.412618367598,16.8905046860372,16.2675244846574,7.89548450827027,20.3114573022941,7.39849742230236,9.58314150298882,9.36728978058902,6.16476247860625,17.6962567264629,5.0597669775018,20.4122838284817,11.3315518739724,5.8795643125905,16.3265482539171,6.44818918998516,7.38963880359024,11.7551228443554,5.6128271113466,8.32953098280103
2014-04-07,8.5753718347635,7.00559945124446,6.45042763287027,5.54783071833107,7.184390431286,7.3000696560955,6.12052944971958,6.09747229787484,7.24905490201954,6.64535689092963,6.77156732803104,10.4371495514893,8.4134362503209,11.8553700215148,7.5823219379738,7.24938768427228,7.06426886625251,8.20705327552626,8.00475301604938,7.31732186926175,8.98096385423772,7.16936972553802,7.04018342441495,7.43975655422574,7.05735494495524,7.16450399456292,6.37708074517265,6.70672651388383,7.12554201041088,7.23292788502891,6.27425143670575,6.47413496833848,8.17607798553495
2014-04-08,5.15725752543897,4.67142422470584,6.87513229498325,3.40248590848879,6.21283624468852,7.58445330037106,7.61591443875555,3.91368469726762,6.84590386759309,5.01756081412746,5.80003176942283,8.58330917963774,8.16403493225708,9.66915970338731,4.69982112741401,4.93873010394579,5.98539633991249,4.83177279359073,7.44356517362655,5.69390461242891,7.54343794179051,7.66969186486371,4.54009707824894,8.89919932453002,5.55790296583907,6.08299252070936,7.7183190756655,5.4353393115711,6.32382203619922,6.24224596259238,4.2875485243212,7.13208341396645,8.13399637938305
2014-04-09,6.61155316596229,5.64165514133895,5.69724881115739,4.15786525487446,6.05266150762286,6.2714098511761,5.79107638974779,4.54453510658061,5.77188474043685,4.8677881834446,5.40353926323142,7.99554695552735,6.99968722595441,9.13414041682282,5.74871046430335,5.82931593336902,5.2928412608504,6.30735647106397,6.48763650528799,5.82412285009899,6.82015088984708,6.26436651170971,5.62776642685073,6.87315065096412,5.17064853522919,6.03174646976295,5.9232538961549,5.47170059725471,5.88153116935542,5.89558218984715,4.64172276093331,5.87588727584455,6.90334488502841
2014-04-10,12.1264364578229,9.74250073295285,8.16493522234505,10.4653095732112,8.16362180892102,8.3205223500089,7.54604387074637,10.1433464297253,8.19029655599601,8.76676375662728,9.356189942674,8.7080501614278,8.10845887189156,9.42805934302682,11.0805218021687,9.77317150332955,7.46576548422967,11.9716355523241,7.72575820396384,8.5440961661751,8.02068009552053,7.64613399869096,10.1333389109053,8.50659947437392,10.8676996732982,8.6034544945148,7.70359443258686,9.44130658040546,7.48666059666889,7.7326978117879,9.81743524864224,7.50524661258246,8.29972385052565
2014-04-11,6.49583568462291,4.73760318233805,4.79885879862369,4.1475792735118,4.92635173425497,5.42734968707362,4.77733025021262,4.44654332185237,5.50587018376689,4.67196555282815,5.27261908164833,7.06311259637162,5.98445935636949,8.11336179865727,5.61121837911056,4.98217403613811,4.69796248575977,6.18580244855412,5.51543030835829,4.98955891722139,6.02939294857947,5.23046957298419,4.87799912506485,6.59621007792036,5.38219212593337,4.97004139558859,4.95606667830312,4.74126560066094,4.76742108057568,4.87101075247847,4.58149325363981,4.74550652894349,5.92664875205546
2014-04-12,6.43894394705887,5.23161189924209,5.67644750479888,4.02277216802595,6.03884427460384,6.2788079754506,5.67712986977296,4.53750224277273,5.59899454288949,5.11620301767671,5.08023277890291,7.97174235172867,6.91565102568753,8.82722797730629,5.69916961766511,5.5246765467331,5.84132594670976,6.11222631279698,6.62259224620384,5.97909409667998,7.08988020077437,6.23451368399443,5.23566930056193,5.58998998057359,5.79491281863384,5.8831611695914,5.82880499923163,5.31184582383095,6.08764948194968,6.11314722645891,4.67816493801356,5.82178510278747,6.79404159531885
2014-04-13,7.36988120399898,5.92900895995645,7.1276616822056,4.76513848285987,7.11581494029136,8.13188299708149,7.50643638083877,5.1864076091404,6.07502865810568,5.43649694665706,5.75710208844381,10.1125246707793,8.95284152382251,11.7896234943788,6.45143640811623,6.30184291172937,6.2016369005909,7.01767194132792,8.08186427592753,6.77475642437992,8.40832164221702,7.99308501713212,6.01151522165744,6.73597644412182,6.8070088441248,6.9094677886894,7.72528483781625,6.24333249566364,7.01686682658277,6.98930389222026,5.20719327557917,7.36755910984318,8.91913335777629
2014-04-14,5.33232065257501,4.61256382086543,5.57726056864605,4.04956011453969,6.36748689600993,6.67565290707309,5.48721774428978,4.46839699512026,6.14697569882765,5.179006046537,5.43786719234035,9.48179981918862,7.70219369392114,10.9169207075283,5.07398647422734,5.05607130436479,5.88563022313325,5.1475023094908,7.29623743675103,6.30201049136558,7.90895557895942,6.57280381058793,4.62366777084877,7.0424407049691,6.02404463574171,5.73540232195798,5.75747555958846,4.85353414031468,6.68456536111426,6.57735438190574,4.62384662521582,5.9786199784697,7.52261429550432
2014-04-15,8.85403050364361,7.76084655636794,6.28676555634882,5.93644424989388,8.22100929206931,6.98942463358493,5.2183263155102,6.40720490001463,6.57416026844432,6.45061884899249,6.42386293727453,10.0238577039778,7.86544875638513,11.2195276329408,7.89067895733168,8.09050208376246,6.86468162117523,8.60999890059924,7.85437835549018,8.34080889164716,8.57487045680782,6.66717152119299,7.80856550181317,6.43623701918546,8.24706359799265,7.74228646892136,5.49058937967544,7.11160383981879,8.17068733895619,8.1586962247082,6.28836286791025,6.44219737271449,7.68826075395875
2014-04-16,8.21758304814882,7.6505068376196,7.30743204408367,5.82112045829622,7.21365716998056,7.82527729284928,6.67749188070834,6.14457712418673,7.35020055193544,6.37938275601368,7.06505628315541,9.28876076743637,8.05771833086157,10.4817775235601,7.33705809079037,7.66447322318419,6.50612945590205,8.03541164173187,7.57779818495387,7.08037729482076,8.05712034898124,7.20900743690198,7.70820994143198,8.68839839828341,9.73024084694216,7.31709183188361,6.91198452296582,7.96507400097191,6.96085578779725,7.01411568356272,6.25119623184477,6.79446218296401,8.14966080159869
2014-04-17,4.27520607177741,3.8444331047124,4.92275547879418,4.10739594084533,4.56034500488351,5.28967284630319,5.07400199774885,4.15478440342562,5.111716855049,4.38177356236777,4.86599543412629,5.60999724326376,5.3729067719769,6.12247016829091,4.22485290704685,4.00460820386301,4.45187112397564,4.18690351454882,5.05655289692611,4.45243749163816,5.10591651736941,5.12560039999394,3.85505458348629,6.23930404571861,5.3251065137979,4.44062260474907,5.16164325152348,4.38482836050563,4.61238867305925,4.57960393975073,4.26016917393544,4.89241917608087,5.43053492634383
2014-04-18,6.32823107693461,4.69146201575826,5.04932870856806,3.06687019333975,4.93938734319764,5.87338419829135,5.16831614713023,3.62381217428571,5.63447051500407,4.32371934425012,4.99255944504183,8.14673594489615,6.73342723933593,9.61439084991919,5.2039734861569,4.9084942191714,4.78391276497013,5.9092919782954,6.02807191687703,4.82653349411887,6.72639221322148,5.71471316480559,4.74330032788984,6.9920619016485,5.18526088355864,5.08243932970732,5.38593766451779,4.81849486806834,4.7778202878269,4.8837511491196,3.91244881273601,4.98110314121862,6.62387587483842
2014-04-19,9.069232238176,5.87705256767408,5.19990254764028,4.67123707767141,6.06520542409629,6.50123014411666,4.66775944403682,5.30476639676918,6.09791769765766,5.62975281381093,5.82295927794604,10.8789285012383,7.94906068964565,13.058292026734,7.49150595567654,6.31944517121861,5.8631841385876,8.47629154757142,7.23876572261866,6.39819315247691,8.67268690612908,6.1068091671333,6.03781645211103,6.13735336374609,6.89376116659009,6.10947228998282,5.08065401687229,5.61923014166924,5.85285362246562,6.06948575935098,5.43619409567407,5.05409147403832,7.69021544226347
2014-04-20,8.66811579976998,6.86923644768338,7.05624175921955,6.30219592649417,7.28634346814985,8.91589098156372,6.82883893177492,6.6636874190494,7.25851209333631,6.89704600294116,7.04484264454242,14.1958171610081,10.7569703578919,17.3091622316297,7.83183634157304,7.18059374686761,7.14529415711126,8.37771612487443,9.50670705687232,7.42988405273934,11.0558359907435,8.43459912231336,7.04752515720231,7.42410593326266,8.52345067401281,7.1783929204264,7.35622678252098,7.04333994492816,7.2444422781816,7.33499264719023,6.74376320321634,6.94168502585988,10.5088912314701
2014-04-21,4.91061459022356,4.29645753705995,4.86698540883089,3.50010308933245,5.19668607679124,5.89421012074456,4.77694620531107,3.91591758509921,5.63417702796715,4.68703277500886,4.93458586311133,8.72030640644167,6.90464809020188,10.1749862168337,4.57741710448817,4.55603269286987,5.2255410484087,4.75218835457535,6.41890847449343,5.20725247734206,7.21337450268739,5.739457341269,4.33860709400324,6.40491035096449,5.48671583382345,4.88246265357378,5.04896443523023,4.51604105767753,5.41747842246989,5.39701691357739,4.15346277148739,4.99661448951858,6.72518413878301
2014-04-22,5.09819475562654,5.06956829974882,4.90097609101863,3.07058050913466,4.82442442355193,5.58375320372707,4.3934552270414,3.57833280977246,5.44556998046001,4.45247718932539,4.69056779901158,7.93082534086496,6.24524188576415,9.16418308501708,4.53997865812386,5.04577141714681,4.97547727970385,4.95169383950388,5.84646058531413,4.78214852889634,6.68797799033172,5.19017950678818,5.03444007919895,6.11668001904569,6.64362337846542,4.88360844265362,4.64792841188556,5.37087607693977,4.85811295902362,4.90467598947182,3.87974749501919,4.51830894660431,6.15697282582888
2014-04-23,7.21813856087642,5.54965376833359,4.63973212106143,3.75290215770865,5.01346683291929,5.2082813627632,4.39689089215752,4.32814348496475,5.73524554627686,4.93312341500822,5.23704572388782,7.34170406382279,5.91635150073304,8.25864537470256,6.02591803653702,5.68161754167844,5.20526966024926,6.90338756091149,5.63389293002991,5.21676313487384,6.46025353267215,5.05258241379251,5.75058377218229,6.19527555890074,5.46811057376706,5.17814454824255,4.58621298367117,5.15885728928479,4.87576945690655,5.05809199442728,4.58550528093677,4.50051911744263,5.755964237704
2014-04-24,4.79776798954773,4.86085541258201,4.52084540236697,3.3827433929991,4.01339010719821,5.04704656459809,4.49756185001975,3.73426488173659,5.4126121602321,4.5139784446294,4.79717362451384,6.99874638415101,5.75653131077185,8.02452122768924,4.38866779650294,4.68439662184388,4.73267095473543,4.72176041209435,5.28212581623175,4.02895135754229,6.071284525819,4.92682421066199,4.87882243442483,6.08054105109876,4.8140285386446,4.35574225930446,4.66234680781623,4.89767644016234,3.97987414922491,4.09008843843898,4.0796400667017,4.20671560107229,5.62011568157604
2014-04-25,4.74617869458322,3.5692196947116,4.62023797946114,3.61263271250073,5.17862660010722,5.60400730102136,4.90864901656073,3.91333769687471,5.08869189490985,4.3793727392865,4.62044192262054,8.01534673662143,6.63117018779637,9.31908335874146,4.45147646148016,4.00645120349998,4.88005684421156,4.50696834150452,6.14204375017485,5.13547440070142,6.64289613636722,5.69217094514407,3.59618952482388,5.78922397007101,3.95639269509553,4.73594759682415,5.10932485343696,3.66874628632464,5.3854127405655,5.32835403526469,4.02482224665384,5.11182670115686,6.43795506106562
2014-04-26,6.23792032791874,4.64862841957155,4.34957726764135,6.86284775059171,5.83769479325428,4.51689069781035,3.92043444462953,6.88774255160946,6.29632898606481,7.01337919189448,6.28961214738981,5.71061582192795,4.88342498291951,5.1617779500867,6.5970370171272,5.10875810778916,6.77894521541671,6.13564628575474,5.62288889623553,6.61744762881144,6.1665633398364,4.71214994643413,4.70735890271958,4.82245769007088,5.00996724072973,5.31147730183942,3.97752031087921,4.27312606782431,6.31174339511679,6.36322673706957,6.89873620998142,4.74845673953258,4.60364991968981
2014-04-27,7.96596620183967,5.00045470027458,5.45303640022762,4.49002504815974,7.06588144870805,6.14735496877341,4.96769188353931,5.13482587160091,5.5159749541692,5.46244990327369,5.16740422487126,7.92629234606647,6.62344468763184,8.46072616046642,6.85852457034421,5.7968954153739,6.27334265290638,7.43702311291851,6.77590279093358,7.30469803158167,7.21634900763505,5.95784502342382,5.13859872116542,4.85151660929961,7.0361103089916,6.35353864957663,5.17451837254084,4.98173920138147,7.24635426754464,7.2609850915851,5.0996261608943,5.8535186671011,6.50155545322548
2014-04-28,5.43648068764428,3.7552356571385,4.87835477327723,3.43830974417321,5.08215178479433,5.68513336132318,4.9715435926918,3.82870653069005,5.26744026320915,4.33623158409388,4.76646634304273,7.31936200100938,6.25418190259201,8.37078794511751,4.79510714382419,4.19527274116505,4.79617677523374,5.10534421771923,5.82196054458605,5.05388956695841,6.23760429637724,5.51378384425711,3.83756412128916,6.25407701366334,5.43745759639496,4.78096347647427,5.17084312748593,4.156336556809,5.17247294698588,5.17684546544958,3.99010594028073,5.03423012667133,6.1971782516001
2014-04-29,6.20180759955073,4.0731534645266,4.91901512653355,3.11891190583795,5.31111273730766,5.53793691042528,5.05453974198489,3.6828464015714,4.64087880619578,4.15509696220881,4.19396209426219,6.71351292200951,5.96612793594251,7.41832217175205,5.18042685392569,4.55789510408665,4.92642532109255,5.77223614368596,5.68856022923069,5.28008446409166,5.98600222006997,5.4563169715346,4.20636296621128,4.69061799081135,5.21071125933101,5.04325485606572,5.19676439054769,4.24610492339658,5.3398708271746,5.38250394252619,3.78319159788893,5.14762381200059,5.90872769944188
2014-04-30,5.59169048751291,4.3821674428201,4.75948152211087,3.57201691221752,5.58067489127772,5.47686107574545,4.5237911662266,3.99884451296802,5.08022736454409,4.44308810815062,4.61878860445654,7.2979082518211,6.06273732590225,8.18112697215594,4.98790346144867,4.7912816358063,5.00465301427342,5.35329614750059,5.88212380121246,5.59476207999352,6.2995800054213,5.31467509853356,4.47331935933534,5.56800500349323,5.65128296110319,5.11332130565906,4.72048747725584,4.43682451601713,5.72364067009393,5.69113074257962,4.07694114126806,5.00544248091751,5.96577179557105
2014-05-01,2.76800935942108,2.16309606797007,3.6140295969782,2.36494021970166,2.98101635863847,5.09666484306555,3.94611015509263,2.51645244274151,5.24003186614473,3.29625565934916,4.50157738022301,8.6579113622924,6.45730893189074,11.0776435527262,2.6802540226103,2.34569826951154,3.26065859180178,2.63635824661943,5.28511254305051,2.88735623056011,6.28275330956842,4.83771087948576,2.19080178036228,8.03890158264228,3.82231540699067,2.90367699994393,4.31355347048191,2.85276777100091,3.10077266316872,3.09231586504863,2.9058044106207,3.5745908976834,6.30799311137117
2014-05-02,1.56962941929728,2.33703636111563,3.53519440003365,1.21978257743752,2.31333423870213,4.10123859989478,4.71488140005463,1.3887600039968,4.0600011580039,2.20685652608103,3.29008907655498,4.29884262344526,4.49693012798449,5.11682039600004,1.49269752902478,2.21431848195635,2.57169401705179,1.7347678958918,3.70602985190254,1.89328916252329,3.62016372779499,4.32037854598422,2.6052073882229,6.65101834707308,1.4702371396125,2.35487766004718,4.74066970085006,2.53825478233631,2.39111703400877,2.34396866653218,1.76835701234605,3.80131428747404,4.50490371869058
2014-05-03,4.0925565371514,5.46842601160753,6.4967433756285,3.76876606679706,4.66111704601044,6.99596100348276,7.72782328507466,4.02441022392069,5.53811784945544,4.85422797691773,4.88526129939115,6.69765670334907,7.1287169963815,7.2466126936571,4.08311081100438,5.14802988388479,5.64792140643115,4.44606246701845,6.39140286780547,4.32281072532884,6.37314515973491,7.11137949904024,5.92849552878738,5.86153440214375,5.09653945465315,4.8223517080045,7.75141446393244,5.78547016319353,4.83609072046962,4.83761411472606,4.34543341185161,6.51109984542199,7.18664885286644
2014-05-04,5.28574733819598,5.08165483072609,7.52488994971625,3.75147084021376,5.79789020508475,8.32298258198494,9.00132522694833,4.11661974606324,5.73744461305265,4.78249125845415,5.12700774876258,8.23855446852175,8.60138190890182,9.35055592558013,4.78178599575276,5.17401470990991,5.85384071516201,5.23332243994641,7.50431456771127,5.19877524243457,7.30882550882273,8.40164787325883,5.39365243616459,6.6477100104813,5.66414178223533,5.8047211567403,9.06880344828351,5.85301251720339,5.83586122141048,5.79215471543095,4.33933001001439,7.7534653867853,8.71624303500105
2014-05-05,2.08202669685006,4.74009148962177,4.24340274596719,1.77078130641744,2.74251003287131,4.56509841395416,5.50173879103779,1.92264238101481,4.16633065977925,2.64636918057933,3.50302436433079,3.87288536276689,4.6220141646924,4.29364128903164,2.00227920370654,4.13060047161803,3.08807006278276,2.7864307466314,3.92892180638023,2.28609949475784,3.62609950212962,4.78306599999124,5.46760572614176,6.22997393843111,2.29443682998271,2.87031696957295,5.46233985827871,4.20565556178436,2.78656321872912,2.75064949608205,2.25841473098046,4.42679641536726,4.70366688313242
2014-05-06,4.87995690100335,4.00133228425429,3.85645893805564,2.56332269053619,4.3220638855076,4.35050328041298,3.87627768456207,3.03814503577177,4.97257749743361,3.74908679139647,4.3030748942278,5.48375469548617,4.75340633829795,5.97657132987113,4.15925484343284,4.21947783380656,4.17305772189027,4.76005637651858,4.63525401094216,4.36294866865376,4.96014060021139,4.31291010656244,4.26059657002187,6.24896332052253,4.21316363639168,4.06125332171721,3.9953354145564,3.76462348040864,4.42074708344565,4.45180058810161,3.29056709314039,4.06132371379066,4.66518559641753
2014-05-07,3.77271123530046,3.7494397093976,4.5563266861245,2.59197698810836,3.98054418674285,5.18497028585182,5.08249907885141,2.90258874898364,5.07147691910946,3.66613887162515,4.36815501699501,6.27937847613479,5.71998707433553,7.2398574482228,3.4348971093635,3.77960350117544,4.09747022848881,3.72605909691232,5.11757718655024,3.74269804551225,5.38422336905414,5.19970176628729,3.87444716341467,6.76650123999942,3.86653342263524,3.97092675992294,5.19605594545004,3.98037400146285,4.03974801343819,4.03186718850124,3.21327082917201,4.65597037694328,5.67338986421192
2014-05-08,3.95883956457569,3.50159508030675,5.03935978189945,3.07614879743654,4.16787291199249,5.91320594507773,5.67316147126142,3.32670989124266,4.94559572045376,3.95028399848891,4.38974842353627,7.38235480125875,6.57739583690613,8.717318547196,3.7082503068343,3.63189719499551,4.42569173166457,3.83429573679599,5.74829628219995,3.93869786967275,6.13828929792108,5.84277857463783,3.58600365665009,6.04652802447419,4.50550276846484,4.15909478148926,5.84717972291071,4.1100345293587,4.24985812318704,4.24344463990357,3.57525245694814,5.08205874182223,6.5415211010796
2014-05-09,2.10429546726767,2.76128383391406,3.9181167080839,2.37570755507606,3.12586978440868,4.38628511154028,4.34538612670324,2.48479910532657,4.18382979894717,3.12427362669481,3.60720769367005,4.99365563083114,4.68927767609717,5.69103996312074,2.30019422993027,2.71992985704262,3.43105753224709,2.17138234116887,4.2117900440155,2.88890582171918,4.35425953206235,4.35209884903192,2.76466753653411,5.51451096983789,3.54012884850137,3.08923750582721,4.43013799273679,3.30127479644101,3.28178740716804,3.22150338118719,2.74075911254546,3.91184591914634,4.69192706231077
2014-05-10,1.89877348603901,2.52084195085319,3.16685691481699,1.40529807147758,2.21133083626098,3.51258547769197,3.54663229443525,1.54274700319892,2.97703759213753,1.99558508400278,2.55199089862839,3.65842575483173,3.59091699429028,4.30322480098546,1.74702070273527,2.3769503031803,2.26769128012581,1.99240918082575,3.06200867990136,1.92279076046089,3.09298924073224,3.36383823114403,2.65362952453161,4.29324242343094,3.16467918576885,2.3205087357657,3.61677310386184,2.91584527195658,2.18859613170959,2.17163015567822,1.74536955199164,3.00493881343515,3.67814574017458
2014-05-11,4.03846568558593,3.44692046904288,3.71123401987739,5.18576859645726,4.43363788232226,4.16540591780854,3.43953831778658,5.15741288156691,5.3101801952482,5.44861264533127,5.11969032621997,5.53829072002775,4.56921031909885,5.59715644442934,4.58903000787778,3.74311671474768,5.28768950066249,4.1048304184347,4.8744689205081,4.95963689309173,5.41566309770302,4.15936761465463,3.54567620994964,4.82039034353078,4.70527686042741,3.94017020685039,3.57059162626374,3.51015550712771,4.91256440143583,4.9024576174663,5.24944826548627,3.92370401437784,4.38610447594402
2014-05-12,4.10221724196696,3.35990210336756,4.22854028492091,3.40033764678504,4.14382826045928,4.74642781001334,4.3323986144012,3.71943726713303,5.14780034275597,4.50589182768398,4.5124624903266,5.86078229515923,5.1272604819008,6.24707456834884,4.01918961284451,3.58965019512142,4.89808846514411,3.98234389232581,5.03187668599575,4.31128782263598,5.50796247139357,4.70458283883286,3.43816965883095,5.38867757085198,4.71246819789751,3.94152873221117,4.4594719940589,3.7368573971302,4.44578330280675,4.47282643859583,4.00063108268271,4.28131687874452,5.0200378163065
2014-05-13,4.20656346746258,3.62309899694805,4.22199442057705,2.75472628670222,4.43498384917975,4.70178618412537,4.16435886671993,3.13187214108066,4.73620501643803,3.78042042765131,4.1226376822777,5.57831540204023,4.94579121215518,6.0592075319242,3.82003669927318,3.8695218750786,4.28220932288445,4.08539072058256,4.81919580458202,4.39704004902695,5.05293221082513,4.5519506823784,3.7321184326807,5.66368712084183,5.01724212837024,4.11235940605515,4.29230882173762,3.87954742525638,4.60879140785132,4.58116252681014,3.32945370666428,4.32018877652001,4.92175695994869
2014-05-14,3.80800524561012,3.31866886023499,4.5676598130341,2.89113213264521,4.38647999202114,5.00977556398231,5.1921311750368,3.1757052995822,4.87499700895832,3.81780878207121,4.26790392047896,5.45319516234091,5.36481283526894,5.89788040905478,3.58272898302909,3.55124175626694,4.35609883489391,3.67607703270194,5.04036041801358,4.18079120617214,5.03214591567071,5.19627328280074,3.38297714088265,6.0681493464135,3.35290609789708,4.16247584215821,5.22743298405122,3.54600558473542,4.5443069566068,4.49438528306966,3.39376693144174,4.94247500933642,5.31130635138839
2014-05-15,3.76752167099934,3.53985218458583,4.84357974195195,2.49239902622942,4.30199085218707,5.38467820530333,5.59385265967552,2.85000878575692,4.48194240617017,3.54164314089565,3.84690393003954,5.91369820790856,5.78511247805073,6.60090325591887,3.41869984691061,3.68112604431694,4.30270383397091,3.66699115623206,5.25973167128831,3.98662297559292,5.28723369948557,5.52369924443437,3.65488203954759,5.35437716877698,3.58019141876685,4.17778135313782,5.65072378691553,3.83797908497971,4.41503081537607,4.37381510769048,3.07077244593827,5.13075396987656,5.7569365647964
2014-05-16,3.40004507709321,3.46534905685574,4.83351237479295,2.77911540219418,4.37445171863718,5.58401810412142,5.48214919273754,3.05786989143138,4.47150264303154,3.70272413724669,3.8806150250055,6.80142200383117,6.21704560763116,7.82191897590798,3.30623807933168,3.60445388326619,4.42094041686388,3.3633976182978,5.60719548806556,4.09433290705213,5.81305023171949,5.67501794281426,3.54257549122176,5.13790793156591,3.7918535962147,4.16127871966594,5.60167350249261,3.83451306177693,4.56873496620317,4.49496234960407,3.24582178685824,5.12571128354835,6.14698829676502
2014-05-17,3.30594831799457,2.77103165196013,3.79430178047297,2.39476054120741,3.70132958480645,4.44066805873343,4.3012893510397,2.72842361565549,4.77020183736438,3.57332826470355,4.01842403714826,5.66404527492883,5.0437113092846,6.33526070470436,3.12685341436912,2.99920630708406,4.05009200106329,3.2055016998621,4.7062068225788,3.65312400919463,5.02240602176305,4.58726399453983,2.88605848239394,5.99425558569246,2.97331811100995,3.45647671649798,4.40508919559892,2.94414349804758,3.95115217649863,3.93182993564759,3.03863671946284,4.12421702202233,4.91428544343571
2014-05-18,4.91862865407324,4.18458117415808,4.64030722147145,2.8298484757588,5.22286222472586,5.50178958499845,4.7247141078794,3.37874284187772,5.29984721582144,4.24438131518146,4.49285844984556,7.52628390797584,6.26971863701891,8.49380791971644,4.36903336948007,4.51585118955376,5.03735032869136,4.78848548272349,5.99311349453902,5.19930646988339,6.48840976362626,5.48062763716446,4.3863246322111,6.09567185760479,4.85144002837215,4.73839885475637,4.92180888297476,4.14506096002181,5.49062156428827,5.45357429077228,3.61566870306127,5.0073910542636,6.11486667993684
2014-05-19,3.13389290869996,2.82226540981535,3.77500970523902,2.14993404843434,3.36297131924261,4.59680263315278,4.37772866324688,2.48721738117022,4.30400664896726,3.30290587062965,3.60439608441916,6.34894620125249,5.42494805134535,7.44998837514912,2.91355055055933,2.9414156494679,3.8410231264744,3.06059497307249,4.82384597076968,3.26181614791633,5.31803924826545,4.71141084044651,2.94917161071884,5.17767990647556,2.79945461737667,3.27224925569747,4.52642001725969,3.0100133625512,3.55057153406172,3.55397594434461,2.79045276835383,4.00393009143879,5.27645002052377
2014-05-20,2.8757199467271,2.54824541575399,3.08752557825718,2.38879604198823,2.99459205803922,3.63158960147383,3.45466571130492,2.6339669515176,4.18303189385126,3.35551801470971,3.58488399620251,5.02152292251031,4.27854784612353,5.62238276420413,2.83055893662536,2.66066007152276,3.6327407971572,2.81924839677422,4.01383786231076,3.06037624107854,4.46864564321757,3.78784365553626,2.61968417331553,4.88309269324543,2.35000840116948,2.89963732319794,3.5515535445589,2.58553138475217,3.21268779269599,3.23160441165901,2.91808616657035,3.29796786427729,4.11073197335012
2014-05-21,4.83994307383703,4.10063302321526,5.6934550267835,6.15564738192053,5.43049415323044,6.80188196868649,5.86306714559552,6.07262813726271,7.25124979837726,6.53291161819632,6.874966621562,9.2037515576348,7.64504360849645,10.5051147117534,5.40087033820732,4.41657728724126,6.31656883171127,4.84300204774006,7.13538564732348,5.71959838179637,7.91776926216909,6.61900536755429,4.17936212534464,8.2414881834266,6.48652422052832,5.06518236960533,6.13900418448236,4.8426379392243,5.84663731264405,5.82077686769432,6.2994504134853,5.76373260635781,7.50490547759626
2014-05-22,3.08271330467785,3.03817846649746,3.48252914822684,3.87440109816423,3.40958634328228,4.02055174597005,3.67154584047483,3.84150937822185,6.0688304484949,4.48675453780553,5.48755806198665,5.39618655115527,4.58468730695287,5.99900865134835,3.43404506324996,3.11242246286664,4.0697399380341,3.15801597340008,4.36158382156506,3.58773979163565,4.81619503115568,4.0692936947994,3.10998650416586,8.45298571817593,3.31196658200861,3.26389478297807,3.78838346755688,3.14874874033485,3.65246237650651,3.64937273894592,4.19830198001336,3.60723436250535,4.44785237929924
2014-05-23,3.53633192729803,3.33525658667577,3.66692839610107,2.57630746008821,3.64152586926296,4.15539961721072,3.95955022042377,2.90054627053397,4.85147940638203,3.71467175012562,4.14159289777532,5.25300814562911,4.64725188524708,5.73959093369837,3.33085919021707,3.43155812735432,4.06378051140526,3.51774102442278,4.44287953514341,3.66164104631169,4.79544741625966,4.24991303260251,3.4895556148809,5.98884857647286,3.27326039535328,3.48893424243203,4.05025493594231,3.30646048086866,3.84511570090141,3.85524986483632,3.21452228271448,3.86307758736498,4.52429589374629
2014-05-24,3.91163175408667,3.45030206244589,3.58563025661318,2.48895581227039,3.96996850784433,4.19848253631725,3.5931692822045,2.93812028100979,4.92594654480548,3.86631658580314,4.1207362867158,5.89490945335804,4.82680094442136,6.48566160728102,3.59813660168841,3.64043520223632,4.35498314905732,3.83947063959704,4.72816116301662,4.08993310467271,5.28416573663194,4.2154097326782,3.60016151078438,5.72776925258903,3.85321769977737,3.68228381096481,3.74250583201197,3.37991986783174,4.24654493641913,4.25891429609598,3.25598986941848,3.78584769777879,4.6547365495056
2014-05-25,3.69169844794264,2.8430282747429,3.52666924117445,2.4261379445759,3.78066713336298,4.10407975869679,3.83266944639602,2.80747506939089,4.04098186993255,3.48448603136267,3.46397144071407,5.55932148142767,4.76764470067492,6.15844030483355,3.39012721143057,3.11352376897406,4.06410572832533,3.50311086647752,4.5585040289933,3.80782925997544,4.96373520369918,4.26500359142106,2.89278941618368,4.18472724318623,2.83550017193859,3.55120162013764,3.93596805189009,2.86547866687779,3.99624360750512,4.00016247430098,3.01105360536002,3.85756189367725,4.59502644773169
2014-05-26,3.89017623382794,3.6235761127517,3.58026330740089,2.1229722185,3.81903924929825,4.0415945086307,3.70308784590662,2.54783580141872,4.29558986504481,3.26934475021202,3.63670200393905,5.26705587407977,4.55076747422657,5.85169519505838,3.38579409172498,3.72210965111257,3.7792000085216,3.81128571670721,4.34295656154492,3.75246711797134,4.671006287986,4.0863764282521,3.76042296322952,5.23971979146795,3.36281488177609,3.66795140407722,3.80215448839555,3.43833836811868,3.9153033522552,3.9224388207215,2.79035505011121,3.76938935586855,4.43914134278405
2014-05-27,3.38998610857719,3.9149996220921,3.5396876426645,1.9792709160875,3.52171025259163,4.02050935558466,3.71585582732742,2.32101965838614,4.06320123219598,2.96625519646151,3.45696528929016,5.19141974070068,4.51592622321486,5.93239253691305,2.98404384009517,3.8280050250121,3.40041780105723,3.49031520554491,4.16944458322902,3.36296841453313,4.45064721417411,4.02167882871911,4.13694376110226,5.27337138889835,3.29908691590818,3.43714389823605,3.81946759968348,3.63211860276998,3.57022260156666,3.55986146226088,2.55060260934295,3.65761663312138,4.44142247845829
2014-05-28,5.24641965694784,4.78663672639668,4.72927371768694,3.54509950284007,5.1510162337348,5.32519948521678,4.87797516694961,3.90278832152354,5.72799164761446,4.49585611614058,5.13752469200414,6.73076227175627,5.90474515414069,7.48924173332639,4.72414021783822,4.95637696986915,4.84518866750338,5.19525839586998,5.62847572383617,5.09916826411455,5.93001793013217,5.35021400305582,5.00635540655909,7.22722342618814,4.53944835339186,4.87585780874065,5.00372821626377,4.51542332929493,5.24126797002931,5.22979707402221,4.11334182411161,5.02545373115677,5.79841085877021
2014-05-29,3.17881640484023,3.25618901717783,4.53770806676145,3.13531781036528,3.75171088652648,5.42858234040759,4.98446221891432,3.32666883925803,4.96446779878865,4.07849630799098,4.3391226421803,7.33758620751619,6.21723454369423,8.63841217951402,3.28881405044792,3.30133879880494,4.4453446442913,3.16316098260203,5.51530828489819,3.66087271918119,6.1200760351191,5.36217516960544,3.28989908407458,5.79313383460445,4.29200285631921,3.72616153745746,5.18189620336591,3.84068639781775,3.96732838075769,3.95634685897924,3.6254202706802,4.52061992853402,6.11259075524925
2014-05-30,3.24360801442359,2.85397301157122,4.05428558107167,2.1871994015894,3.3471452169426,4.60760057912595,4.75829570755499,2.46716996913618,4.16987641370468,3.12741652251242,3.58536410161734,5.42972901221815,5.10700827318024,6.25691112098975,2.93414631581869,2.94342911773597,3.60381952790319,3.10441273302836,4.50403113792711,3.10895457324098,4.69947224005136,4.71806460764669,2.90898094231407,5.29967395477281,2.85008619478157,3.4020663521181,4.83286982072503,3.19059105098149,3.39337263325516,3.39900962479488,2.73303840458694,4.19911061812901,5.05602974031221
2014-05-31,3.43784442369136,3.25728541234339,3.36245398697354,2.57030372421324,3.68636964271358,3.86951847819488,3.19406135931338,2.91646179783004,4.51354564007986,3.70367920786705,3.83966030603054,5.44226883538217,4.39302096598989,5.96429117466216,3.31010972550481,3.38876915667194,4.07621767525163,3.39068849983662,4.34834180592611,3.81026622106859,4.89056033337489,3.81091955475998,3.31132304737551,5.05810434593424,4.00029066566945,3.45055313961182,3.3391935793577,3.3126433675477,3.94494049904327,3.94628163913747,3.18126650727071,3.43024088451816,4.24906674474937
2014-06-01,4.46432690258032,3.81651289406562,3.127009234107,2.79693591122746,4.18447652685156,3.77518391082682,2.58562199351531,3.27108285667122,4.6721228472551,4.0431493692132,4.01132938420401,6.15049660268799,4.49975706798344,6.77075765508937,4.07705299662853,4.04753045923017,4.43863750378005,4.39546955505627,4.62504401766049,4.51360769854378,5.43145755018335,3.65081831757317,3.9817023751714,4.79403978633313,4.52755702305554,3.77953759157895,2.79892117083527,3.49566733693255,4.48096907418099,4.51229662983577,3.49816314954546,3.25822602473664,4.27606935177172
2014-06-02,1.71721417669673,1.65446642717423,1.80465085528628,1.0553443059904,1.89652514869795,2.38453627996782,1.88879842268721,1.29022029941161,3.03908474030142,1.94550926048634,2.44825959643814,3.99954388560251,3.01934930959934,4.79175367930114,1.58947675767778,1.72342363496224,2.12171927741103,1.7037790344989,2.73038707470444,1.91407347955067,3.20339384277834,2.38403533175309,1.73284123294898,4.31057145642413,1.75728610646607,1.76010963795995,2.02684397753439,1.63885705740186,2.04817323824394,2.0455592377597,1.55229839078331,1.92059674620062,2.887516999428
2014-06-03,2.66340426428922,2.85583022887133,2.92485577528516,1.99886652133436,3.03620082018899,3.43134443463097,2.70841040360648,2.26676054290354,3.93877553260719,2.95313138376679,3.32200835544004,4.86829096248991,3.86314018799201,5.53496452578839,2.5674108462893,2.89873420109313,3.20923739021697,2.68307954413539,3.69988748471017,3.06347189649191,4.16959636188231,3.258381483079,2.91637138416539,4.96405648312134,3.86000524769257,2.85147432643483,2.86587257518715,3.00516317603347,3.21981697779604,3.20303604774745,2.51372307802206,2.87266254938131,3.78515443164202
2014-06-04,5.86803139390847,5.56603822609078,6.16743585341291,5.19119454941238,5.89424231639242,7.11522053182371,6.53482592907326,5.53224583487042,6.6638651534535,6.34050334146096,6.05271070145824,9.75224111280109,8.21703497549873,11.0173710231869,5.80411236359464,5.6498104733759,6.88429269134296,5.80660446000167,7.67305815930237,6.00310648614957,8.56325474529834,7.20041488357454,5.65007154023673,6.2682208429478,5.62910585170618,5.85232154891466,6.74506414781406,5.69847520592662,6.16710318223402,6.2124041811782,5.8106119044746,6.28985568653998,7.96660191729314
2014-06-05,2.77997447015934,2.66072289249764,3.48514619704743,2.40187918919219,2.86619405088635,3.91481833212092,3.82370827776146,2.66880548429934,4.02794201024478,3.46367195863652,3.41584540017029,4.71942608673022,4.2538847872506,5.10776029974542,2.79425472224709,2.6907530547834,3.86586803127631,2.75721977814956,4.0151681083589,2.92996962491917,4.43307625042015,3.93026847272127,2.74497356121485,4.14672012101432,3.41660661049128,2.88444256363363,3.91233629740015,3.04492073190284,3.10634854614955,3.14736746264008,2.97565407331344,3.43874184781767,4.16947534950722
2014-06-06,3.83581315001727,4.33835812277715,4.46921014476887,2.74060700271521,4.56583774785882,5.16303079846863,4.12686326102046,3.10829240945417,5.51610987023369,3.98546009360772,4.67978559957122,7.03339548815046,5.69806967979434,8.09989036288743,3.61622134624775,4.36545235151017,4.38679110247429,3.86364176406322,5.36898267664838,4.44723784371268,5.89966054454873,4.84719856177356,4.39004334881414,7.32395432940184,5.87136800312929,4.31563677307479,4.34886424218106,4.61118870201699,4.73475001612605,4.67914530453048,3.41387377864102,4.35554931996344,5.64737774821685
2014-06-07,3.42124822135275,3.4123745125064,4.43893194086963,3.28918629272835,3.42676666405012,5.44192797648099,4.7353937176125,3.51548245653886,6.85476592934372,4.74303305692864,5.8217105813615,7.84119728486637,6.32185791099685,9.29304081195723,3.51554305321472,3.38253404163157,4.67834254967028,3.42721638062247,5.58481293899198,3.50763131584658,6.52129928670751,5.2484379793073,3.50215468568357,9.48173272276419,4.93175614705083,3.53868325665785,4.99483869005625,4.06488219054725,3.66676890442593,3.72630278343425,4.11365838749695,4.18364139341253,6.18838214863388
2014-06-08,2.4521972875279,2.86791966589258,3.51659578753777,2.32014512922835,2.65317850596596,4.57368869234305,3.90811755648684,2.49123207747281,5.76380660499673,3.55658941557523,4.82484715794646,7.35993883432345,5.70515122267769,9.14232796414803,2.5028058559497,2.74866452795827,3.44917360947996,2.4974265446646,4.78745031767854,2.57639741234575,5.68273281144009,4.48521329363157,2.92020461724696,8.76616113898919,3.18225961507716,2.81223896590489,4.1615107692483,3.21756672173162,2.77380229189859,2.80182191583905,3.02754099033949,3.39095124830314,5.53744357757942
2014-06-09,2.27271063333942,2.76625714391055,2.18687936727075,2.03050589672477,2.59590291588078,2.69735364927516,2.06572120263651,2.28006235832621,4.84180593461232,3.26664898519735,3.98140219198089,4.63884345673162,3.43004915649263,5.19487768392402,2.36861564793287,2.72868411506977,3.24032517509695,2.40190119607013,3.40000513240197,2.79587986269361,4.06235130218616,2.77000317951203,2.87946559713265,6.69750853855586,2.30367432678463,2.41685054911285,2.20095232057135,2.43471536869957,2.88357516105924,2.89234982712131,2.69930068501944,2.32044905253148,3.20456621202314
2014-06-10,1.72184177224534,1.80510192880753,1.68254014399066,1.5356059530965,1.95183094935857,2.32367237286473,1.67601433547932,1.71020578247659,2.90124226476554,2.26756922332977,2.43249047645626,4.4166181954602,3.13819452963939,5.27700707985711,1.77885923851125,1.84803271256876,2.39002896600322,1.761294064435,2.8979684419059,2.08629703487739,3.54170225142519,2.36080000153158,1.87000184827365,3.44956319775162,1.63162775233454,1.79763444613102,1.83572975296813,1.65832125600043,2.16342017573897,2.16621937339219,1.9204377671106,1.82208618846909,2.93797631232917
2014-06-11,1.88153733993739,1.62171426427564,2.29636638313926,1.65500190926996,1.95593394497706,2.73827218091112,2.24385755376921,1.78629155017731,3.66528490803017,2.40398165094225,3.11081037530484,3.62204161905194,2.95917268119782,4.18192217636873,1.87450915424679,1.70760850194347,2.34536927630529,1.84072515931715,2.72103066054741,2.00919206765901,3.08735091294335,2.51767516290729,1.66054708883645,5.35249029165391,3.27021210630298,1.88497714484983,2.379670049581,2.1061152029174,2.09454763275905,2.10490160192733,2.08072497828417,2.12851106834116,2.95148811036061
2014-06-12,3.82037007428225,4.48366148624373,5.49357574643231,3.53526828354118,4.54042659320688,6.45622003676322,6.03397533717748,3.95075290011322,7.41462058524185,5.52471439132303,6.11666116702017,8.78024558958994,7.43804125938865,10.0043923903641,3.98904702777604,4.39414209701287,6.02111021436702,3.90940939067487,6.81095275590567,4.53476842677692,7.69437302802115,6.5026689494523,4.59445883192002,9.19157497512268,5.04149602229621,4.56144861912818,6.24197564153101,4.93798872959281,4.94182040918598,4.96412015155512,4.59658833069492,5.46715192380736,7.22862835615558
2014-06-13,3.04010617120206,3.40259639636593,3.12630994256867,2.21551310067105,3.03025784596077,3.88779693235168,2.64519721202131,2.51618515097247,4.70711954415134,3.37364389182536,3.95807298478194,6.17623721524458,4.49840264101586,7.32441556044471,2.89451969063091,3.34037478037091,3.46940679774208,3.1222195831798,4.16411672611827,3.15263630396771,5.01451460598968,3.47171021909598,3.5313803324433,6.18502714989372,5.17502566684234,2.94255527360491,2.9159260796489,3.6515768158864,3.20464024721231,3.23188884537338,2.87115835550888,2.78498746078043,4.41337225663179
2014-06-14,2.13782423064416,2.08525167720587,2.24681814785713,1.1972124197176,2.41374576725413,2.79661681582879,2.090342170108,1.50595240340339,3.24274131023056,2.20662799776065,2.60423629955483,4.16475955041574,3.20747790497847,4.81620955271992,1.94249616472637,2.19192757175525,2.52231675908262,2.13975366381744,3.04440850216245,2.44816088703215,3.4775662664994,2.62771292863475,2.20886849890929,4.31888226448792,3.1822980164416,2.16108224357476,2.2506325908287,2.22013783757486,2.6122886202463,2.59593796653794,1.75201878078476,2.25826741701603,3.13712486031541
2014-06-15,2.69997472684022,2.70727855079381,2.97126244171115,1.89005636674989,3.3184827910412,3.78274501649875,2.80748370451293,2.2579406616803,4.96095626110321,3.30230875203885,4.00867526350761,5.93755827952882,4.49774551167463,6.86849327192209,2.61985953426884,2.87156003107861,3.59948999209001,2.72749621562946,4.29149553073767,3.4157541734901,4.94979517402944,3.64030048927839,2.84706438758333,6.84961038874337,3.91161970118449,2.9201042461379,3.02946373523203,2.83273139320477,3.66020113180302,3.62394334847642,2.64663634529357,3.08955449364354,4.34558484790072
2014-06-16,2.35527142322212,2.46923903507972,2.4576845209916,1.71780392390963,2.7845062260109,3.08892626380888,2.3801889624059,1.99689043959609,3.25855652903414,2.61754535015974,2.71168730162802,4.7849517311502,3.68194716847091,5.50043405570231,2.28316982464802,2.5658383043395,2.99166736204995,2.42358700357365,3.52270929246585,2.86898541604135,4.02539121032158,3.02451233789487,2.63067999318725,3.69805942525801,2.98288458527945,2.47030514221986,2.54457265192409,2.41082092589958,3.04541475211499,3.01952944170514,2.18653712899605,2.60350654906742,3.54865580990096
2014-06-17,2.18570398675593,2.38785540612082,2.44571556659322,1.79790596431381,2.6777176887267,3.09179322844618,2.43270376772708,2.02350732624817,3.60349642909392,2.67624744316194,3.01672137978285,4.84058128005269,3.73413677527079,5.6322122647454,2.18756324292483,2.45881245192242,2.91152291677552,2.26266418941963,3.51008902098313,2.74016792115473,4.01534592786314,3.05158029244556,2.52111511833887,4.58574449358151,2.74830434195758,2.40645678814992,2.59461657768163,2.34988341046028,2.92190418707475,2.89296792969024,2.25660984696855,2.591476649775,3.59600776299139
2014-06-18,2.20001240859277,1.99112040880618,2.48343880485859,1.79105170458523,2.63341874226518,3.27656887581971,2.54213969967615,2.02732343226159,3.74991701212772,2.73979057575067,3.11914067571343,5.47960627515813,4.11956674342636,6.5400610508055,2.19703977847467,2.14438190580372,2.97148299791821,2.15432796671912,3.75821023181687,2.69489726049414,4.40153450121677,3.2513191797529,2.02501981535594,4.82026230570683,2.57219476603762,2.40357518879619,2.73622337626762,2.13352908777969,2.87635314983191,2.85748946914967,2.29367247587255,2.63228259953685,3.94451437574578
2014-06-19,1.55660815720572,1.37530442094243,1.84075640978122,1.41092026523203,1.90129238939668,2.52685433374045,1.67498935865693,1.54088719499384,3.1124776971348,2.07476811810568,2.61772201872132,4.427605463997,3.14933688956694,5.43263003478029,1.59750836392344,1.50053764571223,2.07549355379489,1.51296747734984,2.81587073997025,1.9618821397146,3.39216372607385,2.33336150632962,1.36404644911256,4.47356866645673,2.67306901478801,1.72127028164449,1.87477870145516,1.69217101626203,2.06845917473435,2.0489852295416,1.76589897997316,1.79838729902749,3.05243271312823
2014-06-20,1.63533342490064,1.35036273745119,1.96824350784321,1.23140936711377,1.58959085276599,2.50054962846953,1.52702517403968,1.35038572679631,2.37417524400998,1.69638412664974,2.05760288437774,3.60065792961788,2.61224537375167,4.42245464767972,1.5399877342793,1.43419148201332,1.70911221675153,1.5850381873339,2.30854109651918,1.6387433868919,2.76960006828454,1.96596476665435,1.37871309508005,3.23289501221887,4.35048999014023,1.50815854391541,1.74203782645362,2.0939866790743,1.66545162930416,1.67328533718352,1.5018042276019,1.53000330759397,2.68552940995511
2014-06-21,1.68859311841351,1.45162650846051,1.83676301521737,1.37398724302746,1.6120611297288,2.1989910427409,1.54391139596605,1.49533155676211,3.07480180053697,2.00032075649292,2.61748538967904,2.96981224953618,2.2829268302424,3.43096566261545,1.63812631269119,1.5189362861111,1.89251259125366,1.66386332941391,2.14593157386061,1.70887941478965,2.51068712047862,1.86381904927257,1.50117352263055,4.52249336363926,3.47945908306143,1.53441027934419,1.68865092527298,1.92544113285327,1.72145160656961,1.73872820654389,1.73891062170631,1.55724681967719,2.30883837060012
2014-06-22,1.88330668139923,1.9078719896429,2.20732470926726,1.40582587856287,2.11021247759867,2.67086488265496,2.13053556499004,1.62929410774587,3.11703584143727,2.2650310352069,2.56565977857345,3.77101282071458,2.99622492607762,4.30505883224075,1.83461930041116,1.96263671615547,2.47629179669963,1.90327739465357,2.83111037327302,2.16932524761251,3.23957771478663,2.51944726665155,2.00167453807498,3.96475473805161,3.01896759106884,1.96298712846316,2.26604979374987,2.14601159608765,2.30219790984681,2.30175506685469,1.87193682798954,2.14382151297991,2.94035754606728
2014-06-23,2.54143516775041,2.2230789256748,2.60372930235499,1.78319149754899,2.60015191100835,3.08624531131399,2.65211242320779,2.05762563673379,3.56879976850023,2.73361650582505,2.99003962992163,4.26962246606159,3.50662228014088,4.78630728288656,2.39794786261522,2.34260723042444,3.0116669914441,2.49090466906066,3.34265768312066,2.67574041911011,3.76473355304189,3.03811057561067,2.31322468789259,4.30640797782919,2.94866315446396,2.45024169631566,2.77394323390825,2.37757991745716,2.79580843299004,2.80925594754298,2.31132777845181,2.65082773091808,3.41083881758887
2014-06-24,2.89460662417464,2.218817992543,2.57838093821007,1.62368068529326,2.61394711494118,3.01901961951165,2.40463559885631,1.88752601196564,3.21818803722459,2.33915889475498,2.78772286163163,3.92066083451431,3.21582426497756,4.48848193503622,2.50196301866788,2.39069554199027,2.53356716742977,2.77546147498834,3.02427178647873,2.63490933088544,3.33331466633872,2.76247063404555,2.31970705959997,4.24753850916306,3.76873053353037,2.458707482594,2.54744786731842,2.50530839921175,2.67635908898676,2.69110871135536,2.06096414994393,2.48153465698894,3.22110502273821
2014-06-25,2.1682497034159,1.52144594363017,1.47824122183811,1.24935899922252,1.69919993508987,1.88401625462317,1.2015177285239,1.44893283995262,2.37841057997157,1.81038204008211,2.06247285998632,3.17556080739678,2.2429694434468,3.73200505697877,1.89755780117248,1.64848577473525,1.84431808013889,2.05554623644318,2.12800110513966,1.84256633017483,2.60017690765666,1.69776067073917,1.56455828891064,2.94938299798192,2.5046188167754,1.61851271727223,1.34346402979509,1.61730206198186,1.7620158294157,1.80372340884492,1.59840537846689,1.37742840741753,2.17313367149357
2014-06-26,2.77111009212148,2.72943659418964,2.14860988046324,1.76384198594347,2.53982073041149,2.48810251755347,1.80016964079371,2.04539612296801,3.38154268693902,2.62556294037206,2.87988594637273,3.93045739950056,2.92453030245733,4.38585329402021,2.52809500461214,2.74076611172676,2.75983734756453,2.75156010146209,2.91869838874199,2.67622652269205,3.44261652081216,2.3800900765525,2.78519455241652,4.04860694885862,2.99285137826566,2.4581496132323,1.92622985680108,2.55885647362672,2.64679307089692,2.68070864180395,2.26361396151388,2.08736078062491,2.80287878490336
2014-06-27,2.4079056581268,2.53234395097789,2.08779998088732,1.82517117331768,2.45149154116306,2.57175221217436,1.6170301821412,2.09364664426151,3.34014837253756,2.7425046260364,2.80184931097686,4.30513699625088,3.0360570170634,4.8488305780575,2.36094261155393,2.55850271293651,2.91143859104214,2.4639691460992,3.05306436673937,2.68123090835363,3.71884996406044,2.35832389219006,2.62991057477205,3.66623570876535,3.59817014852304,2.25733557170796,1.79708409677264,2.52591238319935,2.68920216747292,2.70981221323801,2.32058400583086,1.96452657750108,2.90947384194626
2014-06-28,3.31754238608705,3.33311766234217,2.4911682441786,2.03771025957092,3.29795898494308,2.98384841263778,2.21119811464477,2.4326242904626,3.80278481226587,3.14848707660715,3.18715306879109,4.97284172114734,3.6952695715482,5.50793560960517,3.04185867887733,3.3969425177851,3.52078893470564,3.3390662757572,3.74212248771182,3.4799366459918,4.37168853456402,3.0206195060616,3.46987027426896,4.08379169528238,2.87016764934107,3.04092653358486,2.35323201884194,2.84497507668794,3.52001563565589,3.53572201068494,2.65340201136865,2.6810315117174,3.47473004732853
2014-06-29,3.73470967279063,3.16356344145143,2.68214768497845,2.48162189584551,3.76767492101896,3.34138166953237,2.44399522378689,2.87071526719189,3.95923617397251,3.50332516883473,3.41102566408656,5.76303984552789,4.24628435644975,6.4597635977222,3.47249584226348,3.40692647126095,3.91168049418488,3.65440006464568,4.27074137847818,4.00570540870087,4.97167746965433,3.430586360424,3.26283125293835,3.95693727059206,2.85756018164297,3.36910042741886,2.6150473245584,2.71524244542633,4.04701999251477,4.04884612841927,3.03717618742967,3.03609886108202,3.97523662596881
2014-06-30,2.21926274699169,2.10088068389452,1.54277382466082,1.4742493516195,1.66327943280334,2.03634860350505,1.15965936510076,1.60828068713652,2.53650347578917,1.89218049413837,2.28122026710427,3.72231819258384,2.50706593346894,4.57648109755747,1.97922593953425,2.07039202577129,1.76284428037414,2.23102442717197,2.2551910835065,1.79386351532242,2.85051320136546,1.75836180043388,2.19969594152128,3.36449204058,2.8528591583079,1.67171967267456,1.34277090872074,2.06532211549135,1.66029426666681,1.70909601611318,1.75408089749467,1.31710952468288,2.43986207978176
2014-07-01,2.33884759189622,2.37726443527273,2.04773855877824,1.75285719410016,2.2783956927611,2.42171977034346,1.67538621494523,1.93285074920716,3.00827498455148,2.35562150572718,2.63079844708959,3.70463064550551,2.75177473759787,4.23329004421024,2.21463959090974,2.39268021704789,2.40016409784894,2.35738657748613,2.68012472542743,2.38937108323132,3.138410302994,2.20937882204371,2.4394755895008,3.7067419239466,3.25600145360617,2.16619071458457,1.81806388517992,2.40219887392555,2.37983832609442,2.39253725198907,2.09629677443947,1.91601924657314,2.68821701820246
2014-07-02,3.47743113920992,3.69517346316521,3.42108676180616,2.62910050391635,3.66210510395726,4.02610457563272,2.94411262656631,2.93457006843891,4.5350906171448,3.64039513182793,3.91556169190342,6.11236379077497,4.62523430505528,7.0258185466347,3.33026903290404,3.7041117247002,3.87375617049838,3.47905637734179,4.43840204951711,3.75043699225084,5.15086058107152,3.751504559773,3.71504000191299,5.34027770116608,4.90538695930938,3.52262921848703,3.15970601604394,3.81428546670701,3.82685478638785,3.83078348080169,3.18435061552449,3.24243871088423,4.51057887980445
2014-07-03,2.8878565941878,2.38974078923247,2.01879440618803,1.8945893124608,2.63258099575046,2.42112951658772,1.64945182285546,2.13785673180515,3.39787024978571,2.6020484549397,2.96731574852234,3.79687537136279,2.80612328184226,4.22773812988775,2.62696979749523,2.5451852908193,2.65202926608587,2.83656965130931,2.84404779052884,2.82081227610562,3.29975107031597,2.28104220636882,2.49501586014199,4.27870540020076,3.09111424226239,2.38735228214195,1.78854883748223,2.25662909679804,2.7715866607181,2.78895315601856,2.31129656378688,2.05582539505385,2.7031446311715
2014-07-04,4.87207116497779,4.47914292506061,3.63267767000048,3.83960874538019,4.27038353194916,3.84811465177622,2.81491540989642,4.13844465588026,5.16853327783079,4.70355664753999,4.71680932876765,5.22659233999613,4.06815652891988,5.36791644296086,4.64464825965519,4.54591854772549,4.72053760822447,4.81413055843751,4.36427203570356,4.63420301087067,5.02715128510363,3.55468091913235,4.51606055155101,5.2849762623628,5.85861317086037,4.14892194072572,2.96683501106529,4.42097739083824,4.43433293508868,4.50613543838348,4.34622801189517,3.36132846178439,3.96161317680949
2014-07-05,3.74458455890371,3.87334096083366,3.27620743411293,4.67911607908815,3.68874096262994,3.73726344405314,2.39579991850772,4.65914565743646,5.08754990541401,5.0069626793245,4.86219239130668,5.67483866274593,4.10436150358123,6.10891145733008,4.20388540287794,3.884721980679,4.61850088070126,3.89672308395819,4.30442997498751,4.23137748585164,5.18600517960952,3.33447646272286,3.92991383234096,4.92947111031109,6.05585158373689,3.48370048929662,2.62409127704012,4.06199048518606,4.01605101104747,4.0585881415619,4.81752948421265,2.91135534538188,3.97954052263209
2014-07-06,3.69038324394481,3.01747622784927,2.92330771009818,2.75699994765168,3.53159867360799,3.7181370840661,2.56595584846857,3.11146362283114,4.25983508459848,3.81249648602893,3.68645742260772,5.80489875965951,4.29680924788764,6.4507600443335,3.54857342541002,3.27727288716741,4.13011279551982,3.73134341064417,4.32331936449857,3.93239484349132,5.10153980122415,3.49272219555169,3.32576919698468,4.19560098547173,4.7376323356329,3.04809143819733,2.80821415847168,3.02260084637464,3.93831549530908,3.96428712996117,3.3289733185693,2.99684468892618,4.13674736800858
2014-07-07,2.75174864496348,2.83176175981834,2.10790705454473,1.97105139249526,2.71322660950726,2.71282221408181,1.71813376431806,2.24222456541399,3.54786419612959,2.83700313800618,3.03022855695816,4.79301894520029,3.36354932455324,5.51707027021683,2.61548192527403,2.87700073008174,2.97318562969296,2.84196965128123,3.31441685465057,2.94285213263722,4.00463167835173,2.57105783581232,3.01476181982751,4.13424577812891,3.23849930221057,2.44545609062179,1.91191555928576,2.55280885857468,2.93693189065116,2.95066716455895,2.45001161979265,2.14279797838923,3.19604091758183
2014-07-08,2.47583165449281,2.35043631173454,2.11785454842786,1.73108277582684,2.62728181019887,2.76030746460093,1.79785876609409,2.01149104598319,3.40085772747762,2.64386771936456,2.84520425635848,4.8632155584113,3.44187603096359,5.66961594856111,2.36110602896547,2.46597625226656,2.85514431773631,2.47355701207703,3.32563260545854,2.79549268807047,3.99645435323567,2.62846431247721,2.43479560277259,4.03699975886711,3.07217900288367,2.35951130619484,1.99377098745273,2.28588370630558,2.8557283350654,2.85479066242587,2.226110520996,2.16660363792733,3.27897689142801
2014-07-09,2.40364046890262,2.59015269370487,2.14764518865886,1.4912054610014,2.77810575561321,2.70417566693458,1.81405759249506,1.81297534364289,3.1754504576194,2.44768337408328,2.60007243839192,4.57042968003825,3.30872513201819,5.24757436675643,2.24434614454536,2.66926596695818,2.79528818913729,2.44993012263422,3.26094239919232,2.87603856167895,3.80973831261741,2.60307322683426,2.6993146142783,3.73434943426324,2.99283927787835,2.45973059716048,1.98332569376148,2.39317782985043,3.00314316071531,2.97756386045653,1.99968379241085,2.25649206393195,3.1594814695487
2014-07-10,3.7918095810085,3.26559696902904,2.23467827264934,2.8926226611968,3.33077909966043,2.67691731830261,1.73734623070376,3.04851987236996,3.69424906155437,3.21280233545561,3.50775600751826,4.47914667382461,3.23271055483784,5.01477109372718,3.51784498010949,3.4226578752287,3.07967181813475,3.7932356475114,3.31457356611483,3.60287829538989,3.82718027407335,2.57981251852209,3.42426800784161,4.32777447407494,3.20920100293264,3.01571273073145,1.88956129889541,2.73616346566891,3.42666164792247,3.44293098645027,3.10347566192922,2.39282728369114,3.07782429081482
2014-07-11,1.67244941628494,1.72255280622244,1.34612976757587,1.32773896910172,1.54889860671398,1.72989075801027,1.11328007443462,1.44545427571951,2.52784550038464,1.82422410603082,2.19127234825947,3.10192417674024,2.16585178518897,3.67700973186577,1.61057351411059,1.7142963851068,1.74460777730535,1.70426788620061,2.0398052315601,1.66766993478804,2.50598173527877,1.61418683033914,1.78221222896909,3.40292662584892,2.01839454334423,1.48753033781764,1.24065161615504,1.63679582082002,1.63088993252173,1.65084593677561,1.61673767987196,1.28326930789258,2.07041120074437
2014-07-12,2.6500760062104,3.24010970318715,2.46447024350046,2.02732275623046,2.69737229707036,2.8679663481328,2.08439818730503,2.28074939596938,3.18364215169653,2.81948120890714,2.74637721382462,4.46472199955678,3.33603096648584,5.02858160890229,2.56643639330509,3.12798762103147,3.05887059083366,2.77513233194026,3.28135482010797,2.82789833614632,3.8744267904412,2.70821829688928,3.35241473487043,3.18476289736469,3.54099841953374,2.61956244263721,2.23460290938352,3.05998840703196,2.85118241915087,2.87194446278132,2.456196966242,2.330725100694,3.21730547343004
2014-07-13,4.4851245541398,3.24503472009923,3.00058155042518,2.88332722611148,4.1771301970477,4.14310728213684,2.58762616277566,3.2619445160352,4.16746757284398,3.72361835226865,3.73854445842208,7.72503706296148,5.37334633257874,9.23240609376978,4.0533651665102,3.63588321133262,4.04575829813824,4.32336838951856,5.07820211605486,4.46284952532092,6.08896323799497,3.98298875383657,3.39383562849267,4.30363550144823,4.10164693456634,3.67541766818537,2.91068122789089,3.00222671200685,4.42168733700065,4.42877047871625,3.36669429313743,3.27390862849402,5.10186904926714
2014-07-14,4.09136089977513,3.02763240161395,2.47897064977386,3.03876014981402,3.17939826827553,3.0548322758581,2.01139942641515,3.25037280208748,4.37430014892383,3.65776776658032,4.02604847927682,5.29339528311258,3.74818903274107,6.05971653951747,3.77917784305745,3.22028764054805,3.46400887222292,3.94648940658228,3.68751694667252,3.53053821104105,4.47964305228777,2.89230075270844,3.09406988382457,5.16043604216159,3.67577200461762,3.04610846974686,2.21150646214665,2.84384580476768,3.27814953871106,3.35691612172303,3.44311813998205,2.44280663333816,3.56559701292721
2014-07-15,1.80739681320868,2.16970264330313,2.61554748827419,1.86300896317071,2.16666168822306,3.45966586160391,2.4669933385065,2.09290369735793,4.88037006422289,3.21644306537633,3.93764878077036,5.99806393695918,4.29831551229241,7.22502896681662,2.01407977016733,2.12159690143755,3.20656462799445,1.84406165106789,3.85588149245785,2.30922118833029,4.8207350757,3.22869359131857,2.15805381612601,6.78161149355604,3.68811023444431,2.16904482153326,2.72256487049382,2.64911116716845,2.44844868750469,2.47688498691425,2.59336746614151,2.34788883448651,4.13501644299675
2014-07-16,2.55879348627281,2.32376312629717,2.25272530877956,2.26731411238154,2.49378173174639,2.65964887408563,1.88943071810428,2.46892706737082,3.66037824233163,3.07512246126036,3.1730482695689,4.16358330345992,3.0768109545354,4.58195599057798,2.59321558010834,2.40622887296005,3.11570255597321,2.52822174583802,3.10773381970456,2.75149660918719,3.72971297198674,2.50625314639973,2.33596285006112,4.04460669298268,3.4452978062662,2.36672020618519,2.03925039414284,2.45891528388971,2.72022785760484,2.75537637509689,2.70618547440076,2.13326922045657,2.94960411925154
2014-07-17,2.68830062406789,2.34565027428676,2.39601868921971,2.09448740679144,2.81683722213833,2.89535839487535,2.08113652332442,2.34678020884866,3.35028785589683,2.89337194180459,2.88978799381618,4.56023049304467,3.40451514240228,5.12173592115409,2.62124191432759,2.50190024356352,3.12635689599353,2.62149805832515,3.37844413007991,2.99611517901199,3.9512843746889,2.76982775620722,2.35911207036726,3.52410407823217,3.36766240932904,2.58402075586306,2.2416148482412,2.44020309222442,3.04198602666454,3.04673337734605,2.52006392241541,2.40548737239142,3.2703658930521
2014-07-18,2.5988707928203,2.60610146852106,2.44676519796925,1.95796674212337,2.82363021998723,2.99637863608573,2.07103532634529,2.23376304548204,3.47317381335961,2.85811185206251,2.937357875974,4.79671680930065,3.52539234070242,5.46179741869587,2.52859530639284,2.69065929470264,3.11237574198832,2.60785116527138,3.46163728429674,2.98010464716761,4.07932791945111,2.81364717066084,2.6686882976325,3.85613929908907,3.67020256143005,2.58618115243845,2.25379598660578,2.66241108816384,3.05523304759939,3.05344706135221,2.43698061823046,2.40412041730667,3.39906783264659
2014-07-19,3.11515440381306,2.27455349357884,2.54355348680839,2.08500432239971,3.28364391812727,3.52311674468318,2.24689456024899,2.43932505703061,3.73532273822012,3.10835739856969,3.14942519444901,6.6013610681861,4.59384491294449,7.88176118334428,2.92716565998971,2.59295586993772,3.47484284206953,2.94873235423155,4.32343868115123,3.48729183112285,5.23711372358921,3.40417929047955,2.28360769257882,4.04582047946253,3.37915538159767,2.89728802039151,2.52128639058367,2.3451066119727,3.57155336682949,3.56444327838739,2.63555028052937,2.7189376416729,4.35054053253613
2014-07-20,2.43710078646068,1.76483942711197,1.93248028979576,2.21580365568566,2.42604062058948,2.51338497222644,1.74292567672146,2.40129649539012,3.63660461606518,2.9902427379243,3.15125811356588,4.50296806215099,3.21043818767605,5.11664267322814,2.4944325360293,1.98205251367505,3.00301312014576,2.33912310139768,3.17218535093159,2.71726670934769,3.85836418480115,2.50079286474424,1.76350875819425,4.16650778016948,2.43685869656365,2.19223455042276,1.90643589625439,1.79980271754942,2.69786515222287,2.72110161140517,2.63158139225621,2.04658322599965,3.00688070345439
2014-07-21,2.19831385355698,1.62889105881988,1.46710196796707,2.45149411817776,1.91381134809924,1.98557052854917,1.24246284285399,2.57192080915991,3.97907742738028,3.25177291284968,3.45964800073161,4.11098955665187,2.73571286538134,4.58509907010664,2.4302740292663,1.76357473809597,2.99853163332744,2.15641110446101,2.79456966651951,2.37090027466551,3.64122423531921,2.02530326572575,1.63381465624943,4.60893108767765,1.94714198005071,1.78800699673169,1.39731810920663,1.54810102155237,2.2257367192274,2.29384047463214,2.88673329386479,1.51345853337283,2.47687975574327
2014-07-22,3.32112626317257,2.44550806981841,2.14302242912321,4.00773099029594,2.70933707818946,2.41358091764703,1.55493625690546,3.86413138380297,4.2424148159289,3.8815825160746,4.24432751176586,3.75927738421123,2.71112268741677,4.0278298542358,3.55923480390498,2.61578687818196,3.1626514358593,3.25922834845824,2.87188436345637,3.17593828504141,3.44122848280927,2.20565210532152,2.40889751721303,4.98699058312494,3.70300768350595,2.5897011102579,1.69218438187546,2.50686645145872,2.83269235163416,2.8899709290091,3.95730181090344,1.99106120673247,2.60485392371195
2014-07-23,4.524520792916,3.94414692144166,3.90712538235822,4.32694226920525,4.66761389203151,4.39239877453326,3.30484070602504,4.48920178484065,4.86269752617309,4.8141760417885,4.59962887861451,6.30739958808064,4.91618140419958,6.84393799045273,4.58779465213281,4.17844231027064,4.89814342072541,4.4163501297127,5.02241441072553,4.96358591839649,5.67539930041485,4.19892041952452,3.87050262277712,4.54827911104054,5.4126839997652,4.3578762593573,3.48888936354476,4.07120472918681,4.91332830751085,4.9110970689025,4.56381289183027,3.88814572667775,4.76463180227756
2014-07-24,2.68637546694071,2.33920566956891,2.35774618712838,1.96602700088581,2.7821141255698,2.95721972438512,2.04579671038775,2.32445969442059,3.91012957782127,3.20478220290392,3.19492814820187,5.16096953001905,3.68742407333651,5.81226569447541,2.64325949040504,2.48579373517409,3.50865322123078,2.59414464422049,3.67022159481007,3.04059419731066,4.48502889478208,2.8903649532191,2.32388180824131,4.15793473908008,3.21202148519793,2.58453616065406,2.23222240673208,2.41339194692513,3.09319836635129,3.12400248989382,2.63168363940061,2.36472917048086,3.46930580502449
2014-07-25,2.86105020952791,2.57908699414634,2.55148047085101,2.39557551185164,2.97357023649138,3.0578108603268,2.10277824989431,2.695658429318,4.02589846196696,3.47096081293444,3.40375250975411,4.95671517047711,3.6035252072307,5.43889050689073,2.89636892316702,2.71634216047495,3.68827144255756,2.80435080612174,3.68522882391917,3.27242735666497,4.43904029181732,2.90708156539962,2.57206772534551,4.1334346755041,3.90690857063433,2.7540537977672,2.28320960353247,2.72881610597723,3.29080032328078,3.31803683319697,2.9637683660923,2.47397152281096,3.42898283008306
2014-07-26,2.0246511854671,1.66661684096681,1.67346501572905,1.37480854081784,2.20731085635861,2.22897244755318,1.38037775945495,1.65096052671577,3.25742487506121,2.3502981188139,2.64345883521774,4.09806846102654,2.83736807885844,4.7156004542017,1.95217061705433,1.84300801278024,2.513905233605,1.95882794885263,2.80943502667473,2.39775413453055,3.42403570457301,2.1444291025075,1.69040676460572,4.11513784927353,2.49067071024951,1.93181791100535,1.54858011046061,1.68497546811431,2.45969209925639,2.45965508271408,1.90251367835103,1.75256461971298,2.67230953545651
2014-07-27,2.90911137727298,2.7299950541253,2.80564833984882,2.52989009182279,3.19103343543303,3.68236264755769,2.47955466863708,2.77867279020589,4.15982854221785,3.46045323481159,3.58367079428354,6.55917879359694,4.65411983859772,7.78322876749045,2.94201646152279,2.86374791524328,3.64238958921282,2.86774882553536,4.36296975368957,3.38856497093301,5.28684459288453,3.51704508993247,2.72572811546981,4.66650779410364,3.79336503289384,2.95684519270353,2.74093122771106,2.85653333750179,3.4601446588224,3.46102376208716,3.01771701661713,2.80165427076673,4.43891144751541
2014-07-28,1.50836881229462,1.4025316061623,1.48945626079324,1.2224571372181,1.71803573798791,1.9802195438043,1.28619777645091,1.40943402725989,2.91161401823683,2.02307564772132,2.37703790208947,3.59448173883113,2.51294969244045,4.2161629453017,1.53090675196332,1.49093861711755,2.08014036945141,1.4804865322038,2.40041672929043,1.85208915470377,2.94717862674398,1.8880903579801,1.40242515219953,3.87475275662147,2.14441777889114,1.56145935182266,1.43463795268395,1.50480682650743,1.9147497451133,1.9169905483326,1.65344250693756,1.48484804383808,2.38329182589149
2014-07-29,2.50764302211102,2.31159544027069,2.4027662037992,2.36032489571925,2.78978409023234,2.90321716401335,2.0995795225224,2.55614970878106,3.53000364093952,3.11280586997579,3.0749468660764,4.64792179249504,3.45500001455832,5.19464571261239,2.60874260987583,2.4461429513392,3.26863697306633,2.47203101031563,3.44563654103375,3.00612290920593,4.0599090502617,2.80793788551092,2.29494253434277,3.66363939874153,3.27717349569534,2.56453024906939,2.25836427397985,2.42810276469952,3.05624456486906,3.05711548429931,2.74194784494384,2.41367249942991,3.29929649063736
2014-07-30,1.36805914762729,1.29662915825369,1.36274349753435,1.28261277571229,1.53174451215923,1.77166310647815,1.22365296127955,1.38708371463356,2.47909655089156,1.80351422979214,2.11271203744806,3.14707285334625,2.2473648236875,3.72243922550505,1.41782052265157,1.35706982876528,1.78304533421054,1.3451410148075,2.10902085194887,1.62756954251872,2.55211382866354,1.71056538727508,1.27650392812854,3.28459208159736,1.74595259681157,1.43241068799615,1.34377979202006,1.36406214853362,1.66298664244927,1.66324521609263,1.56202665789072,1.36544860405753,2.13849965200503
2014-07-31,1.12543115276986,1.08219647322173,1.16117123537121,1.06187781533282,1.19579931696218,1.52470314953661,1.03789756882823,1.1750532758144,2.41496186277606,1.66667219622191,1.99820842077237,2.72383833552699,1.92104105212473,3.19283499498767,1.18962593943707,1.11500441016661,1.62421714394327,1.11850636989483,1.81282906114625,1.31921366573122,2.25725136562341,1.45126211582728,1.08395692615775,3.27524693988921,1.65077436814248,1.13721517193631,1.14917670556072,1.19432995309064,1.34055745945775,1.35636548667728,1.39230442126824,1.10718487737561,1.82390863165013
2014-08-01,2.52275550836896,2.4386603611076,2.30800018956219,2.20512891086518,2.74295186604364,2.91282317430032,1.93654261582026,2.37773031356061,4.22803113170008,3.00554376044289,3.64720188994039,4.98796024459934,3.57149655443328,5.84010659753499,2.52647699993967,2.53793490809977,2.91803304356133,2.5063340840854,3.42127921618187,2.89590069484963,4.07382705671193,2.7472931473438,2.43953815557742,5.81481409591588,3.31400407978828,2.53073249705739,2.13093717687662,2.48092685684627,2.92770659310026,2.9200260125888,2.64368436960028,2.29064804718951,3.42677850296006
2014-08-02,2.96989824446625,2.50024994473931,2.55940795557991,2.43339060179766,2.78134283665658,3.22630247302841,2.21499362004058,2.64993868480652,3.87070450911511,3.22098049290176,3.39967677409476,5.42136951029636,3.90497979457197,6.33389298483791,2.89803244723069,2.62540791484949,3.27075081285278,2.88775308479069,3.7022615147794,3.00714290499886,4.48931027652975,3.01425522622757,2.51054063386065,4.39440063914321,3.78575804807481,2.65636085082993,2.43269160635016,2.69079680582733,2.96804608382026,3.00550492305637,2.87645440967077,2.43645157155572,3.75571863441903
2014-08-03,4.48491717388439,3.52192952694602,3.54407804975989,4.03885570698177,4.10815159162917,4.02616976564233,3.17219127719964,4.25822389227753,6.10627952713692,5.00327083695865,5.48071484271864,5.73918336679241,4.52211715505259,6.08616081087035,4.46699056291549,3.7732958403089,4.82953262807983,4.37163368213205,4.65894111720518,4.52397950718025,5.36140479561845,3.9203847207875,3.57269838948266,7.30899090955687,4.76673314680162,3.85725465655803,3.33536813961343,3.5926759386697,4.40214794749981,4.45744449650999,4.58854491256443,3.5535799238716,4.34587801715085
2014-08-04,1.28710224494709,1.47116761808062,1.57154892554861,1.31884277635313,1.70981141342256,2.24526988580463,1.28686524192499,1.47111691160873,3.34091249386778,2.1750852456938,2.71885366741687,4.41672090564386,2.94959361292732,5.38255335879423,1.4346084122393,1.51364317003972,2.1330561818684,1.31281602735336,2.702685947314,1.84353457900085,3.41987110431639,2.06617344861194,1.45814418884695,4.76802327456843,2.53955870407477,1.54980834211307,1.4958431949252,1.66940799884683,1.93467783081099,1.92471772450979,1.76826432817958,1.4888122465165,2.8046322254906
2014-08-05,2.9661048639076,3.06117815799309,2.82660590518764,2.89848095908478,3.4638944794157,3.35397259417246,2.33501870402,3.07951401425432,4.91676614507776,3.77534575605248,4.28545710323355,5.34825840577364,3.95532619655407,5.97613960423096,3.10325896064773,3.1705243090807,3.72307036761633,2.9870909552513,3.98732814687716,3.67733843761492,4.63272164887499,3.20978078982518,3.04468852511886,6.29312773591252,4.00865358188316,3.15961151481433,2.5162662941809,3.06476219049241,3.73759444108215,3.71295815507054,3.35014994464643,2.84439130047016,3.79153695388761
2014-08-06,3.38315298295545,3.61268460818211,3.90371263163258,4.12668161920707,4.04628019472249,4.60833874775665,3.63587552322141,4.22622873206853,6.00397858305235,5.01983424374035,5.34812867901083,6.93114576587552,5.37594526800633,7.77928118880476,3.83010559635484,3.68042003743113,4.92649297381351,3.44676815018644,5.23268376067002,4.31701650641341,6.06351057442849,4.48748175949772,3.57705315409293,7.05160760925892,4.84725458651212,3.83070642389828,3.84860283742363,3.88766447775861,4.41720708515073,4.40722113203169,4.55749243645904,3.85409463592762,5.17816854949711
2014-08-07,2.26175043602062,3.00792960203801,2.76980595691553,2.53095617786374,2.98221295677219,3.30700518635601,2.34655137715566,2.6833344215578,4.22832920531771,3.36915274118593,3.63669546750057,5.19571419035246,3.86146133145732,5.9114586534768,2.52740474065389,2.95881882054524,3.42816380041492,2.40305292980574,3.77722850677922,3.12480465894227,4.42973437402368,3.10857286046267,3.02143533632787,5.10964811347697,4.03430073429736,2.78126650541011,2.53327207066387,3.11749873629606,3.25601780942992,3.22705862467056,2.93913447538111,2.65114152906925,3.73224199736463
2014-08-08,2.02411152175137,2.41942112714128,2.52001349985417,2.42429856719177,2.72048085279428,3.2640815340803,2.14970578518043,2.53522731982901,3.59983760977203,3.0715210304167,3.14711666945798,5.65050704583843,4.01776233413759,6.70305760683267,2.31821272493704,2.45727590363826,3.14998132928497,2.10337816479545,3.77495246871184,2.87809973226286,4.54613653180468,3.04408005115269,2.40227210178028,4.03201671339077,3.73334822120671,2.48993508964873,2.38464291557938,2.65582975254779,2.99912037046015,2.96744531205578,2.72100000695084,2.43230225807621,3.86513751327858
2014-08-09,3.06621894211691,3.70291500140125,3.5789932166633,3.28272806002129,4.06402380785811,4.13501332884943,2.88164431769374,3.43751718267434,3.99005662372699,3.84891752605767,3.62696570056073,6.00327519771211,4.56986382451037,6.72598396437563,3.31975656573945,3.75401029791099,4.12027668040018,3.179363589302,4.5702562137231,4.19228035488747,5.16308559500736,3.78553534827841,3.68458490272968,3.79964886259253,5.65206733372952,3.69055949067661,3.09978650258338,3.9599105428885,4.35839157618649,4.28798077287403,3.5099043342782,3.43518070009227,4.48913923516327
2014-08-10,3.16563611661036,4.26320111595795,4.32034791840317,4.97164450713459,5.0224345248817,4.7395387325493,3.65989823578004,4.8076767846488,4.18038739993229,4.69838059773931,4.24288966559877,6.17733865792023,5.0704413323353,6.70402176119421,3.93111638287869,4.32952366354354,4.74852231243501,3.39290538711142,5.16987630240856,5.11573855248525,5.47481155187294,4.48886772726521,4.15286719101246,3.50030054864606,5.89880899287995,4.49502946248309,3.82219408245809,4.49845977963564,5.35236175336976,5.1943814021126,4.6578846859574,4.35917833333343,5.01184716806307
2014-08-11,4.0102569459495,5.18844986492411,5.00709671009532,5.49512011945116,5.11725876829257,5.97762966861193,3.84853288134098,5.61112307766693,5.83753995330273,6.32311298000211,5.36871092594147,9.63462501780237,6.87801020106144,10.9430915704451,4.84196715492344,5.08817579898932,6.50491061404234,4.23736679514469,6.79695946312225,5.60085014373481,8.25987608085356,5.36468206690212,5.07412272000399,4.21902278880022,8.69302307647214,4.87320781829829,4.24946834581386,5.872284034006,5.66316108193058,5.65289962123237,5.80219643237601,4.40304157379067,6.66701373125684
2014-08-12,2.55226680212682,3.37132137420624,3.02124232003207,3.13946910936468,3.17650624368343,3.5274024809906,2.37383583193157,3.22773830119002,4.18541279219408,3.76110488792661,3.75495691186284,5.37565836730659,3.95616829512575,6.03988887322011,2.92218944517524,3.28974895620101,3.74550981435698,2.73533853353147,3.9389654915223,3.40811008866116,4.65771240709876,3.18310587971018,3.38895427853045,4.43913764320657,5.09762911563745,2.99094806347463,2.58544398883269,3.60584208733502,3.46137105193126,3.44451917144544,3.41872862888628,2.72883465977921,3.8607653349691
2014-08-13,2.26126541956705,3.33717512173769,2.78696825736994,2.12364992242611,3.27154945742435,3.41069962299129,2.38874944920689,2.40657008892631,3.90966041370368,3.20211107711422,3.2200772360069,5.6417333709106,4.13973011055082,6.4394455811047,2.44122159695312,3.27066187934918,3.58473074335253,2.45902709819214,4.07306612391297,3.36687488488642,4.76254024945173,3.29890301542313,3.4105732874847,4.32510383854946,3.73525878172065,2.95728986787105,2.58370491190298,3.18605466957244,3.60413885717279,3.54937667628522,2.64366981121285,2.82752017770121,3.95512814350915
2014-08-14,2.494659499977,3.13581912104444,2.7894124258534,2.27088219767046,3.46749222597519,3.62216430353466,2.3391327584651,2.5639589303641,3.98887196114687,3.33002885046932,3.31949217533791,6.56873299850976,4.6206916024379,7.71205346068941,2.64635613720798,3.18376366836175,3.70953997486088,2.58962469675987,4.45209134374881,3.59712637507295,5.32136241009229,3.49871584760863,3.14053874997883,4.33463255400522,3.74527512111396,3.09826345211859,2.59022898677163,3.04443851227244,3.81165921008112,3.75496070140287,2.78108636189172,2.8831621437134,4.38250105986
2014-08-15,2.58752896726882,3.27945434182938,3.28784834984413,2.42464757312094,3.47612018165604,3.98304948395133,2.8258161480842,2.76365345797216,4.07600573809206,3.66574477198752,3.34990283304182,6.409261579161,4.72114743697787,7.29656380217204,2.79504276264406,3.27143230454003,4.18254852075081,2.66051867901709,4.60962559374801,3.62505536579353,5.47917730456461,3.7701361088412,3.24406870616539,3.78980755579912,4.72078043843962,3.24739227663406,3.05922855263774,3.53998977011721,3.85131686660542,3.82712654408409,3.02900654260692,3.14513822563704,4.5381253690946
2014-08-16,2.98324931970958,4.46482757716761,3.99039326921758,3.11980041215722,4.84919497523846,5.12552548690749,3.48292522687463,3.48027717316477,4.96877462930103,4.44723105031721,4.13149388414428,9.11676485598463,6.53527015516765,10.7080578038061,3.36725306458983,4.44847396078389,5.13328281219666,3.21239615995072,6.26401371890491,4.93452373840586,7.3777992338779,5.02834939034169,4.45978517925399,4.8526535003618,4.86219429449847,4.3211847740972,3.80830656895775,4.28845642521872,5.35256304709173,5.23440955195836,3.70612422890846,4.19071206234505,6.20273352038133
2014-08-17,3.50910385700735,4.48183295551179,3.73793129456768,3.51305138918946,4.40748797841622,5.78115404568617,3.62972309209431,3.73870583575212,5.06638187249661,4.42868188040405,4.46872990190824,12.5185111968205,8.40713817105594,15.9039892215395,3.70856400917888,4.42166997483914,4.72221052913643,3.7121166927345,7.21437986643705,4.51359543947731,9.04270810180195,5.7374876668881,4.57678690440951,5.48644409691141,3.4341053829254,4.11067722029501,4.15401017393639,3.96857904752336,4.71771647240014,4.66858425155275,3.94964698115354,4.03526277058861,7.88759171069678
2014-08-18,3.9038442850605,4.17504212070718,3.63277821540271,3.16031370179458,5.12579192699863,4.87081845866452,2.93303786428188,3.55519768209358,4.97286942609924,4.29142493753788,4.26741489369636,8.82172703371696,6.16265987514962,10.3751871138322,3.91119553217546,4.44767833381944,4.83383455324174,4.02112486279064,6.0121111232101,5.34210644855375,7.04286144591777,4.64800563107995,4.33582701462237,5.33797422769832,5.3189458903502,4.31053772385339,3.2975280035279,3.88126899523408,5.60397057153425,5.49156962052827,3.69338952216852,3.97601551828063,5.87113351429763
2014-08-19,2.60724320952206,3.72208380656656,2.86797453478733,2.39035639535128,3.27096439684098,3.0198349887072,2.04981730669208,2.59433512001933,4.07912525683294,3.21032118973358,3.5195296903471,4.26028131888971,3.22436412495432,4.58674231614601,2.69123529284758,3.56303347350692,3.29029609162052,2.72625673227018,3.37679718513472,3.31954493109335,3.84128262573762,2.7150291488646,3.62933568067334,5.00672930079544,4.7549531007996,3.16893344731299,2.18160059977394,3.73993060353014,3.40406830492887,3.3716539103625,2.8059300900187,2.56354759276098,3.16968370977077
2014-08-20,2.81808726290014,4.06163032333738,3.66353612746468,2.34149671739146,3.42548607861047,3.91182511804703,2.65719213927747,2.62796956263371,3.64760077044017,3.26527021495485,3.11566698770066,4.91017259970893,3.82124107434859,5.37725621413019,2.83464857688485,3.85086493272796,3.64834885727845,2.96288550200979,3.85053488331035,3.43933665679586,4.38956487130077,3.24256055871268,4.02892736763459,3.5839861415688,7.14331410645285,3.38146996850734,2.86288757601668,4.6645584153704,3.57508702235456,3.55815536405981,2.80827758966653,2.95503030711039,3.90050177701555
2014-08-21,3.95942048375664,4.12858037763394,3.33542018285113,2.32236037425035,3.42427587998361,3.70329953350278,2.61885658526336,2.92988916617757,4.74220818419335,4.1887502224254,3.78702458655098,5.57912512476772,4.10589073495729,5.85825387097494,3.67516949391066,4.03239261844698,4.74850741156416,3.94861089165573,4.31432992955375,3.79196239487187,5.3320274880215,3.40560246358118,4.20639843454491,4.15177799681853,5.68495430864614,3.45990144592998,2.81513205025353,4.2254802795543,3.73632638449068,3.8566944108685,3.36751951242501,2.87931155657331,3.93328979044402
2014-08-22,4.06936513821688,3.23627350865816,2.87005369130042,2.05546265539309,3.73554148387307,3.24444855934278,2.38072862295295,2.77002761993267,4.69138947167208,4.11628849275011,3.63600951905073,5.22644050762705,3.85584267224522,5.23142281181317,3.70184459489295,3.47301672002652,4.87368854385992,3.85213192559821,4.28775679186227,4.16426888302483,5.19629517765433,3.28710170110511,3.2420500861804,3.99797545699678,3.94605338482384,3.48242901489659,2.52094311990269,3.09259723891521,4.17555123770123,4.26430352226064,3.19152943710941,2.93231908533746,3.55981908721579
2014-08-23,3.46997224157284,3.05692669332469,3.27572446117543,2.69526317770157,3.48864921186523,3.53850684149873,2.88876953635772,3.22222624702939,6.23263749614785,4.79445201958018,4.97667774097324,4.78407767337733,3.82787429399074,4.54266852514716,3.53354905852288,3.20529867452165,5.11529579874727,3.36880793858397,4.26418652590047,3.94386795479101,5.0604330590567,3.49198276673062,3.05352809256192,7.07724058926105,4.717793845827,3.31210228723325,3.0046144568494,3.35639420390959,4.00561066747459,4.08707745106514,3.83262689653609,3.13788167220896,3.62000073828071
2014-08-24,9.25104868351154,7.7481251252455,8.7766761671148,6.23064437188317,9.66996982774505,9.74815079909371,8.42824893565187,7.17135231043827,8.89189841511867,8.54648944680209,7.74868223774019,12.5869027181364,10.6682936903201,13.4730957390161,8.58184828259823,8.31265162376291,10.0722887838429,8.82863698339255,10.6698628857745,9.82105647867742,11.6099020482744,9.62995937086598,7.71940561871362,7.61459401601592,10.0945598213626,9.07332902731789,8.70230652260329,8.16032079924709,10.1783828066591,10.1708148980777,7.4719973211927,9.01621459042697,10.4091139452791
2014-08-25,3.73124488797094,3.62087480971552,3.18625114640257,2.64152837546184,3.7293262834514,3.4398084885936,2.84934014934405,3.22464945387322,6.08923757507506,4.77760550522071,4.84478021241448,4.91677407022049,3.89581599767533,4.67105619151441,3.69362502707736,3.70460972334911,5.20667605747099,3.70586689279484,4.37496565087755,4.17308546412974,5.17485360927597,3.53815007806004,3.69595810711047,6.67720606120377,4.03125258428014,3.51944510440239,2.94478976645971,3.45873786256182,4.23419189389765,4.31193886407385,3.80146155650032,3.22327596510345,3.62265260303829
2014-08-26,5.33628011194152,4.90445816919064,3.93822306543691,2.46823859159328,5.56603128472701,4.49171757175049,3.20301505862187,3.3686058537944,6.17691421640008,4.92908414589709,4.83344698650909,7.15232336790153,5.33173866302629,7.43275557758202,4.72934640220657,5.18890411504935,5.92677661304185,5.17673198153606,5.80481490853441,5.87683535315481,6.72330636755927,4.51819513085714,4.98069738556979,6.43688754208947,5.21518982726061,5.00209387130411,3.39455923278431,4.37732581090942,6.04528576686164,6.05734439114922,3.81412943732798,4.23116310270957,4.99318294288926
2014-08-27,5.81904158328861,5.70754797972863,4.15094422714489,3.36830278727974,5.1606402790501,3.57693967883445,3.05435879094591,4.0117244940881,5.14987055283668,4.88929784787441,4.44854795834259,3.1521756262715,3.06488819964966,1.94260912628869,5.19805705007403,5.70624115572916,5.4821310533432,5.69840764724028,4.06197546245355,5.45920069098431,4.27974714719339,3.38975959886022,5.69979759790077,4.34952854934826,6.57689380660326,5.06586646081424,3.02346261427627,5.36923546084284,5.31316729375407,5.39954477431861,4.24587240950124,3.8512651946394,3.02347378100611
2014-08-28,2.49674272671329,2.37382496447329,2.09348959230208,1.76387730694746,2.39827767985669,2.13587201185807,1.67374590845964,2.24101162867338,4.21903553069312,3.5066961860059,3.25031323534636,2.95231483578791,2.28471174148496,2.44998059842485,2.54156965491854,2.4242746740043,3.88601102076906,2.45568674481798,2.83237627198689,2.83486043037176,3.48431881504858,2.14495113014877,2.38529930751215,4.02568101787172,3.31663597193595,2.29111976956764,1.73309773136645,2.42561726545985,2.8376660811951,2.92400460529321,2.70154280045824,1.96024073202293,2.09312153981287
2014-08-29,5.58820762112472,5.27292820252416,3.76489908774633,2.74134819558259,4.73446088670888,3.45495383220905,2.78691993434906,3.50490644228652,5.07632969910673,4.63456875197998,4.18048143701868,3.69971578162902,3.22080192890267,2.78717794429187,4.8704675911728,5.30460337822655,5.35728405042546,5.46194097411775,4.09273951645764,5.09994732027108,4.55581080709444,3.29261816578067,5.35735231363592,4.28736528001215,6.09823544426904,4.61298396792349,2.81312204600507,4.89408418156781,4.96434305004144,5.07753534727444,3.83578146801188,3.51539846869825,3.11102808435256
2014-08-30,5.68515137961893,5.92464277401677,5.5562193043859,4.03892974841113,5.86726938344369,5.54940791371573,4.93270282159527,4.75420647989769,6.99810405129414,6.27063071429417,5.8036275910165,6.25520924232787,5.57095530246828,5.71584539487725,5.48635369274913,5.93325177528126,7.13165121682155,5.62329429514592,6.1738578379842,6.16228483961011,6.79872001160096,5.43938891590204,5.91369620529192,6.44098817755612,7.38849963653858,5.73056288831778,5.0045952437286,6.07455556255184,6.31109304629297,6.3762773240276,5.23799304602151,5.31161715023338,5.42209941431432
2014-08-31,2.370268603327,2.16616271099657,2.30197862011548,1.38605376182862,2.51017654284577,2.54753612074971,2.02231529244938,1.89839255333644,4.21562438617504,3.20626611898553,3.16903662273122,3.71616993374942,2.87443541664248,3.62667253953427,2.31865329280648,2.27020446642637,3.70257186674875,2.26849507968985,3.1752859276002,2.79462912756153,3.82737166930715,2.54509609518781,2.14166022641691,4.52082280712188,3.22133596831658,2.37231688290537,2.11790029849505,2.351195080785,2.91297175521041,2.96810273337571,2.36792496466346,2.23248864531975,2.6892331704928
2014-09-01,2.19910460680781,2.03435879286526,2.12007864319344,1.53832861341686,2.13490700294012,2.3081930033231,1.85332751373738,2.01472774225914,5.99605029397133,3.73803256066381,4.57651574118277,3.40426748702303,2.59835563087772,3.17264012087513,2.27053007787976,2.0805967011039,3.77973176106362,2.12779407789303,2.95575486081856,2.52702273168942,3.70041567938257,2.31711371982804,2.01748172648723,8.26008046722789,3.11623392006682,2.09624911531633,1.93977988359822,2.2563320658974,2.57459203956292,2.66662699802839,2.75877846137954,1.95521817593507,2.3966125130356
2014-09-02,1.73080807985404,1.42622116581939,1.61649186839356,1.35019298511863,1.75790806703451,1.81230826422131,1.40906456574992,1.75212190768516,4.24098487852705,3.07135723653809,3.2017934195894,2.82021575183831,2.09658052553756,2.55135181399238,1.87799728354398,1.53355091956773,3.28327722407761,1.66630039189026,2.47241792954145,2.16676793307216,3.13608144918741,1.86344281554213,1.42363691348309,4.90747708684716,2.41783307241673,1.6367162226358,1.48474123465333,1.61172440843129,2.21132639238589,2.28533876638299,2.27631898208378,1.55812838444289,1.89536447289724
2014-09-03,1.67190828834231,1.72253450529642,1.66865895069826,1.7685471833252,1.67841271101472,1.7352944940664,1.46709580890756,2.1163511243138,4.84542279179376,3.54445626332332,3.74187974279786,2.55308432946401,1.95701694005922,2.05493858836439,2.00163231060575,1.71848012821041,3.58595925656443,1.69349991669766,2.43637357531603,2.16622759281005,3.12988325531702,1.83721354489903,1.72655848840858,5.68935500332141,2.38641207986503,1.64954943625723,1.51183491291862,1.8353331104477,2.16773207173474,2.26312355638257,2.71837469396054,1.5477173302964,1.73732641692212
2014-09-04,3.48043784979206,3.4479111680638,2.98599414786456,2.59324820058846,3.45249397706708,2.99477794303751,2.70576772772909,3.13093194583767,5.9337332597883,4.65245749822945,4.72817762904781,4.01134407625182,3.33375498402299,3.47372084974247,3.49989172114517,3.47840759558691,5.00098910214335,3.41451442098512,3.9064656330357,3.86435268413207,4.58330228543437,3.19911768805861,3.41326494490522,6.52226619369396,3.32487452525732,3.37898146592283,2.73072122402911,3.25380646662263,3.89950771135381,3.98790810001918,3.71302250358583,3.01075897987824,3.06185378684166
2014-09-05,10.2588343532608,8.31055236470908,6.54337553306515,6.32204682382614,8.32141172158222,6.31882712773567,5.51957094369285,7.19163357873879,9.50956992762206,8.41685835982065,8.50034354144651,7.39524773615899,6.47500050039586,6.5635742917389,9.11921518977614,8.62729608852956,8.8316383145025,9.81816842090848,7.44730700656288,8.89356586317157,8.13979023012457,6.34496461830535,8.32832499584235,9.74360632886294,8.25018599894545,8.17076355410806,5.55609654787423,7.54199391239838,8.48159472219106,8.66730474024957,7.61739506385625,6.55276707301107,6.21413343405805
2014-09-06,2.87963292241323,3.26811199146949,2.94546046757091,2.50037433442242,2.89614932134438,2.91069686036834,2.60983696263935,2.98108044176976,5.60662287858239,4.53253485917477,4.42366155173016,3.73276285251998,3.1030059260969,3.17829605570263,3.08752890172459,3.16369327351678,4.84700743316371,2.88632418443337,3.62801013150139,3.32176517648161,4.37296663816805,2.98403788483944,3.21182165614576,5.81601477083161,3.83883372139187,2.9749009375579,2.6473420796664,3.36454697564219,3.35492170670551,3.46258703780297,3.59020815571512,2.70138879969146,2.88102850388413
2014-09-07,4.43938563204512,4.20095422436918,4.04744186866351,3.29291875549779,4.29276812146462,4.28445099579253,3.75369977330372,3.93761871328585,6.6677698139836,5.62054216413144,5.37104324039432,5.86767069403962,4.78964073444056,5.6293491331018,4.41576757322453,4.2618501886259,6.18985732608998,4.32441412157717,5.23328566619378,4.75460681693,6.17136490670808,4.39664696748915,4.17070992157186,6.58714561973869,4.80587693761157,4.24395323626719,3.84951865288811,4.24345981402259,4.80661470966904,4.92140422292551,4.55765580725721,3.95943371146221,4.49139688749155
2014-09-08,4.75313514289811,4.12357853766562,3.52725317151995,2.43624508617081,4.42265631758616,3.76727572068904,3.16511528321109,3.20876171409121,6.2423282745499,4.82163889779473,4.91723632310002,5.49099764977714,4.36459684815657,5.33297135712619,4.28475507377967,4.29934845878725,5.49234740956109,4.5408626733024,4.83505570731519,4.77340860770332,5.63376317301627,3.94270204156547,4.12691279334301,6.83690565305158,3.95048460102807,4.23043766903979,3.25114203127635,3.76963915210989,4.82061974552105,4.91069697141364,3.7755066736332,3.6764400087213,4.05253322617538
2014-09-09,10.9841621120043,11.4066971375976,7.84776341182643,5.62890577937759,10.0246180966995,7.31402433187708,6.28139817135131,6.73443409058783,7.42061672763226,7.53810741169904,6.70241615770032,8.08980822062961,7.26519046101471,7.39660331026209,9.36882174729049,11.2749294244197,8.91926709327724,10.8065778597102,8.23242038646085,10.0221588528783,8.5538443136789,7.16053668573365,11.4236805492625,5.65869474045896,10.043272858071,9.89934790760484,6.28742116084122,10.0222168141501,9.89578978238498,9.96168078605963,6.77987587442351,7.72732299240998,7.12800894964754
2014-09-10,5.41006406787645,5.94593217214553,5.32598528175718,3.08088855252363,5.5686294637753,5.16875166287987,4.95756302112236,3.88538397313333,6.0535099508172,5.36855257741041,4.87001030183243,5.63061716559432,5.25665618956089,5.10283219398792,4.94687276220886,5.84407108596276,6.48266446755063,5.30296569032398,5.74066513596527,5.62301346920839,6.18135860461516,5.24788088079691,5.87589127367886,5.38140497864133,5.91223148239008,5.60545227919271,4.95663405907923,5.81736586500901,5.84705659473362,5.90849364215966,4.33304225548021,5.19348486663898,5.09813627121079
2014-09-11,6.7573600313796,7.51444565294471,6.3739248495876,4.1954153576109,6.88859272089789,5.98997299924288,5.80645770271864,5.01937498304086,6.93643773935515,6.40438907146943,5.82546490900253,6.16988419891614,5.9478232571868,5.38806141914341,6.20645550666951,7.35482356576865,7.53713130171592,6.65275802819817,6.60553270805125,6.91372817696889,6.93991981567217,6.08140154893026,7.39628229507332,6.05759625681688,7.03796548128818,6.95257882280196,5.76317657387361,7.17614917158322,7.09705330995938,7.15411863632955,5.40902205261726,6.22555025933654,5.79912346688215
2014-09-12,9.27744888388217,9.67173758589262,7.23615929637509,3.86704483405728,8.89674661756795,6.63616202137396,6.2041969799208,5.21977229804113,7.08504986503226,6.79440329399909,5.76589317820689,6.41472231181345,6.31203074870235,5.04913415251747,7.81485918285713,9.63858039150499,8.72235873847938,9.12130602798103,7.47933652702544,8.92398563891516,7.64243578844968,6.68511026853775,9.80836740476788,5.20432875468799,8.83966404273919,8.62507506551379,6.13459418382509,8.6424467279996,9.10509708302967,9.16589029592598,5.52789595565791,7.28332278984147,6.17270598972844
2014-09-13,6.74632976509218,6.87585239328401,5.61643714772612,4.18377059898954,5.98129352382625,5.33869952089387,4.3684468651497,4.8440776315682,6.01551315187004,5.76118968800088,5.29831850194439,5.59053583654928,4.94479121646841,5.08487431198102,6.07494718115078,6.76151073532928,6.4111874277148,6.62334637753458,5.55079364928925,6.18952460230824,6.05575040211004,4.82753477656626,6.83279044881616,5.14620801194732,9.11351811777859,6.07108569309744,4.45869096249285,7.01641039592492,6.05649643860604,6.16267888517376,5.10529436191797,4.91844254343683,4.96689629676743
2014-09-14,5.45094102153411,5.56735590755491,4.92586899952462,4.12539036515851,5.73342546624193,5.34556290566684,4.30784942375551,4.77895064067424,7.09729496539295,6.24697368655335,5.92106165450777,7.37589959246835,5.90896253850056,7.40500851870145,5.36761311487207,5.66563928543177,6.93308221366564,5.46111376773899,6.37293706488086,6.16099087769811,7.29813858732048,5.29727979043522,5.65686212000752,6.86711736032422,6.53232441755391,5.38066076674948,4.47459151364415,5.41009110435245,6.27636103388346,6.32101461707882,5.25021068810046,4.92652578923681,5.6335463306082
2014-09-15,6.18634896256922,6.74530852180794,5.40863373712288,3.55057156835741,6.01629595763687,5.81386997001952,4.68283693899309,4.34018646126013,6.61759973546926,5.71071383497186,5.49142775153385,8.22348056860974,6.52606752437839,8.78117470275273,5.57860624596235,6.61871078869999,6.59834239836311,6.13303057855041,6.65932997072486,6.14266822703659,7.62598197328619,5.66513810703816,6.75538429903627,6.47034555218117,6.87487884496361,5.99597031168121,4.86934082880478,6.39839335648571,6.22999065255003,6.299448703974,4.76355903774313,5.1916982207038,6.28679454691236
2014-09-16,5.92265613106395,5.40401650125224,3.41712521793592,2.90930684036923,4.48004231298297,3.30877569910629,2.65491780634343,3.58443679704305,6.30791163967819,4.76170552408028,5.31226717267931,4.57711009199549,3.6251372621608,4.28639442890328,5.05094317609991,5.37041520649189,4.94728753986637,5.74110998087025,4.15859713319129,4.8102757114601,4.83336267893851,3.31745153295226,5.45301260364057,7.57810769364325,4.50683988625347,4.56922990125196,2.70530362959453,4.60780571501898,4.51977079825203,4.67297445547195,4.05600924727884,3.29058366371358,3.40402448856378
2014-09-17,7.18190125458737,6.57100795988739,4.37180887082666,3.00473955506084,5.35720761503661,3.78369506201176,3.09530173830864,3.77805287960774,4.33589738047505,4.33489735251628,3.88530613481115,3.41219264252503,3.21352587967765,2.52973108487934,5.83729616488461,6.51600592497993,5.02972707668105,6.93217664958252,3.99951173932434,5.52500920565416,4.21479638533089,3.39778261164272,6.62942099145634,3.22313552780723,7.33845338691012,5.48590136055032,3.09522292787369,6.06293470423963,5.17898672045136,5.32993832876161,3.88376617927554,3.85617204605557,3.25349342203336
2014-09-18,5.28998832810363,8.82209902020691,7.80192856257461,5.4523319464796,8.10022799886201,7.54201270149111,6.3831975061934,5.97200332660592,6.66394051665524,7.07321439910207,5.77518708779338,7.96396662957437,7.2192267696337,7.52779208230249,5.81813134544943,8.36837917094227,8.37574460083701,5.66966818876286,7.90813786632166,7.95143518781564,8.2422265095487,7.06157934301163,8.55410400552725,4.59515377059911,11.1915987735108,7.83324024617766,6.47363056399998,9.21441784813675,8.55715233943573,8.40120972543804,6.121473258481,7.20273273818213,7.23441202847769
2014-09-19,6.24779771887414,5.9682382429658,5.47019267062687,4.21080259586037,5.84674458367883,6.23373449231751,4.96000518956827,4.96497930027101,7.13587538346411,6.48327228010348,5.9688931261431,9.60096377394403,7.35454479772266,10.5103740101492,5.89022614358794,6.00668764412148,7.29344009959858,6.06942196093106,7.33266431270007,6.20643035306272,8.71866989267925,6.15189409409863,5.91983063250411,6.38914569762109,6.68621271118891,5.84374891219115,5.22167985076581,5.94946435858699,6.22836642897615,6.34801496147548,5.47097372124625,5.27935793179573,6.99640456803364
2014-09-20,5.87806980459929,6.34760721396125,5.88539228755463,4.76762803857736,6.23799508361284,6.6273115615897,5.26382116323001,5.41791994635071,7.35139306661569,6.89814536334953,6.21938673876875,10.0230029793943,7.7316842825676,10.9239700563365,5.88416280035321,6.30335859273405,7.70593228180288,5.82118417938028,7.75387496436013,6.56484273875237,9.12190777635087,6.51755352711957,6.22535174737489,6.36484085157072,7.27497800069769,6.1737014746449,5.52911693062859,6.42997530910618,6.7010042442237,6.76650910500199,5.88541797637833,5.6626494974722,7.37853793054558
2014-09-21,12.8618013718322,6.71519936970905,5.12023871065005,4.28284201625795,7.12887296802704,5.90158632159033,4.6250196484873,5.56055630009983,6.70878893534032,6.20439738226231,6.19818250288592,9.38162690292758,7.1055351256366,10.3711101441353,9.81206432104198,7.56893797378857,6.89141335778645,11.7083598346761,7.06307867502337,7.75265212092251,8.38568444908669,5.87350408362503,7.03014532600038,5.98556801644301,6.01604856795445,7.22784868164945,4.88056632865361,5.58415840201995,6.75388611126235,7.17518361186242,5.7843518248154,5.3251146172524,6.73338199751365
2014-09-22,6.30478632973029,6.79600224471363,4.23096975996457,3.16137315183526,5.1938162120013,3.81156627129572,2.93235563306744,3.89593737014484,6.00322897557957,5.00115744013396,5.08521610545026,4.582158815463,3.74295093698817,4.03886423573698,5.42537356877707,6.5369903319611,5.43485788991084,6.211398312249,4.46029169827558,5.40832389882356,5.05684726692698,3.56076807169403,6.74054029135846,6.29204035731697,6.65238927588545,5.39796732344439,2.97321416197246,6.13152804409596,5.15787901028177,5.29173544084435,4.27419536014042,3.72390282065358,3.62703130645481
2014-09-23,2.97523451254559,3.50018662185899,3.22222529256129,2.51119990184877,3.20685497337487,3.09534181687672,2.82697641420251,2.95608600961193,5.51866920331684,4.35111393228365,4.41812054385827,3.47535736884997,3.09209315901081,2.87067211744417,3.11619255593894,3.39983497776033,4.66741354282793,2.98894721685851,3.6115051882267,3.50094870959732,4.13047692647946,3.09661009778796,3.43305362009858,6.0834476643372,4.29782404433839,3.23586286791924,2.84558104359307,3.64738160466084,3.58959161207338,3.65812539068583,3.49510801578314,2.97129327801018,2.94995153660327
2014-09-24,2.6551914176778,2.60779772400895,1.97190391877435,1.61249671575086,2.40359208506159,1.76914012133163,1.62074456294974,2.07892207172354,4.48898396874815,3.31700772521631,3.49721938572632,2.09460889602603,1.81233649923349,1.36052106578345,2.54327956963704,2.60349605388265,3.55346018962738,2.58564128142076,2.42141878750428,2.73440264005228,2.85210439303484,1.90087207559586,2.58007022285475,5.1823181796209,2.51690989807086,2.39215285536613,1.60230849877871,2.39309168836791,2.70624281598956,2.79312517189874,2.56281314689866,1.91740422482434,1.63433429718828
2014-09-25,5.33966719950684,5.1524707979668,4.97625133008092,3.37107783919265,5.62853038021283,4.80815022817262,4.54145340679674,4.145965875184,6.90810766898134,5.77473269972716,5.57744854514836,5.09105830330419,4.79404720580645,4.20728608226854,5.03738714384134,5.2988834464844,6.67785637175413,5.15981075995048,5.55490074559829,5.87812602035731,5.9575623080224,4.92655617347266,5.08257322637521,6.96814213650234,5.83974627793438,5.39954603191763,4.53295928120693,5.13473134763046,6.08183160406084,6.12772562978967,4.67147611021613,5.01305974901869,4.61132644607093
2014-09-26,4.38278134984891,4.37276070696029,3.42975297503104,2.95938762902674,4.09507840114676,3.1943790833121,2.82779759788054,3.48672985781676,5.35601045565087,4.60917240907553,4.46804397852686,3.76834670114742,3.27363261755696,3.1035666300441,4.14550620985351,4.35803323363298,5.00310903844433,4.26355963678603,3.92839382952023,4.39996908718806,4.41940554238731,3.26025800857845,4.2700884262051,5.32132413397934,4.33388909121844,4.09624679187873,2.82685939057401,4.09881051251494,4.34335126408271,4.42795682090704,3.87897517771632,3.31068915574964,3.08885437072278
2014-09-27,4.26818002295825,4.44047075452367,3.52699997955992,2.27987669278294,3.8026386249797,3.15273937834654,2.67835932779582,2.88118597630408,5.59843191468106,4.17626040497295,4.52215395157916,3.03324427748063,2.79368411383866,2.24854704671388,3.81674067530671,4.34439497883067,4.53153312794666,4.15841474218174,3.45082442278843,4.00734232460192,3.8151106859289,2.9191983058261,4.37436526724456,6.60489202537232,5.73644521203803,3.89111030388246,2.68922085304747,4.49670988553357,3.95858507427702,4.05325876093532,3.37369411977793,3.06350716284329,2.76335007537925
2014-09-28,6.80722001947964,6.36985213550353,5.71915541031749,4.54247601716048,6.30458620324963,5.63818895285623,5.19524781675969,5.20225656269277,6.43885378341813,6.22183120999496,5.65176916306016,6.43197495115043,5.80395157953618,6.05139264396462,6.26855963974167,6.43570471054416,7.00337918747176,6.57337068249796,6.28281055096156,6.51490162907316,6.80463021558037,5.65246561356431,6.27922982026347,5.41152165603486,6.63475159811339,6.30851688600671,5.22950261845209,6.20963524842449,6.49651826848701,6.58842517185652,5.49426547182237,5.60211744232173,5.63557340444026
2014-09-29,4.68084218850668,4.51461103887968,3.80888781936236,2.46359081024355,4.35238920566087,3.52907535164742,3.37009607788211,3.14058659741427,5.26431562188747,4.39096657626906,4.25134552694228,3.70446690688348,3.49787400652339,2.95661215008444,4.17685635025483,4.53388236753109,5.08963668124178,4.49351448399445,4.11431165390192,4.52507098166032,4.45332982109566,3.62589888010495,4.44098450486413,5.23945220512346,4.43502132551823,4.35806386253951,3.34024301540337,4.28478371436677,4.56469783640591,4.64677139965279,3.55418521182552,3.73755457317685,3.35127729263058
2014-09-30,4.29296570598189,5.12648183124954,4.67691695773495,3.33564309122182,4.41121885546651,4.73726887103747,3.91176311041318,3.90652295213886,6.67922354654988,5.47781760369024,5.44401927094852,5.77291494025168,4.79608456314344,5.60507795354909,4.2999239585387,4.92224040762463,5.94944229407288,4.31804574885655,5.168113691883,4.68775777486411,5.99354413280303,4.42733297334708,5.04753725911893,7.04854256143512,7.14367089030274,4.53289226861931,4.03932678876725,5.54137496316441,4.77038388160368,4.86013573022636,4.4969506660809,4.06540943114279,4.68786721224154
2014-10-01,7.10095574461453,7.37726232056076,5.88340396964868,4.58732135480378,6.40384198236199,6.58379148901028,4.58678919433554,5.40532484654582,7.7249182778281,6.9530578375295,6.52602064078905,10.673284568174,7.72411089967607,11.8789376533414,6.58210478180677,7.21245397460251,7.63194375614238,6.91521657094072,7.73680720917887,6.76791810589778,9.44694058447564,6.15184306163527,7.17419198332112,7.11879497517559,8.82414890996205,6.60593258363237,4.93460581819608,7.37430211948563,6.62925439028753,6.77973862603041,5.92870488513832,5.21235759420836,7.38767429524823
2014-10-02,8.60843150775274,8.19551824513951,5.16089998075471,3.68325863169036,6.74366096088492,5.07457217545723,3.94706929709671,4.71718632114275,6.89635694027239,5.95308639055576,5.86310627792864,7.15256385361148,5.60384777203845,7.118302730096,7.12317794850409,8.09184361991285,6.7513868442917,8.32785194323265,6.17961965143367,6.99010702479595,7.09314426366047,4.9841990379616,8.2141776971313,6.72343228545669,6.84401056831796,6.89018144065076,4.05011120402468,7.02629114276626,6.65907741873774,6.84028346379053,5.09566040587972,4.93479660864488,5.32916417370392
2014-10-03,7.65056677480015,8.52064784006443,5.7786669314633,3.84875966391123,6.69211111473916,5.00950125044379,4.39770426362976,4.68488759212619,5.84961923208786,5.57719713702118,5.11348338086588,4.68853611092925,4.49524070958576,3.70425731591206,6.53609205012307,8.18428709260177,6.46029072844787,7.55963611021993,5.36157526972574,6.70531005624767,5.58577251775602,4.71220008128358,8.45260112994711,4.90876737208587,8.37127936796381,6.93127622938186,4.35782865859693,7.84695162359575,6.54830273080837,6.65646415135732,4.89291707316357,5.20075424663683,4.49467585229886
2014-10-04,13.3674671174171,13.3437218153028,11.0232555365227,8.60646470819745,13.0891584696496,10.6994915431545,9.57898122917416,9.5590774633736,8.4904669980584,9.78134618650273,8.26481228154512,11.7778477771475,10.8122428556643,11.612387170505,11.9102114990926,13.4096871659597,11.4292769826074,12.9951427505154,11.4629769770126,12.8734414069636,11.6774418818013,10.5039907711577,13.0973962993546,5.21123667406377,12.831861319574,12.8920378841818,9.62204288428378,12.4898861832408,12.8993727066553,12.8857880316785,9.29358842592954,10.9790450278951,10.7148602307081
2014-10-05,10.4922363171385,10.4312949871577,9.69697618288165,5.69824327224394,10.0161830233748,9.70396052356167,9.05160888309864,6.71876380423485,7.595847722442,7.6040501365823,6.8350565254029,10.6766234022444,9.89901303241598,11.1023283142947,9.02366543926415,10.3769485599376,9.28644590960575,10.0650083118816,9.85962510655599,9.58881638053088,10.2036114953771,9.46096654879702,10.2148523908111,6.02063350517793,10.8064412374649,10.2282958932927,9.13404592524119,10.4049164112411,9.80310794370177,9.85139489125749,6.8322800637729,9.36166721688578,9.87587980206188
2014-10-06,8.64692065738346,9.66983719894153,7.55298164337123,13.9799591222683,8.11146672318379,7.82778579837217,6.24151333325117,12.8975589545453,9.97277455072387,11.7112598847908,11.1783650030493,11.2940940982452,8.84305606022503,12.2621221915567,10.3717800796657,9.25630745033153,9.51451749421411,8.99543530043036,8.9025042954935,9.03717490438246,10.2822916829933,7.55080895347696,9.26661314901712,8.57318194939737,9.47331302980064,8.53054514512326,6.47155700370219,9.35496499642204,8.12710016227138,8.23209817871494,12.647904306781,6.89151592104573,8.53351895572344
2014-10-07,8.77556189939851,9.66954007991931,6.74154586291366,4.22339180356058,8.09740142387787,6.54261545729557,5.80926738122082,5.27420656322172,6.88460059195234,6.4791922977961,5.88380110193883,8.95841958273057,7.45097382913165,9.25734932347688,7.46997558631641,9.32764523608122,7.78170465409121,8.4633130260016,7.76098166393942,7.90365370725409,8.57257827209611,6.7518255832473,9.31068667338464,5.75348527001019,6.37968604296962,8.50357827939944,5.8396062325422,8.41442848794021,7.88829960239694,7.99051581629261,5.55483741096033,6.6345328467833,7.09942852727642
2014-10-08,8.31699049564173,8.99543165641436,5.33704463381899,3.94380251591216,6.03729628164153,4.48390695700125,4.07754911283199,4.74161746838201,5.15682545435878,5.34727370735496,4.72955027025105,4.60268041253524,4.24600972833539,3.87337660226047,6.88673726914908,8.44772374893412,6.00030535001709,8.16146160656189,4.89556716638107,6.0769373398987,5.3311469138633,4.30643564085215,8.90663364349105,3.59639183183413,7.03428702572536,6.75829009055485,4.01471587068079,7.87201094286309,5.60085452674103,5.82803516888278,4.90015693236994,4.62125717769819,4.17465409002064
2014-10-09,15.8450552709296,16.8785360392536,10.794728166609,12.2001393715438,13.3464485864062,9.62234875433393,7.71828181536876,12.4827982474693,8.78557557699549,11.1764664958547,9.87917114379536,9.76163485594254,8.80732970166003,8.96219786947413,14.4241247491359,16.3352560784629,11.0826460497479,15.912764110235,10.0017241820084,13.5837788762326,10.2092877131899,8.70076726849616,16.8184645027906,5.28578698824714,16.5463833551103,13.637274153211,7.75721209460307,15.2080987220903,12.5901219401624,12.7186770027626,11.8047762143429,9.7458921847681,8.94612086991325
2014-10-10,10.4743645087153,14.1029863737975,8.55313227781203,7.60676004885974,9.76751116458191,6.97273139982051,6.17010976934117,8.22628191671721,8.2595548993723,8.71548085570711,7.91108522501807,7.48886023244382,6.75823599271872,6.56227588361682,9.65135209217649,12.9449522004461,9.16195119859253,10.4791575784576,7.78541982293409,9.53338411301533,8.28161146531582,6.74279381849534,13.3192561424198,6.48194815021129,10.6385711448183,10.891955004614,6.03177025435489,12.642086057496,9.1157924031091,9.24766449434637,8.29406587783024,7.38293491791112,6.63332160523591
2014-10-11,9.5817798972718,13.7388141332447,10.0056682632271,8.09626866993073,10.0200402028672,8.75300372392971,8.39056022946318,8.54195384782809,8.57170137314544,9.06156668546811,8.20995153479222,9.16717772864113,8.68782320753872,8.82106363258741,9.24538879588904,12.547827322769,9.71353946276563,9.63244809854456,9.11715912870573,9.47584354878068,9.48192604682234,8.59263224160128,12.8602892487875,6.85061265563608,10.8428880964264,11.2272267073425,8.26569037179839,13.0348878222118,9.44050560742408,9.49683491059856,8.6264221855946,8.86876493447886,8.623660423281
2014-10-12,9.80109933199867,12.6375388892701,9.77891729689336,8.13473480399715,9.58918397678924,9.66867846383712,7.75659729335569,8.56387616564307,8.72069310494016,9.04000423444116,8.38840026216178,12.2990962598476,10.0586672579383,13.4686780580339,9.37268672093563,11.7656438226891,9.46114981864985,9.83500526441651,9.9183314994231,9.36228621084585,11.0708083498756,8.79914798725301,12.0622616213398,7.35836012612808,13.7975263673407,10.4533784106796,8.0043072294482,12.7283905062183,9.17606342344692,9.26318465231405,8.66415577537933,8.29666383031819,10.0388050768669
2014-10-13,11.3541185409437,12.4507304607877,7.90807354928588,6.42833080567172,8.94495536042847,7.93705199706769,5.81454428088146,7.31618681271496,8.61946845982559,8.11741182129869,7.97908589580791,11.8842943727699,8.93004077377181,13.216062956964,9.75226313536442,11.7607818959384,8.55448436755912,11.106938227484,8.90913505193151,8.95862135151336,10.4661967702893,7.33113764266584,12.0995312255321,8.10302911341301,11.1279633387657,9.84188247103931,6.08561099366613,11.353980845553,8.35209164433646,8.5941830682199,7.57495174507561,6.77593316323976,8.68070851183685
2014-10-14,7.76395268601307,11.1436527156662,7.26916807803071,4.56057505513391,8.13769983671864,7.3863560670294,5.24047495258684,5.5706823955362,7.80432938098884,7.21291186437666,6.48708693481813,12.2458141526993,8.86575438565245,13.7257720564,7.0824083320803,10.2386385515611,8.37527595052425,7.677600697536,8.88409527276461,7.90566804329355,10.6561059159142,7.05088814302221,10.3735440189259,6.66306004025712,9.34388564040863,8.93668596968271,5.50729370971236,10.3610148223899,7.94241280614564,8.02917173513239,6.02492283007518,6.27002483841472,8.44216781423458
2014-10-15,10.5539384286223,10.7881978428522,8.32083198089362,3.89663885249568,8.98760576705471,7.73552802548242,6.67026035135238,5.16444174110158,7.43462017759225,6.34283382799459,6.3626009343601,8.07720817890824,7.35976395559255,7.96123581867165,8.41343449664673,10.490884320294,7.77529373459191,10.0570375899662,7.74985926938807,8.56026577409058,8.09469129564506,7.11117475849427,10.4974006729006,7.43273963798534,11.6463810163295,9.49848805539281,6.72856032110599,10.5093021661668,8.47498985287033,8.60784242632952,5.44840883312567,7.39672676170866,7.4542940525488
2014-10-16,10.0141899156895,10.7289164194213,6.89912390255754,4.47667876652806,7.72600497983752,6.09867551017023,5.59095050568397,5.51225555694568,7.16557921304425,6.52562172702136,6.34429419512269,7.05994833338372,6.26065268275875,6.7655688685093,8.21734313448635,10.1365495034458,7.39093783210006,9.64961863567257,6.72778513825569,7.54754334210611,7.34570597520628,6.01312817137056,10.3975122236799,6.60459933373274,7.86451629204282,8.64301474334668,5.54304659181457,9.49727502002918,7.14455667902048,7.37902675202966,5.82747835818336,6.18195650522773,6.10254909583108
2014-10-17,9.61825143496552,9.46708332019753,7.30735831126068,4.65968837896173,9.09518276754465,7.0127290995928,5.8305279928775,5.8142930936963,7.71401336289758,7.10055134623931,6.58903234125569,8.20222147183941,7.09580644044164,7.7520502483963,8.22463346034504,9.52618035419476,8.49400727988448,9.24735368064253,7.93436994241887,9.11370006447922,8.46054228670113,6.79730772381699,9.28413551870582,6.8419490471084,9.72744416637423,8.93719176135454,5.8975303923034,8.81667788744508,9.12913255251566,9.18547750527242,6.07610318590181,7.10569280843916,6.93935226168059
2014-10-18,5.76862185271719,7.85511681306404,5.36166680630821,3.18924212746205,5.29218050343207,4.68519278539169,3.96492745447549,3.88847361704551,5.88388020728744,5.07216165933563,4.93221078203051,4.57718859082029,4.17713748552155,3.94526532883564,5.11187212701644,7.20800787095353,5.71150915436583,5.86592859382095,4.76750605622364,5.23955234819605,5.20826507516641,4.19155183494779,7.71220823935444,5.77797819707076,8.53550038780006,5.81308860725607,3.97955169315921,7.66261601319428,5.17284497595227,5.28493370226155,4.28548794701134,4.35158107693224,4.2258315414164
2014-10-19,7.65745864519619,9.60282433184298,8.00208667439667,5.87113041292551,8.19274411096957,7.55379581752233,6.94649436779999,6.58226017980276,8.92716072215675,8.05266103497351,7.74308186642044,8.42950646451267,7.64833839997806,8.06586113511116,7.38964373546102,9.12974364270956,8.89567447379122,7.60524129765147,8.1656851165169,8.10845058817043,8.77973583826203,7.42908270320898,9.17814099097584,8.6929504495247,9.4289438803603,8.58889275868857,6.95743201838746,9.487360970386,8.27177179225466,8.32334722390694,7.05029719789512,7.39065088480218,7.50350590844305
2014-10-20,9.56086210183352,14.8350307160364,8.23586505135599,7.59605031221964,8.40405730181877,8.12502849259278,6.01689230259727,7.98558939670001,8.78432332398642,8.51174715337184,8.41844811533661,12.5643763140794,9.34404923671215,14.3860672426878,8.96355690959455,13.1552961406988,8.36474578954113,10.1140808048372,8.99550922322711,8.21223609623344,10.7060103316702,7.4848977904491,14.5140158031895,8.47098788318583,11.0713324752716,9.80377656089445,6.28261742908924,13.1631681283688,7.68415144040761,7.87123200030083,8.21608964815147,6.67145102042676,9.08817237041358
2014-10-21,8.41168053025572,11.0581405965943,7.19618647301474,3.67707289885641,8.82735972780996,7.04881179176003,5.29671430700477,5.0435433407788,8.6714481361063,7.20888612548912,6.83304408439314,10.4404596559642,7.9838478966561,10.8095747000455,7.29686358672503,10.4600544664683,8.79795470819547,8.31487668276991,8.60804576119594,8.67918197694295,9.8944732569478,6.88456451956518,10.6173288946673,8.43137819935978,9.30153058582158,9.10246920080227,5.45353007868996,9.93519453326918,8.86759986369679,8.92347579001248,5.64221601452533,6.6612186499798,7.59847068128139
2014-10-22,7.75428183202081,8.43030443113677,6.95037553599042,4.11190221511488,8.43824649849093,6.33062412295706,5.8131039997354,5.22175819811555,8.25689481272547,7.01766907618046,6.71006173510776,6.55111239249627,6.19993216327399,5.38602744842887,6.94491087612424,8.42383753490426,8.44706586499174,7.46860685570453,7.30389685154975,8.40002768756959,7.56646913066038,6.41397251160273,8.09263344039919,8.14053404641183,8.20018821496542,8.2594128099612,5.74780285194854,7.96688619501791,8.69818845672716,8.69658743126656,5.69584223512503,6.90733915746828,6.01577986887423
2014-10-23,7.84690612665432,9.75271103690154,6.73582837373693,4.86042166524808,7.99584241594713,6.18144621126021,5.6578980194589,5.79207083600622,8.53065467960464,7.4484663417711,7.17196958140359,8.15420536161409,6.92037359141622,7.81664906235702,7.19836668436401,9.24019474837953,8.41608400891857,7.66871143739111,7.60453118418497,7.91727384819864,8.42254209510328,6.51469453948978,9.20145232503537,8.34571022555958,6.27634880212856,8.47403223811081,5.60908821337404,8.5822279250267,7.97171301654063,8.05488506236772,6.30447538362647,6.5347743107507,6.51870893384953
2014-10-24,10.9494060425612,14.5645686143438,9.25807717078048,7.6561487174537,10.0037733108683,7.89894445054098,6.73116480902157,8.40825038914459,9.16007137268335,9.22544110599747,8.54264757699089,8.08171591397696,7.31160842297001,7.13477965048609,10.0245626763989,13.419113726919,9.78858695482564,11.1209849954859,8.33838245090942,9.90503571654152,8.92559902306845,7.28007202273305,14.1326817168437,7.70618169998257,13.4028957062713,10.9563317522466,6.69108722489443,13.5112721065554,9.51822814833164,9.67444022579879,8.61126278206394,7.80059085852005,7.319738965737
2014-10-25,13.3201151431026,17.8126097801154,12.4025443657773,11.2936040894339,12.2551181069249,11.8121582986103,9.97067855192453,11.706892977788,10.9971566632576,11.9421167382683,10.9364941790351,14.4854588316961,12.1991806591722,15.4546714761914,12.7095599840286,16.3307142292186,12.1819666699562,13.622025325453,12.1945968354018,12.0220321550409,13.4876074026849,10.9726435485615,17.269266013292,8.66769056936986,16.3591938226802,13.6597436147789,10.1491811275727,16.9586653801248,11.5321569950674,11.7121201127617,11.7362678322932,10.5714820357075,12.1356126497128
2014-10-26,22.7232916014551,21.9751382974986,19.1170967295254,17.9877882777425,22.0265880908917,17.6876543215501,17.0726574994728,18.5500560038676,12.6128080756413,16.8099831657853,14.006337093122,14.6600121450024,15.9480986439515,12.6237236359671,20.9949342968039,22.2684957497329,18.428374367428,22.4289889973367,17.4720250262734,21.7848479824978,16.246212426292,17.1489962420225,21.9671583964448,6.02238837273823,23.0040140259708,21.4056131908201,16.8826659259511,20.9958966025093,21.5503655516233,21.450809032679,17.3760181818627,19.0736559564701,16.3119514317918
2014-10-27,19.901400026068,19.8734386780442,15.3192749799519,13.0489598449528,19.1133189681101,14.6828251629412,13.0446532098147,14.1914157162968,12.155223922561,13.8632640693192,12.270411665303,15.6621668793964,14.5960923418467,15.1737087878071,17.6424855378661,19.98077354937,15.6829424258559,19.5546708545779,15.723363848714,18.8501498880167,15.6529133140365,14.3796270868835,19.7882829202898,8.48225469094281,18.1478458027097,18.5885725198875,13.0644883946655,17.9219850122462,18.6827978832397,18.6279914547748,13.5991659708531,15.4866023950607,14.5277807482533
2014-10-28,14.2232187089783,15.7516810881455,12.1847839740784,8.77670402338815,14.3071084799228,11.4868607935888,10.4322032188569,10.0432727367331,10.0954477303835,10.9573677697341,9.3093917780309,12.1624024737526,11.3821558862726,11.3878958345731,12.6942911017294,15.470295052221,13.0238791148645,14.0686411001646,12.4253822248853,14.0591234794786,12.6751490822231,11.3250977180996,15.5587969572564,6.75747540100801,14.3989557795615,14.21125117578,10.4126086777665,14.5032858505045,14.2105555645682,14.2087252872655,9.99743461726892,11.9745235074725,11.255380099529
2014-10-29,17.0937003218015,17.4116513509193,14.7393559139001,13.123465089134,17.9858591006089,14.9230402781523,12.990969933408,14.0208667986916,11.564886642497,13.9193928927624,11.5954758006263,17.6438800227466,15.6258605667462,18.0095310997882,16.0035165900342,17.6705223992676,15.8409759945794,16.8884260809494,16.3587712511515,17.909666590972,16.8337640753381,14.7579823335577,17.2420092765902,6.6929927473845,16.8373888145552,17.174998790903,13.1614303973087,16.1843997565884,18.0808285759798,17.9426626646929,13.4826138213779,15.1364899460053,15.3750145756989
2014-10-30,13.5742579774451,14.5540951283468,11.5417293200527,11.2269346899371,12.5413136727167,10.8927387530616,9.94926706558707,11.6330717855966,9.3642606884439,11.3172934441158,9.72092583571795,10.9861911600745,10.4631254016342,10.4214319377654,12.8178549888762,14.1757648483138,11.9506703065414,13.6015468445036,11.1568480983429,12.6374979522711,11.4197480022541,10.4300794817324,14.4718507506055,5.69926166233208,14.6427802598986,12.786798236993,9.96680631846173,13.8680992896676,12.2737823639011,12.3605083216217,11.3232527656911,10.8641183824257,10.5017117082191
2014-10-31,13.4584662498685,16.2482039376808,12.1342596007569,10.3645369690292,12.3517682353625,11.1039165834385,10.3307749071741,10.8321567452694,9.69086400164439,10.6855692009046,9.84366793760425,10.6789530978526,10.4344192477903,10.3147936787491,12.3784899958561,15.2964993279056,11.2646201296146,13.6141015553082,10.8496505019292,11.988729848924,10.9631439053896,10.4509790177875,16.0322177094015,7.60031772812452,15.3796141019954,13.1937765692761,10.3002683032816,15.4589336869687,11.6684488206615,11.771240879139,10.6519353781522,10.9171522548036,10.6127795012321
2014-11-01,13.7413330876572,16.110482794575,12.0613453708636,9.07459362568218,13.5448338959549,11.3389522551457,9.91881441317671,9.86087550334449,8.79468358661866,9.73841660708237,8.78689092444723,11.6236785737645,10.8684257911666,11.5852905651734,12.1965990866333,15.5247977121547,11.0409874903218,13.7663539100199,11.3856179284887,12.9911124611366,11.369048468588,10.6163125031234,15.9191122704392,6.6011423801109,15.8244707819377,13.742986195192,9.96824222100541,15.1365239821923,12.9583596277503,12.9218366884107,9.51391421838821,11.2837470352659,11.031106748201
2014-11-02,18.1410160354915,17.9225447625852,14.8009455819726,10.3502900771435,18.0135375169886,13.6569597800156,12.847431584996,11.727438946553,10.4835511255336,11.7216687501212,10.2631886452036,11.8566483729066,12.4967343990743,10.287425997246,15.6044668249286,18.1861663140799,14.2001574662464,17.6890987730802,13.8899911761215,17.4133752037559,12.9526228488171,13.2975166885301,17.8784104546596,7.24325011844517,17.8417158400347,17.3274370943164,12.7062236173677,16.6427274385587,17.628862317167,17.504808794723,11.193472258756,14.9757552924504,12.7033742430795
2014-11-03,9.60979352199444,12.3587000196408,9.52406084304152,5.68138467304558,9.39372103493499,8.66885215718948,7.95514279409862,6.5755783749518,8.36580007012303,7.66691262958005,7.42971978643036,8.32827308376503,8.06207307322483,7.92681937957235,8.46200411206663,11.5513756304566,8.82634523901616,9.61495292657479,8.47767273203218,8.89651166351397,8.68775092732125,8.07354946269309,12.0469206068648,8.00597674698385,12.6285153441616,10.0949435981414,7.94487161590916,12.1365214067988,8.99173764454961,9.06027895882568,6.8553217553091,8.36926304688019,8.20448838213947
2014-11-04,9.9097418383672,16.0753897436512,9.63559188177468,5.99590646845667,10.5117552264758,9.02603052103857,7.5206652362267,7.13162012339014,9.64796749336741,8.85579637707242,8.22180316903741,12.0698212418885,9.84032045403733,12.5893785070737,8.98825383357109,14.4979548022108,10.2703591340463,10.420340581497,10.2350265595366,10.0202148253135,11.4288126223439,8.78282793694518,15.7117235851604,8.72216142348319,11.4946652124575,11.4589590648618,7.60422173870966,14.1513658304225,10.1595268549395,10.2234255358083,7.58531588566455,8.57912188719764,9.53651566019208
2014-11-05,13.699356186932,14.0568788740146,8.78947543481633,5.56588828329164,10.6318048380371,8.32413958282693,6.66737421252301,7.01630293121999,8.21099510961736,7.98864163816119,7.38478685510873,10.9089760955062,8.84703065704464,11.3074054064449,11.023902158149,13.5225656643869,9.38361110282327,13.2354530942459,9.30479985477537,10.4701415411598,10.3625164003003,7.89887371843371,13.8451387487695,6.60463811527078,11.595723924042,11.3814676201861,6.7915528815346,12.3503597633805,9.92097943130842,10.1809384623578,7.19129779952783,7.95678809761231,8.64081216904263
2014-11-06,12.2644098706867,13.4269776654262,9.65088227353687,6.42641094021634,11.1269903769138,8.78099400307873,7.82696057987271,7.61306716721085,9.0098876516601,8.6368772961129,8.10365631932147,8.89028430994476,8.35919153966229,8.08411393479968,10.4714093188192,13.0058394980682,10.0319060759091,12.0605743522519,9.26970969101864,10.9107884933408,9.52573440349957,8.3990090255959,13.2771635683704,7.88631362720372,12.6161243102793,11.4186418582489,7.80257575453086,12.3625274108618,10.7844174641064,10.8865752771376,7.78261223871715,9.01050549367265,8.35029597834515
2014-11-07,11.8649078287865,11.2490577553417,8.89991750707443,8.33213733469407,10.7605796538603,8.58062841273831,7.01703039275256,9.05542237047164,9.40219980454682,9.6045770933751,8.96281389421117,11.5503598099063,9.38914831731592,11.9594652609501,10.8137150717367,11.2136603195106,10.1504412134042,11.135347843883,9.89987856553427,10.8186365996016,10.9584689765482,8.40268191118883,10.3482188052008,7.97098130984643,10.5576635259569,11.2274576604927,7.12964236645541,10.7227406124579,10.4137482611776,10.535511350899,9.12849570889083,8.37413051721786,9.07479590454726
2014-11-08,15.0647893483048,16.8591449488052,10.9048035386183,8.31066531388333,13.6431891427773,9.99005486573047,8.25685731574282,9.56633910437567,10.4411038861106,10.284745401181,9.73163151083083,11.3216918392308,9.89932717430605,10.8117589233428,12.9267228142636,16.2856249463232,11.5758772849303,14.9433334274188,11.0050638408472,13.4566283826009,11.4965637440555,9.51154635240635,16.6924324239044,9.15148223743915,14.6462203916372,13.8732314509641,8.29099486570076,14.8770239625822,13.1149757033616,13.2060406561879,9.56743532626349,10.2667441248482,9.79545687900776
2014-11-09,14.5081992937184,15.6624208421975,12.0000784502555,9.36358495702846,14.8492195416557,11.7280795167381,10.3393058662781,10.4350631484826,11.0744071879457,11.0837105598954,10.3884537416593,14.4984082591235,12.6499818683655,14.9299566438137,12.9799984193621,15.4974794103193,12.6360207364465,14.1356105397921,13.2021345320951,14.4187532324589,13.7130148255389,11.8178953621031,15.1303972983249,9.72624200631032,12.3224650456851,14.7833930107757,10.3911101841858,14.0212274755066,14.5311083711095,14.4716657376247,10.3519682961419,12.17025148223,12.3284232972232
2014-11-10,14.5421184463609,13.6351724334708,10.729929450663,6.55035976532587,12.7066161429968,10.3631885709706,8.56302967869111,8.08428570080469,9.62271665994077,9.20003491078754,8.59059409563272,11.4910066640579,10.1208068971286,11.3051663794487,12.0119015833082,13.7149116814638,11.0394055530287,13.9188843852343,10.8932604470963,12.5420332711415,11.4282468071257,9.64655041703027,13.4869018717926,8.25126580453266,15.3042087538968,12.6915658067895,8.7096724452202,13.0454011142342,12.3713933551699,12.4912699537993,8.21288624077103,10.075416167445,10.1332517849473
2014-11-11,9.7405587846462,11.0006101664932,8.36368521946208,8.19965537091415,8.35834991555769,8.14761524343434,6.6323459582637,8.53902095153366,8.95542385337361,9.00556487087261,8.6655089320322,9.67901422472537,8.12097287921797,9.97448166217263,9.30080433444367,10.4218686791824,8.92323099571288,9.78989546386648,8.3779849716087,8.60806750197535,9.37613755764922,7.38761447738122,10.8155610224641,8.13574966706145,12.5827044155027,8.98437453195574,6.81841433113931,10.9475607321133,8.13256046289003,8.30834995834672,8.73222953943355,7.10965816862416,8.11464536617871
2014-11-12,16.8118613459466,17.8570481594777,12.3224135565912,12.0591003353199,13.6513112925304,11.3686162996325,9.99575155969342,12.4783189842123,10.1698083262806,11.5411115123293,10.9477282901609,12.28232796934,11.1503538945767,12.5103475067294,14.925935430003,17.069573241035,11.5512980322708,16.6317678972893,11.4736973579949,13.4455103200424,11.8844343933133,10.6428786949619,17.5657434024434,8.0932414401305,15.7911526271079,14.6643773414421,10.0345140892826,16.3475352157929,12.5184377937041,12.7293490334269,12.0447164000565,11.1136707866885,11.2397910541447
2014-11-13,18.8858357768477,19.5946962354617,11.9614856148242,11.3683835541847,14.7996150028027,11.6075370826364,8.44318460746319,12.244233903609,10.1482291601778,11.431512373091,10.7530631816134,15.3406060110686,12.0951879985432,16.6656058284855,16.0916355057074,18.8751269439633,11.7572357826263,18.6512017007079,12.4188743899909,14.7686292122449,13.6466125009495,10.4268759508366,19.4707971853371,7.78677741681715,18.0728309090118,15.5304756067754,8.75988832411924,17.3847609678449,13.5906886578795,13.8362625171649,11.7559684116389,10.6111570958145,12.0496460176315
2014-11-14,14.2274685181121,15.3404050070788,10.7465493147817,10.7161151158347,12.1292961121032,10.363582218227,7.88062788542714,11.3151009698612,9.95216326539064,11.3379585653505,10.0521574509683,14.0595449846122,11.0472868164311,15.000479465504,13.0925150538452,14.6664356496183,11.5974806213534,13.8593455722052,11.4042673395449,12.270535698893,12.9533337673028,9.55022396984436,14.5599142472633,6.85203170650226,15.2790411191812,13.1061186413311,8.13161453989206,14.6121068810197,11.475570197156,11.696104100399,11.2010695512682,9.27986334697483,10.8428727383727
2014-11-15,14.4436525966091,20.4490938847776,11.183800393713,7.85996345402315,14.2976861173686,10.2432069920193,9.14066888115485,9.32642554286563,10.3826772928701,10.5001256819674,9.31046518095473,11.2177547826162,10.3028190412204,10.1493253436218,12.5533941949453,19.0863923087669,12.5474798775771,15.5086323300993,11.6816570674618,14.0624117161992,11.9381410676545,10.2891294522587,21.2930337307164,8.05057534640175,13.1264048085665,14.1571779592762,9.06408085318843,16.3897213597115,14.1296004805067,14.1344951912052,9.37575016668568,11.201590071725,10.0568607542615
2014-11-16,20.2650277303287,19.684336551158,16.668222736203,11.5274556528992,17.7649615505613,15.8547102663307,14.4210873177371,13.0232127814543,11.9658479929533,13.3470632472794,11.675896439493,15.6577428294014,15.0349104258347,15.3768725948248,17.3258240999417,19.4930872936006,15.5814026106858,19.5541999980297,15.5886871028141,17.2525359426997,15.7617448722366,14.8869584896751,19.4014428671836,7.96240185160431,21.6704248214461,18.2748250277934,14.4940050953696,19.4063286315129,16.9915502689733,17.1554872512811,12.7768428729454,15.492129473582,15.2778372306851
2014-11-17,16.3081650364027,16.697509805714,13.8274891373561,11.2405797683705,16.7775176238574,13.408317098482,11.6497592957804,12.4515004141741,12.0434442751315,13.183852310681,11.3807075993018,15.0924894888491,13.562673405674,14.599374139625,14.943065538338,16.823331828501,15.1614994018826,15.9132359418605,14.7342454567932,16.7043406307769,15.1989890510165,13.1343864291702,16.2893099073423,8.41774536554841,16.8990841817706,16.3075652223897,11.7314333006303,15.769481314481,16.8252922048457,16.7691188673591,12.2866636079721,13.7614303604624,13.3685238740343
2014-11-18,14.3422300108863,13.9145233229625,10.6157252732027,7.64451097174292,13.8456647492301,9.90015723904918,8.6024085678622,8.98338600274654,8.57269196888937,9.51259304635151,8.02254565091491,10.3877078077785,9.65500596080539,9.39722772812986,12.2994174168036,14.1372875985055,11.5521436042464,13.8507464891561,10.9634660644008,13.689216153969,10.9825298020321,9.70343537234499,13.7100605961954,5.39595385821688,13.2954709315663,13.3593451422614,8.58298812946419,12.5755177850108,13.6875682147919,13.6668513666541,8.74678614963005,10.7207216021523,9.55392422873979
2014-11-19,16.4659318133568,16.2911451592081,13.2065441862547,10.4007426027521,16.188045450781,13.2462399203976,11.18798834671,11.5622164913664,11.3455133292201,11.9219578160113,10.8897496006129,15.5162764573819,13.6162820387091,15.9007963373392,14.5816278218768,16.4892229613862,13.6619268324877,16.1009020828762,14.2738458244829,15.9868115573107,14.7162118252796,12.7871038220724,16.18358036925,9.13917937901023,16.4761781310172,15.6287562082741,11.3757611469344,15.1541781275912,16.0102235664048,15.953669110904,11.3069922523437,13.2230940129804,13.4988469324151
2014-11-20,14.518914414166,14.8355942654005,12.1979174504879,8.7092718451154,13.9099515809395,11.5704587631454,10.461672195205,9.91717509999349,10.8001935815478,10.817949001333,9.97613325178248,11.9218724772083,11.2515481371429,11.322866426683,12.7612871730389,14.7440219850358,12.5010196501015,14.1287414229719,12.09806625963,13.6517880649531,12.2965175850875,11.1834046378559,14.5869336753732,9.06980721725537,15.1213972514337,13.9085751481862,10.4785977111071,14.1626474320693,13.6794102786986,13.71751826258,9.96590870483756,11.7745828923351,11.2429097948499
2014-11-21,14.4130080456922,14.3981802407333,10.831860202205,6.97906333800939,12.1891502082283,10.3783197574368,9.15314537654675,8.26007368632503,9.42576723529986,9.00418500596699,8.71818250860764,11.7376627839685,10.4976704073674,12.0504833570948,11.9224480436664,14.0856900220474,10.4449254492278,13.8835145207193,10.7720117370776,11.7726765491565,11.275880111212,9.91711541725355,14.1548237947324,8.55257949224115,13.2810460457344,12.7347645069097,9.23135112607209,13.3666963141661,11.4984394084131,11.6575017416881,8.34415637761973,10.1441279444278,10.4681587193404
2014-11-22,12.9153597026502,14.7979845680047,11.4898221537272,9.19122147017357,11.7068528586638,11.1166997686397,9.74079758316521,10.0595188723377,10.5087317759461,10.9844334698483,9.85996589284492,13.3398812640886,11.5139779770547,13.8106942962489,11.8515679523563,14.0384981895434,11.9828100553174,12.7413065072321,11.7214556202927,11.5906754351548,12.861823917255,10.6185795341412,14.317996811242,8.09367776894424,14.2991724581,12.6298516254228,9.87678775289815,14.3388398050287,11.3252911445869,11.5119733223028,10.2767445548506,10.2916175348134,11.3680063091209
2014-11-23,18.3173141615041,17.2513545826544,14.2075975665463,12.2275360000245,17.8354988826864,14.1420647563526,11.8591753750986,13.3593180217955,11.9307263968884,13.3603279246305,11.7930007921575,15.945054322351,14.1877729709428,15.8281190040719,16.4179238018065,17.7182204813778,15.1134022867831,17.8942227700731,15.2463775786654,17.8719917628941,15.5657424719955,13.5761916355841,17.2245136228244,8.49116901160386,18.5794932801428,16.9484680664731,12.0454701007306,16.1369657672118,17.7681827875735,17.7028288388876,12.9049189317738,14.3142548932053,14.1089739502425
2014-11-24,9.02154528106083,7.9624234260398,5.96502810243656,5.48951918090971,7.99141119020525,5.31693241303925,4.78404954319528,6.18105572888133,7.61409503322208,6.83609186905402,6.98531021406704,4.94149184667065,4.89575259546427,3.66357892136023,7.94259077947968,8.20496566464388,7.2796181503445,8.71369978748288,6.03123413470623,8.24538645806321,6.02493057043896,5.27749206744313,7.94195296738047,7.9541073074594,7.76201831397585,7.68560113378279,4.71434745471837,7.10429363544964,7.99818145761163,8.0591487434987,6.32984622915223,6.04647874135234,4.81892266243208
2014-11-25,11.5373716630414,13.5087381730357,10.3211675782573,5.35424133317626,11.6423212155574,9.37151545334599,8.58243302039788,6.71023570733417,8.48459332480897,7.95273528025529,7.32583744184455,8.51787277264337,8.56193489996796,7.47918025303027,9.71198055847064,13.093370683303,9.99844110855499,11.4279107063976,9.51465009173105,11.102259627557,9.33755698874422,8.91690925091533,13.4053330112084,7.37697803848508,13.5098931472257,11.6760230096875,8.52208049688855,12.7264578108863,11.3980010422801,11.3832343072937,6.85809684237119,9.76277096431485,8.68711347757421
2014-11-26,13.0075826575154,15.9087440981513,10.6138821556291,7.1355378088409,12.1044093776798,9.68376544206527,8.21358208273934,8.30371199486423,9.84324127385859,9.28031577665615,8.9426764355955,10.4864409067184,9.38164438976758,10.132181097158,11.1931264721684,15.0492226432011,10.5636655588874,13.0389015755104,10.1734059024219,11.7176195627489,10.6209297969103,9.06127612638899,15.700432923431,9.1367084626237,14.4981942327019,12.6340980225313,8.2470303432003,14.516443777122,11.5631907357271,11.6487188653671,8.45834464234996,9.59798936341767,9.39358914163133
2014-11-27,16.5587930963386,16.5687785382972,11.9252874255281,7.46800134814736,14.9068265266703,11.1540630399433,9.98192447099236,8.96640192442509,9.02760978705106,9.2492883659729,8.57446042623205,11.7614062750022,11.0347165026227,11.5057868321114,13.4857033563326,16.4573869085464,11.3328805849517,16.0235980600858,11.7797829567667,14.2570895261924,11.6395222975552,10.871771970764,16.4391389755663,7.27028603990308,13.9128285017047,14.9031174531647,9.95445995759782,14.6305721770784,14.1411551919188,14.1688084750155,8.68192793600283,11.8491320903273,11.030059674833
2014-11-28,9.65105689401783,10.0388261238417,8.10120277081981,5.6704224068665,9.59902461546084,7.75350781951165,7.12401465604078,6.60546730397433,8.21720094301012,7.64810411253953,7.28405524595631,8.65671110920735,7.95796284052494,8.29132470994716,8.53505985103489,9.98853779320936,8.883591671389,9.36813911971363,8.57953563540095,9.43807768819825,8.86523197177546,7.79902286893068,9.80494224888429,7.65471083065589,8.80681779800748,9.54996370454468,7.11404354668707,9.24562983243158,9.55848570761733,9.57321951043686,6.80449909378856,8.11044574064352,7.78861450972048
2014-11-29,6.00924403781983,6.45220786385257,4.90985426262807,4.69639957601377,5.4280776316258,4.86482368683952,4.12454033339239,5.11134023394668,6.4944785902346,5.94066765036967,5.84973579163924,6.04841613751658,5.08831476435962,5.92989728797033,5.73511571827321,6.27042191387374,6.12460431983783,6.0242656479622,5.4826312201938,5.71355763904343,6.14795331309795,4.72512937950344,6.44100306910247,6.44261277238798,6.47822109386272,5.53785950618436,4.2056363686824,6.07929703604356,5.54437557961648,5.64200311143681,5.41538117593248,4.58351250276046,4.93483993004203
2014-11-30,13.6679952111837,13.1538558516932,11.8265475622869,10.4874677504262,12.7982352073539,11.7006974036978,10.0889346282392,11.0470959104786,10.0678879656833,11.0384864406536,10.0808991631416,13.2102427103464,11.7330809322529,13.6739943545555,12.6381808028743,13.1705072634296,11.7734683890493,13.1905380173728,11.9844494777753,12.7291128266886,12.5778299266898,11.0138107379085,12.6778082137118,7.85006745969804,15.4366777447052,12.9949130466041,10.2644335527481,13.3605574313936,12.4796145552602,12.5390334913684,10.8636666196869,11.056427074306,11.7569527603134
2014-12-01,8.94130602029835,15.6708258923322,9.01902005288625,5.82874141144326,9.61149280601735,8.79981107452019,6.98372603359133,6.79789489327517,9.74787813143527,8.52917536082518,8.31388839967912,13.3836042292611,10.2719453949934,14.8630157429736,8.26286916479048,13.9101363699055,9.55812825024334,9.5237424691065,10.1913128995599,9.08333617959919,11.8151697976911,8.56553000331456,15.2092361100322,9.725224963173,10.3188633488651,10.7837359606749,7.16680325142335,13.6862817253319,9.17911053745923,9.25290210795653,7.33249588516948,7.87320213417502,9.86209587115826
2014-12-02,10.5871152122853,14.4991204361456,9.80459180504731,6.35964355286848,10.1554038175992,9.5484954020739,8.03353816084363,7.43782941772658,9.28112370977313,8.91949296745427,8.12557844186915,13.8292148755473,10.9703183320054,15.2665515919431,9.44877224449876,13.2496599453885,10.2033906922782,10.46330015657,10.7790204776681,9.63845611772545,12.3766025552773,9.36833442299377,13.6586649496719,7.7764477470678,10.5496314554486,11.5198066282255,8.18830569927997,13.3248981458539,9.57683869524532,9.73696838995398,7.85441603852253,8.64195585917268,10.5765460594695
2014-12-03,9.36335332706359,12.9997952698651,9.66995448226304,7.17038598678922,9.47501893790005,8.95381174030712,8.74907461554741,7.9870435636686,9.88688354331665,9.5660302448402,8.71310614363305,10.4841325278721,9.51248438589459,10.3227653117558,8.96814491340167,11.9196664486891,10.6233151219869,9.45167801312333,9.8426909855162,9.21126570110094,10.7380982311983,9.13698237448209,12.4410662579032,8.41341285506707,9.30912061224129,10.5593291148971,8.68312646588985,12.0944885195076,9.29065478430122,9.4297762196679,8.49592109068878,8.88143735087199,9.21172487936643
2014-12-04,13.518988659903,17.38869510435,11.9540046672585,7.23788242364639,13.4249718073508,11.3618443303465,9.7348377498528,8.65078177892374,9.94543698439259,9.94146112359612,8.82694391045448,13.8921131636318,11.9072539598833,14.3765668536219,11.6976319464039,16.3577089607619,11.984946110504,13.5138023326145,12.333754549254,12.7856091569584,13.1969672056927,10.9777043700985,16.9499060965478,7.74859444445039,14.3384974545873,14.1079292238464,9.82523258050077,15.7967921414928,12.9058418670924,12.9584049428272,8.80863956906329,11.0712284886902,11.7192425556107
2014-12-05,15.9920595359709,15.4076610070132,10.2709303975944,8.97634358156398,14.0471344491878,9.26384332712776,7.79937748435123,10.2019948376665,9.93230311077143,10.5050633267944,9.56896923708731,9.58781662541668,8.82651243252155,8.17458389581599,13.7245126071949,15.4814428503769,11.7702418566057,15.638010968987,10.4743907460731,14.2228797659745,10.5862722443545,8.98759045700071,15.428983404221,7.68996364079032,13.854128513396,13.6843850692431,7.75788357163545,13.3273349898573,13.7326138583721,13.8177901989802,9.99305879721525,10.2248836386979,8.7151704427082
2014-12-06,13.5008782337088,14.9761760744882,11.6772899252255,11.7211383140933,13.7694872570541,11.4937861218333,10.0791028245427,12.157283866049,11.0955578707609,12.1875436520471,11.0616159760685,13.2846316676639,11.8367669200375,13.2382919450759,13.0658094804466,14.7442709225056,12.8302648771577,13.6494219349028,12.5513790652554,13.9027113834968,13.0573578459906,11.2945549255087,14.9012521699414,8.7464153015346,13.84286514271,13.5079833108522,10.1736423820484,13.7658458564691,13.7776855288261,13.7434953215721,11.94163682762,11.5889760179969,11.6526488788491
2014-12-07,13.3616704980143,15.49878324269,10.9373777522443,9.01986534456656,11.300039864253,10.1978279768961,9.36255719143204,9.83859075067882,10.7530307566588,10.608256952709,10.1811564161101,11.2551833757508,10.2311855044358,11.1641235687947,11.9610181733061,14.563431497475,11.2311445123087,13.3821014112138,10.6008732418219,11.1815696361827,11.3536563059641,9.82879285905515,15.3413296593738,9.65132168373741,13.1901387682046,12.305842923187,9.38023151307884,14.2842911826435,10.7329574903618,10.9623980736871,10.0788563414898,9.85664539699581,10.1499155741614
2014-12-08,13.1854217956731,14.1726171513102,11.4690231814305,10.1585091125554,12.7695716023709,11.5125022167695,9.74597318112109,10.9649417838249,11.7262124034744,11.9340399225738,10.9844871256338,15.344619899327,12.6593211376784,16.2658899692108,12.4297587316179,13.8172815611557,12.8081589089447,12.8141412862987,12.8987618418958,12.7893877363597,14.2957542615474,11.2976127573393,13.4753109531251,9.84908079747226,13.1993740652111,13.2650788123966,9.94593713014364,13.5807774546442,12.6063997612137,12.7116349125732,11.1706239345482,10.8408962630299,12.2870213963383
2014-12-09,13.8985144665671,13.4229526135919,11.0924858039327,8.81030709761617,13.9189609936688,10.9689332556043,9.79867808922008,10.0444838376875,11.4249010783937,11.2607422345431,10.3350711313989,12.7621156961959,11.4544384444125,12.2613043664634,12.5247460266019,13.7239272329407,12.9721033650237,13.525720751578,12.4813885489779,14.0082233587683,12.9698985440502,11.1044347073858,13.3160121334691,9.75114300623152,12.2507639724193,13.3258906904729,9.8477549948438,12.1928703782567,14.1412083515392,14.1293821488607,10.1796746950909,11.5276954747719,11.134591064053
2014-12-10,14.250195034477,14.6258858268319,11.4417621012993,9.88231368175834,14.3698999713734,11.1415173261331,9.44836287499638,10.8795821067699,10.7778031670724,11.463171380157,10.2209616487504,12.8830302695934,11.3591355741372,12.4739275334469,13.0469959227467,14.7175726458839,12.8880967974231,14.027381599858,12.4502921808739,14.4417985578783,12.9237896603887,10.905995171702,14.4368647188102,8.28111847613745,14.3070947925966,13.8600439337247,9.54034901017421,13.4389350701981,14.4241027145483,14.3862051187549,10.7534923591907,11.4713208270113,11.1561142570645
2014-12-11,16.1561947679707,13.5672216013453,11.3047900382152,8.08557758134215,14.4585892021427,10.7462949264357,9.72900536844298,9.5204528524002,10.6690150620737,10.2211896188312,9.88564193493194,10.5001366169236,10.2535028673464,9.3995948543124,13.5243375635463,14.2096288229807,11.9783972501548,15.4010983690286,11.4605179581182,14.381987831171,11.2461037512635,10.528973374042,13.615409083876,9.8235423862548,13.9499372542854,13.8075648251679,9.70691323081883,12.4556137876185,14.2556380652298,14.2930542749582,9.45921990921776,11.6073022429605,10.244591714407
2014-12-12,11.9132172491608,14.4028255402607,9.71791288728959,6.04860300170043,10.4929087326896,8.5601511512136,7.26607429973624,7.19069677171697,8.93414117664617,8.23399390615086,8.01586166067138,8.44872667966508,7.79581671464656,7.78326971202398,10.0675572658133,13.5230384788137,9.36350651886228,11.8297323234141,8.60665704692291,10.1277942941913,8.97934859701282,7.73811470782741,14.1133000436297,8.41652521304526,14.450811143604,11.2755276451504,7.2744729457552,13.5903839900853,9.87663559964862,10.0235269574176,7.43071079187107,8.30816590976631,7.93588329789177
2014-12-13,16.005223716531,16.7609952084514,11.7492518626479,8.82200559504589,13.5733570192519,10.6205070796974,9.38481547751723,10.0410298082952,10.7557064766236,10.64064498462,10.194408287976,11.1461506669509,10.2667443845422,10.5710613808762,13.6056538061061,16.2110225873821,11.7922482485603,15.5712485106932,11.1365310999491,13.2867001267948,11.5215911685264,10.1001402242523,16.3929148001018,9.48252802014608,15.1236815209703,14.2794172662958,9.36184503590435,15.3453117276717,12.7889003988002,12.9763735738706,10.0753138333359,10.7948587232074,10.2635944538593
2014-12-14,17.2502951511112,17.1209381078827,12.6974189075326,8.72415778616181,16.555151069028,11.5857802397178,9.71531784108989,10.1879382423745,9.7813693042477,10.339776983635,9.39679191034557,11.9915224445583,11.0729771900298,11.2390371992277,14.4589871146689,17.2261473217144,12.4026592073511,16.517679518126,12.4018815763665,15.9735709383713,12.1899973532238,11.003727523355,16.5547113104531,7.58279170231422,16.7690499971407,16.2717659095319,9.70141424272793,15.677153991121,15.8802287251096,15.8172379318808,9.76669366666968,12.4148837627585,11.1270325327638
2014-12-15,15.3380370543916,16.8738314385563,11.9328797290856,7.73386126085237,14.5290040326969,10.298160665547,9.42295953259891,9.16585822186727,9.40862335304852,9.81241587480886,8.74193096014871,9.61024931941602,9.55017650633296,8.1884908419166,12.925737904331,16.4067971831407,11.8057544254436,14.8606491275528,10.9264108340642,13.9143098887334,10.6919632855514,9.99298221244839,16.287291993923,7.03257370780929,14.6402423051583,14.8968915203468,9.2472134965804,15.3052237652173,13.8343758281121,13.8677760195374,9.02556116488257,11.3381224237559,9.58239165159545
2014-12-16,14.2646211878578,16.4107509819789,12.5340499110871,8.51011888443096,15.3405556110159,10.9981381996758,10.4536857501509,9.67732047882268,9.93949239873412,10.1662653143974,9.31826860217261,9.88848776851976,10.2721638685698,8.40267958594985,12.5277304967599,16.1025896100592,12.1479437526969,13.9389072038659,11.6343947209692,14.5464919563754,10.9531565379782,10.9328280996317,15.7801658568768,8.29351523474434,13.9517693938763,15.2562140550189,10.2243509923611,14.9731279876062,14.8681959983112,14.7222500547531,9.43801534524937,12.4578945785902,10.3126029428397
2014-12-17,14.7646044655457,16.664319994405,13.0967680362243,8.57933528893985,14.3733279222832,11.895924995654,11.559172898314,9.80539289362332,10.862405351583,10.6808038567861,10.0362708390871,11.5102010531111,11.5235919421434,10.7627854304808,12.8241585924234,16.0876129108298,12.495682939806,14.403158153205,12.2265896281575,13.6272234301122,12.0866339613921,11.7737556246017,16.136395216456,9.50979634127498,14.084008216374,14.9580067962536,11.406794119452,15.5484447442532,13.754200493874,13.7880528481942,9.85747814702282,12.5613903368768,11.5340249450894
2014-12-18,13.7939367922117,16.668361825261,12.066696130372,7.50557987522613,13.3028162025258,11.1699919833815,9.57919643898364,8.8730509711866,10.484654164516,10.1701422335853,9.36022311622082,12.9584644743153,11.3040893609611,13.0744310619648,11.9326666323749,15.7936048781216,11.9358253155865,13.4751427458348,11.8851820209931,12.6952383952586,12.6534330791303,10.6142082750952,15.9262723423025,8.8784690327691,15.2832852167381,14.1610855851841,9.63615501281393,15.728356416153,12.6832919302589,12.7743625744772,9.08995258943919,10.8717837606539,11.2135846702173
2014-12-19,11.1335570376329,14.6186311008102,9.41962012179287,6.14601781695532,10.6611745292119,8.04478749010934,7.17392716491924,7.20748568301668,8.44128938430709,8.20101885698115,7.59208835525881,9.18455024579576,8.15590152449955,8.81239649592795,9.64444278593114,13.5261090076883,9.42432539859782,10.8882965182103,8.87729620521829,10.037329841888,9.40506613515253,7.86034969859118,13.7030174127517,7.18923553724018,10.8104585820787,11.8167130581614,7.06866163658167,13.2110224626916,9.89865228067482,10.0011514926135,7.38844673394198,8.35316714225089,8.00420078684773
2014-12-20,5.3798541284081,9.39181551702379,5.0497813875885,2.83467169664369,5.71284767310857,3.41418207293717,3.146117266589,3.50250147011632,4.94490770484611,4.45358635993126,4.15978615731986,3.7579228020013,3.35993586246772,2.97973908524379,4.72982504783409,8.2156230212665,5.11302456940736,5.21363121056793,4.13087730192639,5.10974585606896,4.45371104026198,3.43159843515773,8.25332756351363,4.49480291202175,5.37906646404632,7.01335813811675,2.93691204320726,8.34978189424934,5.04085269071368,5.11006721613751,3.76430604669824,3.98753463489357,3.21473107684224
2014-12-21,11.7870562901046,13.9118435882468,10.1464486420976,7.1756548411824,11.8717649762106,8.76518004025896,8.30403296834981,8.07032185438631,8.48925240844148,8.53576701924195,7.99308858347552,8.46533504194443,8.40365393526668,7.5707051112776,10.3513367417423,13.3435211949526,9.79463510993636,11.4492357821973,9.30308653417288,11.2217883697807,9.11652713493266,8.67754801084901,13.1579402616152,7.34489226389513,11.1379818520102,12.4104436231023,8.12500763215142,12.7411253630246,11.2442623869549,11.2316533352676,7.99652433666012,9.64211076640335,8.38402376208177
2014-12-22,12.5976384558524,15.3911164950065,9.57199399038019,6.4612371924222,10.3576570317131,8.94326659118134,7.52688317421812,7.48385223234048,9.00076433358343,8.22269546995945,8.34022124477101,11.4874118468235,9.52471303274702,12.4278689251537,10.5135586935669,14.2289903768025,8.99897164659864,12.4690558158985,9.49106042584663,9.82161383438598,10.4653965742969,8.45078987343899,14.9705366695091,8.96266729941651,11.6956965499438,11.6586033768151,7.62246721251026,13.7377660455933,9.35995908362888,9.57366771188302,7.69068432396809,8.3258608902476,9.40220614719192
2014-12-23,12.1138030506021,16.5012151206197,11.4100209949601,8.00468691325409,11.997921924557,11.3596614618981,8.96669977190205,9.07547839564088,10.4209262439658,10.3992632794328,9.37351888019277,15.7108784603031,12.4360693848247,17.2372927404322,11.047223289722,15.2629126977664,11.7342937149469,12.2473324162792,12.3956750305464,11.6209982729184,14.0663227190813,10.6532807513598,15.9379041983214,8.45471182876567,15.0378682135416,12.9787645351322,9.25882138151029,15.5424044621992,11.5687680207883,11.6785659051822,9.37106738549887,9.9780188391063,12.1810262202367
2014-12-24,13.4716186679133,17.3873118142097,11.3967548865179,8.61793970005053,12.0493120065793,10.8162780258359,8.55405558364742,9.65381025468145,10.1734425836501,10.5913767680819,9.48510531452166,14.3363026061029,11.4664597924147,15.3439496504087,12.0253382668879,16.0388771128364,11.6162578204995,13.4628070322935,11.6717166197767,11.7416811000959,13.2299228723024,9.99788580796491,16.7231106644895,7.7280040648267,15.662158829058,13.3953023286666,8.76722751343407,16.2480305541011,11.3113566462935,11.5222546591241,9.84533693886731,9.6259021922592,11.288627970762
2014-12-25,12.5929017010535,15.4439084909837,12.7498136135038,9.51655537530532,12.9109053038333,12.6637090012116,10.7138127252878,10.3398932237078,11.3981846066925,11.3586802081557,10.5736102124505,15.7664320493517,13.3100015832896,17.0236490158495,11.810166003224,14.6536030204285,12.4995941177214,12.4229510975795,13.2059741634069,12.4678845310162,14.4098340107025,11.9424618671332,14.6787119210593,9.93958488598913,16.10906973213,13.7132592140852,10.9535718693864,15.4855342773367,12.5360571830934,12.5869200101372,10.5484844515446,11.4406398470487,13.2033192586687
2014-12-26,15.3944007148582,17.9839590910821,13.761467691653,8.77020968519472,14.6778128961992,13.4558883698335,12.2311207632612,10.0195058979681,10.6652345268132,10.7632741479374,9.96940262002312,16.0951841972109,14.2636692541968,17.3526223296819,13.2522792530486,17.1376684975085,12.672706298946,15.1071300545751,14.0096094462973,13.7689126637652,14.6951143715307,13.1644312326736,17.4651383371965,8.88093889888269,14.5602702890344,15.5642932981487,12.3273677796199,16.6803610379007,13.854948843893,13.9200849833212,10.0212975678282,13.025590587193,14.1300686411498
2014-12-27,14.6049934630839,16.7815659621422,12.3924880089731,7.49197361110227,13.7402044486674,11.2991143874303,10.0672917379296,8.87603457569774,10.0227107056348,9.82161949476565,9.12708180360772,11.0161518100839,10.5489638109845,10.3456703977585,12.363941277544,16.1241401430392,11.7065913657645,14.4090460936859,11.3904887185613,13.1386858682641,11.4586819578082,10.5866894312986,16.5243814694371,8.52136015242025,16.5525904720193,14.1863336171055,10.0533559976137,15.8173544741756,13.1433246980908,13.2039970563969,8.92827182166454,11.3718949650007,10.7005358840638
2014-12-28,11.940131627081,12.2274923599302,11.059847160782,7.85635497774626,12.1899374218358,10.6406475550868,10.3315047260918,8.82851666336214,10.6930185590494,9.94994620894321,9.6692325146714,10.4811834020131,10.4399872829028,9.80805669072181,10.7940536756449,12.2589851638763,11.3960001253472,11.6742970497324,11.0726202698026,11.9178348033171,11.0188968676312,10.6397759348573,12.1000543791589,10.3657032911884,11.8847943651569,12.0192027701959,10.2802964107248,11.7666714541115,12.2082985992386,12.1892177829232,9.04230819909149,11.1000962810936,10.3937595472058
2014-12-29,9.3078329558151,9.74818903842662,7.97743229366541,5.56557965548237,8.94027892437873,7.88011065030235,6.79334645525588,6.57643775709603,8.57243172336636,8.00711099262964,7.40025399244078,9.21830811792583,8.03791142408187,8.97070300951312,8.36109682298176,9.63986051716211,9.24262717598984,9.13952328298732,8.65449124589738,9.05209754666652,9.37952578038871,7.63178140162206,9.67600987480215,7.57252864984539,10.4044663809415,8.91540559331155,6.89907093231473,9.38265156964721,9.10491522184959,9.18707681667273,6.94880217513097,7.60688018448227,7.87954585770179
2014-12-30,7.65699100365918,7.9258243643358,6.37475829774983,4.69365091423044,7.13250494931168,6.43112930716546,5.52084687957242,5.55811459713402,8.81005654320313,7.22524606608682,7.42517552909968,8.17721718417599,6.87057656714972,8.11453602169088,6.95706115943589,7.81534355107744,7.92714627540737,7.51498376874445,7.33621163110043,7.35463480160132,8.21161126139361,6.34846775442071,7.87180340289725,9.5868935344268,7.9150974105769,7.18726490029392,5.63005166029456,7.50785848405449,7.3431369023107,7.45385227077033,6.14564868235855,6.11221871545857,6.62999772741961
2014-12-31,8.60632504729244,9.27101656838503,8.10058720014732,6.4362226484576,9.0187957222782,8.19120343139568,7.14797267354028,7.17027531285091,8.5469917889847,8.30480375505082,7.61890310257803,9.56691200613492,8.42382104607124,9.45538118365393,8.18913583418164,9.23731988174367,9.33755033769471,8.58260747765118,8.94666186528838,9.16236606225776,9.57128555481165,7.99792782329141,9.24244720277055,7.44212311727585,10.1662809457557,8.77138695028836,7.2676891070463,9.0496386180801,9.32597495146482,9.33489151614674,7.42984239163386,7.92835321542873,8.26775584278956
2015-01-01,14.0172356741893,13.3522458226316,12.452466003397,8.33975909040458,13.8596584577721,12.7282002247306,11.4967003755691,9.43399445770904,9.88671662554124,9.967542303474,9.29175212693655,13.6251532098718,12.7277373131987,14.0868712021078,12.2160536047025,13.6521690139246,11.8617538069745,13.6711078773116,12.8678319740569,13.4558653420056,12.9251782891978,12.26324269345,13.4852947374187,8.48501498312879,14.939098949203,13.3437756446447,11.6568782260189,13.0941301883692,13.7554687424924,13.6954838241786,9.31045104589066,12.4779317418948,12.7985354743072
2015-01-02,18.3965914400314,15.7886057735748,14.3818679774745,8.03884035169999,14.6332790070062,14.5353833868578,13.8251160767631,9.58540705267163,10.4380291960738,10.0325865183933,9.9308192493019,15.5792235998807,14.7382895733337,16.9425898987376,14.6721184475725,15.8900861068485,12.1233859920894,17.381802543474,13.9877472672105,13.7774467513327,14.2070759648627,13.9981954305513,15.777458386664,9.57432144321555,15.6258563499632,15.3204033407597,13.9641839669109,15.4091231806128,13.5816489437093,13.804899446752,9.55060186404214,13.8340499200321,14.8913942718013
2015-01-03,15.3270288078559,16.9984207291698,15.2893142116343,8.92441631917405,26.7294577364641,15.361882880381,12.0659976984769,11.0891177213554,11.9081987903464,12.2470870912494,10.0256665859079,18.1407264260905,16.2362155727191,16.6630313041268,14.2976544752043,19.1419344012237,17.727592558824,14.8767548276245,19.4793949404557,25.5981487506162,17.8533443745638,16.1782666806314,16.2334498642842,9.17232726724822,15.816429160873,21.7281332115149,12.0570542128927,14.2929057412137,28.2521352218064,26.9874556946803,10.0524442740993,19.2580027473773,15.6857651641384
2015-01-04,21.0487368129689,19.9719217120584,14.4017951806996,12.1937990413753,15.8106680230151,14.2453466651279,11.8018055436063,13.5091906207758,12.7927043667759,13.7302623060758,12.6920550462363,17.657877840892,14.771995021606,18.8140901839709,17.9171109269701,19.4620765387918,14.6773689475166,20.4303312569442,14.8625318451876,15.9191535391972,16.4133633834572,13.2522909213296,19.8757204343198,9.74692992473881,19.5604447367237,16.8959456646459,12.1046905310627,18.6163682638906,14.7979261727831,15.219705287223,13.4597481495275,12.9242423258863,14.6688830993533
2015-01-05,17.1765422457602,16.3395924007711,13.0876697494668,11.5670273884874,15.5881703207197,13.0501287992215,11.1865081490298,12.6017360224721,12.0785556211588,12.9369103508365,11.7715977393588,15.579110139082,13.5555019547253,15.8871827113902,15.3944800327401,16.4438887917335,14.1753985467047,16.7245110978094,14.1840147815107,15.6956431311148,14.9936376864949,12.6721779277004,16.1836399728148,9.40521173212855,16.0632058095647,15.4640128704804,11.3630742536837,15.2084566396826,15.3448967745938,15.4405348874941,12.4520892794583,12.8572625680686,13.3522167819343
2015-01-06,15.7616076771513,14.7436470678118,11.7198845128413,9.22231686203598,14.3811776772605,10.8107441601887,9.8498286769291,10.4525122739898,10.8969401395401,11.0833162601112,10.2748146452413,10.5215572773076,10.253665986501,9.22058482294723,13.6933937832245,14.9436331568389,12.5881642679941,15.205157787707,11.5639556796411,14.3396154665845,11.5262106225588,10.5673974835237,14.564940443342,9.07433978012398,14.5519819040215,14.1548328953444,9.78584055661131,13.6404025807292,14.1320838983583,14.197908205722,10.3922610557115,11.5981986801951,10.222891423496
2015-01-07,17.957572610972,18.3045896899783,14.8049245151083,11.679615050177,18.0583986444425,15.257564091227,12.4884509648685,12.8972840243454,12.5246415859442,13.2263798338666,12.0683105643923,19.1656433675146,16.1920227282813,20.474148995437,16.0270197900234,18.4341036837645,15.1309409267602,17.6169700740743,16.5477711982526,17.7564737421629,17.3739067848688,14.6620792754544,18.114685775639,10.0880923950931,18.4585669677565,17.4631808686599,12.8129233067916,17.0765173147485,17.8429934383538,17.7479086506739,12.5796644199662,14.7710440029962,15.9972175788807
2015-01-08,15.4846281364657,13.9810264154146,9.90174636881073,7.78510815777859,11.6362715553727,10.1959958875065,8.42589841774905,9.0881504943041,9.95843364317656,9.89449171171954,9.32302598445849,14.5239086857623,11.5883337770939,15.917529109234,12.8852093672982,13.8043823576599,10.9711468182025,14.7888350078778,11.5034230761455,11.7170122826505,13.057955812444,9.97701015802414,13.8077812634656,8.28905123422414,11.3454923402223,12.3481091407295,8.67368167416896,12.4268700946081,11.0033377119579,11.3271611423796,9.27170222555831,9.3991998712458,11.1988199567105
2015-01-09,13.632074053948,14.5192507389928,10.6299569505516,6.79343340319579,10.9759889196704,10.8857818994701,9.31691647712462,8.32525791760031,10.8174216860931,10.2742593566792,9.33988516835372,15.2958888869253,12.3110944578871,16.6422768257686,11.5969692517146,13.8074169313406,11.9073527867416,13.2372265274588,12.1300154449859,10.9339204673324,14.0411408682873,10.6637059455612,14.2563216666752,8.8310930410921,12.1110402322519,12.0716736672002,9.5677554020029,13.4396560666065,10.6098963115473,10.9466835157148,8.93747664213667,9.66213921582387,11.8816486930046
2015-01-10,16.6658400159887,17.2757954931431,12.6503501553168,8.75618740572778,13.2798375622163,11.8368597539947,9.95067111157985,10.1123597881,11.0320811663973,10.9499033224342,10.3509125141328,12.8161255317141,11.3239012713683,12.8767452763747,14.0094388611614,16.5736291262555,12.1875098501747,16.2056698883893,11.8014093537791,13.0508941251278,12.6739639790519,10.698467499651,16.9935861384941,9.33896199732097,18.6103734098911,14.3297216618424,10.1048656627589,16.7150808291268,12.4206210117927,12.7191206342913,10.2793851187887,10.881173970488,11.4663869493182
2015-01-11,16.4899041119136,18.2420262785599,13.9216644252066,10.5655680773662,13.1103371335666,13.142436418446,11.7642903568288,11.4983773859358,11.3888979487274,11.9019191098111,11.1543798562547,13.0015824627245,12.2187945163857,13.0672762193606,14.4088268527862,17.1940655959755,12.736621226135,16.4860025605908,12.3430267848875,12.8873476540375,13.0066127444721,11.8608660812671,18.312927625625,9.27647888855451,20.0220801323023,14.3770083640485,11.9025771344236,17.9875859430686,12.2541513935925,12.5700250543805,11.5890857263849,11.8645634596439,12.5386289727601
2015-01-12,19.0113645986192,18.0570418573486,12.1514829089114,11.5455477071216,13.6779518610922,11.9925234953795,9.62832309160752,12.5412420658491,11.9422838912288,12.5429177171273,12.0164160668156,15.3464096110435,12.5290131999059,16.3773267724909,16.292442613918,17.5134342949036,12.7716873368321,18.5840589615547,12.6920406441431,13.9985661063863,14.2270286835887,11.0738268139708,18.09170626099,9.95392560252597,17.117270853675,14.6985604194666,9.91678730049269,16.4527817422292,12.7175745651766,13.142649400563,12.5099144582646,10.7783291528749,12.4006500554928
2015-01-13,19.3900841713381,19.0561768571665,13.6928724204745,11.0714353963289,15.5249283313027,13.1503780313149,10.5893689238753,12.3419957323958,12.3369866518859,12.6132301816992,12.0649996283131,14.9344259705173,12.8258106236449,15.2585308417972,16.5024852516224,18.6336543536029,13.5701317222038,18.9305219835728,13.4309297390831,15.5180475495534,14.374595021261,11.8950393394148,18.979500671577,10.5662478205925,20.5495176003243,16.1363843675555,10.8350991946847,18.0045514412306,14.6592424501024,14.9332444078738,12.2633400126943,12.2006419034503,12.933544561513
2015-01-14,12.1289612243579,11.9396242696665,11.6317775652392,9.6635600137642,10.7181950618088,12.2586247174103,10.6229378266386,10.3863637166047,11.9740185050324,11.6588452019195,11.046895704145,13.1391604404224,11.8246735814915,13.4106122899122,11.5284913001044,11.8578254469223,12.3978119508085,12.3236064262188,11.9328959874012,11.2505579642415,12.9649150902133,11.1812554468938,12.5704657870014,10.8189210712551,17.7379130561605,10.6125377971652,10.9721354755838,12.8677631745907,11.1226606493153,11.3054710927352,10.8296849710091,10.5271578811642,11.9705196197195
2015-01-15,15.0699700442014,13.7258442631401,11.8924760891296,8.3746079262905,13.436634763499,11.5705620754728,10.160994795848,9.68972530895905,11.8209499296079,10.8808136692068,10.7292196895275,12.0867802801804,11.1766942465301,11.6641025873267,12.9719056828868,13.9400842386433,12.3176707371139,14.4769955969355,11.9304016977205,13.3932730809799,12.3235156125846,10.9511692638523,13.6360092326276,11.5031588445357,15.9968934613199,13.3352483263371,10.2741432267859,13.5017144896642,13.2577203670711,13.370910152727,9.93552745722322,11.3544674466163,11.2162434739628
2015-01-16,16.6727913893742,17.9009343641681,13.4971901157576,8.91134432074193,14.501400296336,11.9926189645845,11.0251379314135,10.3013690450089,11.4724746821397,11.1710993879438,10.6723095741047,10.0960218996085,10.4538470925373,8.59979488017566,14.1211611992342,17.2921951163544,12.7621653716933,16.4061356609959,11.6005099309568,14.0955716391443,11.4305402367042,11.0607170880252,17.8109268913331,10.1825488800442,19.0060672412753,15.0847544257014,10.9456749980674,17.1646896450368,13.8117164121521,13.9769284785288,10.3990986525431,12.1496459442594,10.7756704861638
2015-01-17,17.1195076180952,15.3595798616243,12.6535154875827,9.21932518656913,14.6044628193594,12.5444523234758,10.5839687002388,10.611129068387,12.1258731227829,11.4884100796264,11.2795264130034,14.1345963108788,12.4735353276875,14.3470554459371,14.5176610915427,15.5645465168295,12.9036455617042,16.4354489434882,13.0251223898557,14.5567973237307,13.6880609197752,11.7611839530344,15.2999751721538,11.4585680547305,17.3305605419169,14.5878498626793,10.7923350606212,14.809799316613,14.2013193808331,14.3582820700304,10.7229651282009,12.0142028889524,12.4841760163397
2015-01-18,17.7498551028677,15.2130511854989,13.9862554374629,9.01552784276381,17.4950452139031,14.0289365746693,12.6207296753116,10.7847027021654,11.8754409435987,11.8339508587332,10.7640376106822,14.5943557586044,13.8670791122438,13.9762267941483,15.0739712933999,16.1499473179749,14.6781344661509,17.020669595071,14.9418456887838,17.2657889579702,14.7670957918334,13.8198467274726,15.412279886722,9.76620867919293,16.6679075816312,16.2210537124209,12.7084869625585,14.3316235949324,17.6512897475386,17.5540583649091,10.6580722210363,14.7182544844927,13.8131418578928
2015-01-19,17.9433405840919,17.1125163108411,13.9869909654992,8.77890924249896,17.5340767541346,12.9803720195803,11.9567023237916,10.388962963964,10.1731401987608,10.6450184349659,9.65328156310274,10.9313101230254,11.6210584165697,9.27670551678044,14.9449278666395,17.5684266573864,13.3141161503103,17.4779748637203,13.1081255442801,16.9550279697561,12.0616865176822,12.4760737326262,17.3407598203818,7.95562104282145,17.9360996183131,16.5351535177023,11.8558330064559,15.779972099923,17.213253967882,17.0804579928162,9.93975544392442,14.2714890822957,11.8938235175783
2015-01-20,20.3739519119119,16.4858864386437,15.2096068568349,10.0473499270111,19.4599597626428,14.7221385956099,14.0963251134331,11.8902635100035,12.5225852546297,12.4389821228343,11.7020239012565,11.809819757516,13.1742062305599,9.54829073613787,17.0081579674343,17.8373487240407,15.4233840039,19.7683546187167,14.9269911912472,19.2821889507956,13.5261874362256,14.4883602513454,17.3998934816844,10.9088289721794,18.6360705145993,17.4706277916423,13.995898945996,15.1777827606553,19.6504109357868,19.5038489891467,11.522662975771,16.4585279425823,13.4332031204742
2015-01-21,15.707663529439,13.610359887429,12.6390638406138,7.16517488212487,14.9113864586852,12.0577783949797,11.3211710350696,8.83875253635535,10.4339508568514,9.95114889763692,9.29874720286984,10.3901560439856,10.9384761598964,8.96841415684227,13.0205793674341,14.2683793956746,12.5127187516309,15.0305363670717,12.1023244178815,14.5697226794461,11.5043645766035,11.6293169823543,13.8041212287266,9.12731949121056,16.1165116364438,14.1004683911255,11.2828305458962,13.2625877177856,14.876137572514,14.8480980289652,8.84331931416512,12.7942397288711,11.1385425491938
2015-01-22,12.7224730083164,12.1677566621185,9.51616880480661,5.23862800735389,11.772368020814,8.65229294766499,8.11192958608989,6.75763850463356,9.45901735643187,8.18644821165846,8.10423155934336,8.31650423305423,8.26141588453212,7.13426137954765,10.4155202213995,12.2819035026574,10.0664344163264,12.1241521929157,9.36644189740436,11.443070484196,9.26191447176376,8.61933944559488,11.964417266793,9.41952553500947,11.0202001878635,11.652764288483,8.00670083353548,11.0600800270622,11.534696129825,11.5849854593801,7.02377109412664,9.5283014074051,8.19560515709144
2015-01-23,13.4341223609582,13.2485649608681,9.73776066461443,7.01828512522025,11.7513729593711,9.39031300332621,8.65886008676014,8.20664282277337,9.74901703445629,9.10232636220619,8.91063925628406,10.7961198408347,9.81346652358561,10.6867764070367,11.3618378797611,13.1236475780241,10.4159279052799,13.0659064148878,10.3411492151238,11.5672162196298,10.7367495820201,9.46479009719987,13.2266340308005,9.24257008849076,10.198535710324,11.8858447848184,8.65840871662223,11.5992886359332,11.3890055364914,11.5041292320578,8.35558154876295,9.78968414359113,9.5989677094456
2015-01-24,10.8251250360232,12.5630362747318,10.0913944908841,7.27930802779872,11.1897046981632,10.0947134204513,8.67003424362095,8.2614607123921,9.93391084912756,9.56357446728408,8.84204572256821,12.799994704689,10.8396568273728,13.3729872247546,9.95428445677248,12.17673552219,10.9215156241992,10.669463833803,11.1296807973084,10.9923861916299,12.0874515193355,9.88234199821719,12.1579973864748,8.72978508414342,11.7973456443156,11.4075997506676,8.8211195258246,11.9620537052651,11.1555998607534,11.1815074540846,8.54120166805169,9.6403855121884,10.5876645157977
2015-01-25,9.91586581650369,11.4422582682141,9.00135951076237,5.53528764182941,9.0584707330471,9.22652954857097,7.64477765572349,6.59173424682217,9.22268177721211,8.12854719893099,7.9535690038228,11.7516780243797,9.72945435785548,12.6725019933026,8.68234553589724,10.904521357472,9.29090936018002,9.85117227324536,9.66642929548819,8.91703365374299,10.8187737965976,8.6240090270428,11.3621968800799,9.05293486158401,12.2028812775349,9.53851107911242,7.89172285713108,11.2038200877835,8.91910569178671,9.0561004282507,7.07057524850478,8.05100880740829,9.62343279472735
2015-01-26,7.76486066343279,9.00300326728094,7.08071885189826,4.47490528313616,7.58892071196778,6.58230380693034,6.17095149566926,5.46514901313778,8.7001836406832,7.30301603166386,7.1979816816102,7.56270315761321,6.81619863841661,7.02826843839176,7.00149187625356,8.61787902424112,8.34936344511173,7.55021312669886,7.43313533743673,7.53750006766426,8.10249082303705,6.657036232905,8.62942486269148,8.88043110982478,7.75962949497009,8.02431455280233,6.14417681342888,8.51842150421841,7.63644995492008,7.74821458469511,6.07768170480372,6.65241176719641,6.58434113957239
2015-01-27,9.34071141904283,10.6150191480392,8.92119595789587,5.63325353101097,9.38532674841944,8.77954074502281,7.81066721728109,6.66890822976513,9.02363487737,8.23121372101205,7.72896209456976,9.98923496226678,8.91094499081467,9.92900170854893,8.41849198853851,10.3090778966172,9.62032648050093,9.22686563368769,9.32825663311795,9.26347746370669,9.99610763887314,8.48784126653665,10.4563797777348,8.31442712322275,11.1520569030338,9.54834693162149,7.90722738501431,10.4101144994258,9.46621552460358,9.52653865615367,7.09084474131829,8.38625291591069,8.80161227565831
2015-01-28,15.9383040126395,14.3600256377739,11.3644700887161,9.01302808239637,12.4880576176413,11.1797022013389,9.65248030215981,10.2080774945637,10.9140861898058,10.9432770224215,10.3292585069239,12.131257180475,10.8883438060183,11.9900103897294,13.6222335668308,14.3430009115478,12.005086025629,15.5161967476886,11.4357481232603,12.7420529574263,12.1963144048127,10.4238357060404,14.6187215961899,9.23316695439642,16.0523853092924,12.7288581569157,9.82765332219592,13.7370729265977,12.1452105162423,12.4176850808012,10.3521270256787,10.5242222148311,10.9180480631849
2015-01-29,13.2247504868351,15.4459247901929,11.5418954853325,8.19074961277403,13.1991936418199,10.5690016765735,9.8416012895025,9.37066954768266,11.2586645656842,10.6462903129376,10.1165277793047,10.126500920285,9.9924888604985,8.85627265747186,11.8156508090172,14.9568343952992,12.1983315269944,13.2920367773913,11.1615603608927,12.9704118479131,11.1880183050692,10.3377246273306,15.4314593518094,10.3896128117675,14.1652073054305,13.2063738257632,9.75889368622497,14.1784922938487,13.0971775695569,13.1149946889662,9.59740557513758,11.1501885907288,9.97337806725982
2015-01-30,12.9275138637141,13.1222423357134,10.1568130150643,6.19564420556917,10.7769601482862,9.48789116918047,8.28527275224074,7.47575646912202,9.50823933982763,8.66558499184287,8.48147717718398,9.76795284412513,8.97751340000953,9.44407244822379,10.763654930538,12.7497557096296,9.97662328098805,12.4887212417941,9.52027533957647,10.5425115224583,10.019891249685,8.75336709377156,12.924731472722,9.0018388027163,14.319000286178,11.3726135602533,8.35772637163123,12.7824263248533,10.2803007413524,10.4761430093818,7.78372585284372,9.03093716171652,9.07597300163279
2015-01-31,13.1178913079037,15.6103349316837,12.6244003862918,6.9960612712242,11.9645453865552,11.6790813495354,11.1520569608009,8.27661974523714,9.81587403326306,9.52846180622848,8.77750456653839,9.85391105048548,10.3419406548325,8.95815546064791,11.2152413066824,14.7766705978119,11.4233787823352,13.2307725286101,10.8395956924761,11.4322850915291,10.772166540582,10.7983305072721,15.8143610662603,8.23751426024698,17.213097795385,12.6003277387526,11.1334604394433,15.4687241665389,11.5591768696293,11.6921768351138,8.54219312473141,11.2570164674323,10.6948933958785
2015-02-01,17.2096476405971,16.8277900593276,13.5742176672005,7.75092669265636,14.2735539061819,13.9171585728093,11.1333608092698,9.4175979728197,11.0011398841732,10.4662638371708,10.0246571114911,15.9961331495709,13.6667402218521,17.2500008002191,14.0621697558738,16.5995578433632,12.4546663163398,16.8180231462504,13.5877624322751,13.9598666072516,14.5745594698554,12.3652710036283,17.1315862996776,9.76927358750569,21.1672260411917,14.5086832214902,11.5581904177007,16.7511067585319,13.7021080847995,13.8979985407725,9.55294116125269,12.1093953080967,13.9134408340104
2015-02-02,16.6009268092182,16.7262590697002,13.3571791731665,6.77069060431746,14.8143381391359,13.4320903691162,12.3893754177638,8.54958904905,10.1403596240551,9.62615891624372,9.07207363690445,14.9611427725012,13.8071611079854,15.7817906228907,13.3499843788144,16.5313638174547,12.2953956590398,16.1881691716253,13.7018352655671,14.0298941807884,13.9655225682975,13.1215195685499,16.9816011498287,8.80123551602568,14.6940852669401,14.93086507026,12.5074105269688,15.2838944503704,14.2188970247082,14.2990917728187,8.59856577783831,13.2309905676935,13.7876851924726
2015-02-03,16.1851790447689,16.3431481722264,13.1641376901079,8.10202887474051,15.4365406100741,12.5206664454832,11.5066740594194,9.65282142880282,10.6280741528072,10.536975511646,9.71710560668629,12.3599059547827,12.0422588341465,11.6824746146657,13.6216494592213,16.3455987187464,12.8844723170848,15.7825228100646,12.9149307199954,14.9151029321657,12.7296001088288,12.1585069059304,16.3603633533378,8.8814963469213,15.8872318234302,15.1713028800701,11.4929962765317,15.1697768742788,15.0938908454348,15.0875765188298,9.58778408627996,13.0466709588258,12.1038772079545
2015-02-04,13.6172479097267,14.9817058313864,10.6863753447602,6.75253540263386,11.2609228449304,9.81376558349206,9.07836714537657,8.08073439383655,10.2481925172149,9.40387572063149,9.14339103198068,9.84013820599663,9.36528140080093,9.22067662812572,11.4203914273069,14.2646853602709,10.7631422842373,13.4683417207612,9.98639201945063,11.0197228484627,10.4391754386936,9.34838763632677,15.0111992343219,9.57493899510991,13.6945964043331,12.0278001371419,9.06343042553024,13.8516570054104,10.7357317333246,10.9675829940014,8.45360966917335,9.67947059977779,9.39199577757046
2015-02-05,12.4434058941778,15.1328164694064,11.4816103674178,6.6095092138843,11.7095632215854,10.7977023155799,9.61747210281452,7.83087372951582,10.0287369513516,9.12009455398867,8.88973812394658,11.2057337393084,10.3806993666658,11.1935295572564,10.6553462373585,14.2974804138555,10.6723185489486,12.3991919112786,10.7161312339842,11.1353748777215,11.1307677562636,10.0554724656508,14.9315980221172,9.63362086400005,15.2819186499689,12.3952079398234,9.68519491741381,14.6047059600784,11.2039708783345,11.2985698992449,8.13292558327354,10.2609627864392,10.5051988958028
2015-02-06,13.3575955276599,13.5455489805096,10.2900396999881,6.83916540590084,12.5542544282848,9.71368765972121,9.22967657142458,8.15235065270491,10.0034607561953,9.2615816603025,8.94756911258719,10.2124276401812,9.80709963225935,9.5187387792289,11.3422768475787,13.4908179662462,10.973050456392,13.0294169456146,10.6414884205905,12.2613979954069,10.6845770532994,9.8761475590044,13.5263443048693,9.41964912212678,10.6390353788773,12.4315938768143,9.151681871416,11.9164433295341,12.3363288105351,12.3737223891326,8.30593227850787,10.5356884280345,9.63533824672131
2015-02-07,10.0823203524798,10.4836331235476,8.47003326072338,5.48311992958391,9.59570228818609,9.4022711139877,7.37727196299262,6.65818828858197,9.31065735785824,8.31614083007089,7.91868274893456,14.1559246076175,10.9563237035145,15.8748219626405,8.85657526913548,10.3643043987137,9.72680774801417,9.83650847211858,10.7361210872048,9.60790871662554,12.3349114160134,9.14688912687438,10.3827050995398,8.78034031176021,10.2179889456146,9.62383069085255,7.73737247357182,9.87708814591548,9.70015924933469,9.79081280581194,7.11095669564173,8.21333978004405,10.559759059463
2015-02-08,9.39079504677357,8.5194305257316,7.88372535383395,5.58158853039137,9.52909106239947,8.78205090729447,7.43616129174795,6.5970926989854,8.78664622932618,7.97348285173522,7.58341398458249,12.3729788633227,10.1177379245082,13.4316222342932,8.41801550337589,8.89213195997328,9.38185146685895,9.05625190469646,10.147112040925,9.61127271730811,11.1625568370545,8.90034401536038,8.5274317890381,8.32330051751042,8.10998390073337,9.01083133409817,7.67980141501186,7.93698930327117,9.86718061763735,9.86626424348945,6.91036004630125,8.35597868178065,9.72400646452726
2015-02-09,13.140219027518,12.6870205872276,10.314775542927,6.62004767870242,11.2468457917724,9.77662276861186,8.87756207671847,7.71651809644783,8.93253478363759,8.33482536735641,8.3078333746269,9.67832368160244,9.2858460494455,9.49074146606577,10.9306492713409,12.5594433675362,9.58351653740181,12.6676369635744,9.65852685058994,10.8707345163142,9.73665071021861,9.19880681473559,12.5884959498258,8.64842143040995,13.3410060300101,11.5595392514852,8.9143781532092,12.2187480734494,10.6903894568411,10.8073974087389,7.78608878927994,9.64470946245813,9.42869180961155
2015-02-10,13.8609161326842,12.7168614387024,10.4505180799333,5.7749133159164,12.1901774285056,10.9648050901609,9.22785247323568,7.3229675694277,9.41501939613394,8.55885774491909,8.25261414986604,13.9388524584758,11.7705208622691,15.0973555957676,11.2750228939544,12.8848684643909,10.5613815983369,13.2768205614452,11.7367238410365,11.8841416175497,12.586870985994,10.5681494431043,12.7724001919395,8.73439241008158,12.6899950054104,12.0812199429614,9.48649126832387,11.8662576367445,11.9086584259099,12.0051303711249,7.51602013278074,10.316842127403,11.606544435061
2015-02-11,14.4780983308087,13.4193014966385,9.81398758607389,7.50463957874037,12.834321090947,10.8500186682077,8.5881676790076,8.8234370239081,10.4104851318825,9.77138519101535,9.49050988073379,16.3966787289675,12.8323003359827,18.338926848707,12.2678243014715,13.6231784032565,11.2250847286237,14.0515474734078,12.7256528797067,12.8560584896904,14.1621941410352,10.8403710453585,13.5378139236737,9.76376374273893,10.540987766652,12.4922461300163,8.94056438853445,11.4732525372681,12.6698936150467,12.7541069693759,8.93078466378602,10.2548521480114,12.3173822479447
2015-02-12,13.3836269561258,13.6320344702475,8.99086707144035,7.05313758108272,8.96753370918412,9.27572921871027,7.04798231130638,8.07153457053597,9.36083069431089,8.92098757182166,8.77231990792696,13.4686920881037,10.2492687745932,15.303620640562,11.1859860737595,12.8119443698928,9.28328783247168,13.0757913509648,9.78074129244807,9.10056877959988,11.7204532382254,8.36482708692205,13.5548809918603,8.51741521745807,13.2209998568721,10.3247971134226,7.4185218142203,12.7779326867756,8.16723125467511,8.59284040580246,8.44083343179188,7.34127852607575,10.0777620198755
2015-02-13,11.6989932228987,12.2864767872703,8.59021002764676,5.76049928271876,8.6087616982343,9.06148730370815,7.0501902592729,7.17284070985865,10.482330944146,9.37359465031862,8.83047893728907,13.4034602003462,10.20009422869,14.5889052565838,10.0012691527844,11.6290264039461,10.4730158272837,11.5090365670807,10.1681374605427,9.00128049591052,12.3503185196424,8.50045201417137,12.3409160412894,9.38843343226387,12.2245489594955,9.5281784929975,7.40529672053419,11.5955306797083,8.50546824882825,8.89751986407996,7.98188772225746,7.33535930078426,9.83336676445425
2015-02-14,13.3905202698516,15.4948680895049,11.0019268123188,9.26754470062711,11.6356318538859,11.3663401772136,9.02911332575481,10.2004717695193,12.0437540755736,11.4315898233354,11.0781090612852,14.8899201280474,12.030121994835,15.9703600928715,12.20464673411,14.7312799786338,12.0843532734122,13.6795256439045,12.1458519337351,11.904427085049,13.7472013828269,10.5384075115348,15.7663055447116,11.3236699075741,15.8620712623019,12.06526922839,9.38426951231243,14.5218692730822,11.5121450049047,11.7191789251093,10.5974107972479,9.86224376286373,11.8585673197974
2015-02-15,20.997169011515,17.5184101723159,16.1238458642471,11.610681873066,19.0659316541587,16.0620854832789,14.4174775205244,13.19472607835,13.3533896336469,13.5615679706909,12.8143318995103,15.9383516452634,15.3793887685462,15.4993669802511,17.8541717998282,18.4187926402226,15.8442534352485,20.1648136518079,16.230069881926,18.8668616564056,15.9772827944828,15.3429786717494,17.8151768660028,11.4915750034425,20.7326475396533,18.1166020502037,14.5566859920082,17.0039614880771,18.8326238304232,18.8379380978225,12.9065983068556,16.2694003803915,15.5631254380122
2015-02-16,16.3658840025594,15.379840282795,14.3663939928694,8.52317972629323,15.4082286277842,14.4659956667167,13.0627110000879,10.1546651186655,12.1919894961167,11.5999129592782,10.8790038866399,15.2553760645409,14.2455170382661,15.4287840215564,13.9533440642016,15.6148146037562,14.0430251428995,15.7939285370303,14.5659469096358,15.0247694923863,14.9195389299938,13.8033203201464,15.4359865017909,10.7846935022906,18.1365338108622,15.1728001362214,13.2423332628415,15.4377179853963,15.3005393386976,15.3533146300487,10.3646027065236,13.9352218985636,14.3301964210847
2015-02-17,12.9426602619993,14.4985748198534,9.7663499202058,8.97587628555164,10.063301778597,10.0000725944699,7.8208964941263,9.73280723901883,11.4080105411275,10.7166551429025,10.688845050879,13.5929875530369,10.7201924110408,14.7766567154255,11.6808997551082,13.6423402793226,10.7873821634924,13.1057581719026,10.6915243822746,10.4202489540655,12.427531486942,9.17919202197106,14.6549151373967,11.1476387201222,14.3163318749458,10.9114032071912,8.15642339152698,13.5045550537539,9.69973290859293,10.0087737955099,10.1534453264436,8.39492113997268,10.5393671622446
2015-02-18,13.3619485802578,13.4707677972267,9.99433903383197,6.92941647235608,10.6520991519798,9.97659516503102,7.83117156905071,8.07639109785582,9.44663903419286,8.964104610198,8.69802389797522,12.0517293142818,9.97574582248591,12.7891472972388,11.2422121821766,13.0685404392691,9.94674934477701,13.0757978523079,10.1357849807287,10.6396550726396,11.2228234823836,8.91452947763295,13.4919721108058,8.62938254630432,15.5643087201559,11.1832784045071,8.11906869831465,13.0908605910304,10.1630650236045,10.3940591957185,8.29799935397904,8.67594454641318,10.0300729195861
2015-02-19,19.5559599648666,16.7243332602609,14.4923992081094,14.2483874117717,16.2271563710388,15.2530617896553,13.531613689924,14.8205946414092,12.3712799448936,13.9467930309976,13.0659901077695,16.9790511120682,15.4349051901818,17.9242600055098,17.5204999511242,17.1799392745891,14.541405918226,19.3859684740371,15.3698223464173,16.5868809904262,15.8419545031147,14.5537893641188,17.5665972579962,9.76867952214717,18.2414823654651,15.6963177859764,13.8370516710636,15.7527284253687,15.9404046896193,16.0849418877833,14.3199672947492,14.4873318640868,15.4963274415541
2015-02-20,14.6662652640529,13.9349152105668,12.0465378118496,10.562285304822,12.753716385075,12.0877695945445,11.0901040763749,11.3959285510013,11.2414343316258,11.9789348702941,10.8432023934139,12.6296726179246,11.8553766764741,12.3158467141278,13.3951364347301,13.9448530532078,13.0097251158929,14.6138439841248,12.3535420903121,13.1006920053975,12.9077804415627,11.6286601892445,14.3853596138998,8.68105995603369,15.381121095561,12.6463834204961,11.2251677647485,13.4743067617234,12.8190157954739,12.9847964203401,11.4604787969299,11.6376323111317,11.8473419988047
2015-02-21,15.77326655159,15.1674157436566,15.2036663702718,6.93903914519182,15.6864268120672,14.2597140507189,12.9308250165191,8.65846467320716,10.4480644770005,9.77377906521494,9.25643577883401,10.2411583151465,11.5601538219406,8.67305378703488,12.9679013215202,15.4972776622394,12.6814635389999,15.2324993740292,12.5854601447266,14.8716812791519,11.5183825670577,12.6115036381029,15.3017319732108,9.48072645471464,23.8033830579644,15.0980428207254,12.9820560408499,16.6162932748552,15.4461149582678,15.3545643443758,8.63100194751757,13.9970962253473,12.3686625758194
2015-02-22,15.4804940830604,13.323838502378,10.0833368266041,6.4748837159924,13.5272590192459,9.79038453365357,8.38065820918441,7.98622679609099,8.5643871368768,8.44032416508117,7.96705650499643,11.3114263734868,10.0689673192117,11.2812526435632,12.4659042393508,13.7797106192772,10.3561063644604,14.6335943104929,10.8140853029077,13.2036846625788,10.9507533547436,9.62859566802088,13.1841986756737,7.28128273799388,11.8224002744009,13.1560117132009,8.43589113194553,11.7178246186927,13.0186379430396,13.0636408698563,7.7948888789796,10.3825541004769,9.93372666535061
2015-02-23,11.8165185815358,11.9915151351325,9.40404529691608,7.05282360187605,11.5765081770945,9.30605100546925,7.95832388372609,8.07037643182439,8.96483024865698,8.85017960503437,8.22202268305451,11.209497613083,9.74566066428687,11.3183468610757,10.4134586205005,12.0234406274732,10.2181406286067,11.511198150774,10.3404128756729,11.4509946013727,10.8376937777658,9.15040753378364,11.8078759065626,7.74472167073876,11.1551156277387,11.3394741986059,8.05733768909318,10.9766640353016,11.4860314083932,11.4839245769989,8.10038355597182,9.41081565958388,9.55374615542626
2015-02-24,13.2252254642835,11.9155785363802,9.11757618397764,9.0700747885559,11.8974479322482,9.18488265829807,7.58936238485268,9.92897840743084,9.41958236613307,10.3268997446369,9.09716764588318,11.1189318531646,9.518773465348,10.7428441704573,12.0027108935445,12.2627008805352,11.2805152883425,13.0119477954602,10.5234932829105,12.4362967433376,11.2220141736835,9.00745027289678,12.1389014561397,6.73456584531366,11.9420495286076,11.2771088595034,7.73417677269265,10.6616465565937,12.0864603409631,12.1651444647951,9.83006211078233,9.31599663231933,9.26524816702885
2015-02-25,18.9884903127531,15.1033352619589,12.3180804961499,14.0123563274432,17.3532219868272,12.0837030072207,11.4836145401361,14.7059593349505,12.9153565797921,14.0741308657376,13.2716713224724,12.2766919936287,12.1561936820477,10.7430507789417,17.2752330711808,16.2515260098049,14.8147653941618,18.5827922151232,13.7690590896661,17.9776831062935,13.3183133181897,12.6328101897775,15.6805055474325,10.8605284384338,12.2342704945371,15.7977661224373,11.3851019517312,12.5739205883224,17.538390813382,17.5008146540866,14.1533602637668,14.0068273245926,11.8654139645512
2015-02-26,15.5790222011821,12.7202836359468,11.0296008665929,7.63342801704796,14.222237367758,10.2875666155406,9.5697577036118,9.06935634977204,9.91534466144527,9.73386436453182,9.17352248604016,10.0379016329407,9.93481393002513,8.88031278787795,13.0045798424739,13.4321102311417,11.6395770039408,14.5674936301293,11.1368278353439,13.9929262706431,10.8454804690621,10.2857121664571,12.3908600564226,8.61247460990608,12.4545735273973,13.729297400757,9.47775169526913,11.7636417818633,13.9404829628563,13.9601164615987,8.96611852746552,11.4241409179735,9.86782455812453
2015-02-27,16.4474118819782,14.9167267595582,14.4084847748755,11.3036804755655,17.0685949301535,13.887327202785,13.7916552219219,12.4334178763385,12.1790179264163,12.9659572535736,11.6033784241241,12.5675808935277,13.3036808862281,10.9950013001866,14.9504798315783,15.6333282168749,15.1584054758786,15.9868146690435,14.5344469946614,16.8852627862104,13.8196301308224,14.1184032252226,14.9960167606212,9.46986226608125,14.8918015276928,16.0245995731483,13.6481672145281,14.1528630707201,17.3127037692935,17.1822081650457,12.2004762200534,15.2862084174393,13.2802867104093
2015-02-28,15.0542386971606,13.0134893326564,10.6328034714353,7.56166127336508,12.1151191262769,11.0657933776411,9.38400753447813,8.78390279553422,10.2398509384886,9.45423115050909,9.56233235246563,12.7507293836864,11.1923538240724,13.4381960133624,12.4899084258115,13.267179762381,10.6517295821758,14.6523634596203,11.2916927256929,12.1565808469593,11.9063591867388,10.3729863777008,13.5183329607875,10.1496031336753,14.4841923612937,11.902963740797,9.64583847061726,12.2446272258898,11.80453504587,11.9728001364175,8.88423219463566,10.3171141031269,11.2196763182289
2015-03-01,13.6576845076026,11.0307983922931,10.7025300128932,6.14366812856365,12.8038155339459,10.6303942356031,9.66975419678403,7.58554645069832,8.92362024683566,8.49958808516858,7.98057473367139,10.7464228615654,10.3485046984723,10.3803134677949,11.26865052416,11.7646034791429,10.669215184374,12.8280410797865,10.9793503255638,12.4949406250688,10.8440467157461,10.3350597634763,10.9926786035762,7.84866934402271,12.9717398375256,12.1616020519569,9.73186696001363,10.8370133606085,12.718298002871,12.7054983632915,7.58059421894144,10.947696392545,10.3894176988168
2015-03-02,12.6227401656161,10.1599420850778,10.014782066754,6.25905231739405,11.1723500152006,9.63619131163617,9.17843911554644,7.42245907296237,8.3218499962406,8.10794960543964,7.64634892575722,8.28648575463888,8.74195392328363,7.35310753287641,10.5399048466711,10.7144494462813,9.77383278490239,11.9702372854736,9.42411099414982,11.0074767887211,9.07760564273098,9.22475683313009,10.2835649731651,7.23609340904156,12.792911873549,10.7902452866524,9.16938311749081,10.2650380135391,11.0518434624679,11.1093776634243,7.43791786892357,9.92457619286721,8.93294775123795
2015-03-03,11.7733613667763,8.83775214571493,8.91817754456059,7.36806095947176,8.05622148115704,8.62769420307704,8.02279062636656,8.13059819995348,8.87053984321573,8.88899249360838,8.40776752417385,8.0082593701358,7.81637249221341,7.46026396397325,10.2654204455887,8.99554517223108,9.31687054701847,11.1152300188225,8.11138493749963,8.47746690457557,8.74660079580158,7.85966904733036,8.85601033720127,7.46331920706729,13.1864129099372,8.70547571652986,8.12794885449312,9.81077828802577,7.83071888217391,8.18918727288116,8.46411405291916,7.69822354052948,7.98907568489749
2015-03-04,13.3113860913286,9.67207076258738,10.4916083579307,7.90172597286899,11.9683357738178,10.1115148861953,9.92820379104946,8.98588283786978,9.21449052826562,9.67013923129261,8.62448710090875,8.83344412837553,9.38082005109596,7.47392742131229,11.6241603959128,10.5538310179956,11.3055026611282,12.4650575074312,10.3346912527445,12.0980630831657,10.0696251803334,10.0207707996687,9.65115667701819,6.9391767523833,12.26291528229,11.4191626992787,9.87038708053133,9.92185518487567,12.102357557108,12.1736657023785,8.98305042149264,10.738236183797,9.42770339804719
2015-03-05,13.2356275975682,9.5154928754566,10.1487277757235,6.38371933144165,9.84714222193435,9.81570125245828,9.09604299433461,7.59072740937223,8.75223249481282,8.5142165845841,8.02396863890751,8.26753833711326,8.5380479747102,7.44607950643672,10.926403062405,10.0160265620202,9.83975621396371,12.3638893045347,9.00597452643867,9.97522974357971,9.15658382015994,8.87440219186514,9.63489064709816,7.3816884121621,15.3052891053118,10.0448119984188,9.19305414846327,10.6672383882117,9.61735968222284,9.88931049643874,7.83508461713428,9.12888158398303,8.86821735485382
2015-03-06,10.9825170920088,9.17841620086977,8.23664104838451,6.97536791835209,9.62993444199278,8.19531408713776,6.93059156118746,7.89012184473461,9.24191631301291,8.93573942447543,8.39418018159652,9.50421329726864,8.26402519934772,9.15195331588909,9.84327475595849,9.53160847181612,9.80290623403343,10.4475660785948,9.00077330301465,10.0021028372226,9.74261695600979,7.86782363219967,9.02394431247876,8.16156342809584,11.2333755229533,9.46503721336749,7.06236916129778,9.13193276799181,9.76265698495326,9.89544108289066,8.15101879729465,7.93398964766742,8.11852513939884
2015-03-07,12.4353133601174,8.96481753730468,9.0412768262699,5.54878012015428,9.9029121866696,8.80311008769743,7.97152811798142,6.82290087556447,8.38019000817324,7.84238356716211,7.49205392086301,8.16880371999694,8.04079894477137,7.43705096264908,10.1875691841319,9.58692662542859,9.29969011485894,11.5673349979841,8.68093982235016,9.99291377846583,8.8349414585878,8.20880476118906,9.00444318817842,7.46955348956267,12.8541408809036,9.75969666087095,8.04964882660439,9.4394810296437,9.78187706119643,9.96213040353024,7.03936978456602,8.5904016938727,8.1858833826049
2015-03-08,8.5567339737465,9.01075527741642,7.46815089399001,6.01008236166587,7.84356535672477,7.26691536699555,6.59138700300661,6.79520797702743,8.55203589136784,8.15825990012703,7.52304156213524,8.59604661127031,7.55154382609956,8.30675339002383,7.98322280739071,8.76829081034364,8.96842740946209,8.37699963207795,8.05512765051347,8.06115387200707,8.91454671479648,7.19356087626488,8.802660559388,7.43131221383077,8.89364063508962,8.17960732151628,6.64857578687148,8.74125857906312,7.96813585787384,8.11758215582418,7.23545141880555,6.98790706309249,7.33222892640715
2015-03-09,9.10299973847134,8.69861573000416,6.46879109791391,5.29756404260321,7.20272901660955,6.52927830511504,5.27946482707025,6.14380634729987,8.04329168315354,7.32987975882591,7.12434983681176,9.01932597080547,7.16221560006893,9.41163554924467,7.98639387697605,8.51193399910667,7.86654488564175,8.76389798908787,7.43240829016609,7.47970066846785,8.62533785860275,6.27531631243454,8.51692358390736,7.60823631281087,8.53885347698836,7.6502190767752,5.4455504421763,8.19066222072733,7.09450611350441,7.31346814809031,6.56431077200254,5.86353846908627,6.90891453836576
2015-03-10,7.98637817178124,9.22626075792956,8.00156199639564,3.78777700737864,6.86249607717564,7.82784371441798,6.97386896112588,4.91718101831519,7.82559444079106,6.85281077078001,6.34290765905668,9.43039213645106,8.07411589066793,9.90499434740149,6.86489762063222,8.58885499378768,8.18899997100455,7.63087107459685,7.9758937600585,6.63263223785607,9.12963294005557,7.34143955134084,8.7531077243004,6.97748902121984,10.4008164946773,7.92642256492817,7.11104795149558,9.74454577134669,6.65900399753442,6.88788664599435,5.59252745940676,6.67288038020407,7.99197517029591
2015-03-11,9.34167278575076,9.95261064523337,9.10010850965882,8.29342558668828,8.23756968220646,9.08616746332796,8.22341278380357,8.8473695700511,9.24431901035667,10.0293501002627,8.55060911406619,11.2505133907921,9.61728431262022,11.5514401405357,9.27407659082447,9.49192461190267,10.6275617800386,9.11718463989182,9.71681231110158,8.58783512875949,11.1398698073371,8.81594409655546,9.48916325412545,6.22396422148216,11.0324200666949,9.12254485539933,8.3724984061853,10.4433598247533,8.32486064684824,8.57309362916806,9.26940884551386,8.01369823068119,9.37722555728152
2015-03-12,13.8171549779005,11.056176364689,9.69389191912746,6.929698786403,9.82306953186147,9.32702207000192,8.29151975500292,7.92749747192627,8.45873499822729,8.28665310649392,8.17010339221794,9.40918919024045,8.76906299869425,9.49435212827345,11.3336567628302,11.1500882415938,9.03556511452861,12.9665585483677,8.87761576541223,9.77653222163347,9.34784838906029,8.4733833533473,10.912075645114,7.61664696339324,13.7971699923302,10.5332986580755,8.41301606100518,11.3285621074708,9.10853848034871,9.41497184255821,8.02312958215515,8.5464945183047,8.96495607963769
2015-03-13,11.3531762388145,10.416560056584,7.85336660279377,8.67655166751968,8.38009681066948,7.69252713859837,6.23438817377012,9.09314044449046,8.57315683110331,9.28675008781654,8.57782208575088,9.91514323458272,8.04133494963864,10.2685801574665,10.43581053648,10.1627305258483,9.10126230774101,10.973979097727,8.32601979217797,8.88036561665199,9.58179859272933,7.15475349397217,10.1212199399769,6.66632578150594,11.1639448277191,9.13428621331573,6.41444545224988,10.1176032221246,8.02602559894752,8.32424169005841,9.19664565635032,6.7968402268637,7.88560098691984
2015-03-14,8.75434320571194,9.41051575495298,8.0173716179145,7.69884131832936,7.19099058427473,8.09676256816526,7.01233938813394,8.03051242726616,8.45474297642663,8.73670144778989,8.0705196209483,10.5197294169087,8.68620579303672,11.361651953396,8.50858395622373,8.86458398816268,8.76823854930989,8.57551695123019,8.47793983542811,7.42124866297349,9.83065425467615,7.65285798020577,8.99319726124851,6.96322784690898,10.2115558040466,8.17798334829756,7.20545848361344,9.72233977643116,6.99072704886512,7.23304779953637,8.35549376245684,6.82872685862693,8.52506868903636
2015-03-15,7.57371352852373,10.667807624329,9.38947989136792,4.51193598351359,8.43401405867068,9.79801991121327,7.91528281894912,5.69766247003782,9.30641545312884,8.12414386104559,7.3986361328771,14.4507361406086,11.2054162030453,16.3639448323614,7.05422582806445,9.80255575560101,9.78486330879214,7.24936679976111,10.6851373076744,7.97278364680675,12.6258555543314,9.28744005743066,9.66447959332344,8.40958591092806,11.5667432691676,9.54992739678906,8.24158482473294,11.3798392241841,8.36252442596549,8.47424226252698,6.47904435461341,7.95710213071357,10.8828588885298
2015-03-16,10.6215098247478,10.2833264355955,9.16822902435011,7.77628887072061,8.89073275908097,9.76289875738918,8.02874158628686,8.44779722496032,9.16258802605205,9.35384196882544,8.56480784903187,13.8120070285878,10.9524243485862,15.5152860489552,9.80267748801377,10.0092175475143,9.92407001913788,10.1487189681735,10.4769435524996,9.03171788653804,12.1911302617671,9.25659809924253,9.78895435001375,7.41646509553607,11.4927771449934,9.70387784287364,8.36010919977197,10.6190258374282,8.67354397863879,8.90700279546958,8.76174939996661,8.13411793916439,10.6904942197812
2015-03-17,8.35060266046242,9.16509212665798,6.73866348493811,6.08839746087255,6.54074390212761,6.85518992958564,5.33859639677282,6.70850784948662,8.05846428979972,7.84033124301305,7.29103552222149,9.75086722173104,7.50131496966593,10.4702659925297,7.77745777642841,8.60382934658852,8.07522258476247,8.24466489219799,7.56451373652042,6.90352606417697,9.12245150511113,6.34050443432438,8.92323216766535,6.89885229226167,9.85462710951983,7.35197398718474,5.57687324365547,9.04471280243418,6.43545877531011,6.69755994825269,7.16322892121057,5.56934542731389,7.27995626778818
2015-03-18,7.30691294550782,8.8387260508294,7.42373820370355,6.9338143317697,6.30776585759237,7.74021786703161,6.61147418773942,7.33265065350224,8.59357063740347,8.5757249255092,7.80716763908159,10.7323569371289,8.58685347406505,11.6791585543803,7.43394827420441,8.15378690708735,8.74874974290741,7.36237712033153,8.34977912002159,6.65031204329709,9.98894416777801,7.38432990012179,8.56199389160296,7.12615626005406,9.44327319486323,7.2333985194587,6.8464731246713,9.11885401957862,6.37816904171545,6.61748650868891,7.86540830516986,6.27291732363806,8.32862237482274
2015-03-19,9.04182270212585,9.45860445932241,7.88954974274719,4.84542557895007,6.83213158310699,8.01306061498581,6.91079090594764,5.83664181883241,8.29079219523625,7.44699718659531,7.09796276804975,9.87050637577247,8.27472490496549,10.5299382475052,7.81288729721923,8.92325606964849,8.33479001180577,8.81277227295451,8.097812663738,6.91295949496233,9.40031398905211,7.38641878959724,9.38365434175465,7.57372985653365,11.0900714780022,7.7560078424711,7.12766693362002,9.77080058040878,6.65123063682338,6.94578708719017,6.45521242738294,6.58412030360648,8.21026876327155
2015-03-20,5.12197031403222,7.70089112797615,6.23844311785734,5.70166302308625,4.75401941411514,6.70058194265511,5.2868220600179,5.93031802451634,7.96320072713797,7.23640285141009,7.0774291081802,10.4232320904762,7.79792746680291,12.0039205020462,5.56532629832372,6.79172120659527,7.0735061613561,5.27693818555144,7.23738382859868,4.92623166333446,9.04329306174331,6.21399565989152,7.24168868591238,7.89558365231224,8.38232715009499,5.86069324367026,5.58480450794926,8.17962868966996,4.73524469576185,4.93271972964618,6.55044418379758,4.85739673116281,7.54689681599516
2015-03-21,7.54898387685011,7.2336943019902,6.93738132546193,6.28059302385762,6.95221067853457,7.56456532676925,6.3644489265315,6.80822943735736,8.31107258784592,7.96984047277153,7.46617556394173,10.5753955575328,8.50791377313568,11.4779409205656,7.37194517304639,7.20945530266489,8.42812338618412,7.34619477417931,8.41005643676916,7.30769661858371,9.73042017861939,7.37647909607915,7.06659259007702,7.46534938768926,8.40858846348432,7.14585767187548,6.61139450198299,7.47842882445918,7.20803108396963,7.34453407386756,7.2266047432868,6.52177296007046,8.22177090843059
2015-03-22,7.61749628487749,6.57737619920161,6.2698850716721,6.61175593059959,6.1645238889772,6.17529099884414,5.54649511209979,6.86255950965179,6.8609776136497,7.24292691205582,6.68284864329448,6.94080976043404,6.17713783569287,6.82587586050654,7.34405856858845,6.5891473403605,7.23119404859832,7.31386856398983,6.4314503453767,6.54922381079888,7.12446679494473,5.87931951838962,6.36126834028757,5.56301143843173,8.28530911973937,6.53297163532736,5.63385474341754,6.96138281786143,6.15649230930232,6.33243955695872,7.02972639063285,5.64255082051773,6.10995045912914
2015-03-23,4.62159603085455,3.54962575674664,2.9330902872113,3.82811616997163,3.40035874803804,2.93400924482076,2.57533701040241,4.09846497812107,5.4522290777007,4.84297258971189,4.91726938257155,3.92128124873426,3.21569666785934,3.58698899861773,4.47205271261151,3.65546819738642,4.64108489404441,4.43945980726011,3.63598993511942,3.92459231966312,4.30107419823315,3.00911170243725,3.52862455014254,5.66343780321285,3.58478345232608,3.49384230407,2.61797693988802,3.33449785763747,3.58844396049599,3.74268230180393,4.44873442189655,2.82683614050145,3.00350838603589
2015-03-24,2.90204842227106,3.42134352706882,2.74338447430462,2.96361446273204,2.38696000654943,2.58941372576455,2.38031297360397,3.16142616192329,4.69092791980214,4.05407369157075,4.06054752320885,3.29831610548283,2.75248973072921,3.04827812098546,3.08717105610731,3.1480596800448,3.91781546097186,2.9042613062093,3.00600020468512,2.69231568254529,3.65681920012801,2.57723453568128,3.26571128324,4.87754090004425,3.43531003557437,2.79514811114233,2.40292424724173,3.47135683826646,2.52189576555037,2.65431900425113,3.57950852524047,2.28727950914258,2.60393902000737
2015-03-25,3.49920609211897,4.35502751178254,3.3724793407891,3.08877332769358,3.35183558861588,2.96760949946033,2.88161986128475,3.46197607015699,6.73384370265586,4.91943532150794,5.56706615394406,3.58255669616363,3.14271715969555,3.0021770404266,3.60727242605604,4.0434729296787,4.8084338728228,3.42377272629205,3.63616063839841,3.57419925825934,4.24141926630813,3.11169180347282,4.02400783225178,8.47970371293824,3.57522359898596,3.78716109941187,2.84012354558523,4.21824000117419,3.50193444732946,3.61767303282326,4.11619622468653,2.99387536408438,2.93207634925583
2015-03-26,7.77125082376957,7.97529574014225,7.11715231531048,9.85758706987553,7.54391405011328,7.48725552321852,6.67073545497247,9.71698613583733,9.93940330054619,10.1890441702876,9.71479695990081,9.42241762159843,8.062212858188,9.38375641312788,8.67764565106633,7.92816454116215,9.56603505574327,8.06108171557589,8.47668775794245,8.39246301201433,9.48833983940646,7.50102418760918,8.13034211810317,9.12225728105772,8.40197381908448,7.39029583771659,6.81629188210106,7.7347384260244,8.07250887805886,8.17113027050014,9.96832287925722,7.02350297708919,7.76691628829181
2015-03-27,5.64204717803644,6.97110034531599,5.54006871069615,4.75630603962753,5.83536568852728,5.23873101216038,4.73656721968249,5.24794098329465,7.53206479057207,6.54704333691055,6.50585341376234,6.31966764176715,5.49318587273382,5.96709300969326,5.62888258879199,6.61989427526269,6.8859031884559,5.62787597662455,5.99676028598695,5.98562330510899,6.6803991565706,5.24802811366602,6.66188392311348,7.80919134267085,6.44501425517454,6.1426857977217,4.75176480890321,6.72799006144167,5.99510872617985,6.07127044771055,5.72802780356143,5.12779746482049,5.28541496881464
2015-03-28,8.34040232748608,8.5500752551071,7.4823729737597,5.93103939755086,7.71958443387958,7.24062501605197,6.70117861824553,6.59759276794759,8.41026996922359,7.73388883158424,7.51185990036577,7.96236974316678,7.29013160630465,7.67004484536855,7.73446402575936,8.38580469213258,8.37519161478617,8.12742089585125,7.69659249193262,7.81307564434323,8.2694708410782,7.09087441533678,8.34459166596442,8.11775407449434,8.95966148593135,8.00497461028567,6.73915494957097,8.49030013417296,7.7542624617914,7.86845940497048,6.97856575764588,7.01489592017992,7.17920221993159
2015-03-29,11.9149301453466,10.9020466110812,9.50934140967312,7.82361788811859,9.81063739393509,9.24390836408962,8.38078457205159,8.53708228218795,8.83080431489855,9.00110119364645,8.49690993274571,10.0444608501439,9.17586498602996,10.1330805529359,10.5447012181717,10.8196939486225,9.65191055239173,11.4155151439705,9.37215275485362,9.82576184728919,9.95561307839254,8.78814747180187,10.6479212987242,7.50815543574806,11.9894035365902,10.3349056894165,8.46932944180028,10.9023387949191,9.44236572165839,9.63460058781835,8.64434672346773,8.7381394058538,9.17712040485155
2015-03-30,11.1297328191315,9.38001189334127,8.17414089157032,7.944369870966,9.48770059847833,7.82513028090125,6.93867879148997,8.31914114819284,7.95791295779385,8.05980746267228,8.09679538464029,7.61811079932133,7.32512913205443,7.22931074173485,9.94998626960506,9.67001253819633,8.18272298816728,10.713774040798,7.85414038347465,9.60083064606327,7.83613787350235,7.34464112560252,9.31761709628366,7.71140413390093,11.074052069943,9.3731780587748,6.98440316881469,9.19174365594504,9.18582931029312,9.25696804160906,8.15161926684127,7.8634201377936,7.44037012952256
2015-03-31,6.00597926401729,7.00449674924011,6.3478573354589,4.69902919470036,6.25432386185374,6.26999403159807,5.8151674871281,5.22223610031039,6.69350675428694,6.27764147434193,5.87200137031276,7.27170052854106,6.5202322181099,7.31231801656341,5.80334884440506,6.74314938832472,6.98425491190156,5.92393844528042,6.69182492242816,6.2180948850296,7.25893315821596,6.19015956866028,6.74520892512288,6.11496294288425,7.15793585370485,6.53234281755013,5.86628753978051,7.08408726603911,6.35259548122967,6.40497025065696,5.55401058949847,5.94764838430611,6.39382551650127
2015-04-01,6.14327421086273,8.68768356794739,7.26830394749357,4.74314363708209,7.31075114785573,7.34184378719748,6.54118098363651,5.43489511934988,7.57475041642985,6.89384730435796,6.39334132311933,9.18965474353637,7.89461236565406,9.56826906617389,6.03752109196035,8.17707801057144,7.98111300719481,6.28998101990685,8.0193873806882,7.13881933681453,8.79379592235423,7.24887756528245,8.45111592260713,7.02439911890162,8.20146540540862,7.52770594395962,6.64612536310588,8.49401289109679,7.50777166334975,7.50209751077987,5.85638975105818,6.85760033389268,7.69793365426307
2015-04-02,8.44418980313126,8.62602848992379,7.51330770706489,7.02349007260593,7.71919715905051,7.39436284983678,7.28252395298175,7.37884613527325,8.02808698024699,7.91378665275378,7.63947724703222,7.93118852200349,7.57584278614389,7.76097732064934,8.05277472751111,8.46266849860786,8.23459711151435,8.40968836511508,7.77832389215244,7.83540829038562,8.1361735530529,7.47023199911566,8.64572947808272,7.46472487212755,7.60979225257081,7.93043266297764,7.28044902433033,8.18255476317802,7.71784842093854,7.81415620829855,7.56252174646577,7.38884889442931,7.45240193055205
2015-04-03,8.97716074693901,9.44239510295498,7.996427750197,5.54068090359463,7.73949304830564,7.96364752606284,7.68612276600185,6.31110475751269,7.66118168222278,7.30914055155581,6.89264032434422,8.56487105185688,8.06484324604407,8.62993500528041,7.94201556017345,9.12125184004042,8.27212277135709,8.930324216058,8.09023560396097,7.68556994200114,8.58631850259162,7.82225568805061,9.60922030468836,6.79686739918015,8.93756779295915,8.12524691721814,7.73795462039503,9.07076300673527,7.64961443472119,7.79972931838919,6.62365507201148,7.57241624079863,8.00666530889358
2015-04-04,7.93134850440783,8.19743851310971,7.00855262327301,4.82556406689657,7.0494982661671,7.09853308174429,6.60519897669724,5.56319490500956,7.585735429479,6.68523192704654,6.66361157557998,7.85293744550338,7.2090423945015,7.91523944670124,7.0386882483614,8.02076739740795,7.49027955101968,7.90040006437819,7.32603449830661,7.07604743246633,7.82530671894189,6.9164205169133,8.39747094265846,7.66975498755985,8.35239854352514,7.18533220799058,6.69018155405204,7.90911923192198,7.08859395274424,7.19871300636094,5.93785929542869,6.69933207879143,7.14471119565519
2015-04-05,9.33411830934944,9.9301812962634,8.8686129429981,5.52335322220693,9.21849305641981,9.65364129200908,8.44140152158083,6.42905338113152,8.13636223962786,7.5368052422306,7.17991911509979,12.8113024928658,10.7620715012524,14.3718763768175,8.2436606784033,9.78350063473373,8.92124128944375,9.18223106082862,10.2612959580296,8.93204197683099,11.2061750404463,9.46771924313878,9.92704284125015,7.58052014444851,9.53292735075256,9.28889931632783,8.69595007693814,9.59687116213119,9.18966074130309,9.22074484632617,6.6846459096331,8.7227097878991,10.5542133414698
2015-04-06,7.48824949173008,8.38288401972445,7.05428286493549,6.68722174525044,7.290622634812,7.51394280133696,6.6111753688748,7.13192548485869,8.25653742244224,8.15011345831141,7.52865772480927,10.4412930058835,8.57038430956251,11.2049072644744,7.4699569196586,8.10351033008749,8.59893154675259,7.5358298066654,8.53267273698862,7.56103694764035,9.71695764055243,7.56402478298848,8.29179978267895,7.17651634035204,7.40426573305636,7.52204412007621,6.78437755674024,7.96902576374326,7.51100610874998,7.61460037561818,7.47882441331228,6.83460448377834,8.22493612425335
2015-04-07,7.9729583744262,9.12426741955729,7.51012833283768,6.96561126359087,7.2792996798125,7.08443961101639,7.01367610712598,7.24684272979564,8.09407892499416,7.81114265802464,7.6901817110265,6.77086870140999,6.79740948964717,6.23761986310615,7.71670061339633,8.69081519562826,7.94634998911351,8.13215908051864,7.13053912753713,7.37425736819902,7.36546123044302,6.9504723407757,9.18830319327662,7.86698205793891,8.65919666427945,7.66179233079727,6.98045032438753,8.788848480136,7.22334261627723,7.33146257530472,7.47981986752701,7.01329833466742,6.79635968251494
2015-04-08,4.42818814947176,4.80361372741769,4.75123904354062,3.83028116936713,4.38967097645908,4.79595237000552,4.93502909837232,4.29108060246754,6.64667371777425,5.69130878905334,5.58351187028048,5.55687305136561,5.17011677715007,5.27781129850266,4.49808802225934,4.66380502021494,6.14481865021053,4.40855105123934,5.37370635452754,4.61127873109381,5.97078925013672,5.06486253483997,4.76881252054918,6.78413626030817,4.16163468469894,4.5941678647361,4.93364589394247,4.77768352105417,4.72542285409289,4.82832083541614,4.8434617707695,4.68850690439309,4.94067540319644
2015-04-09,4.62539022749695,5.63771469481757,5.31838214968858,3.89979213550178,4.80673141702111,5.82957920624327,5.02268629510959,4.37785903408005,6.17513119234991,5.62778570472835,5.2356441773504,8.12394558320311,6.57923510112784,8.92727831937227,4.65382849113759,5.3632738268559,6.23310229557208,4.66829201549916,6.36880318582408,4.92460242132276,7.41029931650081,5.68863276643566,5.55169780428514,5.68651402871129,6.25661615705651,5.05794740592472,5.21250018515784,5.87311109486429,5.06410761508608,5.1441446322533,4.82492337450834,4.89155984730342,6.36951672135416
2015-04-10,4.35832274997077,6.52715256431547,5.29551526097339,3.95326557598501,4.36788067057909,5.39776733457561,4.58650972834029,4.37275389073483,6.87169019584101,5.78324451150463,5.80187351750403,6.83266706186235,5.63607973956023,7.17221369757135,4.49264729208934,5.8963873709419,6.04560630595791,4.62022391032778,5.63652075645439,4.50571370868739,6.61468592578517,5.01800628681201,6.47774280230943,7.27365970361676,7.53782721672025,4.8794235754255,4.73864314723904,6.76996569664691,4.53899866470726,4.65556819518067,4.95478921266048,4.39008082457773,5.54292791856966
2015-04-11,8.10204471939802,9.34050532742266,7.64132713148531,4.72038774922225,7.66377823292814,7.43759948044306,6.8315976014585,5.63362551283974,7.72665650927314,7.03912010097037,6.59479841551619,7.89062431946505,7.3126414442976,7.5926188491786,7.22385424189944,8.96553821228384,8.21518113678102,8.12998499706031,7.69186810367471,7.62059195043402,8.20681309156108,7.15372922234766,9.41884750288107,7.03591574528635,9.76894319393813,7.89290495049791,6.89030773900073,9.09454022181198,7.7329020119026,7.83324551218207,6.04992777482988,7.07753686211561,7.27126060137145
2015-04-12,13.0603710533467,11.6314563112909,9.69203713989714,5.15401124878487,9.7024871750884,9.94776148943899,9.15761514136615,6.55353754162449,8.6825956346025,7.76929335398171,7.66022651425282,11.0373475253099,10.067132675711,11.6577769207714,10.3926193097739,11.535750087392,9.34586837505696,12.6346397699029,9.83106483338233,9.53429544320604,10.493347817316,9.47097691236823,12.073980628474,8.16101882561752,11.9584652945622,10.1377060446947,9.32668823648869,11.0976975441489,9.2893504864907,9.56167112504287,6.91023197182072,9.11011362013617,10.0902791092518
2015-04-13,12.2231457474374,12.8448853693955,9.18384201973407,5.29622497054729,10.8758449883998,9.32562150355558,8.15154547775769,6.47299937452471,7.58903014471692,7.02180987754166,6.95442441164898,10.9310090884775,9.70362273183091,11.6716934874024,9.891893580138,12.6157771981066,8.60033788708765,12.1599414645416,9.71825255602948,10.4176485996958,9.97215647345505,9.01794063685435,13.2336065307013,7.28380980677699,10.7713640489067,10.7731525429917,8.28438760826567,11.2329309780355,10.4304913090572,10.4646456960465,6.43831316240836,9.17069673662584,9.66771505400428
2015-04-14,7.035067267627,7.7924878787778,6.39302755571502,4.9222436135765,6.60960014587001,6.3232749921556,6.19963046216399,5.46235836014981,6.66104702808969,6.25663230298124,6.01972269989378,6.58281623344451,6.37046718673185,6.33510970062183,6.46037282308565,7.56455718593971,6.9462417515583,7.16262746514024,6.60437594197894,6.63216604612928,6.84618894608314,6.35011393747557,8.03939363561527,6.27961504426622,6.8070161439887,6.65490665672845,6.20401034818302,7.19637757606509,6.68443874877155,6.7487593585496,5.6981283767963,6.32952529704157,6.29155146230944
2015-04-15,6.90040575290344,7.77882893270781,5.43840523840788,4.40726373549766,5.73831296267984,4.95873970758243,4.67514517138308,4.89005324292654,6.58435461268147,5.58468135690727,5.98588941998198,4.5238604985531,4.53579869451923,3.89140615750198,6.10904708394791,7.3987942095448,5.77202914772884,7.033401251213,5.00783681585329,5.80501506535302,5.14931747713147,4.72332588740738,7.9942580633865,7.4252839488665,7.24662994382528,5.98717291170695,4.65085319741433,7.10092624729073,5.59394389383367,5.70792760112219,5.16962978776036,4.98398558100131,4.57260980127434
2015-04-16,9.79518385163751,10.4984721262852,8.67409984565946,7.20665682890098,8.55541868427503,7.94208691828085,7.76234106287146,7.67121640906742,7.90840175188316,8.00075537498335,7.66708167531261,6.47045178893326,6.99819812026027,5.52263669818887,8.93702983849986,10.1289847391692,8.46279707631272,9.8415551799258,7.53184126349318,8.53247513969617,7.43030023054026,7.4879363048466,10.6280199888706,7.05954499726196,11.3949517483862,8.90323007985727,7.70644759116773,10.3171207679437,8.32281614784573,8.43959172792667,7.74807468721654,7.93080514221309,7.19405024260825
2015-04-17,3.39400480018302,5.87129285913992,4.63769036833218,3.16733977593506,3.6620293180887,4.32557313115073,4.01887076168599,3.58722564572915,5.75142832147499,4.97665553996264,4.7209955551864,4.72349817220097,4.2419605518557,4.41789421153836,3.61051020360473,5.17757329889412,5.38173284610666,3.64988702815435,4.49251726797958,3.72601971010512,5.16542305381781,4.10451512941937,5.72473002981179,5.59245199417098,6.2647921071325,4.25149471422367,4.0481464812024,6.0616700504097,3.82095466628471,3.92629429641623,4.13426472993369,3.77513055922824,4.17677233558805
2015-04-18,7.96840885299711,10.3296947563777,8.60667809720326,6.89921338533723,7.83581519716384,8.37808157967097,7.65581444796415,7.36889785134595,8.09393020276359,8.29280790742667,7.46123632939758,9.15139362388206,8.31477555989595,9.21050750874445,7.82967153888972,9.62131222521409,8.93718266078099,8.18252420147433,8.44729674740322,7.82459845028967,9.17739903217901,7.93372474208453,10.2024530401489,6.50814094030027,11.0994401238235,8.44481877330626,7.74865137524145,10.4463815302582,7.82341616679678,7.93360610323458,7.66238392419598,7.59401363893194,8.3018019931746
2015-04-19,8.56806837470605,7.9016283879755,7.07681900463604,6.9854919745839,6.98641860903109,6.55771985263346,5.83506175398452,7.07246247297306,6.06298169950691,6.61586117225513,6.448276746404,4.66376365716917,5.16801817618321,3.84312655014309,7.90081541149557,7.88988089529302,6.45479797897878,8.56072935401562,5.67245449187728,7.18244307223309,5.43120788402831,5.62306254837621,8.1432437204101,5.35422100229751,12.0344657923844,7.00947900575832,5.88443805385694,8.42553184957075,6.76150656045304,6.85297297826037,6.89228495160349,6.1540259997251,5.56387725335666
2015-04-20,2.03901729097211,3.38703746571231,2.90855213319917,2.12529671609565,2.31234806869936,2.75831017108828,2.62097967243942,2.4360204023266,5.01840028345566,3.74190877208119,3.99780909371086,2.83112610752232,2.63089754095893,2.34883088866426,2.32280989721208,3.04769054575225,3.87616341667086,2.24743651202952,2.95857643511593,2.51727347180743,3.41517700449354,2.66758680825198,3.41276561646465,5.96009519410293,4.08585170045784,2.51645134270722,2.63745964385842,3.57835302967254,2.61689755284041,2.68879923918697,2.98845138218727,2.46266075917573,2.56431219063638
2015-04-21,3.95331915752113,5.41295480521923,4.73123276238716,3.29575131721517,3.98202684696144,4.49934326983736,4.28820450137079,3.75723024480283,5.80807511415114,5.06664382134351,4.82288771112461,4.4060022683845,4.22830325182428,3.86583080551304,3.99953391640147,5.00031692863062,5.55103372043006,4.13684069716042,4.57900606709236,4.1383776056817,5.06268002818501,4.28836737220125,5.44664177818688,5.63173956589215,6.48983238965965,4.28752369889761,4.3113310745301,5.67181424092427,4.23290186636155,4.33141322862406,4.25627436748762,4.09484059507735,4.20460581824028
2015-04-22,3.86368555719836,6.25162880504653,4.92155616350667,3.14253328419018,4.09473066854678,4.67882776104488,4.26660929380199,3.62428322334679,6.17219937984205,5.05703227903206,5.06231449339846,5.29408062659858,4.67813002906362,5.17032089644211,3.89635996598741,5.58590731267481,5.49389101141326,4.07911434811506,4.857393154268,4.08578970275868,5.52817445719483,4.43708934294,6.10732225326102,6.56605132662235,6.53543383783837,4.6522775510704,4.31457749985991,6.36764076950092,4.19953305011103,4.29421411438652,4.1874412277791,4.0998866266559,4.6133824374207
2015-04-23,5.78518997150424,6.8368327197766,5.31607971744557,3.385455680936,4.83876676995153,5.28539632843165,4.63274177893016,4.07729283151843,6.71480200348595,5.51990095870209,5.59010485477408,6.57295542355126,5.52827885095855,6.7578786283563,5.18726810286617,6.36621552464508,6.04991569115601,5.76869052538749,5.60960338217808,4.92191476094441,6.49621636679018,5.02027674698633,6.78141327981724,7.0673198922564,7.04503555615005,5.40093200025381,4.73918356654501,6.75856809519436,4.83605415655757,5.00749349420056,4.64586460765246,4.55829759670743,5.41138206637602
2015-04-24,4.64982550223411,6.77080108000476,5.14481579345932,3.61369283786873,4.43885608670169,5.14776928635663,4.25179297303821,4.16754315478749,6.11295838082063,5.5615592204057,5.0895529704529,6.56539878548276,5.33162623930045,6.73180698109898,4.59576823432894,6.13144832642647,6.09609007543861,4.87997458173191,5.48605476826908,4.61191821727608,6.5045309155596,4.75051518667029,6.72787662787729,5.42722263425918,7.70386203207041,4.95327905238316,4.39701139043804,6.87467173199746,4.60384105117517,4.74089440933103,4.6853825971457,4.20299089942577,5.22458180035888
2015-04-25,7.19045136643375,8.84820815913563,8.14399756294134,5.87344606698855,7.40677716808562,7.71285174617652,7.64100739208278,6.46850079211608,8.21348768149911,7.76864140342403,7.22712167186949,7.04353174610129,7.21004635523855,6.26552151879476,7.02795663058678,8.41157723979414,8.63839800046644,7.32954011118906,7.64940193049548,7.40038446165179,7.92019744170617,7.48505291563001,8.83421599070293,7.40449560764601,9.94889165695955,7.72212870801937,7.61777437777409,9.13158135024592,7.59927397717274,7.67563961292116,6.8974398938252,7.48190308328,7.24584619348113
2015-04-26,8.91753730289603,9.73681025314577,8.3751920553347,8.69733123482065,7.17290288161403,7.9015369669589,7.7130998823488,8.71727609270009,7.76481781750345,8.7152793563978,7.96581931591722,7.01592527842725,7.17366657167452,6.48163273689686,8.81216061862058,9.18163593720266,8.49077168442127,9.13132963296745,7.36888842244538,7.46994128116434,7.72284572982904,7.36203114722292,9.88950936912295,5.90609821973388,11.260134607682,7.87783059103185,7.73072447117225,9.99272370255712,7.00473519580923,7.21554284343782,8.78893300794015,7.26787420843699,7.3360116970552
2015-04-27,5.89053356360764,7.64952985649545,6.70521038458435,5.58234917850094,5.65224976545302,7.09529224921424,6.08383288273234,5.84251682617552,7.44735724304802,6.74300117370156,6.77860401312203,8.61821651904019,7.31533368491112,9.41848718624123,5.94098956617348,7.11316472415868,6.86626294255483,6.2016970675492,7.02140967674561,5.76150075460572,7.92206963898373,6.52393298859828,7.78242466523406,7.71746462423817,9.45481839956925,6.0404878338413,6.30763573158972,8.02376099533985,5.74341422417974,5.84148394587599,6.23382029316903,5.80256771165224,7.31700907510427
2015-04-28,4.58037462766275,7.01035008285405,5.12445662031257,4.25227850547266,4.69210426254456,5.10161752922941,4.1783755985841,4.7267562840966,7.01645301964506,6.22038151296452,5.90603621315931,6.74592357237328,5.40021373238992,6.78447577007491,4.80950947547603,6.34983600245656,6.54123733217508,4.89541316200406,5.70415258970193,4.97321276186625,6.78948228213593,4.81321226486381,6.94607432115415,6.76165225421204,7.4439093166757,5.12736452374848,4.31175718832711,6.92804486617617,4.96079106066424,5.08099412187611,5.30422107298421,4.29312424396636,5.2209182501739
2015-04-29,4.05567549531374,5.94265715378005,4.89012221899189,3.69262961365023,4.42014406630576,4.93863783848008,4.27615413598287,4.12477715371688,6.263183336786,5.44971606345163,5.25162585474806,6.28916889845659,5.23839379259765,6.42795333609898,4.2279259867789,5.46200465091751,5.86462350567771,4.24636834784254,5.3865788370985,4.54894657220695,6.2240165925345,4.74720023161322,5.83243537331802,6.23839592161408,6.40451634179355,4.7528980199931,4.38319975703953,6.03580388789894,4.65515338150481,4.73060205446497,4.62363488168104,4.27950824421127,5.09368932877177
2015-04-30,5.02000612086309,7.00133156376051,5.89441739264159,5.15005708433334,4.99503813803204,5.78295201866378,5.08245619485016,5.37033784461697,6.63718577797009,6.24478321986569,6.02121257929564,6.47205475844609,5.68964331273679,6.54595613126229,5.25401032058287,6.41233086695627,6.3305163273938,5.26861672079899,5.7849273153665,5.12408542598679,6.49440928079145,5.3249922900367,6.9053735398417,6.38152369112322,8.44776404214867,5.49527616148288,5.19137789417337,7.36302472410552,5.07496310446443,5.1728525287601,5.73823528235936,4.93587041713561,5.6925999608614
2015-05-01,5.43193653024042,5.21450206914183,4.90628993223914,3.69901234779427,4.1170053337433,5.2751138587724,4.60423684394744,4.16547178595868,6.0090228557705,5.18644229862756,5.24981159937846,6.42303586224158,5.45089098570354,6.87500705174544,4.96282162659953,5.05079935634659,5.4526036114187,5.40087992743487,5.28402628536436,4.36628285252137,6.11081844647315,4.89099486247934,5.4038751739456,6.21114898183203,6.98455190477022,4.43533202721027,4.78042376640035,5.57376475733593,4.210892653124,4.38509924883357,4.6099570782257,4.26709362079583,5.41302755529658
2015-05-02,11.1437528579148,10.8888670180715,9.43519541393752,9.85887045257218,9.92222001747478,10.2672923142244,8.84982858648183,9.98320374793517,8.69868431024755,9.62651553449006,9.03780691483497,12.9191941074651,11.0165147261531,14.3293669032502,10.6470547124842,10.8417739874239,9.69917795658584,11.2730048631678,10.5987788624419,10.1709486229021,11.4469615160397,9.82951905015521,11.244591758005,7.18128866148803,11.47966566024,9.83191921082488,9.14361363811384,10.4500610648083,9.85154391155693,9.92678702983079,9.7968235618504,9.21081989110751,10.9243647253266
2015-05-03,5.19592359037205,7.33599934860526,6.31960352733663,5.57143526687247,5.38629986385311,6.02931937580037,5.37987012978225,5.69743925688661,6.88236632691603,6.38940026833657,6.37606283570542,5.79240917196091,5.48661901009599,5.54332016321325,5.47551201057687,6.75794814706318,6.35744477878078,5.52256535021692,5.70813493675726,5.4659701186375,6.10385275676004,5.41940332959252,7.30739328244234,7.06178200204561,9.61355597841327,5.77236351415169,5.4590804212317,7.84756666324237,5.44660632733369,5.50548194933807,5.99966760940684,5.2894130531237,5.6229987397747
2015-05-04,3.04460940187374,5.07378309806388,3.91353804171523,2.7720128749984,3.07281003787092,3.79332923847873,3.23128646246648,3.17016084283169,5.4029267084931,4.51803769956914,4.3976666337478,4.59667942601767,3.8128556660713,4.50019264053309,3.22647562687652,4.48333223099478,4.78517248651923,3.28096955820662,4.01325742821602,3.24104451298022,4.81386057937971,3.49212789230591,4.99815273815809,5.49931105775255,5.96999773281314,3.56218898501779,3.3179733385076,5.29891474889993,3.26307717719671,3.37843894677991,3.71879065789842,3.06604230360042,3.73666684721464
2015-05-05,2.75872389950871,5.47329791172703,4.16458534523731,2.83436526146897,3.26732258097942,3.7354111487497,3.49912308442644,3.20832100655955,5.5252014671745,4.60085799035725,4.47422111871964,3.76586702645639,3.49849878517149,3.22765715620968,3.08663547475742,4.76349527221042,4.92412959182324,3.07679947015238,3.87386001672087,3.33420488230729,4.42161431376866,3.52041033161649,5.33927502783106,5.68391718860135,5.88359570445983,3.79317110041666,3.49931618872035,5.63357177194524,3.45771450330363,3.54052491999283,3.7619959400184,3.32619982321638,3.45773918951328
2015-05-06,3.58046770785667,6.18125216087225,4.47729940733208,2.79041718818624,3.61566707975385,4.03719064510179,3.72301684438762,3.25256857068453,5.45132565733538,4.56707001010791,4.45628320226724,4.34835186795075,3.90704850681376,4.0492715686601,3.56433315502697,5.4133687250947,4.96772087883766,3.80586159556779,4.15686624356489,3.58426616720372,4.76553032521839,3.78774839180536,5.99774403660871,5.53015808244025,6.12870860095457,4.30710522190356,3.7343251445325,6.198469574873,3.6288625386055,3.7420113812623,3.7721516233104,3.55209714707566,3.86455958885543
2015-05-07,3.51106212752659,4.60245261216567,3.83726722003938,2.94243890597831,3.42329866266301,3.89199435074514,3.50879819724558,3.36055298043624,6.10153160036286,4.74625870370796,5.01312327151049,4.7653028224406,4.07491927628262,4.65253570904208,3.57042762432451,4.28419439982088,4.95192738444403,3.6653450366955,4.28146374187046,3.65702691694102,4.97380940148973,3.80226364834504,4.65724412471314,7.02981948489117,4.974520980742,3.64422002735689,3.58175699762915,4.62088868231193,3.69725172377962,3.79669434766508,3.93882498916688,3.42048071919685,3.94022007209032
2015-05-08,1.83649129087457,2.9189380395275,2.1925276114997,1.67889211730406,1.8546201040834,2.12111061425995,2.12809925059047,1.96454393994753,4.1363756611649,3.06067342040807,3.28388761547211,2.55047453462713,2.27075923409565,2.26406693810176,1.9831824431385,2.61307513862837,3.17638669812039,2.00881677179203,2.48320537576791,2.03061812615794,2.9316877917074,2.21936585427918,2.97113890885084,4.91006741334442,2.31009689290224,2.06836721417057,2.12818773283941,2.74277600079543,2.07819410741939,2.15559754649615,2.43390825373226,1.98433246452887,2.13435034077514
2015-05-09,2.78363453791076,4.37752381723455,3.53422292396137,3.02455475088717,3.11929302753926,3.32767872070687,3.40105043713324,3.34160583476622,6.30673135353368,4.7984331419093,5.16556936454655,3.69138703163357,3.45071693807824,3.15382168092252,3.14637080647291,3.97019274832002,4.86686179610022,3.00902033491985,3.82136627657523,3.3403258419273,4.3422067603675,3.48434079783012,4.3523088687571,7.53552066849288,3.62164946001679,3.39410589572558,3.37408235641567,4.21766431229227,3.43672447213106,3.51733312693124,3.97077814060539,3.26044662472403,3.2747651698768
2015-05-10,4.06245082022276,5.55469713516745,4.72765119821615,3.43474070428565,4.29234345170126,4.72478392610394,4.51383108885406,3.89749876182855,5.68947923122446,5.14378760770312,4.75491803703411,5.62540877775778,5.00832558836588,5.53955289341202,4.1250323233209,5.16231172685497,5.72883193960269,4.21679188731682,5.17036546731174,4.39590297672437,5.8097356729709,4.75804979693129,5.52909372132042,5.21261831845376,5.1479259151774,4.5774675160026,4.55345439330259,5.46638114389406,4.53734534103826,4.6161685524421,4.34619413050922,4.38490175527106,4.8439660443079
2015-05-11,3.70557312994146,4.20298318327804,3.17540366305968,2.35135433901825,2.78631488987444,3.12670511338877,2.85607887628634,2.77430575673685,5.00148387527993,3.86872048858475,4.1559952130309,3.82629193235234,3.26239074153384,3.74933214797365,3.39044561045057,3.89823691548149,3.9947791592383,3.72777580359739,3.39144673506467,2.9785471303737,4.01333997948649,3.02969097452155,4.24843191795731,5.75647336316967,4.12313686714013,3.17797018282087,2.90596156229023,4.07851118585126,2.84355767517242,2.99270877613473,3.25905702721058,2.71025322530388,3.15756186101459
2015-05-12,2.08807499805307,3.57586682877596,2.57314565898887,2.10840568754542,2.21950671190146,2.31774739386089,2.38880551157607,2.41361653150588,4.87721270839568,3.67543438659401,3.90172813161302,2.57914080778837,2.38917148539412,2.04027280839475,2.33710431325357,3.16603969604157,3.76233758905644,2.29168594336594,2.75401075485088,2.41722092932729,3.22171194733217,2.44601310569645,3.55470031551776,5.71864879538013,2.73284929505848,2.52304553986214,2.35538889570377,3.35359989204378,2.46107955231791,2.54788373687776,2.95479004194007,2.27831767042378,2.23598550413923
2015-05-13,2.50388335309872,4.01131749472127,3.33096811533781,2.66838099021727,2.69192208975104,3.1076413609839,3.14274288351822,3.01821684016412,5.36779255623718,4.41863485944482,4.32526809192244,3.39123019978496,3.14763050283849,2.8278999581181,2.8519900530602,3.59046437124178,4.65255837095633,2.69607764173666,3.51370456131822,2.93654911668354,4.09540995912805,3.18252567716708,3.96226431034502,5.57490307780267,3.81378603753895,3.04281163625013,3.12752028859974,4.04715622102315,3.01165821408825,3.11561564241828,3.59710555875213,2.90990460416322,2.99541302251878
2015-05-14,3.83891102424515,5.47128399620258,4.03363857063123,2.72922803635766,3.73531475169713,3.69335066855266,3.59765896859472,3.18880923412706,5.27163337043511,4.34221646295649,4.36688134317067,3.80855146257383,3.61501940375522,3.34544119353965,3.67422822180834,4.99367520330118,4.74022701672213,4.00309028511186,3.95171820434061,3.77624577605504,4.34504019923554,3.65403373910537,5.45656458035924,5.59154824400004,4.84114772288426,4.10248136517103,3.57604867752796,5.1982825488463,3.82017638221647,3.90879857395302,3.63295632266445,3.57962098710426,3.53658326241821
2015-05-15,2.80419768858077,4.49349955773361,3.77500267750875,2.48159879771636,3.19888884864459,3.64167668228242,3.70074297199905,2.90560673858202,5.57924892308699,4.34510241636586,4.45151300912782,3.89324315396875,3.70508258023762,3.4802934189169,2.97790446789687,4.07696638917365,4.75426529551196,3.03951265563529,3.96489734304968,3.30262934334412,4.42227109221565,3.72438756435058,4.54016418800948,6.23926694867919,4.04015081826869,3.44811800015267,3.69071711269706,4.41444121231605,3.49453911860448,3.5626873986017,3.47768584711339,3.47466169724222,3.57883309339251
2015-05-16,4.12553109775416,5.82937642510565,4.6195591895648,3.48922147722487,4.07084756361977,4.44393019238618,4.02371648768247,3.92064128978207,6.08020523958549,5.19579643847714,5.11170006281602,5.02883717535717,4.43681392785125,4.77849396021432,4.16388447496177,5.33172381527359,5.51808432794776,4.31641891068245,4.71630096565406,4.22476259959608,5.37437283866281,4.24472745173745,5.79091732244329,6.22121010435494,6.25597463144627,4.46376436507337,4.07532758732769,5.86667971304763,4.24614598041059,4.35161300599334,4.42581428892408,3.95728652510477,4.35200892040608
2015-05-17,4.19979745704743,5.02250163291578,4.44815137680916,3.49605741450279,4.00736461937203,4.71228124328382,4.35368842931256,3.99470220181533,6.86035470605274,5.56518213820242,5.65247694850043,6.21135466316534,5.22921112303069,6.32259378785575,4.25338959888529,4.7541565623682,5.91325509078751,4.30959904526462,5.32595469839636,4.30283088202343,6.23122007661203,4.76435533340144,5.09521390707035,7.44164998067119,4.92278792440917,4.23464006725728,4.45201058987276,4.97799990008835,4.36182207206999,4.48558175386731,4.63691514104213,4.16282033226147,4.99423349725392
2015-05-18,3.21793549157754,4.17345403834847,3.23004327026636,3.19641427799437,3.09245596860716,3.50654381127549,3.23769621119521,3.51975155813766,5.85837429661008,4.80227431207879,4.89109710902082,5.3387052850579,4.26233797174484,5.53712532234402,3.46211962328383,3.8812899384048,4.88628234898986,3.3888033191165,4.34256757451294,3.43031626660658,5.24917837197183,3.73712055005265,4.23004595657508,6.38898297033906,2.83119152356042,3.30738259295541,3.31388180061281,3.7706665369434,3.41945541141677,3.52931972743811,4.06907334345297,3.14599351541151,3.95125342049089
2015-05-19,4.90424291750778,5.60819284008485,3.74962453595183,2.50955455123432,3.81407748337655,3.7832362374247,3.34568179118696,3.09856158812937,5.44434377590439,4.22381635759883,4.53142514374809,4.68954912186238,3.98207632615749,4.67919414219847,4.2339439049459,5.27789506287352,4.5802014309238,5.0330399530952,4.15350667317015,3.97967488827206,4.75551704830009,3.68004735243626,5.8807204953361,6.21862704201979,4.85933228337233,4.04364718454785,3.41587016246277,4.99622521741308,3.85611417828375,3.99566410866251,3.55057375308403,3.43033548920407,3.86462161322945
2015-05-20,5.54501421005667,5.68472030837402,4.60005993915596,4.82585654028018,4.64348387757722,4.25495207979157,4.56019522924761,4.95816538391784,5.77287578839417,5.27738672747173,5.53392197539931,3.54270893109887,3.97242545341335,2.8516509727343,5.30637672569518,5.51838585010244,5.12789700564739,5.65783757181687,4.3083948050905,4.82530682765888,4.28695922959594,4.34036616200528,5.89947249893866,6.27562163971995,4.69968924265143,4.79106481172722,4.48014489050022,5.1906450033028,4.63164116653483,4.7248847127059,5.13986426820543,4.52721157500997,3.9587469027399
2015-05-21,2.79698890138886,3.30647475970662,3.12391735849001,2.47680611521699,2.78184813655709,3.14725203736517,3.21088631477027,2.84910818073408,6.09133335050076,4.3126827057735,4.91254861019537,3.43199874962985,3.24566592408396,2.97860489850981,2.9339272101891,3.16830882229075,4.40912454692531,2.91943331486123,3.53942129410928,3.06407663056214,3.99644795290414,3.27821809151132,3.44672596630563,7.77399783809813,3.31259691445116,2.83892748892632,3.2171973306876,3.29020999710239,3.15668117708758,3.24192756597359,3.48909560351478,3.02554867372712,3.09863510161997
2015-05-22,1.99344335010114,3.33796309639456,2.63945426950478,2.02907702708033,1.99520413796711,2.53507265991686,2.60588212734838,2.30446043591869,5.92703097413534,3.77067562951652,4.73522641102372,2.92657224290533,2.66863777239406,2.64496195756885,2.21833735381056,2.93515717964635,3.59807016171819,2.19243277389624,2.83479862404825,2.16383261150431,3.34358034072824,2.61775853980042,3.36073933494945,8.37521292991259,2.7667934962164,2.341210065655,2.60298113821841,3.26224600619605,2.21332190410574,2.30959680485253,3.00327760059338,2.30524415373973,2.53649635390068
2015-05-23,2.30264216460467,3.18855702556481,2.69297161020974,2.73811314328022,2.42116063893749,2.77722315200552,2.78542626533321,2.96238910832875,5.53980021886561,4.19942159580162,4.57855474937283,3.47741505538768,3.07276163708746,3.18721501885496,2.68439491235275,2.96626541590046,4.1375712716367,2.52815093123156,3.31589844255649,2.75634659747109,3.87341058319264,2.96838636047002,3.32167247390764,6.72325918588803,2.57288262253169,2.50356531720683,2.8028804086295,2.99353196622252,2.8021831552976,2.88037619821468,3.51812077639144,2.63424340335348,2.87293966817237
2015-05-24,3.68598155804923,4.60042438508364,3.97637618802508,3.04709034914944,3.67638783594652,4.06500434280362,3.92170266084927,3.51798815528321,6.23939309499817,4.99439301359046,5.09227445551024,5.12207595675601,4.46325564119164,4.98623456750441,3.75038159504311,4.3361073867066,5.3547188490183,3.78818219703877,4.66318768709898,3.90785937342986,5.36962334910068,4.20755116378563,4.62968966855502,6.84132588418869,4.03806336266708,3.8828767697519,3.96182834468324,4.45107259342482,3.9998934627185,4.10029936142895,4.11228918741008,3.78883109994008,4.24202359697383
2015-05-25,1.72869725387282,3.20125898490975,2.32304078480144,1.41895258630399,1.83854117092373,2.20119654055296,2.1651521362582,1.79780368364784,4.48257010182938,3.16564003773272,3.41352331788901,2.70718823148842,2.34992157379294,2.39096856542294,1.87536546954226,2.79204994723726,3.38008248400746,1.91956838220461,2.59125133696117,1.99309424734199,3.13687409650316,2.27141375814166,3.207868572931,5.38693915542878,2.63582830443781,2.1474765147225,2.1683045711868,3.06870218183977,2.07986449396127,2.16934519533729,2.37187578079311,1.98670532944908,2.20240216404795
2015-05-26,2.33924832429879,3.47810848148631,2.88065992237317,1.96395847436519,2.44278739000188,2.69992445230294,2.7113069479965,2.35683517708717,4.58373158885419,3.62821997839179,3.60745455510783,2.71346964363691,2.61634909095065,2.12825320258777,2.46756695066451,3.17625727827067,3.96407176985845,2.51129952962471,2.98807922562588,2.64469096168051,3.40184739336328,2.72530737061546,3.54326883719166,4.89597249365377,3.57059226124312,2.62695809755364,2.69991452447047,3.4743441714323,2.7422360027522,2.82457842991079,2.86148188183419,2.5699999511644,2.51754321071248
2015-05-27,2.41266996105471,3.85879619170271,2.78972380273489,2.41489090339416,2.72563519467444,2.54520865933077,2.5986287213825,2.77063440147053,4.73976981152291,4.00816725223316,3.80710949101858,2.90421140915841,2.67443090132144,2.238162098816,2.69943538462751,3.51079767648171,4.30364208506597,2.62628160708624,3.16889907962343,2.98093536571721,3.64788128944235,2.75574803570615,3.8603914669289,4.69878401575546,2.80210592021138,2.89719782828774,2.55815956900417,3.50677260806075,3.06060620674917,3.13299795508428,3.24723909391506,2.63833462676668,2.47456481103278
2015-05-28,2.34163321638517,2.90643213038619,2.27503690739896,2.43760659222816,2.14776913448083,2.21370054047164,2.23205139370754,2.6602210302796,4.38970914675238,3.61579012730031,3.67739743617747,2.56076030915054,2.32959902843203,2.09089807558365,2.56381890656864,2.72567707266333,3.61375192695071,2.49925927722185,2.67041320972058,2.48630816771057,3.11774193756431,2.35241487511339,3.0217563410855,4.77170053694691,2.4473242368724,2.24503798859063,2.22714013617674,2.68792370756577,2.44428233832198,2.53433311697154,3.07784344042858,2.17243703033424,2.17274516559957
2015-05-29,2.82330909091211,4.00708842278285,3.7027290260445,2.83600360207251,3.10137876464719,3.70391952340928,3.67009934287689,3.16748212406475,5.18519406602511,4.38771809113827,4.26878047061257,4.38388248664012,3.95006357992592,4.23230472393325,3.08202531940797,3.68987750162426,4.71578754378965,2.94708480902617,4.0834799223774,3.24821364022671,4.65880045183521,3.79067166168226,3.94948345478955,5.29542227276684,3.80503105422639,3.38148660580398,3.6914703148751,4.0989785184574,3.37885795781721,3.45573104186778,3.6559356341765,3.40936406147406,3.79345012397645
2015-05-30,2.11098617427318,2.82938301675397,2.9030271869779,2.43828219375125,2.275524746882,2.73145647524502,2.80797293513787,2.70264961284523,5.57952992012553,4.07334044245021,4.51361869854077,2.99949411137198,2.79667522146685,2.54600902650343,2.46811255746988,2.6005609198284,4.04552927570501,2.116333983315,3.07521816352362,2.49389586880295,3.58676785006105,2.8183454431505,2.64299454267046,6.9153474683729,3.13224936728731,2.59828232854755,2.79372240462399,3.14700182146272,2.5553221083664,2.64743454998593,3.32111221246847,2.54859251926457,2.65929607117989
2015-05-31,2.05641541334564,2.40999232991289,2.97191699581325,1.91165530366292,2.41131471871816,2.89477947677766,3.03789860726748,2.28371717119484,5.47221762333922,3.77415927516385,4.27338480334472,3.00361400906402,2.93103297556795,2.54470876145407,2.27277932685592,2.32892000958854,3.99150505892479,1.99876413228564,3.18757281795937,2.56326539782561,3.58144757336609,3.01122321470928,2.27587241909048,6.98793236187635,3.03215886866962,2.56765842985449,3.02414851892659,2.82676415975729,2.7500678588013,2.81383707392907,2.91639735046329,2.77617354031709,2.81135504634172
2015-06-01,1.07703479717322,1.29104355869475,1.57348315285668,1.12992841393253,1.28153320740054,1.60122277726696,1.67657135402151,1.43168471041091,3.7673725251527,2.65377310747394,2.8187650290569,2.10160669291297,1.82706077957153,1.76225755076917,1.33624525745981,1.24108381965687,2.83351776780995,1.05908908036288,2.07164793943252,1.52476304511906,2.54204083761728,1.79188740383502,1.22358299478149,4.48956919538928,1.34788018620891,1.37061304963889,1.67771145487375,1.45507590207212,1.63299796529358,1.70070950273094,1.94152128670182,1.5159595730631,1.65080089395242
2015-06-02,1.4873331005155,1.60659332066049,1.8151637575355,1.29812135682541,1.54515260927584,1.84938913018134,1.85951358084065,1.63673978000552,3.55288092347092,2.78348449640262,2.68694660938081,2.43799353606923,2.08758113977496,2.1373407347475,1.66083662985422,1.5588223209317,3.075146969321,1.43977978347438,2.32685788264943,1.79255277215566,2.83912721073923,2.00977243969043,1.532415471664,3.67217671040262,1.73600974403801,1.65924751906286,1.87075606282514,1.76804377498219,1.87272905544652,1.95209938270707,2.09321015694896,1.718369245721,1.91066099538256
2015-06-03,2.00543015327621,2.45871022321843,2.42225874326292,1.82502879261715,2.00914085239014,2.21266725286172,2.3757377524493,2.15658000780433,3.82723337842328,3.25508012461885,3.02141217987515,2.3441344037665,2.26035692785898,1.79602093769697,2.1751279065284,2.29042722187184,3.56165140704231,1.96680210249327,2.58809924450501,2.20729055870466,3.00936067183212,2.36177162736448,2.3125490667303,3.62330813099271,2.39559793245992,2.2778425112695,2.33930921604565,2.61431412885548,2.26076641224627,2.35333863604807,2.59263052494322,2.18657215032159,2.11826015040435
2015-06-04,1.06837564876185,1.4159165484641,1.58252347228265,1.09390020821349,1.192116493893,1.51943762991827,1.60402215166157,1.39216370128703,3.37471522398604,2.53580380335711,2.51170105684446,1.87635486040791,1.66138502964076,1.47967028199382,1.31045410459023,1.30556679151875,2.75403826851352,1.04873856090309,1.92269952026952,1.41587500176498,2.38295515190161,1.66593581543687,1.31186178598181,3.65548990460793,1.54121590250686,1.36866157456584,1.59580039662686,1.61521600071779,1.49661327524923,1.57502004214799,1.86205067582645,1.41690679718963,1.50774531187837
2015-06-05,2.08098863974882,2.5113179552874,2.56957555211064,2.14534502353559,2.32423918262117,2.45302687678501,2.51312540941249,2.493646205164,4.29208116737788,3.71353248571979,3.39315159433378,2.90608177505213,2.62994151646866,2.36899362011984,2.38569121437053,2.40021403364001,4.05657591982094,2.05368577244721,3.02047717338831,2.6011676995652,3.54570642062407,2.65053171221471,2.3612072088221,3.98385541633013,2.50766929323268,2.48287977502505,2.49528597038138,2.65875770649165,2.69219913491472,2.77259683454921,2.9624561394721,2.42457779043646,2.43287027269446
2015-06-06,2.60320482318411,2.31975253650649,2.96674346008398,2.07638947938404,2.60525173355995,3.11691605888647,3.10964405207272,2.44075213477041,4.81578784131878,3.62808209935381,3.87400694158481,3.69847743986329,3.35530850414285,3.58516351915429,2.63250521563179,2.37193376103535,3.91397969037648,2.47351574096566,3.45396595442241,2.7782261628076,3.91159160744047,3.2269376243825,2.25443303405092,5.65979032229506,2.90552597162851,2.67760702884964,3.14231319060497,2.65459473494625,2.8980152865938,2.96791401805823,2.92957931843148,2.89461235116183,3.21588618994142
2015-06-07,3.20367171955897,2.99718230371053,3.55682193322265,2.64163808912329,3.10703194764938,3.53743471465676,3.77092973616726,3.01922677747231,5.28535818206178,4.22066881179185,4.35266167301732,3.68468849166063,3.64421696714088,3.29506384292782,3.22282633713262,3.00216211559715,4.54630174382601,3.07968947653104,3.83474924082134,3.27798105635374,4.19875100728585,3.71696479869409,2.93045121949412,5.8717993081026,3.23103435575113,3.254325650856,3.75262714799925,3.27185629519726,3.38538416003825,3.47113534327136,3.51353849795049,3.47894957201109,3.51246822893047
2015-06-08,2.54358717904978,3.19331180555902,3.26151551484956,2.40506423968715,2.60972426468408,3.10369668830855,3.1343585167865,2.72957050640079,4.76178702685642,3.9052439839241,3.87856043687935,3.36696287599937,3.14909635954703,3.01857543789233,2.72462000962701,2.9668211874591,4.15623799191006,2.50626308110138,3.35965280412496,2.74970305492157,3.84298707446373,3.13545142299641,3.00217235038144,5.02170649391809,3.61627936458819,2.95679731114902,3.12981352619375,3.53916753146315,2.82351779240662,2.9152146203247,3.21623355576386,2.86723341163251,3.03996119140057
2015-06-09,1.79775106756778,2.06718205749383,2.11468969362828,1.7983824762142,1.87774741133696,1.99332821355219,2.19003875001599,2.06932399211069,3.94715090836435,3.11774359261702,3.15085268925769,2.22049153675804,2.13064796333917,1.73889340878346,2.00794370469828,1.97602414779993,3.28541360480409,1.77301590619965,2.42837859391295,2.09144328163398,2.79952646987833,2.21395257561135,1.97185920008018,4.31839692445584,1.72600495025237,2.03250182016324,2.1542520413372,2.11677667128701,2.15287853513849,2.22576436860746,2.50495269739295,2.04903125411661,1.96920236366187
2015-06-10,4.02798026660519,3.98896438024454,3.66010247259003,5.05825779476781,3.39408282906232,3.43827773479081,3.35266193066137,4.92250503376997,5.83342288482377,5.24798751799597,5.63514237968904,3.33403018686371,3.25945847956578,2.86192141173053,4.41368213915126,3.86966784289637,4.54756628160771,4.07919216961972,3.56505556417402,3.7858206103133,3.88166959953985,3.35029769119156,3.94224166802958,6.69086399384959,4.6533482861898,3.62529824918954,3.34873708807373,4.14031867574053,3.49340034861786,3.59637876901374,5.18343106481747,3.29323841969556,3.22307238565029
2015-06-11,2.24790571842931,3.23580257613141,3.04093180953232,3.37276130375467,2.3220269811373,2.71764831927528,2.66649181146931,3.43954091148132,4.28941819294737,4.21559338906635,3.79941040196263,2.62976809532688,2.52041684513102,2.00738434851954,2.83197705896977,2.91714601271599,4.12471934064834,2.3538072105356,2.90371027145085,2.63402347138747,3.37743918166929,2.6310046976504,3.04619693535524,3.64191281933369,4.1796504454576,2.69870335418996,2.65346393844778,3.65447047271187,2.56247184396411,2.66074392011627,3.78761348623818,2.46003681856539,2.45480372141379
2015-06-12,2.63956049237906,2.51118956081906,2.88106184602796,2.06890641664337,2.71198866648269,2.79361723709063,2.91168836733762,2.51440188964074,4.69072503703253,3.8214428990024,3.6874166073521,2.98988761376228,2.87441743667236,2.37623208363532,2.71812128227365,2.54034364870512,4.2705534749013,2.52360085071045,3.27967232928735,2.96906530114491,3.6989746361471,2.98524392819377,2.42294480369984,4.77320857572208,2.85622094250789,2.76707295109049,2.88959887895332,2.72196749563342,3.08637736867717,3.16656390753131,3.01193908712228,2.8249646970767,2.70723994145145
2015-06-13,4.01063373975749,3.70019714504854,4.44798555880405,3.60312781623321,3.73397346694174,4.2517793789858,4.29745869110496,3.91496720894022,5.75305847987526,4.94540876780412,4.97815774703613,3.72847026288953,3.89237215475673,3.10042758988467,4.05326349529135,3.69827710169964,5.15378654986058,3.86651828107716,4.19934826629864,3.94390872114982,4.47971115265142,4.1189460211312,3.59465954433113,6.05972645865792,5.66716057389209,3.93277417356076,4.29253738806144,4.41387255719463,3.96588776173157,4.06452528358434,4.35077689636306,4.00933834055273,3.90086315096114
2015-06-14,2.65466660146876,3.14819401476153,3.53700189286173,3.00003657294635,2.99720726613485,3.49811452870741,3.43081973329991,3.31505605116947,5.0868158423598,4.55065759613716,4.18828469229981,3.98483758506761,3.6201196109824,3.5766971727233,3.06304810995514,3.024660616682,4.88066663962118,2.63812910274952,3.92555549747933,3.27484517464126,4.51358776878519,3.56358778230674,2.98062360739585,4.709430075278,4.00716909371633,3.18213323759829,3.44948523836285,3.59388912125126,3.38892427018777,3.46854257942552,3.79614333209906,3.23749123025557,3.4634975422486
2015-06-15,1.85032507758464,2.62124209378864,2.81019237211354,2.03146454225199,2.13939585811087,2.69036432630503,2.62880734707456,2.35809366768998,4.42940998291361,3.63721893054914,3.47806099371069,3.03456798305283,2.73070009392623,2.63412481604444,2.18764618168918,2.40349163839587,3.92295357504922,1.85207274272647,3.00631171514492,2.34594965206394,3.56209483380163,2.69619877988398,2.43379140742129,4.47796181221128,3.45299192458787,2.42471132328915,2.64071249672516,3.07042121039598,2.45507667755986,2.53968537306101,2.8738842622547,2.39250661082033,2.60903767634094
2015-06-16,2.22435690332427,2.19368074659197,2.59963312901852,2.17666692413958,2.275263647248,2.53909918902089,2.70600653671607,2.49902205133246,4.50477740664486,3.68044117792905,3.61578674440845,2.73951591034982,2.63911310941738,2.19896003714432,2.45074498556405,2.18252681850104,3.93271125028906,2.1619913171442,2.96932800957295,2.55611434469156,3.39373846953585,2.73203665047482,2.12093697765396,4.70503400813177,2.46135802253307,2.37604522517905,2.68588040681893,2.42543742129467,2.63585361970588,2.71921585034299,2.97950512720471,2.52063465910255,2.47811605730745
2015-06-17,1.97682265554684,2.40468446097466,2.72763441290889,2.14510061235461,2.1589517024083,2.59219811201839,2.70258555999077,2.44617295290378,4.18498348449559,3.59745901383379,3.34395055158832,2.71090977313601,2.60446063897524,2.18596837082745,2.28672861783661,2.27108715769906,3.89157196079104,1.95547754352487,2.91296946001204,2.39150119573532,3.36292183165968,2.68800910012915,2.26717623559009,3.9870586435479,2.97218537918703,2.37760837938303,2.68701891850865,2.7738202795214,2.48521263752251,2.56916143762593,2.9059691312073,2.45496668952657,2.4783951955112
2015-06-18,1.83916007926697,2.24126033587534,2.55466134633394,1.75703308413738,1.96805454561236,2.44190632959484,2.4710626369903,2.09403780826871,4.2024122587178,3.3219088426154,3.27575889100318,2.63476233275668,2.45560179831927,2.19910295874804,2.05858397931672,2.10542872142836,3.60006428047963,1.79182487353834,2.7238394317058,2.16570300580755,3.19291998248373,2.48403326337014,2.09138002028427,4.45329946723622,2.9895353751322,2.20466582195949,2.47048952695341,2.65261526007893,2.26185046197532,2.34722553668384,2.59442705156682,2.23155612362097,2.34359816292168
2015-06-19,1.92917288831438,2.09333205900576,2.23727823282652,2.11582875233128,1.96745016012512,2.25473893680216,2.133274864412,2.426422364314,4.35797544231524,3.64823962117276,3.46050960955279,3.01767264374449,2.50502412405969,2.64531495763043,2.26327616262537,2.02599373412024,3.82942368556317,1.89433507719234,2.84004079457992,2.33471706808115,3.49768333477593,2.37881926972085,1.97678999716566,4.31349305503415,2.53992557106668,2.1076790017451,2.16004890808782,2.32562499965324,2.35746986409167,2.45490371419163,2.92446452154676,2.04273252199627,2.30070450445945
2015-06-20,2.18372272800272,2.70197263125021,3.21893288750125,2.15991689986189,2.5873757730232,3.05447155754388,3.01732740600076,2.54611004221114,4.34386784493776,3.81524484118023,3.40643050996588,3.0965010521832,2.95297015782623,2.53139160697691,2.47190614525831,2.57803430241191,4.30618182819452,2.12272045841218,3.31310055207183,2.78023814953187,3.77674776868067,3.03467995979765,2.49588231121602,3.87298855096706,4.069526230586,2.78905080156978,3.01853984583065,3.30683422978917,2.94282202478976,3.01432572074719,3.01704405226773,2.81985834835259,2.86157854531142
2015-06-21,1.57031498969791,2.10594773572127,2.42296994750759,1.69724676215013,1.76902315701186,2.26304267498593,2.28291589940559,1.99633176851819,4.03350328750962,3.19222462792085,3.13800929994804,2.4019396719549,2.2384283880195,1.95002386210531,1.85922082626104,1.93546770757185,3.41864341265688,1.52823213267159,2.51239442572115,1.95617008598951,2.97817151942725,2.27772623219538,1.90795454474367,4.26882163654826,2.963316500406,2.04959811380901,2.27889809854777,2.58027845716644,2.04699079356791,2.1301240368822,2.48986383428565,2.03444877323274,2.13837224888525
2015-06-22,1.71986819758935,1.77809901489359,1.99307855255203,1.66489569289388,1.76699722483537,2.03775105013513,2.0315455365819,1.9955320033501,4.15335862621302,3.22256375939416,3.22204749397749,2.71405440567233,2.31115143861455,2.3782756809731,1.95258657906692,1.74643258005584,3.4330241791737,1.67178215507316,2.59014892050802,2.07010777831694,3.15275455860308,2.22108205445017,1.70026124878655,4.50424925980687,1.90196183200698,1.86721375750653,2.04493834831493,1.93064724785434,2.13223897021667,2.21770963134911,2.49854047484983,1.91253443730997,2.11107576899812
2015-06-23,2.15207281964241,2.00094134454838,2.24601717332603,1.84248641707333,2.00312951875613,2.27153152867566,2.38445591946576,2.17918199018795,4.25728999585248,3.33364337840322,3.37923865161701,2.77646702572519,2.51285411966635,2.4240700317479,2.26504335559858,1.99361718447031,3.55175152783647,2.07332973501042,2.75530605455986,2.27517421038401,3.23951740679827,2.48428565782945,1.95388962795429,4.65243210191771,1.9213167308898,2.12044917063247,2.38152853906235,2.10508543352763,2.31789387114069,2.41102023345687,2.65874302074849,2.20923851779706,2.32773205356731
2015-06-24,2.26029267426093,2.08867618067495,2.4867252713773,1.92999760516094,2.21539359573152,2.4537849279917,2.73013190454396,2.26025874030804,4.28958412112006,3.37104101214186,3.43501010001655,2.56143541655311,2.57080459418914,2.07080311088949,2.35602831577364,2.10779754452954,3.64252816724271,2.19089905809663,2.83499028769632,2.43940257837114,3.16111257763502,2.69602966059156,2.07542429256487,4.72467721509413,1.98573260917548,2.28515166621203,2.69800982856502,2.2045409642729,2.53056455522752,2.60745297837778,2.71494884863876,2.51555359787978,2.41901486468676
2015-06-25,2.01149937155027,2.25695922035735,2.54861693701972,1.82202521473794,2.19294313622414,2.51630531100257,2.71725400145921,2.14079627386096,4.42972835900654,3.3130334730539,3.51008575565305,2.80884896426575,2.69416362940226,2.46337880618154,2.16510966594898,2.1862606201086,3.55876924305115,1.96846578552528,2.89159179411434,2.34248838977521,3.25934275616367,2.72673589994246,2.17191712568091,5.190973498472,2.07588127491737,2.3320645001613,2.69581045132831,2.40116508511486,2.47468328994535,2.53803963654992,2.62628818985835,2.49852644519213,2.54235471199507
2015-06-26,1.88904840295085,2.4952359568114,2.63687426653731,1.78431475594453,2.08742516900792,2.45626857068133,2.65387121682497,2.12435900552596,3.90077947718748,3.28000801335585,3.0455456224328,2.62887554654736,2.54101867361712,2.16677550651688,2.09790495091487,2.30530781103979,3.65735008342212,1.84771424282258,2.79754613025127,2.22371848464353,3.21774964921309,2.61436108403719,2.31104004187605,3.7328472509512,2.45179832030106,2.38249628456409,2.61933406063613,2.73847063479238,2.3421855823446,2.42331088795066,2.57735294070728,2.39124064594015,2.40075511633653
2015-06-27,2.44022186586061,2.33276389618697,2.72081147370378,2.06643715095031,2.31933849859009,2.68132595408107,2.78374489090561,2.4537766937791,4.22350705676634,3.64180360871542,3.35153087626546,3.00243436657737,2.80352703940031,2.53431433414531,2.56075421367387,2.30856084322487,4.03274180907854,2.3384806083842,3.09842862096032,2.59335360109663,3.59684856935903,2.83235323021529,2.24612044375876,3.91210753690582,2.75282908232273,2.48046992956411,2.77897757568422,2.61316818088574,2.6559713506814,2.75821115703072,2.91742905011348,2.56461831788095,2.6424571031763
2015-06-28,3.31952643005484,3.07922012360356,3.7466175927021,2.67864343854067,3.33928814554171,3.75532371323961,3.7586406639725,3.11335793418558,4.82255068631971,4.28486442903387,3.94673003278908,4.08966502247203,3.84989309845799,3.73294697191132,3.35100622836836,3.11459954246717,4.82576081952138,3.15277203044629,4.09090673981164,3.53474699106347,4.55418271734975,3.83301509642612,2.94769089270251,4.41696313355168,4.01620299281416,3.45684420341589,3.77290429676191,3.5283985745371,3.65899912735732,3.74116016703741,3.54309149557677,3.56705657136024,3.72121154559964
2015-06-29,2.91767061240755,3.18957443746265,3.44802568776195,3.06235448622297,3.30030115153549,3.69110357165883,3.44238927402835,3.42340970375091,5.14051126920079,4.66763108287066,4.22781987575683,5.26712319186712,4.33146126511395,5.31855648362905,3.27220122825251,3.14408373895664,5.08114061054745,2.8474359555827,4.4936436672511,3.59322795807034,5.30743070174137,3.91012000908988,2.99859434904048,4.60827293553993,3.13837377808642,3.40655630209802,3.508203565927,3.35935855212163,3.71666762556855,3.78778396594348,3.8848250710222,3.39054354363772,4.04364483934151
2015-06-30,1.14800816927743,1.37093189593273,1.68659734584384,1.05227343025553,1.35428372118856,1.7787320208626,1.77344131383694,1.3868682867404,3.93520749956964,2.67766677009749,2.9207523443048,2.44121155387039,2.05237045233292,2.22489677829736,1.36182935991057,1.31868636941483,2.88712699065601,1.12105003638092,2.23965850795952,1.57640445664131,2.75910587367928,1.93415834354229,1.3043406677417,4.83883398854817,1.57200723918811,1.44787432939136,1.79521373632249,1.57687134735769,1.70165997568354,1.76948837445252,1.92465265203309,1.60071454799351,1.87671051317407
2015-07-01,1.37271781034447,1.31181380166335,1.93961734143596,1.13138340949772,1.45538210367033,2.29488866809623,2.25752111846114,1.46930069891883,3.96980953202576,2.72616078415866,2.98414860763307,3.47199147934218,2.83102116499824,3.69111040400482,1.51193303100938,1.30925825197673,2.98653130523444,1.30692077253656,2.75041751300914,1.63845059079517,3.37771864460261,2.47867665818329,1.28283697230411,4.87206976997198,1.39368604522591,1.559373880658,2.32382107349929,1.56113450083669,1.78421653998779,1.85769208095965,1.99901326548513,1.92837293113751,2.62732024418097
2015-07-02,2.18273289284541,2.25003239430518,3.61806222226473,1.91578737710678,2.45370773939893,3.73161682479978,4.41551649766234,2.24996944532097,4.13546310495707,3.37757239381629,3.28512361308883,3.64996403955769,3.92360258617333,3.5529148986333,2.28297666382042,2.1953255432868,3.9742076273647,2.08133708783571,3.73297359042386,2.39265288921785,3.94926859336278,4.02971825973004,2.1886505790281,4.25330858571779,2.10559896922679,2.71995787776061,4.37414537964786,2.7593999899792,2.69927068183107,2.76085746601264,2.70048202553751,3.61498635754653,3.82531416008231
2015-07-03,2.1525153391878,2.67108313601406,4.3515557345778,1.98649067015967,2.50039061225458,4.22306628860532,5.00238134500645,2.31776643052669,4.6089643183913,3.57940410229002,3.65151422822883,3.2703077123244,3.95621645876007,2.94827609111602,2.28773053732409,2.46602127150078,4.16321292783398,2.06003197750592,3.76345700677985,2.32070636231585,3.84491404414624,4.28989381595133,2.52204829225011,5.10701241249798,3.75899361148378,2.98192391843264,4.93901506213183,3.67558204980563,2.67221034709388,2.74421658696094,2.84878651044654,3.94224650301305,4.00323404200061
2015-07-04,3.38695698531204,2.85498970836032,5.02745649570846,2.54205666107859,3.6286207834458,5.29101689700069,6.08453446183066,3.03858981651649,5.06196733503675,4.37917286038037,4.05324102975419,5.19814702947093,5.52242000209233,5.17112872453494,3.33055845305536,2.95066560553072,5.35226229082381,3.1499798248913,5.22992288737966,3.53217981202473,5.46629339237581,5.6226910236443,2.80421604835463,4.72413451661368,3.27463766632476,3.84885660152176,6.05668302493879,3.6509469180844,3.94938466266858,4.02019984633594,3.53481503397828,5.0921913266484,5.42177653360353
2015-07-05,1.30559900100809,1.22036323436022,3.25672349133512,1.27926747046352,1.69636247455961,3.54454658443839,4.32586926257155,1.549777724956,4.19520622391905,2.77805496624704,3.22213121444461,3.44484890480779,3.77462384102594,3.62296739546189,1.45852796112247,1.20907597835427,3.22620908529987,1.19103729041693,3.33218861677927,1.5510405688207,3.50339946508165,3.81917393724416,1.1818632440056,5.49673714052776,1.49187350927939,1.96850050321136,4.30646399114864,2.00230933411029,1.9367930903569,1.98454148361459,2.09365839339296,3.26433235054614,3.71586444829632
2015-07-06,1.20139841911207,1.54341923434841,2.30193217521762,1.25122294295479,1.46176174552404,2.43469004166981,2.69952946776379,1.48453975367799,3.79455001525608,2.56070908519108,2.94280902751356,2.79966456719672,2.6781268817417,2.85137339117484,1.387604882818,1.43218502270419,2.7552116161142,1.17120229884484,2.54847901461215,1.47685705085298,2.89155010083967,2.5871423231895,1.46249235811463,4.92350599456771,1.60283293441135,1.69420316247688,2.70622798778778,1.9248281845861,1.67099556865396,1.7237226547732,1.96070038140891,2.18572123136981,2.57612354483259
2015-07-07,1.89950219977389,2.3725540981953,3.38942207372432,1.50752222922285,2.27352667324555,3.36998834806098,4.01292600757602,1.67780959557565,3.38238267388011,2.32418766331023,2.82889175362331,2.99590669564907,3.42739880467539,3.19774210505596,1.81251363581339,2.21141059131088,2.65367767258274,1.79254186768121,3.02424564453885,1.90299559668633,2.93245553477333,3.52500921041153,2.20333404177717,4.63203862432801,1.92826151119098,2.64625400575878,3.95662405098339,2.81276747437757,2.19820352750128,2.20535984785701,1.9700820028295,3.2895795067539,3.45338255730162
2015-07-08,1.10436384736185,1.08748338929609,2.45737300428823,1.03811505224128,1.38354049607575,2.70542080869656,3.1995686586056,1.03127886482212,2.29535263803087,1.28268929491089,2.02995346704066,2.4513692490441,2.79339547899645,3.00789001819538,1.03234225826817,1.07087690707502,1.36181732814465,1.03224364939272,2.18002414808313,1.02680125229329,2.00398194639799,2.75719142296297,1.06782570424369,3.95627580773522,1.21749176911563,1.57151222383,3.19844513239115,1.60648957831546,1.28384708716492,1.26220365809489,1.19544811432065,2.4670824734858,2.8765272371493
2015-07-09,1.42312421769225,1.29132935394478,2.53176609837094,1.29520910342238,1.59297172402979,2.72177506493067,3.19787149727486,1.28376657677013,2.85867245664992,1.57243386151252,2.54454125245388,2.40740488201846,2.77086745604018,2.86682793613024,1.32213925948057,1.29378917163323,1.52326592056043,1.33260455094451,2.23402775715908,1.2706741638457,2.04484650980635,2.77361636373362,1.26360120084396,4.99666388734618,1.38692548063285,1.77033413424465,3.18804996667888,1.75258400729174,1.48180986345235,1.46591590300352,1.48359956415364,2.54572247218764,2.85175360754282
2015-07-10,1.06242968164115,1.13495089393253,2.25901547149495,1.05827652756084,1.32478385126183,2.45269568590062,2.9016653625055,1.04363236791509,1.73168963790529,1.17450328407485,1.5927591897319,2.2488748169279,2.54579481004392,2.73133234078894,1.01798991996986,1.09588362243618,1.30970267264174,1.00572256282427,2.0126228470945,1.00603298501662,1.8624927276787,2.51432068251839,1.09971182937643,2.66019271838802,1.09050336070847,1.51432542932284,2.89486200290089,1.55524080044638,1.22672868709541,1.20810668544016,1.13388444992367,2.26384758694374,2.61133582819486
2015-07-11,1.15543513824491,1.16770634267841,2.21304110949481,1.21616349377652,1.33346918961599,2.49473237823181,2.81639770619477,1.17123699076287,3.07429459388475,1.51625183289067,2.70275083352757,2.62016039169602,2.70434420885858,3.27228539719461,1.12064458074415,1.13315744096905,1.31012668756833,1.09776406550712,2.11454721055417,1.04450679734276,2.0583100862187,2.53651237951312,1.13194190493717,5.69091538600711,1.10771358563857,1.52540063207303,2.83691316834797,1.55812299225951,1.22525464725393,1.2117525853994,1.41928628098082,2.2114904644507,2.74938863936035
2015-07-12,9.41846246225889,7.87548698206732,10.3789592195694,8.25771513269447,9.16710534500324,9.80180543283703,11.8775486469351,8.04503145304368,7.10088346269362,7.01393597437695,7.79899562471211,5.75160649496395,8.69355473604864,5.20881409827641,8.63873616392166,8.16483340437692,7.23826170707041,9.03914221429614,8.12363777930897,8.27206521469248,6.39078508761154,10.0593647344958,7.87261198067153,8.36610618842804,7.27113106701962,9.3500537776353,11.566140630382,8.45330452923701,8.56130807545803,8.47487385024852,7.67786789880799,10.7826779558702,9.14169512481858
2015-07-13,5.78956942373839,5.402480245699,6.41455514019864,4.48650399520761,5.68713030425565,6.18929589332037,7.18929849601687,4.53347688302661,5.39043068386272,4.40692197922991,5.36321035955332,4.59562910688253,5.84025841231677,4.64112846660469,5.17225392897234,5.42891577371328,4.59300914603798,5.57130873515832,5.37667198920623,5.0726153673254,4.61141992284886,6.33557200199082,5.34579902620084,7.30483468899475,4.51733198492759,5.92263328128085,7.05006106370177,5.59959306222376,5.2956984741791,5.25728821092653,4.5275776847393,6.56471005050557,6.0368527433031
2015-07-14,1.968575405195,2.30840281986141,3.60424374750135,2.20452312951442,2.36473499197009,3.70840176974467,4.31291655057708,2.12960993817822,3.46014953544476,2.34488267583416,3.22062834389401,3.23301919611049,3.72046373149563,3.7340975038887,1.98370326209337,2.18798701558164,2.30783706145516,1.90791180195892,3.09431790957396,1.9336036079304,2.85239481839966,3.7588106564482,2.18947305356842,5.39495286020994,2.23811392840322,2.68722410180571,4.2820260918011,2.86967651911511,2.19178121429064,2.16612118123847,2.30213132020085,3.51406258445942,3.82749207409255
2015-07-15,1.10070928944256,1.17451276141525,2.52738346300717,1.11603690354609,1.43467276245512,2.74668452652059,3.24383876430101,1.09361612741587,2.4397642017871,1.3508910219733,2.16400375720445,2.4548458947429,2.81530913998367,3.00038382154883,1.05545112039973,1.13815602889211,1.3920621005158,1.0333916010175,2.20599129467326,1.06291060642925,2.01680203766501,2.79023560245064,1.13125786326579,4.24985105909956,1.30898455833516,1.64084847098869,3.23862963802872,1.7089921104219,1.32386051134779,1.29845301030145,1.26642858619155,2.51371770899947,2.90468161794722
2015-07-16,2.32399633907994,2.53249499986946,4.33448516942414,2.36248380311999,2.76208523711996,4.38351327912243,5.2914413459978,2.29861676149275,3.38799905432669,2.42795459671836,3.21721150056705,3.28934871495544,4.21056300699741,3.71591488261026,2.241861307895,2.4382504275398,2.57111252435395,2.22251902210808,3.48152688308011,2.19279254368646,3.01402228513953,4.44576840009526,2.42844104753737,5.10503183408304,2.63747956219743,3.11802580636529,5.22356797407763,3.28193007996066,2.53846459657661,2.50198505455116,2.42300815074384,4.25885657121246,4.39140847229505
2015-07-17,2.13188153944217,2.37590592704638,3.66151042969871,2.05712412663814,2.41829215945835,3.63990787232307,4.33530550695722,2.03351496838259,3.15978300144429,2.223971737152,2.94817754169288,2.75165938424216,3.47187398704836,3.03134777255846,2.03932110014219,2.26632133223446,2.30547238019252,2.04413574310493,2.93893856505985,1.97217538806626,2.59346920810084,3.67060681260463,2.26669074197447,4.74342516304943,2.45848611127571,2.74690121719217,4.27715203523924,2.95851946665216,2.22611961197029,2.20714974412841,2.17642102740259,3.54021849970164,3.61477254965908
2015-07-18,2.64101670727169,2.54707087738069,4.1551286664563,2.26043406477168,2.78715686179732,4.22206020644319,4.97603704171982,2.25378611459072,3.67815732838368,2.45488380865871,3.43095563106832,3.29523959098698,4.06683099546803,3.72636459248294,2.41042674225633,2.5024510731581,2.53147271144759,2.4917678546585,3.39507051215503,2.27784679688738,2.9978953378717,4.24140658853159,2.46332077252804,5.77251637153235,2.78811761425623,3.11459828893486,4.92708234350837,3.22643525877402,2.55070025796424,2.53274004433181,2.41854784651441,4.06644997855478,4.23622017843875
2015-07-19,2.25225630596349,1.9775811527738,3.10095627869988,2.06112473962887,2.14233964469952,3.20409165506767,3.76130660567887,1.99519147842531,2.89300179660422,2.02170861912595,2.81290716267973,2.66435741695006,3.16878401191224,3.07452278128043,2.07616855752915,1.96679033629884,1.93425861992735,2.13917684154874,2.62184388506025,1.80785144995968,2.35572958343396,3.24363132065798,1.94668382457721,4.53033440817758,1.92281298676719,2.39048887976172,3.73200008093255,2.3934269658679,1.93969840360076,1.93813523598213,2.09091733656016,3.07995633264249,3.27844089698483
2015-07-20,2.21685793276857,2.53075991792552,3.9710883530413,2.30535701291333,2.62874226149471,3.97324979693764,4.78751493021991,2.24124804925889,3.67263166905522,2.45408619500327,3.42126037693632,3.05514797428539,3.85040386514048,3.4128584756009,2.16576114738536,2.41243460539531,2.46122805277956,2.13451089637163,3.22860185302154,2.12185736198042,2.82829399247013,4.05641587034261,2.4088141475177,5.79481760721612,2.35678564041834,2.97549280661953,4.71846407126399,3.12218567968797,2.41762826109157,2.38615861579858,2.4150767651871,3.90368353799405,3.99433370787058
2015-07-21,1.34086160467675,1.63854534427942,3.19960736236728,1.33084054424427,1.73159151706894,3.32045934894458,4.01507459169983,1.3157075548737,2.65462220649064,1.59422443138527,2.37073216471764,2.6644279777644,3.27131687760012,3.17589924129336,1.27918608670138,1.52035822116036,1.72709308623226,1.25851126212218,2.5790247257502,1.24280459439948,2.29858376266537,3.3520500394952,1.53749526596374,4.38393061928155,1.81319511111338,2.08280605059793,3.98212456579467,2.33488712602371,1.55723149142725,1.53522414633467,1.49889486239854,3.07604726135834,3.40711785579804
2015-07-22,1.70623645601472,1.82394526410784,3.38178655713504,1.68966749115047,2.02951901293053,3.52137235519016,4.22134925131756,1.66548647791547,2.60164164191309,1.83654758050646,2.41990640430475,2.88077736969905,3.48951710215744,3.36152906102623,1.63599921068792,1.75309653339008,2.00719952898278,1.61715036386608,2.82647117423072,1.57988578050353,2.53778956126361,3.58122291750955,1.75238894529234,3.88562752099332,1.92373914854335,2.32886173330399,4.18697944565815,2.46166507258725,1.87204475600204,1.85084289220461,1.79022382317168,3.32509803965652,3.61348312784223
2015-07-23,2.03568158154713,2.49379067036984,4.10097503945315,2.11204084326543,2.48533001532895,4.0184324502375,4.99136239516085,2.05587686727648,3.18482416486432,2.23042751757477,2.98717031194742,2.79216420788406,3.79297150845853,3.09008510339821,1.97752427764807,2.32053227314157,2.36804612518825,1.94026969369811,3.12769811737202,1.90054919219876,2.65415189098883,4.09672270864165,2.33008901340824,4.84184194852015,2.3689046377771,2.93497797716868,4.89847642258472,3.20907014637838,2.23438734607109,2.2065100898918,2.20074218694474,3.95485306762006,3.9713366982185
2015-07-24,1.66112792621115,2.17778801106921,3.85875783136787,1.76212500891852,2.25257391401663,4.18411471221852,4.84233241087856,1.72255372885803,2.89473305646838,1.93926706443165,2.66006279386766,4.10458534330261,4.43258956510275,5.08021940960065,1.62678944510998,2.01652404133426,2.15315081404565,1.58807274436026,3.47142240635058,1.65443372918988,3.28406668856435,4.2622357727903,2.04363204673374,4.50748050620884,1.90143454732529,2.65430059871784,4.84318069890992,2.86140405492548,2.03970900270606,2.00042985718751,1.87257021573469,3.78907487525607,4.53268790741359
2015-07-25,1.64540421789564,1.83522086381199,3.50424970120353,1.5661257809037,2.00628323679987,3.69456107190698,4.35124274195113,1.5326462702951,2.69069592878056,1.70803189823212,2.48431911898007,3.12664692652869,3.6820300061927,3.79318244559517,1.53467875714597,1.74071244683395,1.8506676312331,1.54335452698038,2.89390214291203,1.47746011997852,2.60155722340527,3.697565326495,1.73793754653452,4.38380811372412,2.10583292831419,2.35169832637407,4.33374153162855,2.57190614730608,1.79531865232607,1.76710026115363,1.67255942719741,3.38691179385507,3.83254245715854
2015-07-26,2.37136190558798,2.08058454362851,3.80641473189849,2.33274790713002,2.59126754879716,4.02370285429916,4.70902611791492,2.27162735473534,3.63177251833911,2.43869219820468,3.41500157491384,3.42623750570885,4.02402528845763,3.96286668447471,2.26352943294527,2.11629152644682,2.4279559327626,2.24513749419314,3.33619331910801,2.1705462307482,3.0123468407647,4.09780779151196,2.04664682406319,5.7443448077207,2.26068289797764,2.79983314180784,4.68338795002433,2.70671048395158,2.43637500976472,2.40953604527776,2.42802661347675,3.85288529690197,4.14772304887319
2015-07-27,1.76873110670432,1.65977927648605,2.64792790653602,1.69342062672201,1.9235541668538,2.78465245060381,3.18742492977159,1.67243484299391,3.30405264437497,1.96145580984947,2.98407950453576,2.52409366095486,2.83190487115022,2.88745218692568,1.69206047988216,1.66386228148895,1.82616298008251,1.68792918221015,2.40325393619786,1.65494448120671,2.23502073720056,2.84297978249087,1.62047910091485,5.55484276204974,1.63545475714166,2.06979466505769,3.1734757960908,2.01149215839929,1.82346569233784,1.80774181515586,1.87604039096549,2.67531210849845,2.89388166768114
2015-07-28,1.05834245529247,1.10735250271568,2.19125136756416,1.02304425085104,1.30511245612109,2.38717089603071,2.81587315143003,1.01647719384405,1.71262981967868,1.1556615574469,1.56665450861157,2.20336876790472,2.4826092803218,2.66884460520048,1.00679365830338,1.07653998748475,1.29296709556142,1.00374912289083,1.9711869417347,1.00227827799239,1.8296844098369,2.44938747770062,1.08210000209715,2.62731551773999,1.06344431124464,1.47715703638915,2.81069055868131,1.50435785560421,1.21669498968952,1.19889708988082,1.10791493966633,2.20611251095542,2.54343975087164
2015-07-29,1.71190636023445,2.25373810776782,3.48625413757843,1.67650605323417,2.22236328000964,3.62179719519072,4.17543436141443,1.67498141456137,2.97696717286151,1.94758823036887,2.68959913729145,3.24850393639591,3.66636839661244,3.83340696833202,1.65528545741435,2.0989339596089,2.09827974506,1.6624606278607,3.00265631879328,1.73047309102298,2.77993311935575,3.65238917261219,2.13818318577347,4.64959368260299,2.16764241755839,2.54689102782496,4.15540171268351,2.80770765734342,2.04676388893899,2.01298038612036,1.84059438225337,3.37848472034749,3.77465535044918
2015-07-30,3.25945437082768,3.05946479675731,4.32657299598936,3.44189936462245,3.31921251232285,4.44372944178348,5.18657155347144,3.3216230635739,4.13119800778893,3.32921777629684,4.07799054957094,4.00264448581256,4.54904775797016,4.4533160914209,3.21394138681859,3.03910293939185,3.22035807090993,3.14526411383598,3.94390156557486,2.96230218093976,3.67089725673534,4.62671190101118,2.97996787526624,5.69827116861599,2.37551653733621,3.60234907137329,5.13365455174157,3.41849128990093,3.12916898466305,3.12007031134302,3.41572140802424,4.41843285009445,4.61359069363028
2015-07-31,1.55259150072764,1.67421396626031,3.07092820785085,1.52319613743396,1.90669732514633,3.35960256169378,3.81802328781625,1.48074024579062,3.00469031572925,1.71448430430684,2.72611271446557,3.25322211587768,3.51369131390482,4.02182245139197,1.46780478129286,1.61948719604761,1.70451107012045,1.47127731135087,2.76959474875084,1.46226760772169,2.59140690011884,3.38308331096084,1.60485493909841,5.22700260432802,1.73409657844324,2.15321837095781,3.82900900550915,2.23234354988228,1.73754445991113,1.70475854101885,1.65912427949452,3.04287004945254,3.6099757343438
2015-08-01,1.07421140801256,1.23380220771866,2.4616930050481,1.05801024702645,1.38611231016264,2.80469091655493,3.21937135592781,1.04324329278456,2.51406250389022,1.33645626961005,2.2057551378033,2.91281431481742,3.04892327883317,3.67587163092797,1.01946859149229,1.17321810338152,1.36628832668031,1.03431318784946,2.34406278313297,1.0163526895096,2.25920172026897,2.86755323547836,1.22053556096095,4.4499911499576,1.08626144206746,1.59665951378695,3.24076283318258,1.67522918898394,1.27720792522666,1.2545298014921,1.23569330786426,2.47995849237603,3.10349046328366
2015-08-02,1.31046654262611,1.25165929195401,2.37440232997635,1.27267620874419,1.40894049148419,2.60867272720689,3.00692903335597,1.23136228927355,2.24337377500295,1.3717608743945,2.07706655115455,2.4351474009969,2.69340517658248,2.99111192886911,1.22851839478775,1.22419959998562,1.35351048756739,1.25283066433601,2.11548691080432,1.10585996655542,1.97732999432015,2.62436265066813,1.24868587451983,3.76420278590202,1.37060798940256,1.6029535348516,3.01475869916962,1.69136558045496,1.28544153107601,1.27494576800177,1.35806303516372,2.35008382362078,2.77463296013528
2015-08-03,1.09233004816369,1.31277167754072,2.47306246381286,1.06723826778812,1.39900062606272,2.68797685484452,3.19015018548465,1.05216340014934,2.21211614881883,1.27734583752381,1.9735149513403,2.49155146093949,2.8077731858458,3.06882263246943,1.03342260250965,1.23139920314716,1.35925685536311,1.04903710171841,2.1866843068732,1.0195844969518,2.02352159527285,2.75483657355672,1.27653305449237,3.75780896546289,1.13404901498491,1.63678308197998,3.18303705611878,1.7485215524384,1.27209878270127,1.25080014334592,1.20340127245167,2.46278371274117,2.88164136123479
2015-08-04,2.08244252235713,2.12497495474517,3.45252681616516,2.10039153406932,2.33122128608588,3.76649781449563,4.24297673515515,2.07027138082794,3.21323710410106,2.28146773602733,2.99053811256646,3.82164757676213,4.00699941651531,4.56632973708433,2.02973849951376,2.07556535249387,2.3387979000869,2.00435542000604,3.29221949199404,1.9571724786766,3.19619039673707,3.84970568252782,2.07295656935254,4.7745361613439,1.94039846964824,2.5831495185635,4.2541025583076,2.60495235360629,2.20159272779803,2.18561395385074,2.22398211676914,3.46439453387895,4.06080582672057
2015-08-05,2.12247871926605,1.82373074505294,3.73080091740429,1.77557648755554,2.20550704163038,4.24762657877636,4.56564318064858,1.75107570882217,3.6082900186921,2.01149755303552,3.28591474281739,3.98426200200692,4.25070019915498,4.97043680332043,1.89267961651841,1.8563534520432,1.98837233362487,2.05932032223207,3.32210224355431,1.76720682698347,3.12869356508512,4.05598653106433,1.94501995145462,6.35842873229572,3.22698691420919,2.36326201233673,4.64100634543932,2.70522414267782,2.05399530708309,2.02995605871961,1.96421227054975,3.59893250341845,4.44564875528125
2015-08-06,2.89436656049064,4.50544208908398,5.14725033732272,1.88942786881209,3.2427840641695,5.23539657287691,5.64879356699575,1.91744223103252,3.5826534436129,2.05125608070243,3.34361405184984,5.57249350999185,5.56937207552516,7.17767078225892,2.38275689133903,3.93380092487391,2.2122943870332,2.71507118169802,4.25188571211271,2.18401789640228,4.10997167955687,5.08261954615644,4.01630662276464,6.2858433476625,3.43429302677179,4.2270469966543,5.6609674227944,5.11761038649612,2.51729647464934,2.49053599703328,2.06718435483305,4.56330043652452,5.7468679191303
2015-08-07,1.36308838980306,1.69892203662667,2.62768536110995,1.47065678615083,1.6872694080875,2.84454479798658,3.20237224247731,1.42362778412995,3.96441494258977,1.90722527693731,3.44875368284114,2.99172362573218,3.07921650798841,3.67862495714197,1.34821070256889,1.58422850743987,1.60312075135246,1.30854326281763,2.4612614718702,1.32175961372167,2.39661213814106,2.9025271294984,1.58517149588941,7.38783644218692,1.34554351638087,1.96623243550253,3.20981171730463,2.07136784135962,1.53190095001562,1.5112177101394,1.75384453397227,2.58028493088391,3.1216353252823
2015-08-08,7.35765074767512,6.90698665401401,9.63989829014395,6.85395349081835,7.18956679539668,9.45802713876509,11.0383414842391,6.69440024418204,6.48597438492791,6.24681399920481,6.81656099106773,7.40463621204956,9.0652964757726,8.00892701624161,6.90940261339551,6.7907951766724,6.51147221797367,6.95292072604007,7.89386631571113,6.23541115659974,7.04988759372128,9.54060009762822,6.55131123376168,7.43437378636892,6.77886679050649,8.02526665961122,10.8825642307684,8.09075198797734,6.55004103860844,6.54666774706163,6.60810885933754,9.385389833157,9.39166039601926
2015-08-09,8.32321344502535,8.00451241708881,9.61482469337438,7.70331726310934,7.26552926899141,9.3788209711846,9.59213204361458,7.31315159565125,6.08727087831407,6.10774359913249,6.99522836069473,6.96837010919952,8.15387059776298,7.73472164520387,7.66585064820276,7.78284512076111,5.68316362463952,8.10920949261713,7.11890799603346,6.49083952974048,6.32414282503856,8.40708414497364,7.85755087333164,7.40472072268137,11.9030557903184,8.01788936923819,9.62006835461843,9.62652414372809,6.39429975527169,6.40820663330754,6.97819066764129,8.45664036276352,8.81821340784517
2015-08-10,5.59681727128662,5.25803054992336,5.80689647438436,5.02155985488746,4.8229682380581,5.61002250871003,6.05792960829961,4.81356098471763,5.10366918432598,4.30711515778906,5.425578720855,4.50149672617108,5.21789716721537,4.90576944889997,5.12845076434261,5.13816539607956,3.84608885980661,5.41216668930751,4.6383978129049,4.3623057159025,4.16848275863789,5.38823151807809,5.12445768142696,7.17923683719328,5.52403190154658,5.31220675817813,6.01006009874932,5.68911363985962,4.269159550026,4.28929732900747,4.74918458632373,5.45094411357269,5.47541275286332
2015-08-11,2.55730844943461,3.0565484160608,4.13137961398211,2.66357707544903,2.85030427500175,3.97753201334248,4.79436621747129,2.58678229450607,3.52843071514271,2.68722561179358,3.39840955287363,2.99349473343135,3.80853830130458,3.22275190168966,2.50739348805133,2.85800905569714,2.6933717131696,2.47023374550058,3.27807696751368,2.35476530230936,2.89288390782505,4.06002085986556,2.86196119162977,5.05473959731468,2.59533425895497,3.30444261586331,4.70299292978508,3.55465217163158,2.58176337626769,2.56612407197308,2.70490482201132,3.97412508600697,3.94573108019904
2015-08-12,1.71021070477859,1.96118903846575,3.60296340610689,1.7884773649182,2.18088699494122,3.89141358226003,4.50438010887964,1.73837829016986,2.87687884964878,1.91449412289093,2.6704808868256,3.64739768092359,4.03778583783625,4.45482760928954,1.66236087089459,1.87141097677091,2.05124680312185,1.63081341470147,3.19997490829481,1.66465534715591,2.97563593268861,3.94512404540905,1.87147145644711,4.54700263627442,1.95011900342489,2.49208800550357,4.50191970352358,2.61986402505733,1.9993848456896,1.96282381106773,1.87560599270997,3.56278098102165,4.14827730411394
2015-08-13,2.19988853654218,2.26436581701447,3.66484914077831,2.07448711611363,2.46219804759978,3.83115877459812,4.50925730501137,2.03770825662581,3.15759462083425,2.17713372143489,2.97477683106731,3.24338171835112,3.83066467423219,3.76601252225563,2.07062973543449,2.2113088256253,2.26126557204388,2.12646862889036,3.15946383970686,2.00983677389437,2.84003770670853,3.90468977886206,2.23862543944001,4.88246462285146,2.13010351711151,2.71279348785453,4.47694013853162,2.77219913229925,2.2836058481742,2.25611550855091,2.1627924945411,3.6769791025774,3.95171464399915
2015-08-14,2.92080299767012,2.81245208971638,4.405862014955,2.89142408641493,3.32251113932025,4.37570450030796,5.23855981674391,2.85168588431188,3.51429890821079,2.89852372681764,3.41992251266745,3.04338869851366,4.07518448837163,3.09067257404761,2.83832945270236,2.84240237494722,3.09093439375337,2.83702902341922,3.63712863272835,2.90400755236874,3.09927812580182,4.47377264927935,2.80031090951986,4.65356418881406,2.99921680089009,3.45869329252835,5.15140697373298,3.37862882887412,3.20421502982332,3.16036873155052,2.90627728141045,4.48160566073978,4.23932240741298
2015-08-15,4.55062803215032,3.13886500846063,4.75414980719859,3.54266498616813,3.78641765430677,4.66632883820057,5.75785679346838,3.42932879240987,2.92232348319166,2.8207873109061,3.35818723684788,2.95042368052047,4.2840749891725,3.10364793676054,3.93716745027064,3.32724341367314,2.86311157324542,4.24627758804444,3.6726100907061,3.30234005896825,2.90461575762295,4.77746629005876,3.16324979315129,3.73162783160136,2.85285725040004,4.03509015977372,5.63803049212688,3.55333134260029,3.36277384648671,3.36709158591679,3.2517234490953,4.91172308163595,4.51461708187541
2015-08-16,5.85207879222015,4.3497301482722,7.35879180935131,5.51096513118431,6.1127906785428,7.31328579970079,8.63394662853165,5.43918800262109,5.29334926174556,5.13585813456142,5.47380441922211,4.66026568927306,6.5594697237204,4.35422782085162,5.58472150652801,4.75048268182158,5.53213669452517,5.59630631389058,6.11342912414541,5.63951128782174,5.07926446990268,7.41946745264466,4.46077236951961,5.9273488822527,5.74112188665271,5.99797957112061,8.49187582330846,5.34636892126979,6.01721881555283,5.94610205155234,5.3247162929876,7.66676739330468,6.86734686575966
2015-08-17,3.93494734420934,4.14170955949375,6.03539471382007,3.3858236265686,4.39757149939706,5.90006556388592,6.87892453500733,3.43071135711547,4.30908867900193,3.55036633733776,4.13805744805376,3.98031969087908,5.32505189147242,4.06073819320789,3.65914372102807,4.06592496431026,3.97332348890531,3.82127546250541,4.73675823176795,3.75043071150534,4.03821672107141,5.83845872710234,4.08512316267186,5.58536396353733,5.00395187079245,4.6993498601099,6.78058186448139,5.04121552359085,4.15767471011285,4.1095583888438,3.50381169073298,5.86521118839209,5.61212971030497
2015-08-18,2.84404647246434,2.86680999075089,4.75019900840557,2.60571947718968,3.19502832059651,4.88273885176842,5.82605357169019,2.5921687987783,3.33388787395926,2.67025997248042,3.21720259053139,3.69874409086446,4.68711639981812,4.1130456114268,2.6678940643992,2.82933630694253,2.99373587111676,2.76857937034392,3.94488465914354,2.64422116952559,3.43798601529766,4.95344566299261,2.89170588730846,4.50902504091897,3.04651855624354,3.45122830763112,5.76514894308825,3.57292070008527,3.01482266992255,2.9781651133351,2.66559989385775,4.76345539848536,4.87720712469573
2015-08-19,3.28866927821914,2.92590481439671,4.72075630382547,2.59975113483765,3.52667491258102,4.74843086338066,5.56016752768082,2.67845687459404,3.28623095295742,2.77089321437882,3.15446616777695,3.35208867169858,4.38788469884872,3.47422887629315,2.98222076938523,3.002104827738,3.20489601379375,3.14208839629809,3.88614424625061,3.05502904666068,3.34089106426726,4.76530502123369,2.94922658510186,4.10720536366335,3.6141559328412,3.65642058096177,5.49306003331338,3.62529462352088,3.38736083321261,3.35227420359098,2.72153538410733,4.7439189090855,4.58917513823633
2015-08-20,3.86211864873772,3.17832203774794,4.59139828822817,3.22815892274825,3.87521169237896,4.6456110235522,5.34061924389067,3.22569309012668,3.37734086964258,3.05729438871696,3.45294841070689,3.71896585515442,4.50092092154989,3.96160819479342,3.52770862456005,3.3164661808917,3.28877618830231,3.66381043194019,4.0257024649667,3.46951600960697,3.54299902459577,4.74575012181435,3.15503930966444,4.1310667854759,3.14045047377783,3.97189516579085,5.27801707522483,3.58304689232665,3.67466437189532,3.64203206665427,3.17425954967552,4.75283070926795,4.6358094957591
2015-08-21,8.45348343394616,6.99204011360967,7.87396957778175,8.16003389982327,7.84126371428319,7.24542107590491,8.1297170779047,7.89747509568532,6.11382073979889,6.86481559813953,6.92232955340682,4.84912218166139,6.424339642269,4.10597005368615,8.09589643694745,7.25220995985425,6.64102887544782,8.12384139124201,6.51440130770962,7.58503949695962,5.57725046607396,7.29717898542047,6.82520149099943,5.84544994777549,7.087716966236,7.933803744606,7.93516819569674,7.2335393427021,7.44840697652256,7.4295332142279,7.51095401767277,7.97992318487269,6.66755743417512
2015-08-22,6.07858317056412,5.51361411971228,8.62688426790515,6.30423517255532,7.12549251822193,8.66720132227117,9.99563762821571,6.20110363508981,6.51276302607352,6.07124495172095,6.53519786514275,6.76782373244241,8.31569111443333,6.9592300129319,6.04997841269651,5.73195409291524,6.53375685957462,5.82534550232297,7.59544301079202,6.42281482622172,6.70164356681209,8.88434387977205,5.35909667749822,7.5552961758282,6.04133945025542,7.2090249842695,9.86374028701509,6.57177080292552,6.97834623499074,6.86436170259876,6.15429049263522,8.90734196460383,8.55082537582972
2015-08-23,3.16415353327273,2.96353033365755,4.79638542454679,2.96614124939421,3.64966229907125,4.83417897501376,5.74473525641845,2.88289100412922,3.67963852071502,2.78837361000093,3.64809453536662,3.46161819178459,4.55873633347922,3.7676140846739,2.96287397413523,3.02530948157268,2.93784855850557,3.03618968430896,3.92203446460762,3.06804213694896,3.24413252257328,4.91300962664271,2.92954152365805,5.49999473125866,3.09024480265438,3.78468491677389,5.66138624032735,3.58435651842403,3.42059596397893,3.34710673250275,2.89537960449795,4.9231774905118,4.76921463994124
2015-08-24,2.91894110550374,2.88353597147477,3.98302740221372,2.26574374074748,2.9768132935007,4.11272660024243,4.62355112644809,2.28999965173926,3.09320211138558,2.32776875051069,2.99052559451721,3.70986146653592,4.13632231613289,4.3130548705668,2.59219815724792,2.82753810068144,2.49900807144555,2.77569487447539,3.47889467218491,2.48982431704216,3.19779633119315,4.12515456976831,2.79964086534018,4.46370489787146,2.72360494253714,3.26834777553855,4.60395981568571,3.31617268728937,2.7089265412695,2.68951198760038,2.35014094771997,3.93224666930134,4.25904055744827
2015-08-25,6.18477733367304,5.26210585940535,5.91192748721932,4.37205047908605,5.33617310884257,5.69789706373525,6.30605847915249,4.41631269510332,4.63063758108103,4.03283201787041,4.83894610500138,4.60251552305655,5.4129695565443,4.89033489754812,5.3293863179468,5.3051456827975,4.07577012566069,5.82317588487564,4.91442434717324,4.79461459340501,4.36027198240832,5.6604777105294,5.10595114544368,6.04388740303519,4.85094724163678,5.72017966018061,6.22170853977096,5.49168390877283,4.78639569038748,4.8015884367545,4.31929553546283,5.82647261294581,5.61360003909085
2015-08-26,3.42115175535089,3.66601950253945,4.21992600042485,4.40189896821166,3.99148634817266,4.22011340020317,4.41745567342663,4.32145684297409,5.38311913678853,4.6701370978976,5.08706400829636,4.31111458442879,4.3479759551467,4.26350797275082,3.8196603285424,3.65665172166308,4.4654192194325,3.41719950680384,4.34081297456828,4.00215050659546,4.39395309254815,4.37075432095947,3.51657295807224,6.45850035049483,3.51193184756937,4.03182015178142,4.39302514277614,3.86604707047975,4.11051322975173,4.09181070789404,4.51126534227161,4.27687488149727,4.28829599888423
2015-08-27,1.12034637434684,1.25101172724803,1.18496408646126,1.14126000433076,1.1605662487438,1.47271385652109,1.18488092546598,1.12935099658054,2.14863528783973,1.32182954558878,1.94015550880997,2.40767918176152,1.8396649089485,2.9918409735818,1.12095011934361,1.21775111621811,1.10607373196521,1.13159839044189,1.58127134298673,1.12745058143245,1.81910836088006,1.43602515442808,1.23688102023725,3.52198259623368,1.11105453447243,1.18928316914462,1.26107181039216,1.22757407734979,1.13552449634933,1.13174928178659,1.25812281372626,1.17355963081579,1.78863011455183
2015-08-28,2.66603633691242,2.57229742675425,2.68119284024107,2.17477062278431,2.59406015891778,2.91447819639738,2.60745105861121,2.21665304207915,2.78550139139981,2.26472555970076,2.69170240308996,3.50877038628687,3.09685211726463,4.06850061810541,2.46390882943473,2.58215653725461,2.2368017893965,2.60364002081404,2.81874390929173,2.47224128871256,2.93429065335117,2.76716830577933,2.54461853516347,3.68219226125724,3.00776846828767,2.6259567041046,2.68267239358419,2.70574335321224,2.49370154782681,2.48548716059302,2.25457950347681,2.58841202487164,3.11981352350052
2015-08-29,2.45896754659389,3.66356002070654,3.39046289528604,3.84098653472348,3.31025925453016,3.35255195569501,3.05967945369062,3.64372306076685,3.95017505229419,3.66460552229358,3.91696352895745,3.86865695425753,3.48621205856021,4.10779056038461,2.96879665061366,3.44387441875108,3.33729774893991,2.59057619130559,3.45237293632128,3.25227034311299,3.59769941087962,3.26375671331161,3.4293504622162,4.62630635761471,3.72126385437648,3.41887349589752,3.08843208746371,3.78231199373994,3.31013903626849,3.25923019402047,3.68377581407862,3.18172644387436,3.46719011197516
2015-08-30,10.17750486644,5.12244315424677,5.00730089191919,4.68656863158314,6.1551722210465,4.90687833251394,4.97590101298313,5.11739591526366,4.53535817631451,4.37951954353783,5.03990573993036,4.40026800709223,4.70443957447027,4.40528306211414,7.90817417875992,5.89098560432223,4.35504397139189,9.22352639192519,4.64899178355296,6.18101327762756,4.35037773062875,4.83784987109314,5.24677418274115,5.10255418216615,5.01205809104875,6.23573820363544,4.95018150042955,4.67433068892657,5.46208916178002,5.66696209640323,4.87009111891126,5.24127409524225,4.80156697863951
2015-08-31,3.15556258989459,3.64649190817659,3.34062586190874,3.06873953401159,3.39756377890125,3.31199106411911,3.08255282468035,3.08761009026984,3.60605635030232,3.18781798170555,3.48523778939532,3.805380544056,3.46721640211096,4.08718458565621,3.1341863946733,3.52930212046711,3.12760905794235,3.11297193363095,3.38547963675469,3.26539643902338,3.49498397905167,3.25042841519418,3.44768131487677,4.28625370474591,3.44840712521454,3.53631410192363,3.1047541923915,3.64978762589869,3.28889526940726,3.27256683054558,3.1366255051164,3.19774220903696,3.45029420218961
2015-09-01,4.62634646724642,4.80696435385891,4.28299641117953,5.02224674142884,4.32546224490543,4.29124877505117,3.9648575896373,4.7575765799352,3.96312472160421,4.1482989216719,4.43871149798421,4.98548149208944,4.51399440602476,5.62865972483645,4.6092718834153,4.66843077800988,3.64064785975739,4.56105638979103,4.21187068378812,4.19150131624268,4.3051454097982,4.1395110487814,4.57130503213862,4.36228893941676,4.40557266371683,4.60603519858428,4.00897271709844,4.75037134215905,3.9895107265426,3.9900457141954,4.57744690544652,4.052171935284,4.53737518385388
2015-09-02,3.67681612680152,4.13729750366416,3.73606560573345,3.78235978798917,3.92206168819029,4.22841236998026,3.46599041736855,3.74589146109384,4.79175600080747,3.89034970117551,4.60107224290511,6.35925664714644,5.02000095583268,7.57609351589412,3.70692117557583,4.03628274313353,3.59443471575906,3.65359717544972,4.56508905874855,3.82302717383217,5.09249796812886,4.1213212124839,3.95102382976531,6.37340885947678,3.77960454640884,4.02149630286611,3.62288963485225,4.05769053473511,3.81681857173878,3.79479231313215,3.85250497099205,3.64554103587171,4.8996237859954
2015-09-03,4.19853787367126,4.11440537144334,3.83659386748302,3.44593525538599,3.99922112263959,4.45136474017395,3.46395554942589,3.52993735083955,3.82433217987109,3.53029390769237,3.78078475273462,6.8264326303704,5.26282858657343,8.27335523680981,3.91405755048659,4.09401735036245,3.52323628125546,4.05442963850364,4.70486047780699,3.886625564134,5.32950142409539,4.20461363940008,3.94294402517338,4.30884013695495,4.4388750642364,4.1166266721447,3.67205220017041,4.17425925462191,3.83000034155497,3.83523115538778,3.52952669042534,3.64286533298872,5.16961733187633
2015-09-04,10.9976432484856,6.09269259109541,4.6164542916669,4.35516136209342,6.42893381986712,5.19954351299757,4.18894531657087,5.01087110936717,4.842457675602,4.50802597283643,5.15203124458596,7.8868674708651,6.19045905374652,9.30274551623273,8.37446791066075,6.75420903201572,4.56198623759699,10.0054735896709,5.7381063906284,6.54158658255212,6.37322741698767,5.0942081315468,6.18304123843676,5.34993074764252,4.70250185974485,6.60557726654136,4.37821483110335,5.0302562169546,5.6651562727697,5.92267223654592,4.83689733483805,4.83904589180469,6.02086537815073
2015-09-05,10.4688483797969,6.54725153285781,6.50857163048244,6.54953192946446,7.41554508678434,7.61933866250887,6.50748466663228,6.93153922516739,6.62338405519679,6.62856450525393,6.85289658562719,11.4224380866421,9.1327514538713,13.5503078506796,8.90853747525905,7.12713344878436,6.65581424051982,9.66423544723036,8.25770357314487,7.55603260757447,9.2788876545903,7.57034161831254,6.49314141279373,6.53987168634498,5.99531780708482,7.58156500722101,6.79580294983979,6.19244220689735,6.9832720373088,7.17391752114207,6.84217291189156,6.70510384481729,8.86879710222187
2015-09-06,16.0031561206462,10.6001627061092,11.8699092168405,13.1887259747337,13.2423848218916,11.906782922318,11.9958059514957,13.2293656008369,9.30071471118755,11.6994060508247,10.6062358142824,11.7947633335502,11.9577884620007,11.7840692008908,14.7071944035902,11.6440226250833,11.8271298354067,14.9855487792916,11.9916983656582,13.4398007433734,11.7211259178189,12.0438154444209,10.4198886416325,6.15360642353336,11.0717864131205,13.0543083224447,11.9668695558935,10.6054059320211,12.8283030453866,12.9416384797237,12.5453474528732,12.4031569810494,11.9522115144234
2015-09-07,4.98367890302401,3.47900625281047,3.56027679057793,3.30172092271511,3.51523701372781,3.67628421339319,3.62908328518965,3.39113672696568,4.41759860798133,3.36266391400376,4.36519247887568,3.84198960109135,3.73355344144547,4.24142429225823,4.24539836596409,3.63821807418587,3.02940656624216,4.68793475497767,3.44428129649478,3.46514492029836,3.47118669401593,3.56873427973612,3.51407804167443,6.30610164215191,3.60679629719562,3.70105837593483,3.66418701572258,3.4848232187387,3.21339393266707,3.29928038109128,3.48639358670266,3.48238516401538,3.78297546648208
2015-09-08,2.89406358249025,1.8994796033301,1.46943489354231,1.18495198622037,1.72142530779675,1.46121725900494,1.3848549767598,1.35580782976801,2.78783643979741,1.55054071964019,2.54191532941853,1.55261761040708,1.47107341095737,1.65670697654395,2.2171074659857,1.99277679949844,1.30370696396381,2.69755450594899,1.42129312517704,1.71599935835443,1.44528282148799,1.40779152281254,1.96723157629519,4.76221645017293,1.6303709574241,1.81847592004289,1.39553632806964,1.66441159372577,1.51195281516783,1.58231976302451,1.51449363658343,1.44588570302895,1.48430957978569
2015-09-09,2.8080492814989,1.84630337711732,1.28483570482647,1.63983475362964,1.59355099058806,1.23370348525203,1.17776731094665,1.69057505347561,2.02843630169597,1.57077837433676,2.09231619757265,1.27015428953213,1.22227563923114,1.28407303146571,2.29544623513296,1.9252977159907,1.26830831856068,2.66343074649713,1.23096704654505,1.67225284364787,1.25108527440078,1.19922507912381,1.92602748199246,2.92413592635152,1.44228001229231,1.68696988498147,1.17836176970711,1.54452918459726,1.39535817816445,1.46933402677224,1.708845373335,1.27053751078451,1.22754850420497
2015-09-10,7.55137103283033,4.31882165728082,2.99997642084488,5.53774129807275,4.09299504363904,2.91910619340031,2.82205704399106,5.33367149716199,4.2552004214547,4.20235616204464,5.1375455787335,2.78778994494366,2.82306503600343,2.75618446524994,6.44533609536612,4.70046075965646,3.04151592365754,7.21542977239239,2.87599077032137,4.48273031275444,2.77437526386471,2.85482318502508,4.64514745939336,5.45968694801171,3.32188072661488,4.15475666456557,2.8171443779791,3.43273125968392,3.57239577180247,3.75537400396226,5.06830542179435,3.15697512442384,2.85936093516677
2015-09-11,8.55074745259951,7.01850532719242,4.14496759993908,5.63733794842645,5.20582511450997,3.99802610727627,3.60242742194476,5.61374391645492,4.51355719167033,4.56525733714522,5.31108553988745,4.06675272671502,3.86430454847178,4.23803857997714,7.16248617455154,6.98306164909851,3.75967755927744,8.50733689185444,3.86472184331668,5.40150288183962,3.82079903745866,3.74398481822114,7.50874114575163,5.32121015911632,5.27793757638322,5.39631995059699,3.62900753193066,5.66855920572165,4.55682619884929,4.73051529171452,5.32132363743743,4.04530515388606,3.94644787789711
2015-09-12,9.16400800854848,7.26940563494439,5.26864187997057,3.66727046998561,5.91808083020713,5.47084316421112,4.66553436400709,4.22316893221477,5.08221356515656,4.01503793090706,5.10099706492288,6.23804884486896,5.51178766979592,7.1341771758963,6.99340928346993,7.33125638003659,4.10520697612471,8.80702352794475,5.121024692756,5.73844005187719,5.27973774376026,4.96294331744442,7.63491301778632,6.7877345352154,7.10210294630302,6.16792112301833,4.80668322830158,6.51961115835262,5.2051596008737,5.37426910219372,4.18355233834831,4.94748130474503,5.64453907040012
2015-09-13,10.554131760588,7.70663563980728,5.78477949635078,4.61278996494924,7.98763182254608,6.95604559998717,5.41350050548093,5.29302340407177,5.87819265080368,5.02154302648704,5.87796303622479,10.8471143285386,8.43839690801088,13.066730359047,8.29811154664379,8.22048576766122,5.46553723657865,10.0454347932101,7.72128342486031,7.8644973621296,8.39835891908892,6.8378758281421,8.07126202141274,7.20020973092034,5.78146561790725,7.62644776318644,5.72264198845929,6.27162904951526,7.48374394305038,7.55379757708312,5.11100556172219,6.37733621850756,8.21900505496142
2015-09-14,6.80371433467686,4.56628563846939,2.61613125375977,2.09342089634327,3.75726185804175,2.74501228162572,2.22052214242317,2.56276061667186,3.40414264779418,2.40032457935215,3.40954165668059,3.64828556061673,3.0023904782204,4.18705636296593,4.94705917884993,4.75902325934588,2.31225151396826,6.41584885574876,2.8622128940381,3.76730594504224,3.03657192713429,2.59142432576558,4.86742742536463,5.01732408481539,3.19464368357622,3.88053306694608,2.29562424871447,3.51364261290562,3.20218118196153,3.36667659527849,2.55165996216839,2.6638707485323,2.98680451361715
2015-09-15,6.13011260605338,4.00356223051106,2.30530900804948,3.34350901845021,3.13607094261091,2.01355874146835,1.87587084697673,3.40348628917899,3.24489922140201,2.77595898791031,3.69481032530194,1.75349443764703,1.80495733290394,1.64483255011223,4.86282111640999,4.13370271669749,2.06611261051755,5.81084248879924,1.90296516103867,3.29185337893851,1.8252510925494,1.8641196368202,4.17885726400817,4.57906616804497,2.98962092692364,3.39852320219026,1.8533137115066,3.19962730368992,2.56666612411474,2.7388046137219,3.2864259250107,2.19083125545912,1.868833807049
2015-09-16,7.0297866609177,5.08099228898988,3.02896383110721,4.34645503555107,4.11208771712013,2.78267443206385,2.63921812416927,4.33170756571933,3.80153207899645,3.47267889448113,4.42156763815715,2.81028852580841,2.75045846353306,2.89145516297203,5.75619946992345,5.1836629676497,2.68828964471796,6.75262610738104,2.77097073585191,4.21314717780714,2.65871504381423,2.71471401035703,5.26421390567237,5.14770171938158,3.18666032892025,4.3486401934614,2.61378006066666,3.98977231850161,3.47480344384786,3.62390964575659,4.11955738916763,3.05482688800128,2.78261688645805
2015-09-17,16.0356946262126,13.6873264714369,11.7777468434046,12.8877917012783,13.4264042290322,11.5580006865283,11.4017404112162,12.8537792171815,8.92844767606251,10.9957403231059,10.4066872132168,11.0825558558947,11.335476159646,11.1185896332362,14.5348325865759,14.0077178493821,10.9239199809825,15.74668426363,11.3928600732003,13.3878664026032,10.8664803767475,11.4625785884191,13.9930266273111,6.7688171878411,11.9676663874691,13.2955464326601,11.3617265807795,12.4582144396137,12.7454054877172,12.807558804008,12.047839700875,12.1094695511271,11.4567829395289
2015-09-18,8.66507257357063,6.62477347263584,7.6922744568508,5.68360706016945,7.44709705594183,8.1084648889793,8.50559980899733,5.89992590104972,5.71037629215365,5.42597801699139,5.97524375394354,7.98832502392592,8.29417444261448,8.94771186631023,7.38693073371721,6.97408732436618,5.88517195292809,8.24150498568738,7.46920589561654,6.93449522609941,7.05218967384985,8.14261522464323,6.78449831350531,6.49866797231435,6.11834657465379,7.4842634269268,8.5253975390539,6.65793239221014,6.9847612529513,6.99361140170452,5.70215264008443,8.03120934220924,8.42642530638575
2015-09-19,7.0586210244775,5.56747364648118,4.23469212052809,4.97992609741158,4.48599476078237,4.55718080444045,4.14287059668636,4.96959285489609,4.98477211821377,4.45540444852565,5.36261918496557,5.78012368213631,4.99849865929301,6.74603428632089,6.05708367139086,5.56796274681639,3.78733895703838,6.88331173213384,4.49969245105473,4.56545179886176,4.83391627129309,4.39203526460332,5.80032971221741,6.38262746942011,4.41246973224483,4.81983768624782,4.25252087186161,4.91418512758877,3.98094959005942,4.13781348579163,4.913145622546,4.10471335030103,4.98218437958708
2015-09-20,11.6925887055241,8.79312232787636,7.57687632831149,11.222812490277,8.70231325346236,8.02123850962817,7.60896602596995,10.7837632301559,8.18467529000601,9.29171871149303,9.45080334851482,9.40762417037242,8.59736976253586,10.1191712228677,11.1359434954869,9.16455388100081,8.07788621291814,11.5292824756452,8.3522092474125,9.24723259523963,8.65265822549041,8.06307312538887,9.17271236060088,7.73977663670937,7.28590514600761,8.64844173537267,7.70912834365641,7.80086615444127,8.34931720582326,8.50584125372077,10.3447906103354,7.92303018996318,8.48390320883058
2015-09-21,18.9969334685745,14.8785868288469,11.1583396113917,15.4970207372991,15.2658750264236,10.5512464662245,10.3896958067364,15.3453042833711,9.19213675502646,12.6277292185453,11.4027765863389,10.2730490409268,10.5137962529805,9.33136522055774,17.2880266507122,15.6139851175091,12.1175623496855,18.5547954713071,11.4732464675517,15.7774019888779,10.8407700368211,10.9504856472034,15.2531405714133,5.34920033595077,10.3325452386785,14.682699503742,10.2271738614955,12.1753115336948,14.6013926843123,14.6973462091699,14.1518935771933,12.2782499100818,10.3886044577845
2015-09-22,15.6226027689724,13.8918892055118,9.66870783924455,11.284592429937,12.6606931075794,8.92784770470797,8.81071831577764,11.5165808065711,8.39711696102659,10.010331117023,9.55144139503977,8.30878202959959,8.66337960547936,7.42106034332626,13.7981241851882,14.0626274590759,9.96946565502101,15.4571740133249,9.46580458204604,12.8050909424455,8.9153277287494,9.11564373052094,14.3008391377324,6.56608555980058,9.58547832129812,12.43153943727,8.65528466643415,11.4178207018744,12.0022818196261,12.0943591546122,10.8160765792301,10.2556222271805,8.6320123435606
2015-09-23,11.4600835200074,9.97309965423354,8.12114614173706,6.59936060741845,9.68199463961649,7.44102656249393,7.9375709549786,7.05526243630275,6.38075220286948,6.34709637885879,6.77155864597019,5.93993769742487,6.98309509717203,5.38505368592571,9.52403177438551,10.16453615723,6.88160598154804,11.0432413508501,7.23249330439978,9.1934257369682,6.32412799113287,7.60760333909715,10.0781166171692,6.74701648034783,7.03619496121508,9.66829274892056,7.74537970442345,8.65708840559418,8.96951847705684,8.98414640084894,6.67858359183583,8.56618505699647,7.1143581961966
2015-09-24,6.5896104353092,4.81425356529817,3.95099009499053,5.25685603650321,4.52538575192233,4.0658883919448,3.76495028131968,5.16854676953559,6.26982063290659,4.89927394907564,6.39301598356067,4.74445241562336,4.28811674485837,5.16382505695325,5.89385369539486,4.98238214783826,3.91393290686368,6.35080625539308,4.13394166401439,4.70955629311641,4.30317931736295,3.98140757051925,4.91799316175407,9.08412983616749,4.16711091219171,4.67030769297714,3.81785024193314,4.32782187100381,4.16826740163082,4.28584416268674,5.25077230196154,3.94830301998209,4.26658836318533
2015-09-25,5.52980996236375,4.10085781324355,3.08299005998749,2.66790629863033,3.61972770804905,3.27064398929541,2.85671904090448,2.93026862159113,3.97704770323618,2.90502554508494,3.89436955065544,4.14103455822364,3.5483965785922,4.76223773205157,4.38017881498362,4.21014064399047,2.70557177312003,5.24891535404992,3.29480798164722,3.57889970173393,3.48749887662655,3.1288166311508,4.22891989649216,5.7640814926013,3.43393789494592,3.77113622329683,2.93475967051351,3.5841868807103,3.22847492879687,3.33329919505056,2.99228092692209,3.04260277627499,3.54012666130112
2015-09-26,7.07931064010239,4.56495036032945,3.93974995412717,3.94122042794233,4.71764658992829,3.98408785771716,3.82070374961719,4.16269522095265,4.80866193598002,3.8854069650993,4.92124131885132,3.97304433176403,3.93021532968285,4.13165892721776,5.76817144509452,4.92083192399021,3.58272301866394,6.68168034540358,3.86796881880414,4.76980769878451,3.76664590224186,3.87535011705384,4.78407540876114,6.57351721762432,4.31047286203643,4.70494282982724,3.84327180057747,4.07784458161821,4.32224454518767,4.43616669184757,4.13388406400038,4.06396535687651,3.98465133871645
2015-09-27,6.88651059158566,4.48458646608144,3.81907570529171,3.67532396748715,4.31169243769325,3.91239388927845,3.71878711150436,3.89648738654106,4.56019086067711,3.63193648693042,4.67857990200068,4.02088692547018,3.88710470885443,4.35086231422969,5.53340503999872,4.75908232595246,3.30628700559032,6.50456755292936,3.694014729615,4.34385768655689,3.67801907101423,3.73898606486601,4.7176452909374,6.3126229442848,4.32992739087087,4.4273468415093,3.76276475622287,4.0685113305898,3.86460371939041,4.00351428420221,3.89147629697129,3.80784237905551,3.95690063146515
2015-09-28,7.61839815182614,5.90733192661676,4.28479311663998,6.01898283483825,5.18191941064106,4.28219683736661,4.03854906736195,5.86932628789543,5.15500578751781,4.99759085439958,5.80985714859737,4.54464701428444,4.33317399507206,4.77465618845434,6.75230240094136,6.03701106447222,4.13135200518067,7.49863555621289,4.27987659935353,5.38996501989247,4.25439713050392,4.18969717701395,6.20423307209516,6.30327652243514,4.61429043424234,5.25061476665915,4.06119007874493,4.99531195030079,4.73319953938335,4.85146881521535,5.65515543944439,4.36931456715536,4.3548402149887
2015-09-29,6.59138565492435,4.64961356750096,3.54255824837965,4.68333012391487,4.30229321584083,3.61169037857886,3.32216059435591,4.69280157552657,4.73199955779199,4.23684515084129,5.05266393548269,4.23818192969194,3.81515974475289,4.55762757231576,5.70106695079354,4.84045980303349,3.58692404731855,6.32118703735689,3.73487007342647,4.49346408860985,3.88587542556575,3.55293743592642,4.79326494636139,6.01175790978589,3.74312981181965,4.42723417112237,3.36344597094622,4.00599560107058,3.92529302347672,4.05594997872052,4.62925454924671,3.5859590274389,3.78361709016483
2015-09-30,6.24536190160256,5.61321444744081,4.23123477574804,5.18171009158584,5.10274855415206,4.53190349177804,3.83089249103887,5.17101717720518,5.35846701387643,4.87781216674223,5.53051521508979,6.03894186135621,5.03530156892221,6.75538867126017,5.75088824233049,5.65214365014943,4.38593394059329,6.20222662043876,4.88491475229334,5.23321988648429,5.23404816272749,4.42690868489085,5.73444655168245,6.51059310869166,4.69026352302494,5.07828104520627,3.94436927776448,4.92549103296885,4.8817204579791,4.93111393321594,5.11788702284304,4.28694699769861,4.94537780674086
2015-10-01,8.40624081675214,6.71212253142022,4.67725293227112,6.49247789372122,5.9883531727679,4.6934230181611,4.13224485130987,6.43406109115282,5.65924882844185,5.63312951566385,6.2602147469413,5.65855538664928,4.97309334475176,6.01736889558651,7.47535007044749,6.8458305410575,4.85927212778454,8.21073075308527,5.00697788586405,6.23327122544708,5.19472527817665,4.60289616451037,6.87744456624172,6.43436131926774,5.1870904001691,6.06093913597731,4.1855939791068,5.65590070504464,5.53652242748573,5.65839793577757,6.21315766667923,4.7476455952684,4.91445859321173
2015-10-02,10.7046357533256,7.53856399013592,5.76658930840703,5.29305142655257,6.4725332477453,5.68975793753075,5.15916436586636,5.72451544344404,5.6257701951177,5.15710866134151,6.0078923666975,5.81832478076781,5.48853727813629,6.22387426222116,8.47484375007092,7.76127105543358,4.91909889305884,10.1308351569618,5.30735820836557,6.50326033074909,5.38987872441386,5.23875967511819,7.81140633218706,6.60447633952111,7.53197893550515,6.86372906574386,5.23290508612551,6.8730451932481,5.67111888346678,5.92062159701911,5.59073083096033,5.39885415909969,5.63171613849282
2015-10-03,14.4743407001174,5.89219471102017,3.60125896674134,4.46444531821721,6.32510975317863,3.52424788778997,3.15282762951382,5.28490982457745,4.78764918324132,4.19612325373178,5.53806597161869,3.64660964283608,3.44848247545256,3.57441617158371,10.3853582047424,7.06491757246338,3.7247943672339,13.0859859996559,3.64879028420997,6.833919699353,3.62113934335212,3.403840951454,6.49351281438666,6.10875651088278,4.44224149339779,6.41521697672899,3.17232958547618,4.15039921519069,5.20533677599606,5.66741498347438,4.99233194119692,4.01005461507074,3.46267135899793
2015-10-04,13.4933064684765,9.75091771130298,7.52673680436042,10.2596331657423,8.89497290598222,7.01752836507787,6.6499087804111,10.0834321256292,6.72213729838306,8.18868912865333,8.28422917212076,5.9396675041297,6.28037059788303,5.47203716928854,11.8405395998516,10.1091011700552,7.14060249733081,13.0565103188502,6.6126836131462,9.31680461445643,6.30856016040787,6.57406425750071,10.095937553511,5.75216795590562,9.80770436910388,9.08151759774396,6.62671256040209,8.82371463244967,8.08284024737833,8.32363012431081,9.45189271897605,7.27744986624823,6.49421726807449
2015-10-05,8.35999814133377,6.34040916296993,3.78949672297308,6.20069206225042,4.78616007016585,3.21582164137045,3.00269027579565,5.99427886729949,5.03534301382208,4.85068389773438,5.92278466585567,2.53192845744661,2.73552415726155,2.16342345046877,7.18964788899234,6.3503872387566,3.52727751353795,8.1316491875002,3.00098271865501,5.07603098299803,2.84055893136145,2.93671380635195,6.52777619238709,6.49122358697563,5.20076633268375,5.17514831167959,2.95228668466086,5.32059267721963,4.05412360078063,4.25895890227379,5.74493072236275,3.4742035738306,2.86087962520398
2015-10-06,10.8934374175597,8.26883872013205,5.85567525694128,7.86368576498822,7.47791142716057,5.43291973224088,5.0255623519496,7.80277611325026,5.8540003418256,6.42495626027292,6.91663505362015,5.00191625869651,5.05399688843986,4.73666873598145,9.43585418168967,8.51852294265642,5.59000640298701,10.5546313661189,5.36624930715523,7.71918316055212,5.12000181287106,5.17785383563365,8.49915184301357,6.02992653499645,7.24599180637422,7.55989098387915,5.00000929076417,7.12215033825531,6.78149919013904,6.938714018672,7.34327804611154,5.81991786974431,5.1621852948943
2015-10-07,12.6146958665475,10.7734241484406,8.44198060307746,10.1456616538908,10.3452866426699,8.09714273604461,7.69613984854383,9.97952602137455,7.14787846719677,8.23474908221199,8.45896647781298,7.55461302981227,7.73697253083209,7.4530436898736,11.3474886460117,11.0271056847988,7.65974299063118,12.4309422244011,7.97055179209423,10.3559195711791,7.41687204623998,7.88459409266053,11.0311923651499,6.82015457256705,9.39194286055668,10.1457506579906,7.66154374966364,9.50889758683882,9.67649825814305,9.7054514756595,9.28764215125782,8.67340390144275,7.8855990711563
2015-10-08,8.70819059639923,6.33206375230426,4.86092989509121,4.57133278679467,5.68933045678324,4.46867335189941,4.47103727908057,4.84558186049943,4.07173460687108,4.10012422403902,4.59794265195602,3.51090884251834,3.97899005606041,3.27813211073572,6.96347845397859,6.53963883940347,3.99542328633584,8.28099564697376,4.06375495043717,5.61566458741553,3.68406006109137,4.25156196084474,6.54645515573934,4.43903954141761,5.67506728679237,5.88952202826682,4.41791528713144,5.61180054785815,5.02068648980089,5.16868940924498,4.58395784104597,4.77310667352665,4.14767914693767
2015-10-09,12.0552821714605,9.17970346840611,7.31745871421836,7.82846097967449,8.58094067379654,7.10332715025155,7.2868358734396,7.84233817951812,5.56977218467069,6.17123143332073,6.8064470747353,6.45891801382327,6.93488392385301,6.78309881379965,10.0601347096561,9.46591840209058,5.77840016759564,11.6231675936915,6.65152146759088,8.35463654429981,6.02165207448744,7.06055987206305,9.50917323542635,5.90743171088911,6.63674899731104,8.73136221603982,7.22096325827017,7.8690526640498,7.62614278408529,7.74340146386477,7.23542698525056,7.6259456533019,7.0972256086622
2015-10-10,11.0795723129584,8.21289375808911,6.58398830291657,6.07819514469735,8.05835777765296,6.98384567823574,6.45487854836577,6.51337770654772,5.71304545964297,5.80105689045374,6.17873815723409,8.32356812881942,7.52569526155974,9.2812168994878,9.05737171552752,8.60232634295187,6.01781304123892,10.6088466242712,7.1605250528031,7.97978444743215,7.2479828856926,6.9392255081379,8.56606405289,5.83205164306595,6.33284218230788,7.99465892704153,6.55483742242631,7.00898556480725,7.45624408932555,7.58042251625138,6.2030350931145,6.96543281642322,7.48179060128991
2015-10-11,8.11731012287403,10.0534377665332,8.60842978779667,7.71293447689553,8.60898618590326,9.38150689476792,8.32893496588222,7.62828569185692,7.1315263257862,7.12277437787438,7.43845439550007,11.7701487729983,10.2246826645832,13.7896201351414,7.86068945121069,9.63527341837943,7.18066278428559,8.46654630443528,9.28324429035102,8.16061592442387,9.64797270843959,9.01924419467638,10.2100363302355,7.69922197482684,9.10491073126867,8.66974440884961,8.56606979478815,9.57057326414082,8.27825883782253,8.1859469743951,7.39739331242446,8.44890258506594,10.2388603059479
2015-10-12,9.2255438095437,7.96423854537872,7.35153870437334,7.35916228049179,7.47338369499389,8.72703053317456,7.53096565700541,7.44352800453481,7.40405751909077,7.13606613640195,7.62311560045262,12.7368370012988,10.3141419040016,15.3739686478852,8.39510108666872,8.03947668455146,6.93875916340612,9.0771864557,9.07712121872724,7.46944005661583,10.1110796410899,8.54545734973836,8.20416661431633,8.0798113710229,7.04660546289437,7.62884637173441,7.88023006881855,7.51266474914955,7.15508012920745,7.25536358423046,7.39080638149904,7.40334134520286,10.1140935325381
2015-10-13,14.2452359629061,10.3697635288994,8.92502192250564,8.20644219214278,9.55770553563066,9.62465135581456,8.87160120875579,8.66567272054326,8.41604860334163,7.96560616490294,8.89875242663956,11.7850483801774,10.4212206000056,13.5957158709544,11.7239074770281,10.6973648929301,7.82238223832788,13.5518884107174,9.47801140589756,9.48417567586879,9.98616645139318,9.33111544610097,10.7094784274581,9.44976143588497,9.13319774501351,10.0021167188611,9.08144775705506,9.50037619466028,8.65021713282081,8.91993175933911,8.49186498870276,8.84838067085066,10.4096561740799
2015-10-14,13.6197462600665,11.4006957258753,9.83100986602621,9.41118964612669,10.9381568317387,9.56696975053012,9.68658415849722,9.6490950680166,8.61609540944357,8.69452751516648,9.26621845960369,8.86147147683152,9.31604329280265,8.90536453697655,11.8127592673743,11.6360162979092,8.68255487513886,13.2302711187445,9.23764827719077,10.7104026672869,8.7151697081236,9.51125167776223,11.6588966820667,9.12542718196825,9.59700907796953,11.0185275760586,9.62203788101244,10.3633863200662,10.2189177634682,10.3118062750158,9.2781353314505,10.0500624858755,9.45213481901923
2015-10-15,7.91931883148086,5.58588989230071,4.9755141302997,6.5190856280751,5.80901937693451,4.94279586150207,4.63706934148201,6.46853606794039,6.48767084882545,6.03231745821219,6.80722116516046,5.5889678007678,5.14145119378378,5.76509773471391,7.22804490546998,5.88463099239666,5.26088555636203,7.48975521519812,5.18065402342871,6.05744852158919,5.3735331838964,4.91123744970957,5.48885375757115,7.7214776028583,5.17123754942502,5.96237594655633,4.66286927875399,5.22143725195219,5.46685808790527,5.59488780150515,6.42115386945368,4.98264250393798,5.08273813373852
2015-10-16,4.26284977214399,3.50096775245106,2.13982231943314,2.52111748806423,2.5126553583776,1.95147932004966,1.86268536450324,2.56612647396302,3.34713585104984,2.37666302277069,3.42531210268662,1.99159623915716,1.9195035900659,2.0962583295303,3.47374291465477,3.43147035671788,1.81253367012286,4.12102720500371,1.87403729017909,2.51340202913174,1.87516979757503,1.86151082973432,3.57430163873193,5.25200210436231,2.37349143590081,2.80333126317806,1.85128860212809,2.91248334252864,2.09477178459187,2.19999539298077,2.61295159368263,1.99284776913296,1.95004902594107
2015-10-17,6.33329209174043,7.31340327982919,5.57829895318125,4.9959135260997,5.95417315855942,5.43404646206138,5.1562021491656,5.11523259439527,5.4379161114192,5.00500003891481,5.44571132688706,5.66485734619365,5.4459713806738,5.91295801965552,5.80107813737793,7.01288136669034,5.00312257959444,6.46232742419146,5.39018843074703,5.73600898654703,5.34674125349547,5.29594883099126,7.39470453390024,6.25668923280038,6.01723098151447,6.10648268548557,5.1647339719464,6.65046169636997,5.6505605803689,5.65118491964303,5.06932373898274,5.42935827243102,5.48666276443978
2015-10-18,14.298836702123,11.5633268092153,9.01867345284455,9.60405614347123,10.3918145401109,9.79173933858137,8.77095770508398,9.81258328174925,7.53424635198149,8.46227499572714,8.58134647060909,12.327372823245,10.7250998707018,14.1335977931439,12.2410959134073,11.7814160424645,8.28670072908335,13.9957210248003,9.96004886841299,10.435064563693,10.4173301940652,9.5572920914848,12.1084054453729,6.81161876544661,9.29191361811727,10.4900635353696,8.99555287815274,10.052316533837,9.61408794145141,9.79564473131998,9.29676485388752,9.21675542218561,10.6599934016567
2015-10-19,7.7959352440831,5.80387056067344,5.70150216675548,6.18741565153542,5.63881174780931,6.38400411666496,5.9213358220246,6.09760233243756,5.62381621996587,5.43123068493605,6.13327672100413,8.05720907728472,7.06090009300377,9.56106673933188,6.94518418942826,5.98595380083045,4.90558255997083,7.50986931750126,6.21394778325777,5.62702889277916,6.58832905070245,6.20795477121841,5.9595033366914,6.60351596220424,5.48433760385281,5.88280780663986,6.09166003632889,5.62820707092135,5.18537648422416,5.30136225930114,5.95816033138679,5.66954965466705,7.04970626057738
2015-10-20,7.6398914871447,5.71543590328369,4.74986826607862,3.93003362616277,5.4237705444811,5.11481995683482,4.49292523698408,4.28300167969461,4.68886296184728,4.04971597964811,4.77170345784202,6.34829460740271,5.50709464688221,7.31504149600779,6.15893160925412,5.92440836594137,4.09376034936672,7.25752907720016,5.0943733899746,5.31626952387752,5.32407596266911,4.88922158625617,5.87896739617303,5.79203458611826,5.29478289729308,5.52714806095482,4.62046576327521,5.1972635117268,4.94719714100655,5.05413487030923,4.21582306925088,4.73542420333865,5.51406879220335
2015-10-21,10.3677753486975,8.37534958621266,6.8852660689387,6.16782530636969,7.50377775749083,6.75425771094809,6.00966157045421,6.48691652442486,5.78160769033964,5.81689526658259,6.24381029119349,6.56521342775157,6.31115473564355,6.87733449249267,8.63446514448195,8.51044810543231,5.77679409015653,9.98335265977636,6.23266568103542,7.42399087628023,6.16712916407417,6.13093386918677,8.56252269685375,6.03929491919411,9.5309282393337,7.70710585470196,6.09747615329647,8.0621128022083,6.84416477224704,6.98461080687493,6.2354348961608,6.40521538429211,6.53757280335156
2015-10-22,6.03332725097483,8.08764081554719,6.65294266018968,5.40123304064699,7.00159752798582,6.47123858486203,5.83562992242586,5.59967376720133,6.13471189372858,5.82497482698799,5.86637085178813,6.64300607247575,6.29293620949202,6.71543551525194,5.91159491237358,7.7267310764686,6.2005148911713,6.28582893731354,6.45677451797672,6.73738470953538,6.444777445227,6.14843774032746,8.04541351823285,6.39790091539516,8.30922316934565,6.95856734244216,5.87818962618245,7.85103316376712,6.93515067384663,6.84924514325071,5.59402538743631,6.33480146599398,6.37013327596526
2015-10-23,19.3781911211913,10.224225030096,6.61509975956214,5.5367995468805,9.59712768926788,6.66669065678244,5.98017401254167,6.88106954391177,6.23721747915091,5.76712105228273,6.96863666104578,7.51498964784175,6.82830008339387,8.10327057189525,13.8751620760184,11.3109962414986,5.98753794291068,17.7727275892965,6.695852902471,9.83041428088656,6.81764210580337,6.39252723405138,10.9815147899484,6.93758069167,7.69764248619212,9.94968407376935,6.06362245197715,7.89720371336416,8.04619449169817,8.60278219344522,6.50380625546129,6.89053491375814,6.86044776543257
2015-10-24,12.8353224251604,10.5368871939624,9.13372514324911,6.2718076629621,10.0101265244632,8.87537969630164,8.87024541230689,6.90186524003987,6.41612780437832,6.14218248170803,6.81982788793277,7.54219265747587,8.25257370264297,7.73556480630844,10.2105362724248,10.7929374559005,6.86149817415882,12.3341580843867,8.0084131466968,9.41424999183208,7.22138140719593,8.51608489709074,10.9026120997524,7.12448505470917,9.9373244004368,10.0594954765285,8.83398958340616,9.75222572050992,9.11943772032678,9.19060955353427,6.52073865294744,9.16847204321513,8.5747064588855
2015-10-25,9.70984060877141,8.12183470144722,7.30465735311243,6.31898589000704,9.65721730109278,7.09433627579107,6.6735316512782,6.67273423432866,7.13110962702633,6.2480155918414,7.17564211576113,6.45971747681164,6.75723145054032,6.12976456785862,8.42838846333571,8.70750601835905,6.61805529832483,9.36263006654196,7.22159457176098,9.34933083291953,6.44259452426015,7.03746979076668,8.19552036197439,8.96116391427833,7.8546159503038,8.86778483612056,6.62821406674916,7.33013972000641,9.39982566620841,9.25256341479684,6.36892501707391,7.98204366109973,6.86764417513726
2015-10-26,11.5855511898479,10.4336324977044,7.95917562535714,5.56732677890927,11.1811235660171,7.42701392109694,7.20123711179,6.30552287908105,6.59068369861783,5.80605177982784,6.61220767729632,6.52630719013132,7.09400226322003,6.01854442690431,9.36836907424019,10.8897853960437,6.8321477461404,11.198341260253,7.69417419541949,10.5341913397503,6.59124425452542,7.55490165433499,10.582628737889,8.03232447164182,7.57721192981292,10.4104629813003,7.06129033080649,8.6297919019504,10.6278410274804,10.4643519960741,5.8576026215626,8.90025011059225,7.18985004928773
2015-10-27,18.9027155726967,10.0183316899692,6.03740018635997,6.41317515611944,10.1808343228104,5.61924811112241,5.07501055435015,7.51365529711822,5.82031523389749,5.93123066495574,6.89793625008037,5.61823866419501,5.47545349367004,5.30528725053999,13.883963269148,11.2536056123485,5.93106528231701,17.3624434984975,5.99254093949385,10.5010683417343,5.65977346320921,5.55372354426746,10.6224271820468,6.09052729465333,6.81711114860724,10.1324713770571,5.03097361929189,7.31752462338598,8.75058248478548,9.19005342190647,6.89212613405725,6.70323677473171,5.48702787209445
2015-10-28,12.2832174232445,11.5513725162344,7.63630404451005,10.6651742193149,9.79398308977825,7.02331319782868,6.13704830622753,10.3513160352818,6.88497874297463,8.43680276270574,8.39399189436425,6.42338143108015,6.37132887919284,5.914119255107,11.324992457789,11.5045959496862,7.44106582728038,12.4209667961363,7.01346154199581,10.0994551602107,6.65370786754598,6.54505970062994,11.9245914385233,5.94565203792883,10.517420660849,9.64288566567732,6.12619322271323,9.97569729904262,9.1632139919528,9.22767496055838,9.61509643052748,7.47992553057338,6.5425541931573
2015-10-29,13.5365878148353,15.585176604724,9.85618824962155,11.3505407445734,9.74911516382297,8.77192216247301,8.17790695126919,10.7306213268712,6.00340119409299,7.87196492684089,8.29607480910023,6.66978624028945,7.35337487717016,6.91570495116736,12.0130940259771,14.4449997428174,6.46622048975088,14.0952323198056,7.05855204884728,9.33269365857909,6.3185885691943,7.58671650804644,16.0901625098237,5.50658898885168,14.0964945828653,10.8054359444974,8.14957385107658,14.0930433303704,8.16694750370047,8.32155949281863,9.7667406975001,8.41564750406161,7.98543992485869
2015-10-30,17.1930078741181,15.8648545831491,11.7997646324753,16.3816037032496,11.6830294838951,10.951958840562,10.7879869735424,15.3142923239024,8.18722963384187,11.5720099630768,11.3717875606293,8.62091269242741,9.58599539363195,8.59616099444366,15.9583246827201,15.3525469607219,9.39981688386088,17.4322056551487,9.31245466453007,11.9087872631398,8.64674830679287,9.99550360260613,16.5024324221467,5.94672038026274,15.2080771700814,12.612457875737,10.7477902777786,14.7064797798147,10.2292898411475,10.5134346095373,14.1103835358065,10.7056383577441,10.1479185507611
2015-10-31,11.6162735854333,17.9889273747801,13.2133183704788,18.9772985887285,10.1937241834888,12.1765831482175,11.49593503431,16.8082333139464,8.69866250974966,12.9391190121599,12.1697435817447,9.97290276648128,10.4991920964758,10.5739789106386,13.3763966499649,15.8751785420261,9.80470516584116,13.2265618464484,9.76999167188946,10.1786018429632,9.51150667798786,10.5216687091334,18.2658373541036,5.84715682931068,19.1863031622215,11.8876307230132,11.5591361655146,18.0227232762289,8.97733690066457,9.08048244733507,15.6640411639067,10.5820724342748,11.2692554641637
2015-11-01,26.2310099053499,20.1425747749846,13.8269508273597,11.2313618674423,13.4348351611135,12.6673818183737,12.8175901775581,12.2801362392397,8.53770268663606,9.87452138101741,10.5252501600841,9.80435125397371,11.0116416424454,10.0815780216472,19.8651674517077,19.7344441470979,9.7253350799407,25.176386602228,10.2315518185804,13.0873925854705,9.76328871592214,11.3939440283739,21.2404153913962,7.14722417186651,17.842862506997,15.5945331959016,12.7650375297563,18.0205340391776,10.6991479280861,11.5233443143809,11.5637363018494,12.0608799737782,11.7331629153536
2015-11-02,14.1435357672059,12.5475505057049,6.48055770315584,10.3186327928109,7.4653610663861,5.35565195200477,4.61925689880901,10.0724960503925,6.0919382545576,7.91561989437392,7.9834482498972,4.22762041132109,4.2836611563253,3.53428150339114,12.1557188104238,11.9661404023737,6.15961163913141,14.1701848768043,4.79589823024607,8.08745400280268,4.90463695798705,4.50869381502077,13.1178962555608,4.67071417895552,10.9022431400945,8.52116134585431,4.59265662445538,10.6267077468942,6.18433259976884,6.63435395763861,9.4674211548406,5.23124889732914,4.55851062200311
2015-11-03,15.1011602512878,13.9741042395138,9.30826274446289,9.92213258003724,9.15947320412502,8.68770473598458,8.1483361599708,10.0134149378451,7.65196606963476,8.47720640636026,8.95018849876154,7.94811683961333,7.92070235789456,8.27903923345847,12.6985785269292,13.3324408553112,7.56800792953896,15.0419660738149,7.61914636575395,9.19385603115129,7.68928000657251,7.80161929777739,14.5441765366682,7.29290395735328,12.7279897902486,10.3410005513548,8.19279996413577,12.6394489262682,7.80818475541921,8.20156762619914,9.60576076451026,8.04538320169941,8.27012240717845
2015-11-04,17.5118527109246,17.8026899140579,12.5197903310137,12.7966371781631,12.1217959393768,12.0143801186441,11.1177179607929,12.8909495023481,9.91620994367218,11.3486373046355,11.2615801220458,11.661966124719,11.275234557992,12.2446764416257,15.333852381478,16.87952578018,10.6850269458286,17.7488485721741,10.9017664942576,12.1213682068081,11.143887910971,10.935395929135,18.4825013862758,8.44219157839745,16.8647049836662,13.3117515026736,11.2291238381856,16.4416266945128,10.8414864649059,11.2069120182927,12.4214686342526,11.0253668241676,11.6472236431591
2015-11-05,13.6010607733756,13.8091916156048,10.202651231429,8.71508316217937,11.8248498327372,9.97962806138932,9.2864773747137,9.20846613800574,7.95069160540274,8.45042270613601,8.42429110724976,10.7578526967968,10.1539443911368,11.3691390582771,11.6963235575042,13.5605498474685,9.02855316544372,13.4922996287256,10.074832702075,11.3662675730156,9.93043972033051,9.76509212419872,13.9758708361042,7.33955925111344,10.8039548803466,11.9867236381481,9.31071144257245,12.152578973638,11.0395673115262,11.0721626819831,8.77438084462392,10.1867816078528,10.2000405770959
2015-11-06,15.5949879142377,15.2605923086631,9.0519957344274,9.20303276951523,9.63935703136203,8.14182472787254,7.40450381246176,9.3895592194639,7.0107255106378,7.60419974296547,8.40811429952995,7.25518660382903,7.25553495496312,7.5542440765393,12.7095941445418,14.4408392249417,6.75822909516681,15.5982943342379,7.0811280434975,9.42458522306091,6.90262858332975,7.17943476568133,15.8216253280266,7.25762797888081,12.7603268114208,10.823395437628,7.41313462477461,13.2659417491822,8.00821603759965,8.35696567062939,8.84334269212592,7.78841390685385,7.65735674189111
2015-11-07,12.4240141525805,10.5974405279934,6.58267185968682,6.90545687366927,7.91248774934864,6.07387922990441,5.53967873415842,7.15701019471866,5.3529012029187,5.77373903559032,6.38645078421173,5.64719478041963,5.61164149052579,5.78420514295582,10.017503922591,10.4555782521234,5.31487582280447,12.1691875370253,5.62889268715255,7.84195511505388,5.38869323262531,5.57907302737425,11.033163886511,5.556501459237,8.57100622326554,8.38361423830026,5.53829239763265,8.95182957097841,6.80679760534562,7.03496696027695,6.67800595278327,6.17935597695259,5.8246233993704
2015-11-08,13.6967877928381,12.5743159156204,9.15272584353877,14.1772859954765,8.92642106815335,8.5045681499029,8.27972288617229,13.1305004472321,8.12215602792115,10.2834190569963,10.5834991405704,6.9576282143059,7.4941214566076,6.86543133318641,13.0955256996243,12.1105399750526,7.88542153755195,13.9766093954549,7.35728630993948,9.40761149985651,7.09868739324066,7.73569797527086,13.1107140867586,7.33379454958801,12.1869741516397,9.76155909018633,8.27092962953122,11.6604241874926,7.85902748457833,8.14429338671975,12.3435370830384,8.1531885803707,7.88193297470807
2015-11-09,15.0145327899337,13.94846303249,9.10034109457906,11.7224194011181,10.5065254399172,8.54456584624061,7.38825349106721,11.5947164021668,8.05396774122532,9.75235957328139,9.60124593004703,8.81250249523982,8.11393051958578,8.91134044341931,13.385938192777,13.5974341141589,8.683143332185,15.0018021913002,8.37226877600721,10.8518224379765,8.57772088953774,7.81827502659322,14.3058580550258,6.56534313825986,12.7255607409124,11.0714786555455,7.46095713205769,12.3435259601864,9.51273477899534,9.77563395038167,10.9647069091984,8.29716665261338,8.27643992610493
2015-11-10,15.6523124027403,14.384075644695,10.3261623232897,12.6014479952375,11.334031969598,10.1024133951272,9.25346292294613,12.4827962750867,9.04082478734682,10.7764356143055,10.5030721145832,10.8331538974343,10.0598920868718,11.3297340844737,14.1267687170345,14.0945883973387,9.90327194729899,15.6265051944808,9.98032637148233,11.6250840933071,10.2738459520561,9.60607589671265,14.7977828724062,7.35059701570207,12.5105455536166,11.9009815043761,9.33932278553259,12.8542758785866,10.4321797855103,10.6927643231749,11.9055041836722,9.77179491638755,10.1429364556199
2015-11-11,18.1829451001771,16.6191769122431,10.7389733107983,16.6085669139155,11.6279315393723,10.7256294237528,9.23074629857744,16.1661424096081,10.4000305172109,13.9934630742298,12.5435694988933,13.3961097664631,11.2681087940753,14.1842737072019,17.1075616787891,16.0271984920725,12.1985241206244,18.362405240085,11.2572981824624,12.7839115887912,12.6835803168675,10.1410142667445,17.2038863959667,5.82206902426073,14.0612365753693,12.6930633996698,9.45084122611611,14.5750677489439,10.7651891206846,11.2824017929781,15.5298284391485,9.6849618547383,11.10721876562
2015-11-12,16.6140529027821,14.7830507105399,10.1089433562191,12.5168118939042,11.5916533563574,10.1438200827621,9.06035386598226,12.4331127215904,9.15531071079825,10.5133817441883,10.7236481918536,11.5384350704025,10.3830710587456,12.5200715511663,14.6237734545706,14.5764792126807,9.48847635171338,16.5675048292142,10.1022627581812,11.8685694552813,10.445158049019,9.63947342321802,15.3895312221371,8.32990647911871,12.1201329839434,12.0617802038059,9.20174946871487,12.7809854938927,10.5396432135036,10.8140420788246,11.7977843625799,9.74335904098473,10.441130771847
2015-11-13,12.9050260299433,11.3757042062223,7.42967390961151,9.22421615114914,9.99700317280272,7.98165041840202,6.21879687433387,9.31413908651179,7.73324879597246,8.03551266971359,8.63462304406079,11.1390530828802,8.94805459678756,12.6954738795633,11.2825353781972,11.4874977635636,7.3994370554524,12.7879531729367,8.71473528738764,10.1778256557811,9.28926717785978,7.63986556760615,11.741623525369,8.23782389183824,8.97693241209099,9.82836247763819,6.46621522859515,9.43303689382798,9.32270312972565,9.41481756772158,8.82193340398131,7.60742909334582,8.81024150228495
2015-11-14,15.0350753849167,13.6267852127353,9.34497765178199,10.3009113343129,11.1332397645022,8.8317691753765,8.15568104635599,10.3892770428902,7.97440066708222,8.69067563161186,9.23808099605341,8.51972937631724,8.41086752861643,8.66472115808023,12.8872161374752,13.4982749789658,8.09981324696278,14.8909885865117,8.51915892398473,11.0555360000861,8.16920325362611,8.36032954956887,14.0444868221705,8.06101805955772,11.3074291799875,11.4056186013602,8.15255995351872,11.791188113901,10.0608424760023,10.2179602983351,9.76007736991822,9.10010293829736,8.61413552013304
2015-11-15,18.6733097155562,14.3020710870348,10.3423153441779,10.9625962642904,13.8803528060214,9.80603179957264,8.73378393091767,11.4295880972672,8.13644998952145,9.34463374108467,9.61259082987699,9.04769547909761,9.07538087490271,8.71880501546591,15.4454538593394,14.9626852789359,9.29576305149797,18.0095377120184,9.6801626307366,13.9007965982658,8.96230862247434,9.25466464570722,14.8105026791052,7.397636963212,13.3249184389817,13.466054439855,8.73391165319666,12.2866672956964,12.7789709665241,12.9102463205237,10.4968006391194,10.5975059800984,9.32909666200942
2015-11-16,14.8036327784481,12.428831486814,7.92043950280989,10.6054950226026,10.141709546171,7.37754935863665,6.54750318132282,10.7032959722368,7.85250032281602,9.18947473531154,9.0997386907352,7.52074172553565,7.07370415962891,7.11576673272871,12.9319897494182,12.4610981626492,8.37111949967027,14.605841424379,7.66140741902918,10.6489516456314,7.75467041865199,7.03363379855105,12.8871562872606,6.57656270927612,10.3164236918861,10.3448628000683,6.55323125278492,10.4589066031885,9.35119438930012,9.61462718137549,10.1634647071475,7.71130040412884,7.10359728213103
2015-11-17,13.3819083730746,12.8530616090459,9.481231802136,11.1136925399977,11.5752878489818,9.41505742190762,8.12126304347808,11.0237629284407,8.35838817807183,9.5001522170831,9.49710540096352,10.2444195213613,9.36038148680779,10.6792886292263,12.2879346175053,12.8614505825457,9.01822678672954,13.4519392065677,9.57064594050585,11.664259599995,9.51036247898431,8.91996751690914,13.1648017892611,7.68400989125386,12.0185277772762,11.3197899094312,8.23301407743456,11.4592114904006,11.0125457348922,11.0226510899558,10.3750737919631,9.43308199583035,9.45294614813985
2015-11-18,15.5095380450611,13.5933873277809,9.12963599120601,10.525388385645,11.0676347639356,8.71324187982131,7.82072316945462,10.7766768592663,8.67915069195289,9.4904315846615,9.68650388649624,9.16881488293053,8.5506996350886,9.22011783377196,13.376430030474,13.5181865954555,8.9530482239723,15.2873643599605,8.84421136624013,11.3037778049193,8.95445842918931,8.30704182544797,14.0072426526592,8.06864968144195,11.3495791439551,11.3833480451706,7.8586224274119,11.6996967910212,10.1657890713483,10.4083415793199,10.3106121037042,8.83812581211897,8.60821805970607
2015-11-19,18.0449311481628,16.8073518335113,11.6168209264441,17.9291679049621,11.7393087985018,11.3280504559527,10.4044924252092,17.0194171050964,11.180259401387,14.2661734819974,13.730134034224,12.3506342167954,11.2744604235459,12.97210196102,17.2757986143127,16.1208006822065,11.7645510509208,18.3349395915713,11.0402854379233,12.6571117448929,11.8384666537594,10.6279760677181,17.3821394386911,8.42605730357505,14.7328848983082,12.9428808854902,10.5351146262287,15.1611319198923,10.6488852410549,11.1121692284922,16.2835544124578,10.4259427048294,11.3553717069536
2015-11-20,14.5563499550173,16.1600943761962,9.05615668535897,12.1708971060645,11.4870026983545,8.14962547934322,6.87812397975145,11.7340835096506,7.17490774735862,9.09438858771388,9.23626953870272,8.47016536556469,7.80714682426877,8.73088912971106,13.1439966858138,15.3590070995808,7.78640286562228,14.9699162770268,8.12467959510688,11.4019906646484,7.86012884847347,7.51774532484855,16.4359654300136,6.2911501615252,11.8977345084839,11.9604330168988,6.87266148888891,13.4339693355455,10.1954116594182,10.2780014615971,10.7360633168424,8.48216145961299,7.99025617454013
2015-11-21,16.4174030033759,13.8910762627232,9.58339331100879,9.03790525454252,12.1462914021652,9.05672275579908,7.94069310430572,9.54520881516271,7.08866858969224,7.85162373666611,8.2586403649965,8.6438054163168,8.43232450028903,8.78182178382654,13.3602169716676,14.0673412430075,7.93163522745272,15.9548520170778,8.68749093913964,11.9015472078696,8.17591215333982,8.36302222690829,14.2909945143896,6.79003262107068,12.7089820609261,12.1603237145523,7.9744134848643,12.0802443847738,10.9492241727769,11.0834316220759,8.79005658314159,9.38218075643503,8.71852786556717
2015-11-22,16.2563643611396,14.5225755756048,10.4977047416694,12.7937453534046,11.9232774429912,9.80163884506753,9.44705353405264,12.5977811247403,8.64732016106405,10.4247126385113,10.4098427646116,8.5356377835788,8.98933470685778,8.15389246568857,14.4809807891285,14.4039966398036,9.50051360744936,16.2199805708469,9.26090714944139,12.1001536528968,8.77703292996569,9.31292325219409,15.0694350787037,7.37923880336202,12.7584852796001,12.23257017486,9.39284103240252,12.8502382016126,10.915033082959,11.1173068132742,11.8191841427419,10.1622063871759,9.25828168950488
2015-11-23,14.01447804443,11.6203562153833,8.82544752016025,10.9612471461249,11.0329808501347,8.27486964279424,7.87490624993924,10.8368098597477,7.8643361921619,9.01061674834798,9.25288662212358,7.50259017717723,7.78048807850127,7.09035433076998,12.5091991579013,11.9166666576931,8.2989803168164,13.7280673674563,8.22421441248353,11.1587824625336,7.66611453798079,8.05869139977793,11.8661955163663,7.45162957943436,10.0522886021845,10.8994856185898,7.80904673346667,10.1665564631421,10.2795272244589,10.3612624719583,10.1307233813579,9.00946506137612,7.92413053270351
2015-11-24,12.1877964475586,10.7831967619748,7.18657867884967,12.155740471372,10.6874023578411,6.61076979634607,5.64773471610164,11.5487730646299,7.51960109011712,9.23680031018681,9.29602350811385,6.42154266917857,6.24219709148616,5.66976944526121,11.7861317488944,11.1339457748677,7.83133019859134,12.2616227280396,7.24793741570413,11.1871417788505,6.73132871695488,6.46125461777645,10.9984652968591,6.89490472319065,9.03581485844611,9.98578443981908,5.59933733204828,8.89467837062522,10.2725490497991,10.2192099163372,10.6347419846094,7.69521715443398,6.26677115762514
2015-11-25,13.0710043128087,11.7223866897367,8.51650784856994,9.35300596083496,11.7591689077677,8.07482334090043,7.21536513237279,9.58757182383708,8.5871613732953,8.55342166518269,9.18102501646291,8.04586173418442,7.84436042220462,7.62081521555501,11.5645476106756,12.0829597934876,8.42482308988448,12.8661280760529,8.59205962028135,11.7278478785817,8.05387210484145,7.95608836500193,11.908403467322,9.4496085948316,9.81826690510545,11.1245157170594,7.17842572442031,9.9447032617216,11.2765032166193,11.2147459156856,9.06975373586021,9.06118900300913,7.87770804151447
2015-11-26,9.70944057471012,10.0883014373687,6.55165238547534,6.93503589102145,8.27189409295834,6.21418720354201,5.54430028180842,7.12381199576253,6.99988301364304,6.61324150312004,7.27736846621436,6.9027644337675,6.32948961772294,7.03386362707831,8.57974947916839,9.84767875214451,6.34403110914129,9.74872940458142,6.58839049034575,8.17711948361257,6.56580444912958,6.08925236379427,10.2184029491191,8.03652334275836,7.33637992426947,8.34420944691814,5.54414393289711,8.49236790235595,7.73413697156546,7.77099599865567,6.91653867252377,6.55204025058585,6.30332261916674
2015-11-27,14.4078475975892,9.70616342296972,8.1413506651066,10.4847048237046,10.5568101952885,7.63491334653846,7.15566372998332,10.4265395760891,7.33718150330891,8.49567444842878,8.81290366602223,6.99700916519528,7.1707018142133,6.62903543615769,12.542475870084,10.4597126837179,7.70870459337572,13.5839361887265,7.61135894413035,10.7766749042413,7.11810477186997,7.39241997922511,9.67854636741513,6.92800249195785,9.44944990817984,10.4407034739193,7.10677700680549,8.77069204445061,9.71517270336622,9.85266025540663,9.69843737470304,8.34136000606438,7.3063952342965
2015-11-28,17.3625266153584,16.171289071655,10.6030782952461,16.483952833451,11.7315476446719,9.85455310518631,8.73118105142341,15.2966485515996,8.58363999559218,11.2832809995999,11.8768726181976,8.8283915363318,8.79273248421995,9.22897306897989,16.0416894410572,15.6696401524739,8.47352559402021,17.644293590686,8.66845728337949,12.0783514777674,8.24562691210508,8.69532230059068,16.7535369235959,7.9699931917703,15.2574787698405,12.4649638812046,8.79235442670855,14.4470856552285,10.1544613260706,10.4035231205066,14.0269864608295,9.50616418778967,9.29201666637535
2015-11-29,13.6711127896408,14.4232216161339,11.1424096942482,12.8661015961709,11.2055367449511,11.5410486697305,10.2752193646126,12.4528928546679,9.46413097426397,10.8267824347879,10.836098256689,14.2944536938259,12.3826452707629,16.4139571123633,12.9646115851858,13.7878701544193,9.84196219791287,13.8223189810941,11.4159484710697,11.0969632603525,12.1412386943797,10.9834706219923,14.4636847412741,8.64897432088982,12.4239712080789,12.0287116303145,10.5115003305345,13.442016262062,10.2863430030346,10.4285857221616,11.9344562722471,10.3920479815588,12.3928756323496
2015-11-30,17.5792114239249,14.931908141524,9.97017899900288,9.78448240691365,13.3255444341263,10.1439540541635,8.18811350306628,10.4130689097959,8.22583492550117,8.88083458205995,9.24827165760238,12.5785801502292,10.673273301758,13.9242631568316,14.4378498012839,15.1751153524738,9.02831985722584,17.0682463756556,10.6071890353168,13.1827496449404,10.8306887531316,9.5639768098796,15.2868718140902,7.89815657845333,12.5414818913081,13.2141706028035,8.39837442334316,12.6179587222969,12.1928855421386,12.3252316519016,9.68884267906492,10.0321851321568,10.6843139929172
2015-12-01,16.1322487180053,14.4092009991807,9.07214585151413,12.2587430923246,11.4818512156178,8.44075516785065,7.60252390747202,12.0460639346017,8.58880542101026,9.78018489671959,10.3519463593208,8.23024904155903,8.00235831399799,8.12271797022789,14.1737771134704,14.2831673055687,8.46049619604457,16.1119520941225,8.37378387427592,11.7508897752725,8.08753275807203,7.98248343764142,14.9558989937687,8.51198249822918,11.4124400686181,11.6982586175705,7.59099468686879,12.0491315618438,10.3729634132491,10.5734098726393,11.2643959495771,8.88167232611723,8.16067005973241
2015-12-02,14.0398679334952,12.0541304950569,7.93358555688359,11.2949566069538,11.1631897742921,7.66072837613821,6.38847597109404,11.2273130312006,9.05327369715983,9.75565677563127,10.1446277961446,8.77504110772591,7.77198268158767,8.64586754292626,12.7604162041626,12.32180867129,8.76362630099495,13.8959111775061,8.47974514842056,11.6509514654882,8.55676834413636,7.45216763438988,12.3342024361488,9.10853049341721,9.92811569683345,10.8090778654318,6.44098937731036,10.0189594546897,10.6272668146241,10.7179737531772,10.6645687641944,8.20473966869508,7.68831534600975
2015-12-03,11.7797393267741,9.36728155927684,6.53784434075204,7.63542117261186,8.54991932125279,6.16935030781928,5.20989700158058,7.88546647226671,6.71919193191818,6.95747119361302,7.38170227500099,6.42655841170163,5.9008348765977,6.28562068888082,10.0535267930215,9.6149637418332,6.51741888608376,11.364199897033,6.35083023620841,8.76754670705229,6.35767743597801,5.75912146925023,9.50617702586138,6.88644597803113,8.97026769090031,8.56184794417791,5.25170860356231,8.22595287289895,7.90350754899464,8.05412682912332,7.53250917827614,6.36562104770048,5.96951376494761
2015-12-04,16.3102653283502,11.3960281994098,8.52394212710134,8.52206958597933,11.388016738221,8.76516550081372,7.62038680889612,9.171748185791,7.79961424357546,7.97443457693232,8.59868539336956,11.0520097937343,9.55122879275144,12.2639441492682,13.1613778948344,12.0570515203915,8.01384232338941,15.2860688326377,9.32740270139507,11.3478467491605,9.58948346077695,8.62214931615638,11.4877715259646,8.01045991497094,8.81248532859045,11.4641671387259,7.75109889917329,9.6216706451697,10.3156786659788,10.5337072263112,8.66667648049251,8.88116112875109,9.44323872129522
2015-12-05,16.9214487794577,16.0937016240186,13.9731140270976,11.5028089214585,15.1366695087008,13.6477905330675,13.0780506684076,11.7981698787434,8.71531249402708,9.99127462321384,9.96239404896647,12.5686444718901,12.9593051687802,13.2603333599124,14.5950948987833,16.1239870400296,10.694925470465,16.6115802632941,12.5728660937008,14.255786851297,11.6022484497472,12.972695718931,16.2621844867546,7.78205927658727,15.7918525858456,15.1557355953562,13.0901741814865,15.2972044212571,14.0171031240575,13.9586026155779,10.9082324947136,13.7886195395947,13.4037533416214
2015-12-06,15.8627705862117,13.6182375280193,12.0579840876436,11.6752303350102,12.4106055909106,11.8319188695185,11.2138273702353,11.798037662826,9.23268839111996,10.3453609091108,10.3700169260456,10.8626418501064,11.037921989439,11.1762363317187,13.9716348936841,13.7262657415472,10.2013444166541,15.5212782073541,10.8203009792004,12.2687874073724,10.4727438534803,11.0346739198114,13.9383834136629,8.33041266465235,15.1463137266132,12.6928902170764,11.2863562228527,13.3523915992507,11.5389100901122,11.6923363279373,11.2367997154171,11.4443767063154,11.4181728789438
2015-12-07,13.5653978554611,10.9210241281567,8.94507048706984,7.08301299829499,10.7978603776814,9.08985190733018,8.50334473164383,7.59165864956391,6.46974333694921,6.40813658923453,7.17786545973763,10.0705356192188,9.48466506823477,11.3521281156689,10.9034544925429,11.2768156537039,6.87444333253286,12.8778232098561,8.92384645953763,10.1554000988786,8.54898504805063,8.91540561723389,10.9907138011776,7.27083543016167,8.526030470624,10.8380028325896,8.56244129996755,9.61775345276679,9.73889793902291,9.77599985132421,7.03563326549177,9.28744381093294,9.58291857592032
2015-12-08,17.4718301565727,13.7095292773907,11.7108218027178,9.82109927987351,13.9975386617764,10.8867562852941,10.3442426835343,10.3792695924351,7.99991287830671,8.63411672318418,9.13323419039503,8.23730264570014,9.39178616648743,7.61373605311084,14.3177757280814,14.3432498872207,9.13872148493064,16.6930768048151,9.82439347234416,13.4858193192493,8.50405084801541,10.1154254526358,13.9617907596064,7.98494144475943,15.0397378375343,13.6910290513035,10.2674316760645,12.8988545608836,12.8626740792473,12.8947678736724,9.53843167438073,11.6449004886892,9.92734939118089
2015-12-09,17.8233639225599,15.8696208261107,13.200349411421,10.7345606818834,13.6293286021262,12.7617218706531,12.0568401881659,10.9169559287995,7.2876455907808,8.40130430676357,9.09953290065868,11.0841772037668,11.6346126036375,12.2278615856888,14.5924866285728,15.7736415007592,8.48314632335242,17.3295291573988,10.7940511603596,12.643314511149,9.74491481614597,11.5710530883066,16.1533789885039,7.31904640266769,16.5627979978829,14.2144081098587,12.1164723807249,15.2535059908506,11.8828145697716,11.9753111134901,9.8997606759668,12.3489508969835,12.3359205718787
2015-12-10,17.1863434266601,15.4551873495499,11.4987369100521,6.68400973350284,12.7336727203245,11.2133729593326,10.5543818585747,8.0416411312234,8.2608966216589,7.88693838412521,8.19275611899427,11.5936332734797,11.1281087830029,12.3844743395242,13.2676831747048,15.2911735461398,9.38223891366694,16.5387992598148,10.7843348320296,11.9957147906121,10.6873408052033,10.7276635554869,15.7893795994071,8.02197074773784,12.9285711915943,13.3473737906588,10.6021167452798,13.7958152680738,11.4745541032978,11.7048608553494,7.8176205780217,11.0943013749436,11.3057775896847
2015-12-11,17.0272945282508,14.4951400836512,11.008610419204,12.6418234557038,12.0601305352862,10.562542599344,9.09388150229444,12.6531588989922,9.74546989256643,10.9252700288788,11.1538616091859,10.7386908940624,9.92415844403286,11.1307336925855,14.9827945997091,14.4344236233803,9.93977579902941,16.5971760489293,9.9914062858276,12.2967030839301,10.220172931501,9.49439550069932,14.6269703490998,9.00635880578866,15.8922451630595,12.6915541232741,9.23962169480488,13.7959950021546,10.942195550465,11.2285862952571,12.084006660983,9.89012686234201,10.2173667361415
2015-12-12,16.2100686595491,14.3459541054475,10.8247966701591,12.4476134163125,12.1133985795086,10.1007810605617,8.92146601312728,12.6364377967183,9.94301365364369,11.4881348216009,10.9471283101978,9.2901546166624,9.06275169411121,8.50633077534325,14.6130749110662,14.3008213636932,10.972771402709,16.0219199210771,9.82601286354608,12.6245711522595,9.94717213007757,9.21506787105612,14.6697200126413,7.88444390922264,15.9981297129499,12.3891307026423,8.97878195670367,13.5500832323007,11.4768525262074,11.736582205834,12.1988801757889,9.90156449562764,9.30346260206763
2015-12-13,19.4515141683643,16.5281791901176,13.7452141874392,13.9575434958823,17.076197954012,12.9398243652094,12.1198168379477,14.2233749363034,9.13790048041972,11.8394610991735,10.8980446975702,10.9171920483615,11.7045980557034,10.0012066330731,17.1245672046591,17.1795432994235,12.3581168743936,18.982250252061,12.5773612088306,16.8814850239406,11.3501087626069,12.3813151577808,16.8189370946701,6.10879117770154,16.8773800579622,16.3349098215175,12.0388323689972,15.1527100011041,16.256545826674,16.1989574730694,13.0047315524077,14.0711301762972,12.0774536969967
2015-12-14,14.8158672102191,13.2773157138412,11.707631580823,10.2851826813303,12.6533098088577,11.5063865347061,10.535981404924,10.659426622471,9.23251449151264,9.75100208642909,9.84330207588023,11.1065692549071,10.8965404136944,11.4441171911424,12.9807728485617,13.4289161564927,10.0871769164879,14.4388303679414,10.8744768450826,12.3599396536421,10.583626668289,10.7450274681056,13.3916675274248,8.80053503211279,14.926002047487,12.6813698301898,10.6291032438033,13.013040936662,11.9462571369589,11.9997445040307,10.2114963589038,11.2340916104765,11.2030892152385
2015-12-15,14.1768014426336,12.5821615889728,9.90349588412961,9.72070254694337,10.250072079578,10.4635251642877,9.32526493770956,10.0788414513605,9.44334685208386,9.58644238385486,9.86707114348715,13.7833526869693,11.6273288386065,15.8158389468076,12.3347502261014,12.3516570452142,9.3639075096287,13.7495974555816,10.7328919792869,10.2214263165595,11.7911892418751,10.1380936097803,12.6159889438352,9.25694201567365,10.4390927844332,11.1158621528453,9.56889423916553,11.5792160317524,9.38058628173409,9.663571596603,9.97572871310861,9.36777620366261,11.4787127680466
2015-12-16,15.6746382949164,13.0447170689839,10.2791743906902,9.14005929957872,12.5426776904582,10.2293067491203,9.16114283758919,9.58934974689928,7.63049846815621,8.06733128815411,8.62164818552821,10.6000692824832,10.0817647228917,11.427181700324,12.9624788250388,13.4049215682395,8.34268016136252,15.129446880452,9.91030549129664,12.1131941739035,9.45170311452321,9.68539173199767,13.30156408229,7.85608333808522,12.1678272329657,12.3873769014749,9.25095356202835,11.7026209708569,11.4982635427871,11.5414545705717,8.88169683391298,10.3665505077717,10.307369600116
2015-12-17,16.1282666338495,14.3389826940185,11.8686217305273,9.86171131728628,13.8222443980354,11.0665897308224,11.0370863153592,10.2626292702487,7.94939137377734,8.5818091351538,9.03755883684694,8.78701391985676,10.0172165206014,8.44193392840202,13.4944562636722,14.5848559787697,9.14165852545034,15.6749492898367,10.1837495616762,13.0656590385971,8.81631381955255,10.6853335689964,14.5598178502078,8.01645677805576,12.9166112181485,13.6778601673802,10.8930299086383,13.0476165288278,12.7078918004864,12.6709278655532,9.4464602596472,12.0502745453721,10.438158876705
2015-12-18,16.4182101655491,13.538303795203,11.46779505747,12.9596723620722,12.5515497984836,11.0528333613024,10.859144885107,12.5920467600223,8.44571712545551,9.95353812499437,10.4901678012398,10.2922839681152,10.6395382713468,10.9533309730252,14.4916293809543,13.7123294318002,8.99744733440889,15.8904422803609,10.1808658649842,12.2203482478407,9.47784162572867,10.6220966225425,13.5762978826091,8.24991152818756,12.0669207710268,13.0106547036248,10.8258590629481,12.5812433855905,11.2160445078088,11.33540611215,11.6501898994794,11.2773505987752,10.9594839597837
2015-12-19,14.1619974137989,11.9025209168465,10.5394888010991,7.7032630694743,11.7764468842419,10.4180069218755,10.4398888293489,8.48368173336149,8.20197511378919,8.12690515348437,8.3307657433922,10.7424404577807,10.676322535697,11.3157433275418,11.7088160588744,12.163983507498,9.14997144834396,13.4389814951524,10.3705816767371,11.1772253501098,10.0570680733964,10.5042605405689,11.8648206850685,8.0641638726223,9.30069171936388,11.9982240052148,10.3993056053599,10.8677787095701,10.9671960605835,11.0494026296226,8.21162084870598,10.8380549584549,10.6991540897812
2015-12-20,17.6851920396759,14.6343952326461,12.295062239542,9.61300130459637,15.4144015496763,11.7940057727891,11.5793187697077,10.5117144618702,8.58632285683262,9.37586477005762,9.2231837918314,10.7098697381251,11.3416394404411,10.3563762142267,14.6048934271447,15.2961307712115,10.7668071376597,16.9534306313778,11.7624009968967,14.7986246827206,10.6717243675961,11.775969056371,14.8679330518832,7.51170074523274,12.308978430404,14.8477739803655,11.4612805197411,12.9038021973773,14.5706164135376,14.5298166740449,9.76020651249264,13.0925353861152,11.5117625318928
2015-12-21,16.3762709069998,13.0284987843147,10.2253715344054,11.5119301114111,13.1773537488604,10.0339913077436,8.95827090327286,11.7615080390136,9.04900014705366,10.1803134576625,10.1901824206483,9.97758447124809,9.64906833053725,9.77674557244898,14.3244734856957,13.6403976115619,10.0253497148678,15.9687527014551,10.2066407199062,13.4002387222259,9.83100378502385,9.63119258584593,13.4714498606854,8.17833936448433,12.7634137977628,12.6078074037483,9.00983334224843,11.5360141104184,12.5693100058329,12.6392826674109,11.0426115431879,10.5569066031624,9.77287753131362
2015-12-22,10.1209013351631,8.71326563278424,6.61853062904886,5.68881325591492,7.54579031782498,6.37117565860258,6.14378025123735,6.07936528444309,6.29772917119459,5.66793570567494,6.50028341912113,6.37405730196404,6.29279187169099,6.629128732634,8.33064345263279,8.72404100385968,5.67936416617981,9.77378577808868,6.20181990005035,7.31097999843156,6.0360901643308,6.20046600373689,8.85718066202606,7.51242902085483,7.02428495899058,7.82957767861435,6.13235970679301,7.7158671945024,6.83884822913693,6.96038034905677,5.94201797058686,6.53273429209142,6.37716490214417
2015-12-23,9.85111825125833,8.45923757574565,6.81410932635487,7.93142790270239,7.73790515498191,6.56427746899397,6.45562401667828,7.8491853404116,7.12600388098415,6.99304536016208,7.74739235744078,6.59557175394261,6.55941831472029,6.73538949230152,8.88640788926837,8.51972318059303,6.32548400619621,9.6085048486465,6.53694290731541,7.73078552436307,6.37672468210874,6.51826625797447,8.50080279247737,8.17456730249978,6.7456195626673,7.95821445825902,6.4233338149102,7.59077536047737,7.16022279759371,7.25356726629737,7.60663309279864,6.83842041406104,6.59476822406821
2015-12-24,12.0581883614049,13.3757474046081,10.595816767117,10.6386097157574,9.90876438207227,10.462712115465,9.86549397853777,10.3511228274788,8.63491891912135,9.0706891216527,9.65812667011991,11.3419231762074,10.5975625642043,12.8400532043538,11.139590207918,12.584025401937,8.2968167777826,12.1481867817331,9.68860968273902,9.42922392459053,9.86787701565501,9.85329626755289,13.2869091433171,9.14196499706971,11.7710303888921,10.9822821573927,9.96497079867928,12.800968963217,8.83096457669582,8.95388413923663,9.98980050476147,9.60066252443567,10.8048709134376
2015-12-25,20.3992372581915,18.0847775677638,12.384577061603,10.3415299756799,14.4873300076434,12.1394340071454,10.9698918615322,11.3212973984939,9.95583748286989,10.2135784172933,10.6892931683959,13.2341166983903,12.2101429540542,14.215690506718,16.416762900461,17.9013130821118,10.7124742511229,19.8876554623898,11.961295776917,14.1356269872557,12.0606068488761,11.5356118278022,18.6455886197335,9.65676933065803,14.6248960094343,15.0869494679818,11.0742014120904,15.6215038995336,13.0186103078296,13.3221132493432,10.8234312209417,11.9748884519659,12.3463889972136
2015-12-26,23.3190516775846,20.2340653054843,13.4243360942025,11.7896844121032,15.831652621767,12.5852902256648,11.5778884273562,12.6218650110724,9.71856529085758,10.4641954623869,11.2596388157709,12.4579161596303,12.0951187984466,13.2127136103155,18.5230158579602,19.9865799080932,10.5266660163602,22.578774216929,11.8634068366246,15.2580638321915,11.4571291344208,11.7710052990804,20.6865742306973,9.5476965582005,16.1305670624298,16.7973228478549,11.5849531795385,17.4251040254809,13.7123747397845,14.072093995595,11.7627213851719,12.7414903708191,12.4372083731801
2015-12-27,18.5409194925266,16.3794511307093,11.6145431009037,10.6209719691651,13.47471836078,10.9223356422037,9.99725026555499,11.1111123154149,8.97137868985856,9.38680378290193,10.1817710531646,10.818491914138,10.4865965519561,11.4297730085205,15.1916539509079,16.2252226626581,9.2424487398093,17.935016046193,10.3377286785727,12.9834335564749,9.97733852368172,10.213658877529,16.5071285707057,9.32366000292951,14.0305800593296,14.1728672849919,10.010593538211,14.5681183859264,11.8705341032286,12.0903104971726,10.4341840066302,11.0111400029815,10.7794675014041
2015-12-28,14.6616613907732,12.6698618171057,8.82763007132335,9.53681422931141,9.66516433649587,8.77546963699106,7.92165200254764,9.61361758974605,7.91877353749731,8.07403597185315,9.09499176659495,10.1531456707977,9.0904355652447,11.5618110721356,12.289363399808,12.4146815980274,7.18010860646614,14.2677974319768,8.41395686785382,9.50821028240329,8.6898680175951,8.25296263902607,12.8723317322117,8.86294997062472,10.0731616695553,10.5537547078352,8.04043071685835,11.1728945894058,8.3241266964747,8.60374312541559,9.17427557600653,8.23105161981908,9.20344435060535
2015-12-29,10.6137303363758,8.18175979614194,6.16624218154758,5.81647018469536,6.27605732523187,6.16660419297716,5.80103141421657,6.32448301881131,7.641329095463,6.51650595462032,7.48546062089981,7.1442695087535,6.40585770406942,7.65123326682566,8.72153790226368,8.12848203660141,6.16062352693296,10.1357253094148,6.1488202157442,6.46979214275533,6.75336501271624,5.93190454313492,8.39386449939375,9.06383539491929,7.06776662542324,7.02689153525392,5.88124985034175,7.44107347914075,5.62069875586279,5.95895193729771,6.56692816413279,5.65516438598875,6.36836212666966
2015-12-30,10.5600357511255,8.42428482079014,6.46158316472893,6.26791920828069,6.20220277330331,6.61898793747242,6.28544356674035,6.49679487181746,7.24997671566125,6.11971287820135,7.51578889095294,7.81975152455226,7.01342713756802,9.03190939012327,8.6753206757876,8.25253072162302,5.4057183154632,10.1271358795104,6.24950525474772,6.14616865836523,6.72810637790243,6.30819452929755,8.60262441540461,9.40827965421294,6.82766497777873,7.12953573568272,6.39310994526738,7.70710751002126,5.27083480064097,5.57798168413442,6.57650190427165,5.89443180297682,7.05299703564577
2015-12-31,8.89151460441035,10.2441126547662,9.66933691582071,9.2723298684407,7.2401720935387,9.44032639612092,10.0080149791711,9.03397290090236,8.47955432218736,8.80612878511394,8.83178966241811,9.08119067494021,9.32994807462508,9.69812818475421,8.82129509026399,9.42137354659794,8.31737549973214,9.03018043131388,8.51227545036412,7.00420071575259,8.78396563363658,9.20017981076726,10.1628926363529,8.16480343605446,9.43159675634016,8.55075688039716,9.99197637717523,10.600763717372,6.67673808206677,6.8823747472339,9.13906896100836,8.61771377084988,9.47597992774745
2016-01-01,14.2356778816595,13.1674692567023,13.360447939646,11.0732500996021,13.2392964584287,13.7214941828497,13.9077438238481,11.4316663398668,9.94136118675659,10.9302078940457,10.323334500138,14.1231931806549,14.0666466980226,15.0945397552703,12.9895509644966,13.2920720852406,11.9108923082812,13.9339385340579,13.3502250750004,12.7350475469676,13.1659251583996,13.7621041586216,13.2972641195936,8.28203451566985,12.0034942116109,13.3695915694104,13.9420305463514,12.9241167851143,12.8168558853132,12.8345617078792,11.1071842834608,13.583743814121,14.1238204391461
2016-01-02,14.1070532007889,13.6284013430133,13.0625483853899,12.2366133775062,12.263535170077,13.1441586975475,13.5229210864449,12.1494936932109,10.6590731019001,11.1940406293516,11.4260845599692,12.950603441652,13.2055890754671,13.9074465093898,13.1107932186991,13.4004221404544,11.1006484060891,13.9955664509267,12.3344210539801,11.81543951128,12.0882100328486,13.0209168236683,13.7817259429492,10.5494455252706,12.0732562478513,12.861341201607,13.5226807657286,13.3287070336055,11.5465690318452,11.6369408319742,11.8432738364994,12.8473939937013,13.3753912327926
2016-01-03,13.7399294134091,11.6297176640813,10.1373162849552,7.30744781571994,11.2011623481557,9.97252114523766,9.60337308151263,7.92556848906146,7.95199962185461,7.25785084146117,8.24201085624735,9.44399580876513,9.61541480743882,10.0214535043229,11.1771280167249,11.8663770407173,7.84650235800425,13.1635006070103,9.28657252804979,10.5495843751817,8.69654920689871,9.5515243660986,11.7870208817794,9.3769291858629,11.1258478389216,11.297494887186,9.6188593752507,10.9128485575347,10.264183364965,10.3136822243817,7.59311263042946,10.0898763043733,9.89041955682569
2016-01-04,24.4307295515096,11.5837251765945,7.86885848787756,7.94329517113604,13.9428677257908,7.93728678630832,7.3352671848278,9.45501113486775,7.96967788389229,7.52815630802235,9.1535881764594,8.92017115380027,8.4306995454407,9.10457337261042,17.8543832059066,13.7222814544393,7.84157850793357,22.2095419690956,8.82440143333828,14.246244261235,8.30580351661941,8.24987563535623,12.3855891060284,9.27402422148311,6.75351397806128,13.3228119301162,7.3146422506176,8.01936369614624,12.2898328928216,12.7488066198121,8.6427107912828,9.59222626652059,8.2965853226196
2016-01-05,16.7087295667955,14.4211273101723,12.0651000810447,12.2272552813976,12.839232802384,11.228174747523,11.6138799151577,12.3605574326094,10.7542234013686,11.081142142873,11.7183835031779,9.18224650882769,10.3277751555856,8.56122145171451,14.683720099131,14.4527549650329,10.655838018716,16.316686968083,10.4841173344882,12.686571753438,9.75750677517574,10.9918007108831,14.6873823696779,11.1339686911184,12.7646531023372,13.3046995783605,11.4592772896021,13.3427137842658,11.8546322621819,12.0473281386642,11.9408520430678,11.8397625058132,10.6074396752215
2016-01-06,16.0306380458972,15.0117367725294,11.790432039081,11.1091984437208,12.8580075116032,11.4609324305343,10.8340506292463,11.4417442732134,10.5695151475538,10.5336196815246,11.1818598608296,11.4212196871668,11.1744648611333,11.8109695680382,13.9701423039791,14.8489393876997,10.4222405950392,15.8116817142607,11.0754007467433,12.6137102779662,10.9014521908696,10.9828478254516,15.2875483397617,11.1648060959206,13.5780832461948,13.222182399803,10.8662192071951,13.7715413154002,11.9396957477532,12.0822032243605,11.1002645640843,11.4150389611101,11.3612028174186
2016-01-07,14.1356248461168,12.0159524901227,9.96363818818757,9.6700649627066,12.261146906287,9.40955458112732,9.46675947571683,9.94025485858082,8.32020376026366,8.70431547048792,9.11696252351036,8.31902530459622,9.01564109789865,7.89601996721315,12.2625400159066,12.4145552135687,8.90401846420633,13.6989121398703,9.36737424043998,11.928827296685,8.46385530716598,9.4768327067211,12.1511939904122,8.53804002022681,9.54072090328359,11.9668031523437,9.32714102127969,10.5603028600653,11.5478640450454,11.5293633407698,9.3513209451932,10.5495246360802,9.14207266460431
2016-01-08,12.9013669873588,10.3519863404211,7.5909758543119,9.56329696554918,10.569671037224,7.22891750666265,6.87727817117791,9.60419112800984,8.25558961274408,8.30943587090231,9.11776089388341,7.17258704792454,7.19346957208222,6.7875726790034,11.4045642623221,10.8376619229435,7.71825324451612,12.5766752739028,7.75372988184228,10.7066741774335,7.24236961581881,7.36844382250068,10.603716137714,9.29722686790291,7.44579253710365,10.1065196041631,6.79855664018373,8.47085624705922,10.0167381323951,10.0402608191932,9.09021683838093,8.32582295097309,7.16163873229955
2016-01-09,14.73933345401,12.6294222470267,10.2016918460344,8.746296686694,10.9456474853156,9.64199071658736,9.73068371534072,9.11549315288454,8.11997462094387,7.96496335993766,8.89293610891629,8.3482643838177,9.03173940247688,8.50634163645383,12.1773597888255,12.6249769341987,7.96091413971935,14.2510989236007,8.77898801259382,10.4511471903607,8.11090607301279,9.2856058338542,12.8655479010262,9.11724438016907,10.854915595593,11.457270195015,9.65249237567022,11.5397865730873,9.77660037318722,9.93819750579311,8.70050393971117,9.94644713012084,9.33619709378442
2016-01-10,17.8482539678782,14.2309708783301,13.006084886132,12.1783486925633,12.3750505959414,12.4675169921625,13.1473359606894,12.2373312813904,9.17664031299856,10.2824097539918,10.753128836397,10.3767147283547,11.6271560058545,10.7842180560086,15.1508201822193,14.2620786377748,9.91221101458814,17.1450481296161,10.8379177736576,11.9073082601549,10.0924952258931,12.0101267568403,14.482614661614,8.72283477022255,13.2286421234305,13.4240311384277,13.0510145551323,13.7791493894147,10.8953208799187,11.1965480962942,11.614272092931,12.4068981537779,12.076966564475
2016-01-11,15.1533733627774,13.3675408545104,11.4320189625652,12.7205609480165,12.4240195734417,11.3992576410721,11.3943737792355,12.8339715046973,10.4363545674001,11.9693203642593,11.2317380125092,12.1626604896618,11.7969859889608,12.313401378843,14.0919226229402,13.4498815511349,11.8990065517676,14.9321776305421,11.8010916831026,12.665530419968,12.0054712969884,11.6023673270298,13.6033106455678,8.22152135361158,10.5587167384113,12.6530544923479,11.3789918413965,12.1207790036755,12.0171830283302,12.1940708098022,12.4851473812594,11.6553871789885,11.6583051256131
2016-01-12,15.2858043830448,13.2238592356022,8.80658868300827,10.296312129944,11.7809859742083,8.53022408520583,7.35869523096569,10.7060887649371,9.38208631631077,9.80872403029041,10.0132850114948,9.83185018519735,8.74873110186292,9.80453638245813,13.3022422256297,13.3939094444617,9.51798872823171,14.9933459446372,9.34659245035944,12.1053970866128,9.57732065950431,8.35468547773394,13.5301807982803,9.05432806133654,10.532720378419,11.6677910614138,7.41066166002587,11.0710510251399,11.1485799268127,11.3117696366173,10.3139186508109,8.96592077913111,8.63429555629992
2016-01-13,16.7663820858368,13.4900807874132,10.5657592078364,10.3971305064608,11.5462548114268,10.1805061228896,10.0246691010542,10.8621650760178,9.19466091430818,9.81194792789368,10.0385414651758,10.352702420442,10.1613016670401,10.6867841314337,14.1030831754497,13.5500015077385,9.68334179694213,16.0784785837573,9.97123026110922,11.4963288238889,10.0184184821786,9.98571909647452,13.6666410107294,8.53797391308366,10.9267820566963,12.3102831647858,10.004432722489,12.1208474530881,10.4240795964286,10.7480491800739,10.5131630017014,10.2621675429451,10.2255846527082
2016-01-14,20.3774561970965,17.7652705964699,13.4562050618517,15.9345504343819,13.7961776106955,13.1790812505717,12.6442430720681,15.7888882912177,11.7103625634313,13.6608039788997,13.5808289832779,13.8352462979808,13.1689842553332,14.6858456768932,18.1396330510776,17.4032918154014,12.430504360305,20.0868821769602,12.666375153665,14.0775921509278,13.0656535297007,12.6328343414906,18.203649429863,9.9507775780888,15.1692542814233,14.9798359754279,12.7201050196814,16.1704262653289,12.4328257306756,12.8713480575684,15.1675634471366,12.5917133806076,13.3014164810736
2016-01-15,17.0467351444489,13.7144348444453,11.2933407336989,11.3085851271583,12.2863741322073,10.7589569889408,10.9391697982551,11.6358064250642,10.0537612451442,10.456661085854,10.9617491395587,10.0643742232121,10.4658725124155,10.0483563174472,14.5742278096492,13.8685808004768,10.1870599228194,16.382314762361,10.3740770259261,12.1783744795329,10.0609071002274,10.6414126113377,13.8940437778078,10.0319801678104,11.2633958113859,12.9033193071284,10.8506205874349,12.4505279322395,11.2008444885647,11.4703225908571,11.2514243281704,11.156561728526,10.5956508320982
2016-01-16,14.4018808585383,11.2382911600119,9.5491497272393,9.3271412985701,11.4827454707234,9.86323772076864,8.89027534982021,9.71797487413241,9.87053156774157,9.03855209581033,10.2137181902938,11.4635983130134,10.3594666671639,12.5062681214106,12.3290737479018,11.7276424219619,8.86491014917426,13.767969288921,10.1044643457135,11.3803581231196,10.2121255888351,9.63697199327346,11.3491853900344,11.7166795129825,10.2086575949123,11.3781202310158,9.0226426818314,10.1978034341281,10.7821859425181,10.877852243379,9.46680237827686,9.7980871181231,10.3435508315526
2016-01-17,17.2205151601646,14.1396975832017,10.0686993535724,8.57524738538275,12.5630374200604,9.88440528231839,8.61870220404168,9.48256777479929,9.14434588391636,8.7860418545609,9.51070295855706,11.4498436955548,10.1867380824876,12.2800576360658,13.8684500137751,14.3400346167552,9.15548397619612,16.4133235688491,10.1698952392404,12.3199276463928,10.3742859699331,9.46530761502341,14.2351753054778,9.70430851223625,11.8073610472017,12.8979415741076,8.72034821094992,12.3116371638111,11.3977099933231,11.6219957196736,9.14372864937265,9.90288874650978,10.1982443226224
2016-01-18,19.1798004110698,14.5746016346884,10.946273784259,10.511655728996,11.9900545700338,11.332177426179,10.1811609888418,11.2057391403153,10.5221819533459,10.2679802032066,11.2369793918843,14.0437793990544,12.1684758278917,15.9528495943499,15.6007397719409,14.6847379767576,9.90074976235143,18.2564493995822,11.2950272747186,12.0217615357542,12.1592940199321,10.8345191691032,14.8846222930811,11.1652956619572,12.1774770626452,13.0064912855232,10.4089311497531,13.0081822662938,10.5743723143945,11.0394042942647,10.9920571726923,10.388517192491,12.1352087777464
2016-01-19,19.8046809563724,15.9031541444568,13.5721686511515,10.9708145032241,13.6075126064788,13.0450434129101,13.3490456393602,12.0771219031986,13.5217416540133,12.4384653568298,13.2130898573605,12.1378168729775,12.566546508555,11.8262905581341,16.4474494847407,15.957196167779,12.910419194964,18.9649137031039,12.5101187025544,13.5859748646058,12.6271556946315,12.8031798077251,16.3004029244987,14.2291676486458,14.4826923356112,14.5875371205663,13.2897318819768,14.9462059126925,12.6190307395596,13.080789215494,12.3189869311508,12.9864869220208,12.6908298397926
2016-01-20,19.1162443989134,15.9707105688541,11.3149283372796,10.5642720708643,13.2665988563013,11.3712077116619,10.4268136588968,11.1667631310034,10.7919375343873,9.93867437310322,11.5658510277474,13.1897877591961,11.9481068356285,14.7505152935127,15.5422905367127,15.9700138399983,9.57887899975984,18.4604321014356,11.3032609300688,12.9376616360498,11.472808610741,11.010401161455,16.3502787132452,12.9448138808257,11.8477091063377,13.9212208284234,10.5429617941184,13.6793370950341,11.75667245608,12.0469735921511,10.7851998572549,11.1778776548858,11.9925384246011
2016-01-21,16.8012132082367,13.7125234120681,10.5517191392412,12.1845424927338,12.5211152462836,10.5054289676402,9.6488467099075,12.5560310951691,11.4071218188468,11.8708275297337,11.9693111217285,11.8627316213593,10.8220753254175,11.9993768501748,14.9347946124068,13.9715216955458,11.4555437315472,16.369922978155,11.1296545719271,13.0193908122953,11.6191373287053,10.3677331198242,14.0460591226109,10.8026237956932,11.8677360123853,12.6630434378153,9.72797360952119,12.1392585908003,11.9653890500366,12.2346503271385,12.3305253315462,10.5614310737899,10.6882077763456
2016-01-22,15.3190512864012,13.5956924733691,10.9158471426249,11.4841251566861,12.7740634958747,10.397730253055,10.3172019236573,11.6326315796465,10.3322794696905,10.5009630625385,11.1090416818059,9.76579606233266,10.1149583465976,9.48488187507141,13.6430271275517,13.7511314630478,10.2151997341604,15.0277687930866,10.3913531834604,12.6543273977912,9.8523122597901,10.3756152978258,13.8000403526028,10.9113442099595,10.9786727261638,12.7757319398713,10.219858080029,12.0737173570477,12.0395433983451,12.111801276075,11.188147073708,11.1823415177513,10.2023846211586
2016-01-23,16.8131651918908,13.8541288973843,10.9425406614964,14.6663912582233,12.2094121022024,10.52316437758,10.1697001040892,14.4036747702809,11.1570673647351,12.746091769818,12.6152446823187,10.4396688136614,10.2724070462754,10.101976491067,15.6068839993113,13.9728743601672,11.4612269571716,16.5558071184221,10.6019632047311,12.8504590034295,10.7453687401067,10.3051090369343,14.1886944280695,9.78921477822478,12.404200785745,12.5944133249835,10.1577201322326,12.561726162716,11.5233346500128,11.8172687858762,13.9103681396992,10.6969708812465,10.2957992701003
2016-01-24,15.2446550119215,12.9872338155527,11.5481024586329,14.6039130040224,11.4102923666407,11.424195359348,11.516185446517,14.105914934182,11.3188648160262,12.5321005493654,12.7230139146459,11.4524852496734,11.409540336398,11.8275782117126,14.5306466684289,12.9384087712176,11.145494049703,15.0491243471939,11.0470850350982,11.7608073747328,11.1862976876189,11.2647878934185,13.1912241724749,10.749603920416,11.6800019811961,12.0967511188131,11.5216396770078,12.3774945390942,10.6980107238921,10.9589133410383,13.7208881345865,11.187511187492,11.4770545026731
2016-01-25,8.80977902787807,6.91945103310888,5.45415550877851,5.10758101055692,9.33216514109517,5.32280770522334,4.70400474874506,5.50614626296718,6.1316361776673,4.98846912077663,6.15043438359877,5.69177029596461,5.52746104240362,5.45519772886142,7.44827958910042,7.74390221389958,5.37184280435435,8.3635292595517,6.21549260142169,9.01987097629385,5.40866670123704,5.61887238585514,6.88011571300487,8.53502920926141,4.67293157971275,8.14506810710388,4.63964026100185,5.34536931095445,9.11962088385464,8.88361051001042,5.10431248756088,6.78065577237617,5.44413473662926
2016-01-26,12.3411259770621,9.92825512014037,8.51917711177822,7.25400639675042,10.5091468060218,8.20816105908382,8.28075262073674,7.68355008557589,8.03745189685791,7.01945531400271,8.28897815702861,7.34024891413833,7.93753937089367,7.2112941401168,10.2880529727485,10.4080992666089,7.25246870737758,11.8306034615687,8.06853161097693,10.0851213411339,7.22744843010718,8.26654230648437,10.1136593988509,10.2270737575824,7.91023262753469,10.1850344195419,8.18120614651374,8.71200858456158,9.84355286306897,9.82554018450379,7.37045134369142,9.14287879580157,8.067058750504
2016-01-27,9.95151779471681,8.01353385435818,6.39355709371637,7.50277004429701,9.18090235154665,5.77561965279638,5.71017879518648,7.79246082420917,7.95772083134184,7.56860492188245,7.98293050340893,4.96561897232575,5.44395623634164,3.59939245026169,9.07826671854817,8.57470744155077,7.54132643500039,9.63430060800874,6.56784317065672,9.42728677275322,6.04660289554993,6.08573545484773,8.07321504396272,8.69538635006779,6.33303009571011,8.50053349943741,5.55413261602409,6.71620373656405,9.1446003600734,9.11450566665581,7.61879136294673,7.17518142389576,5.34966744786541
2016-01-28,11.3159609430246,8.49847498659291,7.49577878089272,6.25837651432357,10.2683224837865,8.23877042648036,7.22139817154636,6.85802919296638,7.86383153377448,6.62426330723873,7.73897868276182,10.851767096811,9.36221642552981,12.2392076963175,9.43123527359095,9.25425965179382,7.1553440791502,10.6915462786862,9.07707732576879,9.97041264657877,9.1325327986134,8.4019063434748,8.5748728606858,9.97722320139861,6.41887698456194,9.56701335918562,7.37300701297458,7.21372322723278,9.90057577593417,9.82688472825695,6.63862455905116,8.51396493733379,9.16888120146412
2016-01-29,10.2411034728832,8.15909249578275,6.37870511937239,5.25660893579831,10.1765751542788,6.75260257273813,5.52972869201632,5.90483879530977,6.50016535360707,5.56646268706712,6.4015929823294,8.72927280346467,7.50966563531724,9.41038651190101,8.46326227052172,8.94784077209739,6.31858773242751,9.73678812125326,7.81678746778491,9.86538483987803,7.5486353582103,6.89418997810453,8.20194044111058,8.14938152784471,6.09543154583933,9.08376643605603,5.61987749190631,6.53683723719212,9.92057638254065,9.7401959471854,5.5325891985203,7.56325258116568,7.3448161128295
2016-01-30,14.614700766692,12.7969665598019,9.18181542557395,9.05280623779032,11.5258280985022,8.57527851166079,8.08555096557183,9.51871136152422,8.88797531888885,8.6894232077566,9.38714872876474,8.67427469992795,8.47848609948858,8.53729868102301,12.3810788730035,12.8942096763662,8.64118143160438,14.140189921175,8.85249966981791,11.354696920786,8.5717669935845,8.47853594175764,12.8496680968744,9.63110707056884,9.75343969752345,11.683646075426,8.01939925556603,10.9926633219967,10.6378078118166,10.7568014513901,9.16033160742919,9.2879640524205,8.50145148512109
2016-01-31,17.7181669616525,14.5534833280004,11.0824783545183,8.33552505891841,12.1298193625812,10.8423056786452,9.86992128948921,9.28359076363081,8.95060086006905,8.56659510122566,9.3737319402308,11.0584084226178,10.4911605540464,11.8768945467671,14.0112325791215,14.5838452692414,9.02687326805807,16.9611489945254,10.1361970209126,11.7486380436835,10.1484257518963,10.0361070512701,14.893517053678,9.50953628423958,14.0519591156838,12.806168995282,9.98187007043998,13.3804632957459,10.7854581307397,11.0926225687181,8.99508523353452,10.3614325534637,10.7682993686879
2016-02-01,16.7897949179118,12.9777526563034,10.4076891684682,10.2228573809226,17.5262687497524,9.92493859666629,10.2459943595458,11.0058319106822,9.64522983164178,9.78845059236639,10.0989450718233,9.78825719101346,10.5338779140959,8.52290637384225,14.4145831361458,14.5252198678148,11.2089743700051,16.0009104958228,11.9790426941481,17.0596929912626,10.2331838601766,11.353129028379,13.072519635585,10.0695693722537,5.05149285011799,15.4022685101105,9.90056659064324,9.30042223960447,17.3031226507779,16.9216966419745,10.0474196340128,13.6017946719869,10.1654987473355
2016-02-02,13.7905912881772,12.0223647907364,9.28137284237891,7.96552806679539,10.6966599269918,8.6935845824817,8.07318962062217,8.53809931470236,8.78122247334519,8.06586504726623,8.98166245145443,7.76106973006162,7.94591543835455,7.44266950958942,11.5021716103783,12.1063572576653,8.16997888496677,13.3822061698649,8.28314225406699,10.502652945569,7.90362532556923,8.14548090003157,12.2450406876656,10.0775366333432,11.9480281832799,10.838695074623,8.06047803190236,11.0597919850841,9.89910120547684,10.0308855429838,8.33712507215393,8.91998673411559,8.1931254170323
2016-02-03,16.0663381717742,13.441988966618,11.7222465166821,12.2267055030187,12.792241701319,11.207879918413,10.9455350598757,12.2505771165222,9.91990019407565,10.7078873883528,11.0886846619583,10.1715525499659,10.5779535473498,10.1265274602479,14.2750038341874,13.6679725124115,10.2703735451578,15.5566603172957,10.6049538797673,12.6500671770491,10.086239713258,10.7835085185684,13.5026201190828,9.78606343737177,13.2148943623023,13.0604675960802,10.9057330159152,12.7780296484477,11.8665630862515,11.9954211022726,11.6806930728438,11.4701319827889,10.8410042683793
2016-02-04,19.1791744443281,17.8136042317943,14.3470204519666,13.5382414195924,15.7183565923781,13.3736318670474,13.9103855944305,13.6341095308106,10.0729336183485,11.37527358323,11.7337784407959,11.1575247473834,12.5609048280058,11.032281202016,16.5774117566139,17.680229528911,11.3790466777413,18.8350874798419,12.3958128318733,14.9576882877678,11.0974987727964,13.2151064546247,18.0491452374562,9.59413697242474,13.7513797329122,16.1860142780697,13.6933306209701,15.9779818816132,14.2635774042582,14.3364685526972,12.7077639538539,14.4052483397142,12.9313558002434
2016-02-05,17.7570191510075,14.3666376862909,11.7017110569905,10.6174635494897,14.3200851063567,10.960174280799,10.9221685574473,11.2075157979319,9.52494697629715,9.88391674866088,10.365062344214,9.39919785825938,10.2634756731511,8.79235368238685,14.8670292491098,14.8849523185228,10.3203301279339,17.0531300314779,10.7147862374251,13.9586734991182,9.71251069645896,10.8500349215082,14.6078476839912,9.60224526323382,12.1554015301169,14.1305664402913,10.7741684504122,12.7047238759113,13.3288443790954,13.4026260949129,10.5658520409776,12.1430322120048,10.4783262205797
2016-02-06,14.4967849972494,12.1670622588714,10.0741972717512,8.27088398177033,11.4952082143109,9.72568430853678,9.43180407855822,8.90584265579612,8.64313089602456,8.32908751311835,8.93476159664152,9.18032688827502,9.36489466394078,9.22151629705169,12.0547327923082,12.4043882066696,8.79517071552842,13.9505567121036,9.41613446125738,11.1564344521532,8.98483073892721,9.45744163297801,12.3734562380128,9.24642211438136,11.0170635430165,11.5935767068691,9.40488378597417,11.1129802781454,10.6834008206585,10.7961275505484,8.61545706035665,10.0855552314038,9.5340834368827
2016-02-07,18.0856111289995,15.5446408447205,12.8886703336024,11.5506115096963,15.356713060492,12.4317450894392,12.8946563870133,12.1952216276053,10.3912516953709,11.1520258431722,11.0661268143706,11.8246038812413,12.4773408102029,11.5643241428239,15.5100630074254,15.922429616918,12.0134937199293,17.5370337306736,12.6705154161871,14.9264141696439,11.8639761986975,12.8634251797609,15.8322600722444,9.43265574074808,10.6076750033345,15.2051918092261,12.7135887599139,13.3930390480145,14.5420560347364,14.595991631047,11.6136655747729,13.8028000889356,12.4611461635845
2016-02-08,17.0584693204687,14.4580973436394,10.5691617797512,9.6936327150428,13.6277529556659,10.3117292098544,9.65134538339855,10.5501375537297,9.98731331620537,10.0020693137607,10.2501533527318,11.3246874506832,10.6573370645222,11.3989070705617,14.2836011947995,14.7816482985872,10.6191576494106,16.4924760628327,11.0530993768579,13.5264004122249,10.9701947296014,10.4073531193929,14.7362988757632,9.79170422262645,10.5465981856119,13.4862577170558,9.63381439769054,12.1524607973197,12.8720482843146,13.0048960197575,10.1942154170822,11.1048437771996,10.5347271375345
2016-02-09,15.4472817216089,12.3553678941437,10.3410943283362,8.73956916062068,10.642631045997,10.3628692693882,9.29373568169601,9.36200011276646,8.49525523753087,8.69914799950127,9.00403927566852,11.627122454166,10.4654285711268,12.8815230686336,12.7444318997061,12.3942721555158,8.83679616727624,14.6127698772923,9.88047316415151,10.4371142873902,10.3773974089913,9.62037403077979,12.2873697617948,8.14680589059996,12.8645957512591,11.5274828109554,9.46918775081619,12.0076820595748,9.5150115517064,9.82580536806782,9.14187873422483,9.43223192192859,10.6182385482039
2016-02-10,14.4299729699101,11.7836777000332,10.871809655403,9.79393442442216,11.8022382265026,11.1111904380351,10.2689058975532,10.0879264144503,8.67897408568502,9.02087653846126,9.41160057949743,11.9375508700763,11.2267688602583,13.1099976169113,12.4679714292917,12.1230642425366,9.17594231476732,13.8210420878749,10.6979359294277,11.4640376374119,10.6224536075436,10.6194363390476,11.8076733968194,8.76468195259977,12.195293197356,11.9277455431306,10.4050046585985,11.4324387326149,10.986607733586,11.0661642201377,9.63276350195338,10.7194201329713,11.3943306068296
2016-02-11,15.7895160881749,10.889515456079,10.5685919992769,7.58076448624868,12.5813625909968,10.1679736840035,10.3560082490993,8.69102245557155,9.74764436016484,8.78861215070823,9.44161622159828,9.13755436449186,9.80315087649172,8.56023228474396,12.7811948312793,11.7993944478771,9.92991740047784,14.6203963849436,10.1736372641264,12.2678488288971,9.55472345562817,10.2747150408468,10.9022092091924,10.5904670130241,10.1799018683104,12.3740383992807,10.2410228852272,10.1527910663373,11.9572484604286,12.0821066130648,8.59027409202883,11.1251274320222,9.87515143089806
2016-02-12,13.7129539088957,11.7806967038291,9.43812804617938,8.06009516837783,10.9454001716189,9.05079497955309,9.2443448695475,8.82199914863411,9.13804060189513,8.86721817172188,9.01660294620348,8.92270803731178,9.0998034071573,8.52999589709161,11.6393533156847,11.9358519762324,9.53013376756203,13.2649759947626,9.40176427959849,10.8440721183468,9.24370561092866,9.29897658547215,12.0131124966417,8.99012916083562,8.55012583133133,11.080156491062,9.1406160373038,10.2628252227861,10.4364294782448,10.5945364274029,8.76491698719721,9.78284348688659,9.01869950768495
2016-02-13,13.3707349694519,11.0756306898638,9.31943636386064,8.26279845118664,9.99844083561012,8.80090709133241,8.33204013754127,8.88217534645756,8.87771884242234,8.79482989144227,8.92434015561214,8.01666582662886,8.11264918541712,7.49744907426288,11.4437472242474,11.2011873313198,9.03824823424804,12.8614066735768,8.49632875121175,10.0904298659497,8.50528434019389,8.30696008530871,11.208335066393,8.57977703025473,12.0420235603415,10.3372716750747,8.33443048303211,10.6877749601528,9.44094467533807,9.66682580061908,8.84046480644762,8.7498116392318,8.27925666160846
2016-02-14,16.0053924938947,12.564390748327,9.47974837675846,10.9712208619758,11.9533628863122,10.1846424063695,8.0511795066464,11.2941069407727,8.7411850133806,9.98369570457302,9.76423888855674,13.7802933645376,11.1654145442481,15.4876177739784,13.9206059455936,12.9908258916795,9.71013644602775,15.456479082584,10.9108310809343,12.3095566189729,11.8211997456308,9.62976022306601,12.7920010014138,7.31886940368056,12.152283551504,11.8809080909204,8.38176853313427,11.2090735469661,11.253801454681,11.4491868424877,10.7366027918146,9.40361291143319,11.0274841969467
2016-02-15,14.9368030417559,14.0782302544156,10.5209198940022,11.3083663282711,11.2590915045767,10.294643586764,9.36111494885598,11.561636798264,10.1611700214395,10.9139622108289,10.757314680549,11.9359093214716,10.6463793194479,12.5978977021901,13.4263928372271,13.709984306012,10.5191765476252,14.6653735126796,10.554524338771,11.4160875279962,11.2618960817042,9.92078357347194,14.0551457998076,9.06513070995613,12.1893983466486,12.0886655816872,9.46009235367646,12.9205997057123,10.4619404676964,10.7376449682393,11.3722741643088,9.80008319856828,10.5822057636874
2016-02-16,13.0546743342275,11.0223947918145,9.02661896852984,8.45028116481575,10.556440850502,9.02285667934879,8.33405544632927,9.07050383587698,8.69913454302365,8.97340669409162,8.74264705686408,10.1491187912321,9.31736567792344,10.3375295353089,11.3817593474816,11.2548558015135,9.44670491098449,12.6105968725248,9.52763795441372,10.6670632581862,9.84916562260874,8.93614660909402,11.1445806744365,7.77644289899315,9.85956907854043,10.583248830229,8.39650170266231,10.0066154557234,10.1855108295531,10.3334595825167,8.94624973166388,9.090794819404,9.21279058705893
2016-02-17,13.6893705895146,11.5340448421044,9.4791287250474,7.1283020381814,10.6623105771617,9.15838088030245,8.77747964870033,7.98590649166899,8.3846348796877,7.9653837723601,8.27542795015581,8.88483924356791,8.85394935131177,8.80767033811192,11.2605746813236,11.7102059008348,8.73440438801159,13.1375733999426,9.00929703031513,10.4306970404942,8.86236346089052,8.88085194348116,11.7328969819369,8.50195935128552,10.7977351222383,10.8383241278685,8.77411084757656,10.6251139692645,10.0060975694491,10.1650282974852,7.89009916323229,9.34042850890016,8.96252293728444
2016-02-18,12.7349195603948,10.9301742957504,9.57193373522083,8.59758636652478,9.51375357486817,9.36105580163865,9.04090953087804,9.0911125179122,9.30286197667353,9.12889995226875,9.29504942485111,9.08927574317152,8.98130645730281,9.03537791311529,11.1495534535405,10.9102103906593,9.25061208464286,12.3825303381551,8.99095575430471,9.61650130888707,9.21378983419863,8.93919553590909,11.153740242107,9.14264800720775,11.5862064579492,9.99777186215978,9.0858301919339,10.6834350744288,9.03312319673311,9.27642718839114,9.15304697995857,8.97338726841644,9.10320281544473
2016-02-19,10.5729583274878,8.47769843035391,9.01632506705897,4.02840071898787,7.82144665014256,9.16570484393511,8.66595385040933,5.07931865396256,7.33329009128854,5.97914366937054,6.52246362077968,9.04260396572689,8.76540118456626,9.84031860575501,8.25333667590659,8.549710176627,7.16761992003002,9.84294685711477,8.13545613943229,7.32857570849002,8.38123666366032,8.39690429826832,8.48107487875102,8.18708758454073,11.667582600583,8.47376516396425,8.81716075832686,9.40711795365328,7.23077555625734,7.44317671802873,5.40192871918011,8.0488771950863,9.04954056547262
2016-02-20,13.6387684249655,13.8482493815082,10.4096490441356,9.20958410096155,10.1551779858437,10.3858600803431,9.35106124487226,9.54708562024576,8.33950723156522,8.87203798583827,8.9120636620737,12.1641725347686,10.7518411757204,13.7070431135508,11.7889000308697,13.1731518163091,8.833910292089,13.4388259190258,9.99869792027768,9.82274060506926,10.659260180049,9.71363093899495,13.8240691715885,7.61972278798507,12.3907691909408,11.3030419725912,9.52100104009116,13.0348439233943,9.07409352303446,9.32473010516446,9.33462245781154,9.30330048962718,10.8462266474878
2016-02-21,14.8229765077863,12.0535586486802,10.106487402112,9.63332088681423,11.0453740708389,11.6608612403124,9.22305106141406,10.1865352851155,9.97295877932613,9.900571568857,10.1732510801782,17.161116434384,13.4341836867537,20.3418007121306,12.80720802239,12.2621306802929,9.94526301611035,14.3079776325029,12.2589366729142,11.2202305272533,13.9109736164808,10.9799194386663,12.2898599520817,9.87807186066278,12.4897974495958,11.3166287085785,9.7531366962667,11.4131386316734,10.4563726346562,10.6971823488321,10.0934211459239,9.69980412183164,13.2153212914199
2016-02-22,13.0637172602695,10.7060077366239,9.70910760715212,9.83136841358448,9.2021812172495,9.42073071000317,9.38966021541557,9.87791116088691,8.37245779667317,8.90791646092743,9.19902131602369,8.01626327822376,8.58575679523836,7.96406979996679,11.5422913111676,10.7225567165887,8.42924285391286,12.7792124456972,8.36804873092507,9.28261466538889,8.16360907099326,8.82142510244442,11.0926595830299,8.12470335655796,11.9928001649753,9.74441871223693,9.40627505493779,10.6537797068144,8.48501275431389,8.73205422157169,9.62655011074734,9.01543108340942,8.91189971429919
2016-02-23,15.4247824587112,12.7127936200485,10.4306777697478,8.88556534450997,11.0069299043305,10.9099433076221,9.47568899306828,9.66016883034712,9.27596666155404,9.46025969358142,9.43790743545813,13.4089231110234,11.5036229091231,14.9532285030953,12.9299916967745,12.7671357076819,9.86800242180334,14.7962306776356,10.9341007853472,11.0269713738855,11.8620835706109,10.2665281553293,12.8901645072475,8.43924226028797,12.9589680463538,11.6063800536835,9.7483221068571,12.0888052926525,10.2166895069125,10.5211067231625,9.57318397183805,9.75032530333788,11.4914923470734
2016-02-24,14.2972257600967,12.3916661948802,9.9050045571599,8.87815703109849,9.37017721357504,10.8109895760278,8.93385471967641,9.18933902706802,8.42598262319754,8.3237140840003,9.11105024113784,14.1040532821701,11.5915304401184,16.9939629605419,11.9467509433359,12.0893889017733,7.8851413444507,13.8985892149144,10.147677235247,9.21022462592493,11.2774981410294,9.70369217147508,12.6592743447752,9.04862562497858,13.3572417383406,10.3841569725558,9.36152728031837,12.087307897266,8.20921933417588,8.53416813435865,9.00368432733121,8.66975657678691,11.7393449866909
2016-02-25,11.440220040253,11.0355815142456,9.41117881769871,9.64765076364961,9.05239285844169,10.3749953268233,8.4482738323476,9.74155874480347,8.85591690198229,9.37773366147155,9.23092520883505,13.9600845275424,11.2960239592987,16.2207196458957,10.662765544639,10.7549373362668,9.04185507600198,11.395088903523,10.3937508724931,9.244089775168,11.7304145795037,9.53110584367323,11.1691931267322,8.07633580084429,12.702763615893,9.57998780633987,8.86373101484657,11.0704580221308,8.63697388097588,8.82991834522736,9.66768280656642,8.45340274252191,11.2612608652181
2016-02-26,13.8405922823646,10.2749718969115,9.53510738230952,10.135123693543,9.8639894506327,9.54079990052102,8.87715550374122,10.1382420514363,7.95544824845628,8.72116496063409,9.08652998112352,9.35504425007491,9.12133847445497,9.97470378008441,12.0807499366835,10.6205733529908,8.1367107219303,13.2456600542093,8.75953387885532,9.91997082058094,8.70434719552758,8.85170765553643,10.4319203759965,7.73307237618322,12.0504081934581,10.2183558784547,8.99030797403716,10.2673812885293,9.01956881316297,9.22754435613151,9.67921900897386,8.99550405050623,9.39551285169171
2016-02-27,13.2966263207515,9.6142729206204,8.92563162252756,10.5214604868842,8.89788986993181,9.63928280263351,7.79552140268138,10.4093048630737,8.28511869821224,9.11748414855741,9.39508353732833,11.7486120914102,9.82898887861478,13.5018129980601,11.8932112233063,9.91526758913552,8.10333041356259,12.7592463145076,9.10271451084744,9.31091672167482,9.99964547462084,8.52483466118162,9.76988076170468,7.88516893597761,13.4784945074806,9.34396976997953,8.17489576623121,10.0912068994929,8.18777076052099,8.46806700665761,10.0662239671149,7.90147815393561,10.0107347870024
2016-02-28,12.3847940906109,10.8967945579537,9.88107340977421,9.89952510066763,9.48160586397872,10.758633415595,8.62838653156249,9.85129274616299,8.6029020433535,8.87904269247709,9.38336659647537,14.1889001950777,11.5282681396425,16.9444113878254,11.1648526384652,10.7764174626201,8.20538832840444,11.94384657748,10.3040663152458,9.37129618382514,11.4122656182696,9.6321489374772,10.6746497910717,8.93692193408153,13.6662569251723,10.2237288137768,9.06499476980759,11.4179619459835,8.62151184875576,8.80167519351706,9.58917556198148,8.66829885285592,11.6544199309623
2016-02-29,11.6959593232584,10.5092202666532,10.1778392327252,9.23698405726791,9.61866843388668,10.5894086013212,9.58668951037354,9.39476148414197,8.36398601286414,8.87845985597376,8.80047308164712,11.5150590147681,10.5665415235897,12.718077496878,10.6402807421578,10.4865728539452,8.91970002069149,11.453843195581,9.93495215110041,9.52809074649426,10.3397328312551,9.82106698005072,10.6187530914975,7.70900943859201,12.9914540047461,9.98872050826411,9.81187293065456,10.9712471627704,9.14117491722757,9.27126765958726,9.21187970263592,9.40421113111119,10.7650839322218
2016-03-01,10.1203816187806,10.8131734996418,8.39700226981444,9.51399892034453,7.89192359689299,8.3115687106076,7.49046849781104,9.40455323400612,8.10477095373803,8.92554509508361,8.63810781874988,9.90724717273687,8.64298152439125,10.7653009783506,9.74148013701211,10.1849246864305,8.26668770863643,10.1492039857538,8.30561219353873,8.04177112490658,9.1408751481587,7.8533320138909,10.6635612613778,7.01168308670046,10.1797700137051,8.85541012166526,7.621266057138,10.466445110494,7.34323992624571,7.56165750088405,9.33524225127912,7.37656984287446,8.61678392052329
2016-03-02,9.96034874621367,12.3964352797145,8.46348066180836,7.67806727098485,7.94741025579882,8.2960436675059,7.3114714243061,7.87078257392957,7.72539858702117,7.73331723433686,7.88582362611132,10.5856139087209,8.92403100677373,12.0292708688368,9.02081246245254,11.3084045790786,7.49070403663713,10.0762591808587,8.29826015397875,7.61940280975103,9.20394578844308,7.80602124747465,12.1426372485243,7.62103497389838,9.82372611873085,9.26011449296913,7.45022360230371,11.4962789845184,7.07608861319503,7.2750867903011,7.89946559020455,7.25130845819097,8.88458583517663
2016-03-03,12.6223429997081,10.1203815251015,8.11064115588349,10.3645689953693,8.72351029836581,8.44106315751304,7.20919641370686,10.1555367272685,8.34886782004293,8.82620684062365,9.43894552284089,9.90842068619853,8.61845506794615,11.0278024833769,11.3978639800663,10.2156839364009,7.62693057666625,12.3732222420904,8.21673383864814,9.09233199558138,8.74392227954142,7.76742331091659,10.4093306770729,8.73392171762011,10.8801620828397,9.0743246125035,7.42976185288942,9.58367864443404,8.02191002455013,8.25071063368107,9.80932927274284,7.54462591830209,8.71450141326913
2016-03-04,12.0058411345661,10.5236182662107,7.82367460909157,5.19054056856732,8.67153691884254,8.06748434377487,7.1834354414641,6.07916136351144,7.2509698550008,6.27071087123513,6.9687907974413,10.2948733955839,8.82376523271842,11.7131956466908,9.46910299503155,10.4068086963042,6.8972649183205,11.4438195097726,8.25430225193004,8.29771371113975,8.8319725900067,7.81137306220695,10.5691752229556,8.17655343361108,8.25835624694652,9.28072068955493,7.33191532587188,9.37475305046629,7.81381602409044,8.02334922675414,6.13034217440925,7.5168198279701,8.74987004402001
2016-03-05,18.9290263675286,17.0791947626307,10.5566571571217,9.62787052814282,13.2370809188081,9.40285368363178,8.43878952205481,10.7971880820958,9.8822691604647,10.4597821337886,10.1202284880805,9.20581428177977,8.80260093795552,8.18449028300535,15.4850303928652,16.8200776717813,11.0214940973413,18.4658306052355,9.85028681284994,13.4314490013996,10.0384179032928,8.96063574115933,17.4601909849917,8.13679089887193,13.9392166954562,13.8123753028794,8.37625249661575,14.4988832726252,12.1888426167463,12.5619940218376,10.558244769828,9.96064286602837,8.82689831208511
2016-03-06,18.6423058716569,15.3528036857807,10.4098312877042,8.1176593558918,15.0330454786497,9.78195292529384,8.21418833345733,9.55763627830692,8.34413963660468,9.00645186965325,8.52110904513606,9.80959731828864,9.25775106778962,8.96848452689719,14.8761195706831,15.9954404919025,10.5787739998941,17.9352556720577,10.5223269119751,14.9686547492689,10.1186557262493,9.36299187670165,15.8026610602848,6.5510406634898,13.9763080643931,14.2577116907119,8.22468522512996,12.8876091098247,14.322265836553,14.4028147675331,8.96108070234063,10.8498555076773,9.31431132153273
2016-03-07,10.6377041544333,7.94641615746573,7.02860332346981,5.83437357403298,7.75600282984096,6.7390613690518,6.98570812137762,6.47550198679313,6.85794026311388,6.5922997503104,6.73106155074273,6.04816343984802,6.47042211374965,5.5387963918597,8.85825773244384,8.25871013370299,7.0753661190496,10.1154752803384,6.70784872672968,7.8046392613979,6.57248764435689,6.78994516568225,8.18322821625057,6.71010590473139,7.04789245942223,7.89787297494981,6.91567005122262,7.28425300803369,7.38579675524463,7.57417662783459,6.499903326665,7.13149762559564,6.49077254935197
2016-03-08,10.3840224982537,8.37936980464192,7.01242348821377,7.93113592129439,7.622905076478,7.05203479252231,7.07629971070372,7.99061458569915,7.23812394731844,7.35238045700094,7.75275875643268,7.5155526657116,7.30492076970388,7.84146116619449,9.26216409635144,8.5017955212811,6.91698763010233,10.1229834926809,7.11427753958126,7.75958571432596,7.20340237430481,7.12118337214453,8.62622888359616,7.49725365657291,6.41980334340645,7.87824744621853,7.07987498993234,7.47099619161234,7.14923043651927,7.31658396054907,7.83265378163096,7.13301291304989,7.26173796187564
2016-03-09,11.4178195643357,8.09598368671884,6.68482380803767,7.99416591678426,7.4550384752475,6.70024928980396,6.11447257798971,8.17523955006818,7.27125384039074,7.54872763233052,7.8217301577423,7.64622483005833,6.87542016523121,8.0099503501396,9.94129029655628,8.37290152638417,6.95785356129796,10.8444357560344,6.82688382087498,7.8333513478085,7.29480052734841,6.44741205391848,8.17941623316566,7.09182351296287,7.92477433110252,7.86712524914158,6.20191023729687,7.54252924832357,6.88746363104779,7.16088547589217,8.04432933319986,6.38487554839447,6.84221624185463
2016-03-10,11.4487178950171,9.22637701112572,7.62023542932152,7.85420152168894,8.38907829302306,7.38167016646673,7.24322578550432,8.13896656723042,7.6624661133588,7.69797543719566,8.00779923176249,7.55793702436602,7.38677667793239,7.59145582064826,9.96963004477714,9.35161490585417,7.50223925372188,10.9994512837193,7.42203674300718,8.47811852603055,7.5148339651215,7.30746390850836,9.29979080108221,7.71659289233925,7.91485641566066,8.76159815189598,7.22978057648738,8.4454875752631,7.82014445895185,8.01700078952041,8.02163095124572,7.49550093157,7.38406894392833
2016-03-11,12.6295800229041,9.79944069142334,7.87291232958578,7.94791088791024,9.06788876714288,7.35695515592348,7.72164735509924,8.35433208463816,7.62058836567229,7.78122805634804,8.04766301804055,6.28588184359722,6.9652703244073,5.5982314689933,10.7309407637674,10.0611572458125,7.7812305569822,12.1782477282758,7.29872588187148,9.17040160829078,6.94220873939814,7.45137470334846,10.1332474030413,7.46991531942717,7.66113974353348,9.24718117367663,7.59568374246072,8.56776094506893,8.47783311281256,8.68245805750672,8.15273410816665,8.0661844682532,7.01401492971452
2016-03-12,16.3713848194147,11.7584935673524,7.31555339550288,6.98847689488962,10.1339902780815,6.7878275299874,6.0975018212144,7.8842487877599,7.23907979546156,6.9700108618116,7.81623590964653,6.72804057558717,6.48149386887969,6.4577578133466,12.6588725638276,12.1797092377421,6.99848381466571,15.5625112320147,6.93967289300054,10.2674827339877,6.79260377206556,6.49259771440046,12.2839005332397,7.79994038563779,9.13810727191878,10.3221111118595,6.08111154124859,9.49580476966142,8.99281554075442,9.3225527255736,7.52676489528926,7.36614261004769,6.55210297982103
2016-03-13,16.9121322328821,10.8718769206009,8.68223286006344,9.33539668049617,11.807121323148,9.05269626891268,8.36935608907948,9.99491788711214,8.78624619583869,8.9325531835579,9.49603516898497,10.7998768830106,9.7881541747167,11.4744082072889,13.869214985096,11.863986257892,8.98310893917034,15.9161923547334,9.79100534287729,12.0569582533101,9.90253022300247,9.21222885605714,11.2916487518526,8.9169751825865,8.0606019856505,11.4899636341932,8.44944578662175,8.93327136155221,11.0402015709146,11.268593019637,9.54822024599539,9.56174736364511,9.61398042606937
2016-03-14,15.1184319017479,11.108393606779,8.23611112278708,7.87154722635644,9.61857898771216,7.8972672734654,8.14294918126566,8.4365507212711,7.41141553890958,7.45969217904742,8.13276624571816,8.08249333828586,8.11019797618444,8.41317784178846,12.1136260023357,11.3367467692787,7.38572499454468,14.3016037517034,7.86441686817138,9.49225295556589,7.74282420843584,8.02855087335331,11.3510385147246,7.6732446061342,6.93544942486626,10.2885580379906,8.06344494708577,9.3071807064168,8.4443123906491,8.76642269161647,8.12858671176183,8.38375723741687,8.09693076918731
2016-03-15,14.7502876017684,11.8991073155787,8.45381111568211,8.25162655619314,8.94526669176447,7.67564509522926,7.92958064454962,8.67789145254368,7.77878947098192,7.73299180959086,8.5264061124764,6.46382960336936,7.06935798778319,6.18661472719713,11.9836467307441,11.7412120125745,7.28625313018604,14.2200670843654,7.03249383443279,8.90682505222745,6.80847056960611,7.38948193466103,12.2604425509469,8.26607336424553,9.30306191785055,9.91458655169214,7.82439912333003,10.4560988603259,7.71932855246797,8.09765296293236,8.46147361623086,7.89809228970733,7.26820645254417
2016-03-16,12.86764007678,11.9693709537936,8.51612919429315,9.64181690262953,9.44056654650634,8.51790405350387,7.78394135160384,9.78398973916951,8.74927229573562,9.06349766821837,9.35118358393798,10.3070733009994,9.0865393918096,11.1518199952147,11.4589836281262,11.6835917408527,8.49730885854052,12.7191415083024,8.85287605420034,9.58787803222772,9.4338730447728,8.34024812192442,12.1436331427944,8.6305865648934,9.11611369230183,10.048749280195,7.87781318742297,10.5059273183792,8.71085121417173,8.9427177381207,9.59626311224638,8.1864985360844,8.98096518334461
2016-03-17,15.6346990762282,14.0988136510993,7.90130534627646,5.11983544289341,10.0904731389103,7.0540138749997,6.34995778961366,6.51425413460987,6.09549559648937,6.37561128107566,6.12142579941109,6.77386205996722,6.55303455800842,6.21446714677812,11.7688248381541,13.7902903817912,7.53402469941624,15.259302272671,7.16400383635791,9.96961701387977,7.18819650126078,6.64699299203682,14.7515744417032,4.56486861687113,10.5081471145443,10.6176206036521,6.30837291813285,11.4693646801075,9.00302318326477,9.34702705995563,6.3050883939524,7.46774090868246,6.63587241391075
2016-03-18,9.84989742680257,8.82585012305163,7.25278625820143,7.88523430784508,6.45099546127111,6.76336983958556,7.08263646041019,7.76007013058553,7.34395060181898,7.06801457151967,7.94262012062003,5.72566540271271,6.25113475880549,5.72960884553551,8.78841736555401,8.48263944798162,6.14004608491315,9.69124870345081,5.95317956886286,6.44693174122317,5.87508733818691,6.44202351839491,8.97001583928866,8.4756888611686,8.01926255841727,7.37565041045998,7.02872272815013,8.48630615452622,5.66615787371306,5.91855955024493,7.71707629527088,6.51456230679712,6.45786575682101
2016-03-19,12.8873451229789,10.503014044991,8.36141019785176,8.00399933909507,8.67799455075636,8.0485463414993,8.11955701845731,8.5117183991829,7.84910071698063,8.23884420144942,8.14084997001944,8.18131752918977,8.06045837513418,8.17764503913038,10.9536216528592,10.4592904260513,8.31349150131757,12.397164038695,8.0099656635296,8.7996704801036,8.28563744422307,7.99324753478849,10.6921681825462,6.88310534463537,8.51213858995317,9.40489758708932,8.0921227743106,9.53954377535901,7.98597116565187,8.30371801749902,8.46356430743393,8.02679733808263,8.0397311648729
2016-03-20,14.6117386003067,12.1728404917463,8.15855334901927,8.67392923452166,9.63834081466588,8.19917899589423,7.30663990125189,9.15755290842544,8.14622570117291,8.38704644502866,8.75103179851253,9.83702943421492,8.6279419757733,10.6019920283464,12.1882230344724,12.1210274745477,8.09590922060401,14.2548032956342,8.4783614799227,9.85197807391265,9.01182259306239,7.91493407177443,12.6282266525995,7.93160188147773,9.43725689040364,10.1346282130161,7.42300211956019,10.339165370546,8.75119260564161,9.06433061155329,8.92114730116339,7.91299642889916,8.56337462233785
2016-03-21,14.6175658797232,12.3006429996275,8.05752907011803,7.06476583563498,10.0786157467172,7.71547567098181,7.31456573132461,7.75043440718137,7.10665554452933,6.87935354565537,7.64666488174695,8.03756536104491,7.75764592559019,8.36498751330334,11.5900889468855,12.3185240904156,7.05707947867009,14.1697222363289,7.74290326352203,9.84974103734491,7.54862046917802,7.57564693794319,12.7539155532041,7.74059034954517,8.40352704358398,10.4031228156423,7.29405501500973,10.0861957702399,8.98430130930881,9.20192952338442,7.39436472795785,8.15118367810567,7.8083030322757
2016-03-22,13.850495461529,13.1525046338054,7.98668562586126,8.67716483544981,8.97237260350753,7.39699228838911,7.01421308407896,8.98764313111001,8.15464419170078,8.15812185429843,8.8214690697831,8.05478467478264,7.49335636781928,8.35083079135512,11.6444689465227,12.575618693918,7.5058097372991,13.7028994127616,7.44668438457625,9.0040628783337,7.75447634508338,7.17503245754741,13.4492259625424,8.55169480916917,8.76737854021921,9.97902583632954,6.99294845992806,11.0230067659093,7.8396907402427,8.17286712490086,8.80355043682573,7.40431796028011,7.48849012435681
2016-03-23,7.86801669005589,17.1775601676983,8.83208080394057,5.12875074830417,9.29106964000278,7.81570438904091,6.12525483081623,5.87386062505469,7.93288851662472,6.91416191515355,6.95327434824326,8.95769597237899,7.57258239543607,9.18115604922522,7.20335293538986,14.9496989299401,7.83319816967851,9.19493851668803,8.01729082821232,8.5087174018726,8.5175863614262,6.96910496800314,17.2964382945544,8.37537356368319,13.2416186854068,10.1638033688802,6.18950655620324,14.9420399608904,8.72163491503646,8.66389407461184,6.09846720346621,7.2738580190904,7.66272180122504
2016-03-24,23.2984133540031,11.2998015168086,7.14569862727798,4.25731606896868,10.4133227943629,7.24228713613566,6.8728776695379,6.35318565614307,6.10667935143757,5.53333283015568,6.61451408158109,8.45445070560603,7.70000099451977,9.21806851311571,15.8956580396694,12.654795980125,6.5110720580721,21.0587188344226,7.36845047052531,10.6012264617483,7.6821251779344,7.16790305176407,12.2186979770789,6.09742654181529,7.06536195543131,11.1443170853735,6.93548896481892,8.35822944335004,8.44894854399553,9.236533545035,6.06411835537425,7.55549955737064,7.64134972387867
2016-03-25,11.8662579605368,9.58039830485042,8.53471055924349,7.28472329743805,8.95549901002477,8.81672205208226,7.98312797481467,7.57382876339369,7.50261423711144,6.86747214692644,7.93306829847496,10.4129698086677,9.29209125044299,12.0635574021844,9.91318762643714,9.70088460071206,6.71128632985197,11.177406314271,8.4599668309178,8.52700271769951,8.70061730776606,8.36226820486982,9.38188077845511,9.05929648418008,9.25654626653471,9.52063088370823,8.14057060901903,9.29913664908716,7.98533423245097,8.12234911809167,7.36375180850933,8.13451653230662,9.38987271469193
2016-03-26,21.8125106190744,19.0111189650069,10.7580737703509,5.50719757231676,15.7339340091876,10.2909898378842,7.82575538914621,7.55112708158753,6.86785198583562,6.69184707246945,7.11876572508974,12.099456774041,10.3055840053378,13.0388686322457,15.7703466882281,19.1278574727762,8.72160095312954,20.9082298727419,10.6902307823781,14.9348039387778,10.5526294177063,9.39562372822664,19.5521328152314,6.42765068938051,15.0862910926557,15.6929762846131,7.98440327966627,15.3570657247565,13.9548628664131,14.1503000385795,6.8183761285172,10.6530533361217,10.4569548114751
2016-03-27,21.9589802215354,16.4717900019691,8.55882713458488,3.10411266665712,15.9435323581429,7.82389925689062,6.04687808513118,5.76134635648432,5.44818270861163,5.39978126536519,5.23217978490769,9.47205729242066,8.19231913791361,9.15006818118068,15.2248431391772,17.4304160434392,8.42252909769402,20.4624058513615,9.50168985604519,15.3242586339274,9.0255164683098,7.88701348946329,16.8969570501218,3.89573343767123,9.69808681527336,15.1587935053283,5.99856831960203,11.8072397541633,14.4892534285044,14.6455390062184,5.01976524768507,9.83021621013841,7.99915834614202
2016-03-28,10.442182005646,6.23795517175381,4.47084755190912,4.32267968890509,5.40090152280419,4.6909162040341,4.36810904162941,4.90630841410253,5.30248238592362,4.64040283261445,5.48261325847524,6.11111839264892,5.25221977414859,6.88952502385902,7.98730318181607,6.59108137344252,4.44244744781494,9.66336358359701,4.89047227774343,5.58256282324499,5.38093121926493,4.6622160994822,6.49708239105556,6.22411177963075,4.24518653941044,5.916224141441,4.45017801688545,5.13637713739062,4.62819315110803,4.9660033911823,4.92216961862304,4.46293445700079,5.14656510655847
2016-03-29,8.30020355857945,5.67289214070391,6.2455673961228,3.42795291728336,5.56297586230995,6.43700055451011,7.26498230374817,4.05297404611623,4.93847829496501,4.27586417595825,4.71877951119889,6.07149677855633,6.59281912092891,6.59820569056988,6.4257878140302,5.89849386718661,5.02861749346086,7.71723013058942,5.88518262874761,5.18563348438894,5.72390376387145,6.62755064775138,5.91570531313277,5.43500313567867,4.21448197324843,6.03243338181958,7.22383715801235,5.48485588086241,5.04509868843618,5.2310374055669,4.16520106420145,6.3966711355357,6.64626625279255
2016-03-30,7.36378739554008,6.48751526406805,6.28719204989925,3.56316710125446,5.14703079868146,5.83739901529929,7.18093088207527,3.92028885359817,4.17369108039203,3.74520513665143,4.27459352791163,3.95002881169789,5.41234786011104,3.93162264141175,5.78062183257382,6.27482252620503,4.23418001614908,7.03275264779397,4.81628395458067,4.5039410185314,4.15801849097362,5.99404896596705,6.61768656436903,4.80310028100146,4.11314900524233,5.93709215857573,6.99630321362334,6.17839787786831,4.39423137131354,4.53856747098255,3.90753839490748,6.15791169556973,5.62357298497694
2016-03-31,7.87307702888427,5.53128963629425,4.65295408579368,6.73591819875966,4.61148839403568,5.35082592257115,4.79898468039979,6.44407249478413,5.27097243698177,5.44741019777555,6.1262354848455,7.54022842912158,6.21767408226517,9.15440961558926,7.08662682051813,5.61780330543218,4.33025675578248,7.63021451640181,5.3447999547506,4.87945905344648,6.00861750823284,5.18856389511595,5.75706327763078,5.97420637431464,4.46415969877439,5.08359665522352,4.99046184538806,5.03166625499257,4.0573865854031,4.27324091144872,6.26790312065679,4.50006164858869,6.13565021678372
2016-04-01,7.05752047254665,5.58182655473994,5.21613234694617,6.12852022486094,5.45895430106422,4.90932477338893,5.61539898204995,5.98688193568811,5.15185942666248,5.30557938673816,5.69366126543777,3.76579649078855,4.64382892542689,3.35334274275255,6.49394905629314,5.72627098349622,4.86079940523645,6.89520396656279,4.66001601872191,5.48148902559702,4.20657533010154,5.12333535585781,5.75086652968239,5.55370786391025,3.95913583581822,5.58946022652402,5.48518748995963,5.04588269907492,5.12911920611131,5.20755908450627,5.80576103244421,5.47315283428815,4.70309899242986
2016-04-02,12.1539950273559,7.96215913385977,6.14737824973055,5.78997760668843,8.00105938694966,5.78179123994416,5.3986074936087,6.8255844019249,7.08659468159527,7.35380804875151,6.71789822431383,5.89612890532819,5.60830851235503,4.78854415335103,9.9760924851006,8.54462364043017,8.05964472330207,11.3894718786655,6.54599797370094,8.62731761923796,6.97129653539756,5.81149801509819,8.22725448373318,5.24899183301166,7.66162110178455,7.97836754102865,5.37755640383746,6.96070180369672,7.8477103581832,8.1668215347691,6.94511028555075,6.22684493807656,5.4437592173591
2016-04-03,12.2367469988997,8.4148343343359,4.49088788371647,3.50709873094997,8.64433847738367,4.08177767952048,3.04123506779159,4.80782412380765,5.41026087140912,5.00652599288465,5.05185549247838,4.98565734186619,4.19987276069953,4.1333704696771,9.19661720050628,9.13103978948733,6.02503707472215,11.4581464662879,5.39882221963991,8.92803548172409,5.4680473136661,4.18197417232195,8.72252200652754,4.99227359154417,5.83661858249339,8.04709759110341,3.02261131935256,6.07250450395505,8.2477344565639,8.40660255865144,4.6587126148249,5.19239840280646,3.98288398591467
2016-04-04,9.46680630178927,7.26387887195982,6.82710679232224,5.646736641879,6.80673471753484,6.76116029280405,7.22954630647812,6.09394842991644,6.31223591805833,6.09655086382752,6.30800006913324,6.41412446904695,6.75874660043409,6.44575369820479,7.97995564879539,7.42454918191485,6.42434421453317,9.03763111204263,6.5424104484611,6.73399713042212,6.48237137040342,6.87573795885725,7.48106350104224,6.31257064554991,5.90750370702012,7.16216875352686,7.18054873152863,6.78747608397613,6.38637285499842,6.57183609193061,6.12577323112386,6.8858794674273,6.77318787876517
2016-04-05,3.03851621890735,1.94000275797808,2.81803705636481,4.15336401889848,1.93286965001128,2.82858001852466,3.50589758156079,3.66618887558819,3.80192192532088,3.11758867292681,4.24118024975217,2.12862249863604,2.74153204183069,2.35936661227215,3.15235521737745,1.98206962283985,2.04890085113676,2.94504903494165,2.26620150710741,1.93539980099865,2.0318048811265,2.90732766014694,1.96714539428541,5.89216069669522,1.56929859023335,2.28742898172796,3.45335385344209,2.19458321567797,1.64905795675932,1.720466751182,3.68030464133231,2.78407976740212,2.83749040693574
2016-04-06,6.8810062589332,4.89375385857148,5.11151119210408,4.67132870134717,5.33318726815853,5.05431738222182,5.48285855200144,4.865520587493,4.98403225285038,4.69901693852424,5.07673718964351,4.40218280229406,4.92060500672387,4.25031021982761,5.97273461392477,5.19689825746876,4.77422450695157,6.54514692040512,4.85341866595776,5.29445952008856,4.58056643086808,5.17571294827043,5.04752858396819,5.49087040715221,4.31895440263634,5.35856440272844,5.42392275918698,4.66263643508844,5.0954738251756,5.1761317774138,4.82850410823737,5.3529019983262,4.96407387012923
2016-04-07,4.79400580578847,3.82713730105547,4.3710929473306,3.84077074749837,3.6821380477623,4.1998164865903,4.98587446310387,3.84717265740701,4.35757521791802,3.78943863622081,4.39361752164547,3.4346003537764,4.12272210904491,3.45295287545358,4.31382432184797,3.83208148103221,3.62409533123568,4.5315957432563,3.78731836096249,3.47902950459877,3.54460014830621,4.38176890076044,3.76064951001775,5.42356121078861,2.77402485636642,4.11744691367801,4.88848718377255,3.89690027004258,3.36085728546502,3.44624235828898,3.92773734479275,4.36051120479368,4.17695434359727
2016-04-08,9.26686616558438,5.613581959677,5.02119710569711,4.70215566131645,6.19816757560183,5.11089311093301,5.19119376457998,5.1647107533412,5.67603875008667,4.96048725756476,5.73441631347089,4.7553864830011,5.00577143871043,4.5856908362353,7.46711511787705,6.21693984767862,5.02726599323583,8.76746919574659,5.0972299381701,6.36035444785099,4.87905981271909,5.16703136946999,6.09559091578263,6.79889271291421,4.92878513847438,5.96542061019548,5.18093364224501,4.80925244366923,5.8736174333981,6.02603589291054,5.11514349183732,5.48347123072316,5.02869294999527
2016-04-09,11.8145655255672,7.11137415858131,5.88544667807191,4.02053175026676,7.15282978201346,5.85957956245654,5.37469448174593,4.93611067819043,5.64368826449413,4.80346167427506,5.60340457147593,4.84511103797088,5.11924204422259,4.52678749253145,8.84250212732539,7.79995154762627,5.29884978633867,11.1249644343957,5.34198886419405,7.29500058960921,5.08582591543777,5.33861567074408,7.83243037316948,6.57065711451198,8.67965086319287,6.94184865125383,5.43841135516864,6.46203292146915,6.59300403662963,6.83838810379809,4.86732339358949,5.85645651394121,5.35866261427199
2016-04-10,8.00218891073814,5.03857965943486,5.33292191095604,4.01715824677294,5.51055505338356,5.56586095733843,5.58806062195752,4.50923700731083,4.96979155390427,4.56507243844367,4.88466084338216,5.63825605577635,5.60598513713385,5.93962384098521,6.48126863422874,5.46536731766808,4.95116303776124,7.46203437783837,5.34898908041645,5.50133784015039,5.38521854910449,5.4975603422066,5.26834513696289,5.2538962037993,5.35349562616919,5.58899789545319,5.6316730384313,4.94432085942372,5.20533370349352,5.3594281284927,4.53947118079374,5.4209363174039,5.64431160015315
2016-04-11,11.099535553967,6.43663582726477,6.90876924007032,5.10525889511855,7.60321043030534,7.5466524821382,7.68956401758059,5.98389542585834,6.43206039949507,6.29589277952085,6.16398084020677,8.15135861061772,7.94573929200537,8.49559852067308,8.92490167102539,7.23382105050496,7.27565852799562,10.4068070513809,7.68968914136365,7.79813357275863,7.87733376235873,7.74882818266786,7.05296069643911,5.67873659009215,6.00272180486517,7.36640545581356,7.76255288798584,5.89232451780598,7.46729767320477,7.68862608775186,6.04257664633885,7.52942988242675,7.84540316638595
2016-04-12,8.56937239675128,5.85275457470237,4.98015266640097,3.74492864908689,6.4227074752907,4.90501386022607,4.98015055513221,4.66389231833303,5.44674960051777,5.40211590699977,4.85297369794884,5.09980487762815,5.04553153657819,4.3485530718164,7.01697122945834,6.34719354755118,6.44257860656063,8.07649485849445,5.6436593198487,6.72236609363882,5.8238994423802,5.24306728349676,6.14356527525678,4.13810103273481,4.52686656411182,6.16799781864908,4.93208234022909,4.92842735420674,6.49278378271202,6.65446691906283,4.81812515031119,5.49845305570973,4.84298175487902
2016-04-13,2.36417011788164,2.04614973629206,1.799110373031,3.26538546776662,1.54802283408614,1.70796305885182,1.85882258835183,2.92418680727509,3.76798189183956,2.73654858883093,3.89549540042103,1.91251841357517,1.85165867607356,2.12891355705809,2.51601939485756,1.94060227329205,1.68432507344354,2.30474590325248,1.65809384728443,1.62792152799395,1.75371934737281,1.75402382098579,1.90580038306255,6.07741884490913,1.20918267820698,1.91916373021832,1.83953786907308,1.96685013031927,1.30801684785523,1.37665419437482,3.05193016856632,1.64796934911832,1.83143088542355
2016-04-14,3.04420180197683,2.96075328298503,4.55847714078099,3.90450008882592,2.52265270683958,4.18399700095093,5.82821516183663,3.48224727194628,3.89496135151338,3.06665916801856,4.21606134902359,2.18889665410131,3.83087688827335,2.31716418845743,3.05109744828459,2.71022124638862,2.46217767521856,2.87910973574602,3.01734465180649,1.95191531579359,2.31133367528289,4.43464370158041,2.72886758185619,6.08747309575203,1.54172300722658,3.36426826854181,5.62695335906251,3.5504739278409,1.98384950654902,2.0276484585831,3.53696323415294,4.38236858699511,4.0467275657155
2016-04-15,2.12046804211499,1.95272737397363,3.96354886289168,2.75824240006441,2.01127064798816,3.78187963580392,5.29724821346166,2.52021107712448,3.62638559372868,2.54668287741044,3.57980049395201,1.94231680629319,3.46008006928654,1.98926204686126,2.17059079801869,1.82883811657376,2.2823752455576,1.99167405668361,2.75185161219703,1.52496311590109,2.13765777927351,4.03683243119333,1.84535420476763,5.76162955748761,1.27513297628557,2.58892416533456,5.13374223244434,2.67283905386565,1.7240146258704,1.7458551146079,2.69923803430601,3.91426334467189,3.64263825762408
2016-04-16,2.63997840086032,2.93325467983509,5.74287902086557,2.98304659986639,2.67496720535266,5.41315504152003,7.64979078077793,2.76577762581582,3.36374962003851,2.67410105573031,3.43848570204137,2.53538047378629,4.85005486611664,2.66940501774287,2.53021251494018,2.62763777184454,2.83838465877064,2.47199744606338,3.73418066118148,1.77045892621228,2.75901291090491,5.7138374631418,2.75582403263604,4.85946842299914,1.94521526390129,3.60914546901332,7.40501423617051,4.03038426054539,2.17891115871475,2.19577974085834,2.87917577004848,5.55141923138169,5.1695144792345
2016-04-17,5.29972491962323,4.69784545014974,4.87049159978615,4.87502153481463,3.53389259541776,5.3345735507334,4.96063959619033,4.65496281538579,5.86558021849334,4.47896692527497,5.96949546930397,6.14867747125785,5.51647364552049,7.4866504891153,4.89048765127626,4.49967442181078,3.5455378843978,5.23319965685288,4.58441846687098,3.44421447741587,4.95620830454733,4.84338068704789,4.79749732379246,8.70738284871336,5.92162414575744,4.13436221557041,5.12941978731361,5.2022021674558,3.08232243912965,3.21581510401561,4.83199510151389,4.19617143487708,5.66799605911442
2016-04-18,5.08416712043196,4.21804865775605,4.0254016531213,2.85474822608856,3.45627020658886,4.48738595705172,4.44448031491661,2.97206984406028,4.46797376703246,2.96900301105738,4.36447596299147,5.88542912531191,5.19163067619659,7.39825514782928,4.08606321680607,4.11977901210409,2.68847026933462,4.7860289670463,4.19824496992112,3.07368728813996,4.46211596116015,4.45264406565662,4.18474084460593,7.1287970050535,2.72574126883736,4.02010007742285,4.5405055559725,4.03151338095939,2.88330852242946,2.98365146526568,3.11691292758755,3.89650452635693,5.18132370633112
2016-04-19,4.36881105987893,4.81868441965361,4.44243272044539,4.39171701933471,3.5313054228205,3.9804375290267,4.54933198521596,4.20700875252594,4.46202124157104,3.98508249659956,4.64849137743406,3.11957468608586,3.72036128357245,3.09287660347021,4.20776325614988,4.45175430598088,3.46365631272095,4.29966042317746,3.45425491019557,3.28147128698812,3.26392435792318,3.95778628135227,4.59831630878238,5.64909700837024,3.77138118310163,4.24315498916605,4.44703622127317,4.87791201169901,3.078931096107,3.15955380806759,4.26091557772989,3.99924209625387,3.83208732655817
2016-04-20,6.0074939318353,6.27329092437637,5.61406246713294,3.63577037230521,4.58809514683268,4.72989229535272,5.93328977111236,3.83518759352475,4.30617481121692,3.79267239000643,4.32878604114637,3.55051847546378,4.57544117999941,3.48990721153118,4.99310154927138,5.77835483933915,3.92923261217826,5.53925855167605,4.16118473098263,3.87157099757342,3.77980990471523,4.99047820266831,5.68863710885272,5.09653877521839,3.00257743837502,5.83120730906816,5.69666598076937,6.06603862953322,3.72256161520381,3.85472701246448,3.90459932287004,5.16317427115278,4.65600006308332
2016-04-21,5.69569163571559,4.12199339675814,5.80201188212945,3.83797235989783,4.20805272313378,5.66483053277324,7.12693868689694,3.96604963733325,4.86677617349186,4.03036716072887,4.79605468733753,3.88445032708021,5.34516292624822,3.90580593127257,4.84739651514739,4.19174970117416,4.20156614762294,5.31630323655852,4.66919097479435,3.76683766987214,4.10979864419821,5.90466794074974,4.18097854199335,6.21578691653112,3.30408668920446,4.78560151455412,6.97686686157882,4.56823556911835,3.79311876695972,3.90486097271767,4.1104990293145,5.82082417672414,5.51863850334877
2016-04-22,3.47601651110404,4.16814525661223,3.25601611274373,2.65863164696635,2.64098262930077,2.55807261820583,3.23954930018281,2.64900482833377,3.0800410435664,2.5755686567788,3.13475530678178,1.93283060616888,2.47311051082568,1.85103284388964,3.05745448161588,3.70648505298767,2.31072045282282,3.25261638108589,2.28216330091779,2.23118109193571,2.11429179067288,2.70427861244057,3.69733409495342,4.05424281569227,1.75366551295229,3.55686751100616,3.07986433611859,3.93608222439782,2.04618381602705,2.13536872529504,2.72209818297136,2.83659261301106,2.50601569544208
2016-04-23,6.22889424670925,6.01842588845381,4.77653589551807,4.22435631166628,4.57906485296257,4.46859662687535,4.581733253717,4.38022778607312,4.93365637235459,4.33811416000566,4.94536760294513,4.53688008829587,4.50252072493653,4.7653516117209,5.38668438301681,5.74833337886604,4.13381849928061,6.01166685441334,4.2898904933661,4.38330474379956,4.36837701722253,4.4120584982985,5.88142832309912,5.91562109991761,4.51040940094312,5.22310566417347,4.54422480021103,5.62227233742637,4.05467513580654,4.18438275830192,4.45240988001576,4.40484157886051,4.52753909646878
2016-04-24,8.40629941310707,8.86082569256113,8.13684042495023,7.3650431411168,7.3651873707598,7.73265913523574,8.33506420387226,7.31678355827549,7.46742134881012,7.03340011201893,7.6757642548159,7.32630290775908,7.74611044740677,7.67747746509825,7.84318424850044,8.44907853007833,6.7788147249767,8.23672313061651,7.26489257398183,6.90598597571322,7.08067442071459,7.80185735823998,8.58328325212606,8.52922099224651,6.65315464006621,8.19647066092773,8.23191176944573,8.63549822812879,6.73050260947089,6.81243872442296,7.31297528434683,7.78532384134856,7.82100799025705
2016-04-25,4.9827562767775,4.45100534715234,3.64106441557954,7.9042273643123,3.42744686530889,3.28177265365142,3.59721966333417,6.95350630135952,5.36981161729449,5.63847992764498,6.51657407773127,3.22897513496981,3.34678591169607,3.31353035825761,5.61631128209782,4.24506141723,3.59477035890065,4.99012295579223,3.184771923224,3.73609208195468,3.21597664475459,3.35900673468259,4.20989929786626,6.70790602652909,2.7824468473317,4.05857315660579,3.52364969547461,4.15491661975501,2.9660715440008,3.08231988718953,6.74531149413301,3.37651530331457,3.33772213827358
2016-04-26,4.54147925501954,4.14401781690896,3.30032264920754,3.44460064435776,3.10845242757898,2.9761251695085,3.22577325140662,3.51446271535006,4.34697069684824,3.63824508523801,4.25476168702544,3.05818947291573,3.06778261580596,3.04267477465594,4.064308867007,3.94947469038643,3.2447718297769,4.31761669748966,3.00117347501476,3.08372718192576,3.15816105405041,3.06125810906819,3.94802468663812,5.45078481470402,2.65720672977732,3.70240065789211,3.16558118449948,3.84821963887479,2.75080334071727,2.88613643374216,3.68170188207828,3.02695190938816,3.02223587635374
2016-04-27,3.80753392996911,2.80533231258516,4.1112641591273,3.62807073736794,2.67717370547231,4.05267618918739,5.20011369438079,3.41218648329389,3.58487442624032,3.08540263769964,3.85829824867194,3.1962878749345,4.0803948742216,3.61849840585978,3.49607223136795,2.7529301061114,2.69912847919103,3.51972833439846,3.31122523919269,2.31963772655057,2.98655939909714,4.29051061542384,2.66713245112143,4.92208193981193,1.51946475644742,3.34839628225927,5.09255561228322,3.17012839444734,2.22442901822148,2.31288974493107,3.45144678411108,4.06029133942764,4.17634788046142
2016-04-28,2.92661509452699,2.65028171205368,2.51214119452814,2.64917542041178,1.94888508014013,2.23319076239064,2.69550980616492,2.5409731674545,2.95832607572694,2.41983852308329,3.05802227845383,1.78449150108635,2.15890314039599,1.80702533218172,2.68908826068353,2.48577995209958,1.96171775866929,2.77095040257988,1.94212036638789,1.82472970514725,1.85983156652746,2.29128420641317,2.48721872081575,4.11226549093919,1.68044336223974,2.47359596095372,2.6216352125057,2.64693626379026,1.60685500126025,1.69311695077173,2.6198399456052,2.27861526951998,2.20054106356347
2016-04-29,5.71292443847228,4.99832492327448,4.04424310076158,5.47724104559046,3.82394752099,3.54641320728624,4.0305176444857,5.2099823253624,4.6452929407845,4.61080248541272,5.17436217101225,3.10488852024744,3.47268677258088,2.97645460947551,5.37641311592224,4.79799476412571,3.7133478179434,5.4990394024491,3.37698782820636,3.8453648429405,3.32329010331437,3.64698875577493,4.78830549440842,5.38837891120632,3.10825886579747,4.5283264703596,3.9201231742277,4.61565384028493,3.29361664587138,3.44319231404934,5.15029341650745,3.76313054268037,3.48459929694926
2016-04-30,6.22664153166069,5.69953492852838,4.73342946060938,5.0601894025865,4.32351107907262,4.4232650766469,4.65670709089062,5.0424682453775,5.29827399232172,4.8740353457564,5.46342908522716,4.54403940800922,4.51457536204758,4.74972132059211,5.64055168164133,5.44481062649359,4.33284075236788,5.98205747741226,4.27393294272406,4.26568867259551,4.44710454566096,4.42404005410847,5.50395731727079,6.18849159803088,4.18960703242887,5.08175784271273,4.61115654044191,5.42469739243148,3.81256218857939,3.97816730633339,5.12289148356652,4.32231686005567,4.50882009006008
2016-05-01,3.64660992463612,3.07879699111712,2.85919094019408,3.23449112027815,2.6794819306184,3.12861422480856,2.99879268319881,3.1412064077956,3.65362021348545,3.00502684295115,3.74018746380621,4.37308681673463,3.70822990453318,5.27749459026357,3.36566074567381,3.02273835651052,2.51529009312117,3.46917870802932,3.1938647683391,2.61158721865915,3.51757440666431,3.16293415195998,2.950520203106,5.02189220729423,1.99732927227303,3.04995206086598,3.06309391716718,2.93095714835305,2.37922967223952,2.45124817189232,3.20556893447407,2.77862571764324,3.62996864098982
2016-05-02,2.84019371144451,2.74072070755574,3.01088802270053,4.02008304995481,2.15744548056951,2.78414110375751,3.40518363435657,3.56694936640141,4.52957061065047,3.25983038552984,4.73243095151766,2.13850934497367,2.69027195433038,2.31093283789373,3.0176372281842,2.55484474982539,2.13036744556268,2.78761316577094,2.29640601999255,2.02002027287238,2.07784595257798,2.85120773151625,2.5699069766745,7.4734998433145,1.80302141874044,2.69107975476217,3.32351139488172,2.88893265657793,1.78872762799055,1.84079751011193,3.68905592065371,2.8062383763565,2.77639679041727
2016-05-03,4.61814770025319,3.97342540908987,3.57416384370506,3.98394951678951,3.29669913877778,3.1994804101339,3.68964239393476,3.89966843859301,4.9952356280631,3.87472155707878,4.97930635526235,2.75469678328841,3.14271387365832,2.65072037028497,4.23542907766685,3.85782149729918,3.19789691382962,4.37971862833977,3.02924876802885,3.2184074186142,2.94136463633975,3.31972938830606,3.77749345868379,7.12021582860885,2.56826420975512,3.84063345978888,3.59261380232405,3.7872750462393,2.90115990259476,3.00911217821433,4.05966007798989,3.39808692323664,3.15469740065402
2016-05-04,3.1633564716731,4.48277657245075,3.33598801992749,3.86688602164381,3.1029194584301,2.87794581222943,3.04706883955641,3.69384013719253,4.11149428704891,3.67097661527452,4.13450312770982,2.85334336425168,2.89547015344601,2.77278928481485,3.3596240721472,4.03812124569151,3.15465035926273,3.23336272812084,2.91400481888697,2.98034047962777,2.96595053474939,2.93045378142457,4.17285889430929,5.064750206092,2.86423982932104,3.64301591708704,2.96963542578174,4.20382651380197,2.83121290827807,2.86525992220025,3.77943298175773,2.99144393260165,2.87181790500264
2016-05-05,3.48502672062752,4.80587746932561,2.9902542514434,2.89690155450775,3.03924108383437,2.31120959771785,2.59191139720569,2.89429712077215,3.04996773497098,2.77817420183237,3.12448045148024,1.81763407061045,2.14512255205625,1.50972271035154,3.20448152165508,4.31820155972361,2.53996458667136,3.51680384139448,2.27398331494801,2.79269458530911,2.12660136906891,2.36982337370271,4.55323851030098,3.64619072456366,2.50096861632307,3.61290928253464,2.46465398910537,4.18541949632236,2.61411892196682,2.65827430390456,2.89642840968849,2.66913400100114,2.16310485148225
2016-05-06,2.43572920258,3.04775903050346,2.85056073025803,2.99212276567439,2.13220854350082,2.48959018176499,2.97451054679629,2.80435852158995,2.83372555507019,2.65637296670735,2.98106912259225,1.97926938592035,2.38989401534805,1.94906101249717,2.5323842683344,2.73555297401793,2.27262607247574,2.40650219795608,2.20384939827604,1.95026235910469,2.1045334295325,2.55300142789522,2.80015512545866,3.41274874802287,1.9928881412559,2.69064195880059,2.88597159585675,3.11025199848639,1.84311620948866,1.89060199775748,2.84377001127038,2.54710651658149,2.43277325983167
2016-05-07,2.52712024031473,5.81858530693073,4.06298303769541,3.19155428888258,4.07630689890888,3.5634161103314,3.46618419648118,3.26676514493534,3.98150624264146,3.70233565204174,3.60778297147446,4.08114409584338,3.77090487168536,4.07739566675046,2.91391750043197,5.111258993796,3.93882285993044,2.78670301062398,3.90771566906438,3.69866150830676,4.03942624809938,3.65061765727822,5.35715460780243,4.0811074744862,3.59976184914019,4.52111751408217,3.39724409608446,5.37047771635458,3.9477661952231,3.87540570240929,3.38230117208808,3.72345008723512,3.6804154427235
2016-05-08,3.53673868518682,7.98523572564016,4.68467034105479,3.77003397868062,5.30885564296675,3.65355989013701,3.95709986906962,3.99971766124963,4.70649566116653,4.60863407437208,4.19967348931291,3.65420694628446,3.777040325767,2.88267472193643,3.85263558376777,7.0167329698799,5.09782198346065,3.94489358227874,4.38591044364368,4.89389599799021,4.3434802934048,4.06404317245038,7.50789850967418,4.20368600547033,3.22110488010362,5.82674915949563,3.74154126773825,6.67047855577968,5.16385185592533,5.08820002824741,4.12444883483593,4.5256382175751,3.59081582931235
2016-05-09,3.29477223965862,4.26970523980401,3.19000309891828,2.9923320482751,3.2522874355352,2.76549857603842,2.88572942249473,3.03677424429601,3.33099469498905,3.11753740277397,3.25888012680014,2.80990576949384,2.81712193573636,2.6963738494079,3.18859067863702,3.94422076701019,3.05411758164909,3.25691344202906,2.89951765025092,3.07172160470202,2.92309143945166,2.85274000793154,3.96797513065054,3.61475727462119,2.66095194241765,3.66895712403702,2.80994445013703,3.92735611321884,3.0058093786565,3.0287876061538,3.08443142493872,2.97396576686326,2.77533578969143
2016-05-10,2.4087948795718,2.83908328068743,2.00580360609795,2.49842111114938,1.85933475206114,1.67146708269852,1.76306918042458,2.38698036103952,2.3772348934514,2.23620633474367,2.51608005054838,1.65590065611314,1.66349961338821,1.63215569216084,2.36100226459979,2.57509525461455,1.82606284093029,2.36398434508121,1.65088640397777,1.80334502001578,1.71101801475949,1.66791438396083,2.6158344115896,2.83528579289472,1.81530794866365,2.3068457245926,1.71427009114388,2.65030188082362,1.58444920294453,1.64274470816363,2.4044653211445,1.71027333356147,1.65920469863967
2016-05-11,3.09438365103462,2.61842462515061,2.48838115623426,3.44984909948823,2.05713365993897,2.35328344338371,2.66663229252086,3.18391616370736,3.80868812235219,2.96437499002006,3.97261775452414,2.36402599063596,2.46174805339119,2.60352305039954,3.03775507091368,2.50263377511974,2.1049864062616,2.95814895053959,2.17897334953961,2.03741026308727,2.20935495525784,2.41881848647686,2.45727754190468,5.73633951071455,1.60630633459375,2.53591297167919,2.62737386310211,2.57491924172445,1.73048231447979,1.81578401342384,3.28225693812338,2.31122845151894,2.46463364947524
2016-05-12,3.47204625627498,2.64431550929874,2.69164581015241,3.45097376109071,2.13105410254587,2.57190566912486,3.02283098697908,3.21364713881879,3.65157199976793,2.92476372290214,3.88026279958987,2.45401713654522,2.67182213955184,2.73751688606316,3.25165414458189,2.56569300445866,2.13598988973394,3.2686180864244,2.29736792557285,2.07374832982722,2.28096076126976,2.66183150847404,2.50599625224371,5.39383214250098,1.53378105982183,2.66584783329786,2.97386174997396,2.62539288604291,1.74434789267009,1.84932242340685,3.28597253481673,2.53374037824166,2.69009004670174
2016-05-13,2.17535710400302,2.11467363568715,2.41090164349991,2.40888837873503,1.67549358557673,2.1933363714761,2.77559411904791,2.26190779765302,2.46469392288632,2.14762995520459,2.57311909992117,1.6679126126152,2.14084915767406,1.70608001936561,2.14563845343347,1.96190832025078,1.81991109809638,2.06393413013676,1.87242373845965,1.51141427814099,1.73922356632168,2.30779283570758,1.94335827598777,3.23988470236019,1.24419656316309,2.1390111150674,2.69545693894668,2.25376285916078,1.42049883217313,1.47430631020089,2.31929565425283,2.25305423289311,2.1809755978898
2016-05-14,3.8388065436656,2.92352894945107,2.94431115961414,3.35815438396182,2.21322643162651,2.67043943257806,3.29659452659248,3.18369331143824,3.3063691431866,2.84923897742762,3.59461594330003,2.09453085567036,2.59245431908421,2.1953861995124,3.44333827423207,2.80885350772341,2.20906464767826,3.58641626800998,2.24492542697963,2.10430784386639,2.13126871322195,2.74686628301386,2.77714071739209,4.53213653251853,1.79602534544606,2.86397966914699,3.21193584068164,2.93759008979423,1.75003407964791,1.88030431462587,3.22365225577783,2.69815711183989,2.65325850925837
2016-05-15,4.10148986375121,3.71917930724588,4.95672931431384,3.34154113656836,3.30507819043168,4.63867290401644,6.00557321734634,3.31393679037353,3.90051142354583,3.28591327128402,3.92254142714843,3.15749741552052,4.42305641360307,3.26078950116441,3.65782144688628,3.53491495588368,3.3029087099626,3.81115525822537,3.7619531976726,2.76790022088553,3.28199523331163,4.88101357156849,3.50369719831197,5.04800480287207,2.3512483955742,4.08421356952664,5.83909366374616,4.15393630582491,2.83042948849143,2.9070219742252,3.42244398574766,4.79206464334814,4.56548273422888
2016-05-16,3.10945147403165,3.09157191165937,2.94755386342197,4.07006101458424,2.4555455670369,2.64157800921881,3.08422161178245,3.73042948067608,3.52098237417785,3.34550453292863,3.86211211477355,2.24220464635529,2.59019140270188,2.21419835803187,3.28328547981056,2.90509566006498,2.58743994707918,3.0450739607098,2.43298914726362,2.42482436935144,2.35225191392618,2.72884430832892,2.87701930942479,4.41676816920854,2.05933669259951,2.94234007036519,3.00397294986447,3.09012467800422,2.16514514491814,2.22762998653817,3.72465864507292,2.73888881572081,2.61330987931434
2016-05-17,2.94399286043579,3.25601325235401,2.86420365606766,2.6493443133568,2.37037927342376,2.52225544534101,2.91445117728734,2.59241671386494,3.16010014194701,2.57296288252332,3.16117818339393,2.10052824000744,2.43660654104371,2.1002191447487,2.74311131535676,3.00019408427754,2.25757510051453,2.84678583916239,2.27118058511256,2.16516188235617,2.17306333166653,2.56409178465763,3.04745732483933,4.28669134178144,2.14730208982096,2.88699122271016,2.83602324453286,3.19815103882894,2.03822765137746,2.09540670877973,2.68043594293445,2.59776661116831,2.47861713132099
2016-05-18,2.78927677198261,2.70743999081606,1.90134726285139,2.20929277997496,1.88438835127657,1.54106179668803,1.81185873456564,2.1645006003497,2.46981390868535,2.02626642382158,2.56602889781853,1.27826328745914,1.49736320856261,1.16997033993857,2.47332942330867,2.53518859950689,1.6285286444482,2.66501282067415,1.4835293383658,1.79909153919728,1.41816438500762,1.61420576140915,2.54925568225648,3.42509022737022,1.30059365023433,2.30153817245448,1.73447725102044,2.38029786142799,1.55275498227335,1.62388061084883,2.1994575012733,1.74183489446706,1.50016548199857
2016-05-19,2.2951250693359,2.57646571479364,2.06200719279723,3.3270864524048,1.82075492717004,1.76173729467429,1.91794501966414,3.01295050313317,3.85225496098734,2.89953735940264,3.9216458924212,1.60924654405747,1.71300279837518,1.55049052039002,2.53516352312945,2.36138791515403,1.94492369464986,2.29711507480586,1.68893882191911,1.85825886285004,1.70885773975122,1.76588700157819,2.37238105954874,5.93628399192701,1.82749404010447,2.21921747590965,1.86748214741347,2.50608393902905,1.59335325806564,1.64354301565902,3.14356548598488,1.80049177831721,1.72105665872306
2016-05-20,2.56218030090268,3.04600005212476,2.24777530964071,2.6324454996453,2.16639977340749,1.92063795989156,2.08300061581086,2.55492026218215,3.0904318281338,2.57587592514292,3.06700512905332,1.97784712107499,1.9895781019096,1.93562477718034,2.53234917029073,2.79214091597644,2.16574315284218,2.51083184618286,1.9906334942373,2.09334418600057,2.05009417301335,2.00125250563738,2.80576304157393,4.06646596271709,1.68832624269535,2.59009000961711,2.02203131928973,2.79486736257692,1.92427960289595,1.97357640809532,2.64839691967472,2.04064254096853,1.95267039948554
2016-05-21,4.05252790313513,3.98155646652188,4.29986347209879,3.3812602237416,2.97786913635541,3.87112587997362,2.99005324042449,3.33781365670909,4.17821813027202,3.30495773123647,4.17167011319985,2.4306665795786,2.58733190676416,2.34712529236031,3.69428186055781,3.76457099259954,2.74446771823612,3.890871457348,2.56633136999149,2.88745058315201,2.55436860999241,2.66951659283135,3.75857834573176,5.82946014951543,9.63041136302597,3.50246060013511,3.10736541847621,5.51648233103594,2.58733260006786,2.67731616467787,3.45312953291943,2.78198161794084,3.06327336824994
2016-05-22,3.40572224150756,3.60759817887836,4.32519092413236,3.41209007255977,2.72030226161587,4.04612937722164,3.61936182235597,3.32516575457284,3.69485956789078,3.32505019537481,3.72353318253262,2.94014962686796,3.14679579243971,3.02100495889148,3.31968338750806,3.34701863335421,2.97861813501653,3.29622920286867,2.92717086329836,2.58959368021952,2.96854360003222,3.19045399253103,3.37856431059666,4.4119478481032,7.80897201740194,3.30574134509939,3.70000260121411,5.01090461148977,2.42708921406729,2.50937594652698,3.43125875473721,3.08808817241544,3.50483777886953
2016-05-23,3.57621648546491,3.39773598804496,5.14564010018043,3.17732004510002,2.88250909031457,4.94278311489207,5.05148007764127,3.09261497817381,3.75980531463445,3.04846154027535,3.78505160356928,3.22729722487892,3.97710162727993,3.53831070304398,3.27289834453313,3.19721819487622,2.8594289081072,3.35303335507121,3.36101841538933,2.45880220550336,3.09501081284909,4.16905186672452,3.17698873600812,5.14970015896678,7.49040585950706,3.57717560727147,5.09193637662038,5.10079220673837,2.45470072936669,2.52182138044417,3.20429951192241,4.00484856565223,4.42585134533075
2016-05-24,1.79646827863091,2.12861878182052,2.58744482713227,2.98118356982684,1.6073970296,2.37309344568723,2.50119950181185,2.68015298612683,3.08947827323963,2.55427209699569,3.20161960457077,1.74340975571701,2.0375411092833,1.78958861673511,2.10521903302457,1.92213900942941,1.8939633657194,1.78940995785001,1.83564622109094,1.53640735727869,1.78586023917419,2.13129224958892,1.92195187100089,4.40143380799648,3.22804762821434,2.03425611950153,2.48899092985158,2.74937090946717,1.41581231195193,1.45110395808322,2.77092835282266,2.05969914653218,2.18030326718654
2016-05-25,2.38735239416182,3.19385672124668,3.66070872661783,2.93099797776791,2.32674946998349,3.32599153035587,3.3661350336249,2.79146457974871,3.22377633489725,2.81599669185886,3.21778891768949,2.31403620450594,2.72603688455185,2.30867618525313,2.51409536961445,2.86580376266862,2.52886889290249,2.37481848681149,2.51611945321462,2.10043822762104,2.42008257347781,2.88159673150873,2.94086857061671,4.04476173922163,5.15783270764216,2.86836316324874,3.36120279009979,4.09016290272694,2.07972795491043,2.11367189558242,2.89210707563018,2.84157720174604,2.96381427921125
2016-05-26,2.10896003423478,2.40054594466654,2.84128244736128,3.0992196471986,1.86337238130162,2.59403880601474,2.86049547997744,2.80523217679343,3.40196372628214,2.67362323948396,3.49775203493716,1.82537214727753,2.25589160595932,1.86343429561031,2.32797059601073,2.19282520506677,2.00098545843927,2.08521378728414,2.01628219785408,1.73134337194064,1.87888223629284,2.40834500214321,2.20195264423855,5.07318467208791,3.10539011693697,2.31178177799177,2.82562025439687,2.93808318778783,1.62188410898089,1.65482191158176,2.90447850638227,2.37602573348364,2.40438495141638
2016-05-27,2.12806174990019,2.79927374413834,3.01380683034441,2.50238130783076,2.17574882902562,2.75037820815418,3.04355496880609,2.42097740880819,2.90199714569083,2.50981305136493,2.83610406433376,2.16463992721792,2.52515462700046,2.14905701730737,2.22345200427282,2.5435195505359,2.34839705232586,2.1082175993172,2.35418311496753,1.96940949196077,2.2631303273345,2.66531877768593,2.58632597408428,3.5987697245263,2.93598374925202,2.60034869277692,2.99581252808125,3.17056356562162,1.99346699687468,2.01480271382752,2.52146918317877,2.63194239669395,2.61744045242139
2016-05-28,2.06488847722963,2.29487522520038,1.99894358787356,2.09556665672386,1.58585006759503,1.78538084329536,1.67382033349927,2.01753181896236,2.23140230771421,1.96217758054192,2.28476479097306,1.61882727876119,1.5970312178204,1.66468745123352,2.01330762852476,2.1052969915894,1.62329144770677,2.01210254813187,1.5365067111738,1.54221258331291,1.61007893512338,1.56821186437701,2.12677456059891,2.81929868845458,2.80283659019581,1.9462107241199,1.6776496430571,2.52031860382355,1.37615966371547,1.42760878907904,2.0680818737322,1.54994206721539,1.67323365210558
2016-05-29,2.17100950928578,2.78456688700087,2.46162216404648,3.53248178391455,1.84491644636916,2.56482722062336,1.96470651936956,3.14708361517585,3.75413011013858,2.92120167673576,3.91596635091059,3.30985414151012,2.63223116853803,4.03700909898927,2.51248223802554,2.50628192991828,1.90127518334148,2.25606828879042,2.27362991538262,1.86858004288151,2.60873890119328,2.13647529647682,2.60354399264524,5.77454286560388,3.95960198480041,2.23795005691131,2.08053294743579,3.19110413953931,1.60924670612193,1.64453106804091,3.23461007239854,1.82348493517344,2.71535872166272
2016-05-30,5.62030999167283,3.37966740596534,4.03038475246175,3.21519917009328,2.78703889018559,3.7554141858625,2.88436735428478,3.25085869333333,4.04049744384099,2.93614179337463,4.23938756584119,2.16020560883513,2.39248948573961,2.25068038538915,4.49180386529881,3.48467168287551,2.17537174463655,5.15149440617829,2.19410410199438,2.79180495475534,2.13844448517166,2.45127230995732,3.34025820457226,6.28032502735439,9.60951826226061,3.33069320378713,3.03341439669639,4.93729184168778,2.18066104931793,2.36986094273201,3.32088425942238,2.55063314606137,2.93402751739464
2016-05-31,5.11833933877468,3.50797811789869,3.8743055067801,3.90505721071984,2.7554499354743,3.53005011288576,2.64635279422942,3.76859450090896,3.36949939206319,3.18066722699743,3.85731793794332,2.09061587963842,2.24496263015534,2.07371539072043,4.42725844210008,3.51441878849785,2.36784488914351,4.78693664332048,2.1643907807401,2.84752100730607,2.159812479536,2.3049245044924,3.40702633683887,4.28996093825316,9.26624843866322,3.28409428924041,2.77928949452633,4.93978329297252,2.22985490182113,2.3942671930826,3.69794822547281,2.42490875295548,2.73334555210605
2016-06-01,2.59844845685852,3.19737667329739,3.46247120026777,2.65688394433626,2.50311506120467,3.15944802264663,3.00674700597646,2.63245688748257,3.68550192807154,2.86690460565958,3.47413257590034,2.44390764346954,2.63886215556239,2.4143524378137,2.59559641150705,2.94440746888536,2.612067062875,2.53518620404837,2.54718570907427,2.3278155711033,2.53502588847311,2.71774914665014,2.94220308727346,4.99918976919313,5.18470304257353,2.93929832932719,3.02008007560004,3.97519307941264,2.29968143153204,2.33284130075283,2.80759101743888,2.70895073470096,2.83479610309069
2016-06-02,1.94237097060118,1.97288165459263,2.18754149280096,2.10674627449724,1.45270393933918,2.21588239423874,1.71186064377783,1.9687652331232,3.76836038802343,2.1575671582662,3.53695113414513,2.36614428461002,2.0086614252517,2.85823281695724,1.90571737064373,1.83086783675301,1.40311119495478,1.86147757877141,1.71825786180984,1.38824087316313,1.91104538517443,1.71190412856019,1.79840165335333,6.67566791842527,4.0780778981746,1.80164959718427,1.81152563431424,2.66373858869576,1.22139559969721,1.26618657093722,2.2125141020216,1.50581742073039,2.16423803663762
2016-06-03,3.57759303365801,2.11829948830959,2.63050893246947,3.10251362630406,1.82397908386968,2.82530105268873,2.17762876526243,2.88520505326084,3.64845188747743,2.56377333052131,3.86404266610436,3.03533835789288,2.57385567960424,3.8036706870634,3.16825004414572,2.17926600602704,1.58079991704169,3.31095343242667,2.08863151026576,1.87731273048346,2.32773576992048,2.15031247599756,2.04686887705133,6.06845540684162,5.08457056043918,2.22521228016214,2.33176175066355,2.96481967905856,1.42518866797535,1.54286180386637,2.96785372654051,1.85793084140341,2.79373888649788
2016-06-04,5.15818006448454,6.18243528330421,4.63913348414944,4.23449379483934,4.86975163816061,4.37155365393217,3.76327598868765,4.46312104976658,6.27892045142533,5.07691646645423,5.73249615852133,5.17774262115655,4.46447349333463,5.24731883869726,4.91682479852764,5.83586062304699,4.89867302366921,5.13213398670355,4.65594003832125,4.85138510366299,5.07664922216922,4.15256057006147,5.91978120096634,7.77572462935073,5.95265185226146,5.23689627093787,3.80333141257591,5.96189253890388,4.70741592195801,4.76483003921937,4.75042516196185,4.12062150067784,4.41121081542146
2016-06-05,2.38642370082256,3.77440045697681,3.24591346602141,1.93688762352012,2.71027883806807,2.93338610935754,2.97854551705158,2.11573328982693,4.93842212847548,2.97493008557895,4.15008741235965,2.9417324290777,2.90408439750303,2.9772782183876,2.30666264982075,3.37635431001125,2.84488559535074,2.37370380073019,2.84618537181147,2.42815652934565,2.9543099350377,2.86965657144713,3.46783995863,7.67499035017364,3.28533563146284,3.18336720190419,2.94488290043069,3.88554846765776,2.5433397948535,2.56045630886392,2.54298893412042,2.81108480102248,2.91587474852501
2016-06-06,2.36083297500734,2.96659570136799,2.60943115436084,2.19228640269646,2.14340020844126,2.43217031485989,2.31993200781981,2.26095740916276,3.51507675317354,2.67888719487957,3.17078740612392,2.62945201257873,2.42249407036779,2.71738660243212,2.32921027889197,2.70729693402382,2.49016633696158,2.31321049095725,2.3695203883029,2.07553924134028,2.59776201673852,2.3009767663853,2.74668043701193,4.62137117218005,3.09995374857475,2.5505793581176,2.32774469547357,3.15420463282647,2.01197730681029,2.06691169881912,2.49592792764515,2.16903068393694,2.42819597697003
2016-06-07,2.98682077633959,3.09369876967252,2.59430361900082,1.81817224185739,2.14306953748275,2.29030683901736,2.23228086085251,2.00842822392289,3.25440082944246,2.4123039745353,2.91866762190467,2.15262278127545,2.11621706203649,2.10168380308416,2.573384261773,2.86753102570666,2.31773961215892,2.81686515383249,2.1057120786745,2.05110360829941,2.27011840306989,2.10383195423415,2.88550267300529,4.27981123531477,3.33400737106205,2.64260804472088,2.22119841404914,3.25850391922008,1.89293970704152,1.99035267601964,2.2363110410122,2.06806310659955,2.16427682848173
2016-06-08,2.78783450777577,2.98747046472784,2.74376580475344,1.63271523403685,2.18876841155966,2.55364881080967,2.51061154863935,1.82561222372866,2.93569960128229,2.1914541017025,2.62312416260857,2.55973982359995,2.47526067301302,2.72604696371268,2.37868466277635,2.77085841094053,2.23356296352193,2.61819374673441,2.3180304651382,2.0011917368605,2.45996595109262,2.38054670010263,2.77280014032207,3.81959011852585,3.20437969244018,2.66450930841685,2.51377006158563,3.22123576117699,1.93485222860289,2.00751995843857,2.01767830090988,2.27124233938324,2.52764152560235
2016-06-09,2.52988976875417,2.23046625511979,2.28170760407136,1.72781772364056,1.66419962707299,2.07599146529089,1.96206792634843,1.78668319800067,2.71515223744249,1.94738322602427,2.56713448269972,1.69750771315891,1.75912141236179,1.74872274427279,2.18434517358502,2.11457085277483,1.68758910249969,2.34418269145286,1.64622830652563,1.57985626079042,1.70950373925456,1.75893577155782,2.06491590051817,3.92280168802308,3.46639029817448,2.07893031648542,1.97781790611733,2.69092884171128,1.40610407183542,1.4876635110205,1.94032506637089,1.72036620584519,1.88688233363045
2016-06-10,3.18140593092615,3.1130823056289,2.43223224983092,1.69416527979281,2.20899761932841,2.19681884607285,2.04261729311808,1.92508630767414,3.12215102517039,2.30251756056359,2.79889593475798,2.36736552441372,2.15287802465884,2.42981969370456,2.65259309447646,2.9264611575846,2.24225259064829,2.98184099766156,2.13042021246756,2.12943044058865,2.35067687140204,2.03738203012922,2.92119184883035,4.09988258060413,3.06814169159508,2.66734715543138,2.04686841394542,3.12905672115905,1.94345912373233,2.04344615028112,2.13148695273811,1.98266198683177,2.16720183136371
2016-06-11,3.07927822217198,3.11612003783408,2.80320370007799,2.05961532127337,2.37061138610195,2.53103070331945,2.58270268784442,2.22947171246091,3.12881441090809,2.55291564922311,2.87026070872002,2.36513666208945,2.40289231724119,2.31049469813512,2.71873448654603,2.93128525916754,2.54286882023088,2.90764345817744,2.37172015198774,2.26699283733452,2.48752290129779,2.42229617830334,2.91566050019866,3.75125441560023,3.14331969346118,2.8218027894916,2.55927022827786,3.26440636464162,2.15000703050159,2.23407907017444,2.40625928994325,2.38817826063509,2.4362186836623
2016-06-12,2.94842497133646,2.3935026726789,3.06101960353931,2.37654873799975,2.04824585219349,2.98937645157838,3.40459688265567,2.30556555903285,3.15915745495058,2.26108768127808,3.16136850150917,2.47952559843023,2.86370832582414,2.84370337024009,2.5886236415422,2.30564475015977,1.91685853534896,2.72808437289835,2.36826199990052,1.78569030589469,2.23808954466323,2.89781717610439,2.25561349595007,4.88836931030442,2.5288499663775,2.55805842649311,3.37918816768612,2.82603736337024,1.6816073958373,1.75209502348974,2.42266535032424,2.74287262429074,2.99077467017695
2016-06-13,2.15197207028751,2.16084397988584,2.3061328804872,1.77864893688956,1.57164007839394,2.05792802857484,2.06822248192333,1.72796498080878,2.80175130012512,1.79169298014056,2.69973941905786,1.34725499212125,1.63660852753264,1.38868549852611,1.92129946864588,2.0038295118904,1.3867308291124,2.03809122282623,1.46830589253306,1.40050722212283,1.36231585750558,1.73542573869627,2.00752687379442,4.63871770851956,3.33776095366971,1.96982845167811,2.06325318100869,2.65229730312646,1.28220189049511,1.33031981355779,1.86744352799211,1.76506437407053,1.81390735306424
2016-06-14,1.74548218409868,1.99097545146018,1.92124519334265,1.62379869537292,1.38162025615763,1.65292667974674,1.49751280133863,1.58751696488256,1.87229517195418,1.57790273372952,1.87944407810854,1.15928593292874,1.2683492983705,1.11153138799719,1.65402412979135,1.81559720082661,1.34562693695133,1.67166591894055,1.24170487447885,1.29132922659119,1.23982992707475,1.32172371440664,1.80477983097052,2.43897504310798,3.26131452352876,1.72431570073278,1.50395548134089,2.43855207856323,1.17491143660717,1.21570056530996,1.6402126367971,1.36290955631642,1.40746063017864
2016-06-15,3.2428027741705,2.31842393562329,2.08572400269568,1.45569976726725,1.85316283895464,1.88102394283313,1.958956091739,1.64035187179989,2.49491331513097,1.76817867442094,2.36295705266662,1.58658547353334,1.71519469880865,1.58889653300256,2.52848899922071,2.30564848670986,1.64970114588158,2.95409657801487,1.62513663659256,1.77156374820016,1.63992340862718,1.75831776125139,2.2290754567453,3.55459664434774,2.38967722973451,2.23403694881218,1.94042579518144,2.37221978148591,1.53427706462505,1.64237925936445,1.76446428633042,1.78552201048568,1.77973624038815
2016-06-16,2.18012789331364,2.62109436255599,2.41940152540042,1.7292432528272,1.92684000088329,2.16247300765009,2.15287108791704,1.83253823280006,2.70029324345151,2.15149096872084,2.4419534315402,1.98231217903003,2.00485460944033,1.94021101564678,2.03960071247742,2.40080006728056,2.1204818662176,2.0865600012419,1.98098873935042,1.80605239080181,2.07865515757821,2.01671083652692,2.39861981327127,3.33759264805299,2.94181676951406,2.32311668867682,2.13800653482534,2.87609017331255,1.76484856825442,1.81520166509374,1.99998180973749,1.98097044982416,2.05243689472488
2016-06-17,2.78274808435546,3.0333489306387,2.9113150352825,1.60832021576637,2.19249200758861,2.68584437302949,2.85227020020915,1.79364168733278,3.05482887055765,2.17679706272231,2.72097734956145,2.46905885596692,2.58497499825066,2.61407197204886,2.35150273956415,2.79123427887917,2.22681438571168,2.61235485124134,2.3623540466568,1.93646113445127,2.41390861088468,2.57582825537514,2.82272622569526,4.17604775748918,2.92133606938486,2.72334394661804,2.82777345816574,3.26215846170824,1.90498511996519,1.97710095003638,2.00531760547117,2.47446948561576,2.64921526534262
2016-06-18,2.58256961342566,3.31284637351988,2.38327630651994,1.81974546373775,2.22889054253823,2.1197252524468,2.0955380245516,2.00320222164158,3.03955952590196,2.43937191931249,2.68923218179795,2.50618813546158,2.2569679307018,2.52889929990464,2.3623832077224,3.00333793478071,2.45451396474147,2.51468431449522,2.27757138541737,2.12963013182624,2.52576991300655,2.13899129772325,3.07830610447234,3.6034396983192,2.25466370929884,2.68027688675207,2.07034616840736,3.11223851355293,2.05065410834175,2.1171940700274,2.20721451345926,2.06373706086906,2.19307732728934
2016-06-19,3.04085207424624,3.95036719893586,2.39858768419738,1.64277466256902,3.29766571385252,2.04013874393694,1.8455659519298,2.0253843889754,3.20652593557023,2.6168403380909,2.67299210284316,2.59161371885246,2.2476903331041,2.27968212387255,2.70232429005899,3.75950626247819,3.00212140665276,2.98109064034821,2.66071837383822,3.20451438858462,2.81617102245311,2.20912845994712,3.71861415534898,3.49568368754835,2.1394408397994,3.38744498631834,1.79161095113526,3.26018440705262,3.25100457625356,3.24887181759932,2.18497304258676,2.4302674437423,2.09840468806391
2016-06-20,2.71641170916567,2.75708649220345,1.95684070177621,1.78685576997143,1.88966988512054,1.68186426231309,1.63501665395875,1.88141349064326,2.34587729990583,1.96554933943291,2.2753437671105,1.73690307189666,1.64452783316773,1.72467494058382,2.34784155321614,2.57163044185426,1.80254510231376,2.58298029891138,1.65785961789295,1.83140096768241,1.77561653953295,1.60480116774712,2.58625806770909,2.87954667855194,2.21248161381076,2.28859141892037,1.61304860087872,2.61363772657983,1.62541989787811,1.70359340064416,1.96563429573976,1.63279536794279,1.64930038157296
2016-06-21,3.34412164864124,2.73191922269147,2.26952807287792,1.57348194944575,2.09052041374181,2.06605838830782,1.98067437012513,1.838986397703,2.89682457951718,2.19050395708659,2.60489793016829,2.106583562563,1.98604163962515,2.08531287213142,2.70620739476988,2.6569028126221,2.17704525319975,3.08242481477657,1.9888319021607,2.06996847458614,2.18324067569968,1.93203275349148,2.6007605375005,3.65535791506996,2.8528614811634,2.49180126691173,1.98118180164195,2.76845814308599,1.84774433984958,1.96536284099476,2.03129601512309,1.893746672935,2.00114572946268
2016-06-22,3.05755704974098,2.83439269071553,2.33895785043442,2.01530999828509,2.14410835212084,2.16726915193216,2.04978883751868,2.10561571298291,2.92874219631267,2.2265829693221,2.80530668150074,2.34320171685122,2.16137368255632,2.5266542520814,2.62881875531632,2.69961241253471,1.99074562971233,2.86643352750673,2.04981402713739,2.05523880972507,2.19367286523445,2.02691510366586,2.64950157626059,4.02913051538114,2.7236069091362,2.55353949706365,2.05590822254603,2.85854443544917,1.8510697213855,1.9312098583605,2.22876168254884,1.97517689565935,2.18792959370755
2016-06-23,3.04637638748469,2.41084138449462,2.21545660873942,2.16378031840581,1.96754324827361,2.01411487362662,2.01173144056483,2.19121411574179,2.83349726413391,2.19901638459035,2.80799481511142,1.77480885830386,1.84247377842872,1.78288598173673,2.64190491874001,2.36711127549169,1.85685023530744,2.83828911945891,1.77724364240954,1.94006703901458,1.81033003858635,1.86065623654436,2.28551174080841,3.953445135816,2.70699705768253,2.31757439265528,2.00221445472676,2.5406036871218,1.6952882555929,1.78152628634175,2.2869111618884,1.88155630737397,1.90855500210073
2016-06-24,2.41115437855869,2.53312007725589,2.26984768177958,1.61467042175518,1.82879031798887,1.99782476144297,1.88547656193243,1.71850957602898,2.46086007456147,1.91271873102971,2.29184254934831,1.64340792329507,1.70260599857221,1.58536521435215,2.10875682224372,2.35873984991252,1.815330961413,2.28582449729091,1.69161585471172,1.72499334759684,1.74211474501317,1.73673119681665,2.36073828616016,3.2051273105349,3.33100123617871,2.20484237207629,1.88402830351477,2.82539531137989,1.60755557271558,1.66998817733075,1.84516803443667,1.76193369719879,1.80248430164402
2016-06-25,2.69453539914029,2.94780917923114,2.15494420197982,1.63035735274415,2.0755262259214,1.8891002568286,1.85341949017192,1.81923946960571,2.68021821569176,2.14183018215181,2.41493281011846,2.09164102800873,1.93017387463681,2.06892491557648,2.33613144524976,2.73451981912206,2.13975894515922,2.56033506162175,1.96620941337797,1.99478602092259,2.14747678684532,1.8634543906861,2.74489018533259,3.2250190440678,2.23725470195606,2.48049827514541,1.82968752308821,2.79646314407179,1.86542983338091,1.93988974314465,1.97927173501564,1.84879251253783,1.89902468328013
2016-06-26,3.15254493291043,3.92861825173102,2.78739616276138,2.40285117160969,2.64332696324751,2.48428992758316,2.45545397643286,2.56313994611843,3.69246970125081,2.98584489517752,3.35171940929629,2.85430048182092,2.60457075586035,2.84921397432145,2.92093955205183,3.5810280744041,2.88471908516128,3.10438965798106,2.64306951031005,2.56895533401592,2.90492383390991,2.49377521066966,3.7075264758248,4.47870317887163,2.72570585356535,3.13751624015691,2.4264978165131,3.65487105939393,2.43548777684537,2.51508011876376,2.78289073867162,2.43107203386601,2.54129005223196
2016-06-27,2.94592554025717,3.27577346537169,2.69160886369603,2.38444022228221,2.45224627500937,2.65717459554573,2.48353501317621,2.48414213092941,3.65758620312924,2.84003054818043,3.35793476126495,3.46559320560824,2.95421431507014,3.85197004377801,2.75284760805764,3.05016131987885,2.65254508707187,2.84108001701527,2.77915494487698,2.38148483807534,3.12688192912253,2.62166765695397,3.05983827399859,4.75764203261512,2.61802292122963,2.8759779654063,2.51239246532077,3.21557026188553,2.26319876932899,2.33227340484947,2.69524102744356,2.38262217626253,2.88835946313023
2016-06-28,2.91154622659678,2.52936571910709,2.86927343434191,1.9711508238898,2.16986099881478,2.8925762076928,2.90203804423393,2.08172656876442,3.1268150714166,2.33658627589035,2.90274574558935,3.04256451791244,2.9230683439932,3.44514045383218,2.53247524246378,2.44581305907007,2.25995654617327,2.69694796844373,2.58131081760138,2.01224304724376,2.72866730905508,2.74208850726124,2.37654845423258,4.2542408955014,3.01940359593109,2.58245389466303,2.93224005427522,2.91033210064789,1.93596599222289,2.01047405530224,2.25870378998457,2.50465754160474,2.97705002481461
2016-06-29,2.44922603405337,2.6095445453315,1.99892252703822,1.54084697925352,1.75134016932027,1.73116701690747,1.65218176128641,1.61456430382358,2.49606943893803,1.73547486880816,2.36036411081685,1.58991636446135,1.57777238861456,1.64629764132681,2.07177126015268,2.40841499415807,1.50704453445387,2.32815091947675,1.51745948291089,1.61431250132908,1.55837652797872,1.55213903794009,2.43763682208537,3.72415579702443,2.57527426777909,2.15358233835411,1.64073160829005,2.63947595996303,1.45468695305299,1.51601964633248,1.73341301598851,1.58844627179548,1.64439298390814
2016-06-30,2.85787911977247,1.99814894897476,1.86247340091501,1.66144451387033,1.6267872140764,1.67807687223289,1.66009457510567,1.70602200694567,2.0988430503202,1.60018544855693,2.16001368720956,1.33462481362271,1.45121012532243,1.38395900689335,2.31680069817689,1.99669232147141,1.31827409630663,2.61534153288554,1.34707490205218,1.56680757046545,1.32163250782705,1.47926011603879,1.90304226205269,3.05597326298719,2.48379093561598,1.95693034424187,1.6560691294861,2.15257096076065,1.30912691327885,1.39570586063905,1.74571870214248,1.5279621756674,1.5495681630838
2016-07-01,5.56602194938069,2.85860806023346,1.98784449903314,1.5953730543489,2.38578287181339,1.76080892409536,1.80733480371738,1.91391935022843,2.15574710806024,1.59723158729369,2.36054690064787,1.62628879628109,1.68086423146111,1.76275375831068,3.92261099222281,3.06420400456577,1.38905193986787,4.95928099239595,1.53821873980389,2.3374715750013,1.51778712302978,1.65955313608741,2.85082780513202,3.17280078922152,2.04889088115087,2.85293176980481,1.78389681928212,2.41925585199344,1.73242596503056,1.93456131747439,1.88298769400305,1.81257349845809,1.73835541335132
2016-07-02,2.66870689736425,2.30791756233841,1.95041983493203,1.66807078751109,1.68559490123073,1.69524755732365,1.50106833490053,1.70798350810926,2.21784069362149,1.65806717841208,2.22738581272716,1.28269683156663,1.34449022020619,1.27296574565478,2.22222288124248,2.21487230598008,1.36251999288039,2.50110129763954,1.31780722043465,1.61622461957905,1.30957744993358,1.37001767595297,2.18756523422635,3.24794000511416,3.26418778556875,2.02006758877347,1.51061210107182,2.53965286213587,1.38226645218356,1.45410973146181,1.76286797386247,1.45890145678274,1.47745900718941
2016-07-03,2.90365579867323,3.10531081576771,2.4625025054933,1.75126275185641,2.24642671986299,2.10401435511204,2.20702935733367,1.84748479416441,2.69948963378714,1.92544596165301,2.58244606119076,1.72516256446802,1.91917528387226,1.71540093739979,2.42557629085254,2.89334470698185,1.77885316135377,2.75340312672512,1.84901405548796,2.01019108639301,1.75616052939796,1.99914501761816,2.90536012388249,3.97821638329177,2.57255015220291,2.67838775723699,2.15762009667057,3.04265432118243,1.88712876421503,1.93776513343648,1.93937547471089,2.12220246526201,1.99501757516399
2016-07-04,5.89130613346586,3.51639223299977,2.96029596586079,2.16408835979205,2.93214362652452,2.65537992933456,2.82865688597163,2.46560630142698,3.43380319480811,2.34565832429241,3.45774350031971,2.10680688056471,2.39720234441545,2.17406183556848,4.34210037716377,3.64283876602268,2.06822057767702,5.31166587123348,2.20386450656552,2.799142421169,2.10227869293834,2.48794557044564,3.46912872163724,5.27100537921885,3.18461608311424,3.49310529534671,2.7903650801969,3.34479193184678,2.27230879896866,2.46780052146846,2.54784245429115,2.63635677652397,2.51697494813281
2016-07-05,6.38800905102349,3.72316843875266,3.0722088249729,2.03125885404963,3.23702763781499,2.7705791225538,2.89818007905927,2.42101087451304,3.55903467359424,2.32832111176895,3.53652973659308,2.33910476221632,2.5630463848346,2.46046675666053,4.61174693848768,3.90366595101403,2.13031278017834,5.71947838969984,2.36655810054715,3.06466018540757,2.26141475895844,2.6139344481136,3.65466975857784,5.57083595959588,3.22195838951913,3.79055830639976,2.86165759389501,3.46469005226019,2.52082440347795,2.72172034757404,2.50376281425174,2.79276405128064,2.67285377996211
2016-07-06,7.25581628870818,3.82427572324597,2.38688911425294,2.43931997252421,3.1389204004123,2.30428771280513,2.04303630116936,2.78811869580348,3.00444913551974,2.31489557534415,3.32446653990449,2.99437403371742,2.51783344194231,3.52862779653069,5.23971015918454,4.08362202974803,1.87946264048533,6.51886994944367,2.25602666342405,3.169203444182,2.4701682033905,2.16409786160297,3.82499648904022,4.3642032368342,2.54875891798116,3.69691301587038,2.07522903345764,3.10010187531742,2.32219933147371,2.58318801590926,2.73414126583143,2.19663822491548,2.51837048479694
2016-07-07,6.23609145426518,3.18800934198811,2.48991874857284,1.92489067773819,2.67700255510496,2.21853713631695,2.09991040987418,2.24197815001858,2.75820566062232,1.89524853755359,2.96551317681621,1.73470011637186,1.86209159930166,1.86336673658142,4.42837778083094,3.42199076911241,1.54028627911497,5.56551898903003,1.69942413142854,2.62403961697127,1.63832766457997,1.87262496672084,3.18510092503276,4.36133834413527,3.62193586554344,3.19727390289536,2.10379251941493,3.05411841820247,1.9384289141906,2.16204885771323,2.23432107960139,2.06386099744104,2.0264238382349
2016-07-08,5.776097946486,3.10113035520418,2.21261958355831,1.91998572517289,2.59436509588387,1.93094582610751,1.95642965218787,2.20699536927367,2.3166495901616,1.82835802711765,2.57449466350703,1.62339151577278,1.7476497987952,1.67919121326113,4.16361451024016,3.29872555995737,1.57185900426546,5.18215505202608,1.64837754404323,2.55762691692955,1.5904905444446,1.77943071687891,3.09041413981168,3.28291448822567,2.54410886065037,3.06092201458722,1.92940220601589,2.71221351570439,1.9333814878691,2.13398131522865,2.15409132120612,1.98231707485992,1.83235719948097
2016-07-09,6.33576700607083,3.5241415883618,2.02527517574733,2.25309698188404,2.66766549345676,1.68467427238141,1.64853028894982,2.49898235994295,2.32281654990638,1.92547957649336,2.74206898991579,1.62021550171125,1.6007883579139,1.73031373436816,4.58791739194002,3.68210599338078,1.46842473720455,5.71917945599128,1.51766747987395,2.67543177933044,1.51827122305639,1.55967625844923,3.50346712828355,3.31584115634218,2.23746506259304,3.22557931106823,1.61674085965208,2.83298170733788,1.88731917202045,2.11846652401956,2.39358006528163,1.79284927253819,1.6528376845132
2016-07-10,6.6489473120953,2.77258214429969,2.19837940157726,1.69498274114133,2.55766328455838,2.06301193017959,2.0853779278619,2.0761265936495,3.10162965323784,1.80627238571795,3.22121578940646,1.84016784086211,1.9197431617878,2.09495356758282,4.58231175011876,3.15266341907338,1.3836072061403,5.85856801569274,1.66366852044454,2.54327330503201,1.63363715153958,1.87134447043805,2.84189896268557,5.38011771782037,2.53294136378498,3.04952809159516,2.08663877463043,2.44411623761038,1.79073891186228,2.04625088188866,2.13242620350342,1.99604146077898,2.02409180764012
2016-07-11,8.9959453227175,7.09425496131285,5.5448068907488,8.24460023525571,5.95038314409532,5.30074946785357,4.92239659447211,7.86927817774117,7.25485093498217,6.89227706657067,8.04607445083751,5.75798406280696,5.31695351974573,6.08025672542393,8.35064215853879,7.08258546786673,5.34443046403366,8.68268546316452,5.20574155957,6.23667446761636,5.44130374085468,5.03959050980678,6.98576978262181,9.01353616475584,6.46637868261397,6.53496952579976,4.95081804305684,6.63339646239904,5.28843276005354,5.48955429125456,7.73875706618475,5.09216597120415,5.35272174628528
2016-07-12,4.72904585657633,2.32771469750816,1.89493171627288,1.09002512401254,2.01226711511265,1.79458122274885,1.64136474084819,1.4073369106482,2.80147801201021,1.4060122848726,2.69861784754914,1.71742279832721,1.65034834856449,2.01344147580004,3.24153389865411,2.52410673738118,1.103114222315,4.17330518799059,1.42615354646992,1.92268392233766,1.44914682806633,1.53258810533315,2.31361656164163,5.10175665357449,2.64415086182863,2.41647593845258,1.66749242108552,2.25068748574758,1.44083927890244,1.61184368226913,1.53294640620094,1.58546602694999,1.75806320222339
2016-07-13,8.12640018828177,7.95310988924366,6.44043534664414,4.36089600926782,5.79146585094669,5.79774062073163,6.27852044447329,4.54070352431075,5.33766217167581,4.06773029944765,5.57494798144212,4.80652505895103,5.45556362898979,5.32338499896441,6.44642624626871,7.50708296376115,3.82376290800018,7.71944457186724,4.81961213675271,5.00755835062153,4.35328812799091,5.56687486379885,7.68628531648122,7.94057853161204,5.82396564816453,6.86607801605107,6.16757744533632,7.55825096464254,4.64918571157842,4.77780628608738,4.49414108732633,5.80937972781251,5.71384643896453
2016-07-14,7.03332810579619,6.30131873465133,4.9052611123157,7.87800166593423,4.90301797396625,5.04135267482748,4.0840798194973,7.33042168454509,6.7552351466796,6.45409286954003,7.49423275500142,6.73903555007404,5.43072281875138,7.77884034737345,7.01246037242035,6.09948147510042,4.75788925076848,6.92986533789905,5.04503776538385,5.21561354460533,5.70862468991183,4.58518493376624,6.10160591676587,8.45063219613843,6.58019718649726,5.51266522616077,4.24529801728344,6.19711553511173,4.38414499495517,4.54194618593109,7.24856492242237,4.20122038578417,5.42420557456179
2016-07-15,6.25526856227507,3.84768352304435,2.79800163253896,3.59710828562339,2.99927351716062,2.63937847097035,2.34725491101744,3.67667579102712,4.12575240439634,3.33246455169066,4.38436967856243,3.04266790376205,2.65131635638579,3.36131558711978,5.05166039325514,3.93941808972039,2.51808909988496,5.74820084156339,2.49005443389263,3.15439717255938,2.77200665490879,2.38820075134805,3.77200435424325,5.76903991489676,3.66581408033884,3.58973397664183,2.38472664287504,3.57985392995169,2.38133066822807,2.61254783191742,3.72675346097855,2.35152537491842,2.6863681986626
2016-07-16,6.57677396797267,3.21645152944408,2.2522330366064,1.80941203247542,2.67023588234882,2.82093158190628,2.02489981474116,2.32038151146265,3.31642185932345,2.40303565129519,3.22542944634646,5.35864969414069,3.7366604170461,6.79240358462653,4.70566469084381,3.48086818367623,2.22649838932766,5.84720266746793,3.1047770011773,2.80203492149536,3.98859796465325,2.63770313394092,3.23341241125397,4.46244589165821,2.54206359042633,3.22306328425017,2.22311879240915,2.75821466598101,2.06854682532753,2.35364724589913,2.47081186051998,2.00561857721695,3.58747579516636
2016-07-17,5.60371506483682,2.67578783166898,2.86069191973373,2.3387189116825,2.54097905871684,2.96600223231626,3.15240969819653,2.63433616553505,3.88159599521443,2.7543466479165,3.76295107441835,3.2963407175604,3.15857112116143,3.76299085876542,4.25813889725152,2.91979451155631,2.46507455313556,4.98619472294414,2.73085058234004,2.56836599180025,2.96767072672565,2.94285883976376,2.68152229127139,5.56430501797876,2.35793695376877,3.08334640001092,3.17613834058696,2.66847610430666,2.057171940981,2.28783720638912,2.83880147009091,2.68017720410942,3.15797742795583
2016-07-18,3.51336763064817,3.2779922354437,3.08049607599601,2.83925889324698,2.41997664514694,2.94083337982421,2.82086862765408,2.83699428368602,3.42775088317891,2.86271420326752,3.41364999218433,3.0139270730641,2.85152119734703,3.32174139535286,3.17701679350238,3.08988113945266,2.49510829036376,3.32871235586999,2.5986670717182,2.33708490469722,2.78846465522347,2.68092780636984,3.08000425838535,4.41618959609826,3.82190060737871,2.96809761260411,2.84832925473724,3.59064344683595,2.08579922986561,2.18971097272013,2.95634855455808,2.51272350649625,2.93083058749099
2016-07-19,1.31966480821366,2.09350636880158,2.11869403749419,1.56841637462589,1.41118822686003,2.05883014455677,1.95173831351331,1.63265579820505,3.2929769974261,2.25499616680999,2.78958366735713,2.41279623954884,2.12538090587857,2.59186558870185,1.47829067458904,1.82913404747005,2.09079488323369,1.3103474304869,2.00480220373778,1.35844103032322,2.31716243334983,1.93935247628513,1.87361984001752,4.59549416017081,2.53873421232311,1.79907808962993,1.97971409885006,2.46527283245223,1.3838640105433,1.42978027277466,1.9560334888331,1.67297851020157,2.11363744453403
2016-07-20,1.90153472559421,2.98091302076045,2.58925127208491,2.13474843360477,2.00901549210364,2.35916690689599,2.23347658377928,2.11677377186478,2.81275975905401,2.32983765175176,2.64071512071083,2.40899988938765,2.27167148343533,2.54868038845731,1.99210207007188,2.63645503358787,2.16299499547846,1.91843415331386,2.17106197599036,1.84900392900384,2.31236076778251,2.16670848745624,2.71444202147307,3.52136690492491,3.21054967396723,2.44645286262751,2.23711347348976,3.2377420823945,1.83314560822301,1.85741537232664,2.25224712019064,2.07271897876431,2.32190512606929
2016-07-21,2.07256870070939,3.15195012112313,2.70111594404824,1.74227922667528,2.11715635163905,2.52807299827137,2.33358989160749,1.80952253646944,2.79481940387064,2.08702848210813,2.54144337834128,2.76031784725734,2.51128133430176,3.10056243318754,1.96090969346097,2.79604042268457,2.03182310364686,2.04553823151723,2.30172167740415,1.85640796664148,2.4561201711224,2.30346113389447,2.87395883234807,3.80147883191195,3.30077570624186,2.58764838821062,2.35450818082332,3.38927501864681,1.87202553084593,1.89420336460837,1.9626912112712,2.16725240115782,2.56961248335437
2016-07-22,2.25705093681909,3.48236037853537,3.73368788312472,1.77152913874986,2.61313331550872,3.94025306467857,3.85792737129021,1.98326156501757,4.45203521082045,2.85834061776097,3.69296414404088,5.03296911299325,4.41465345582401,5.96923006850087,2.16674880346567,3.09896796674831,3.01258542804174,2.19155202556463,3.80154194286722,2.22726859862442,4.21416661252601,3.86748584221124,3.17671116631481,6.4554347089563,3.21095565060799,3.18580232289667,3.92776252489258,3.90165268356478,2.45205764706792,2.47844359916619,2.39708663387256,3.28994692235058,4.37849703090165
2016-07-23,1.311017227144,2.19424559337717,2.18248499267071,1.04436738597625,1.45394060595902,2.03687305503942,2.02517480899709,1.18727659554547,3.15021735838611,1.86843528654239,2.56347697042799,2.12180532139969,2.01330730453272,2.26731453125422,1.28454678489591,1.9051101427733,1.83567404089654,1.26773337570309,1.87094178491981,1.26422499475738,2.0515997792952,1.91298053156808,1.95151600085731,4.79950386159303,2.48485154896295,1.87371990673471,2.02944445521202,2.54785447301527,1.35138004493312,1.38464965525567,1.52257294459626,1.73206494843238,2.03868969300407
2016-07-24,1.92667710270145,2.36900791342052,2.30249231245789,1.09262625874955,1.5555323347511,2.17113825410309,1.96237804727553,1.20073918298762,2.32405464808373,1.46185566816822,2.07148097930358,2.03038605276913,1.94537826407703,2.33513722841866,1.60308911303685,2.12805155277203,1.40381743125877,1.82707639642545,1.69905732452083,1.31324508395235,1.77701021412072,1.81344335616205,2.18547897325902,3.59402954357967,3.47511217968072,1.98612217776594,2.00059561955507,2.83427818250782,1.28658517502059,1.33003690919486,1.36312461044485,1.69743107211639,2.08273793302114
2016-07-25,3.04326861310548,5.87394041384618,4.99814142120929,2.00008542379692,3.51672645317417,5.02039689653152,4.55722870108868,2.26611153274899,5.0558417504123,3.13546545941052,4.25247792142757,6.01562399820553,5.24684473626962,7.23108609289651,2.73112427777324,5.05908233352552,3.3289500036265,3.16041553018084,4.4935312461925,2.84228701179145,4.89330562515654,4.56118013998955,5.52905543517644,7.63671062042567,5.91991765058875,4.38137793163572,4.66478779246267,6.28086639247353,3.09088050257177,3.10440168164591,2.67766989466966,4.01238936906239,5.35545393739791
2016-07-26,1.86691958293736,2.90209256630925,2.87138397974421,1.54210741684766,2.84543449029846,2.8443681255243,2.54138496296604,1.76945466075806,3.74138677353479,2.5057626534339,3.05642168535472,3.40686775041107,2.99964847271365,3.61980132432213,1.89903152222739,2.75407926769254,2.75219878462711,1.82382132599221,2.9960558992805,2.61550235721206,3.15836940379853,2.77503200079135,2.61355623683229,5.22874819465377,3.16245904426791,2.92320188751575,2.57073420254709,3.11318639198067,2.87694633986484,2.82359003431334,2.03929940875451,2.69263527335855,2.96635088718814
2016-07-27,2.16073727413356,3.08671415338316,2.9313374773204,1.66264226142029,2.38758185166181,2.80842054044261,2.52891995740282,1.93591626930956,3.74540109872119,2.78751357467547,3.05291917910729,3.24728661549644,2.83797765280967,3.33780718563478,2.13565593275757,2.81257967643069,2.99592634342316,2.09645198365702,2.84330129492323,2.28850734501465,3.21389371296307,2.63114741975791,2.80624682354341,4.54235560562809,3.81374975485029,2.7556861217426,2.56563676861848,3.47527427627503,2.38475548825189,2.4268139336339,2.28484698553655,2.41285772696505,2.81933116602688
2016-07-28,2.13398091464792,3.23155030600293,3.16292581005045,1.25648078663892,2.76670865594693,3.0355074479254,2.92735443140161,1.58633526153507,3.54455777196235,2.41870871406207,2.81143436209574,3.32068015912946,3.10204889529359,3.47579448494548,1.97228732922879,2.98353801639688,2.84827721150924,2.05404017561036,3.03256285223023,2.46490886049324,3.18832395305818,2.96234044867877,2.93910937435296,4.64876211483828,3.32632208846677,3.04953764570159,2.932196980559,3.49090469138202,2.71632496708204,2.70491458562826,1.89138618246679,2.84424108890956,3.09468221856324
2016-07-29,2.62883824011547,3.76028054543401,3.32294654612404,2.13562752689386,3.27674727759084,3.19191874160573,2.92161058217335,2.27123480575557,3.38342208700949,2.58957397087687,3.04401982916311,3.6526414840837,3.31138009005819,4.00396563877753,2.50607574315432,3.51706572195481,2.74232689760218,2.57219267308098,3.19194229652614,2.93848879865433,3.25817265639421,3.07595069925664,3.42991990093628,4.48988243049771,3.5188856868698,3.51532380153042,2.93563441053504,3.831569994817,3.09617460198693,3.05166237232035,2.38164824225444,3.05441578368812,3.32309660489295
2016-07-30,2.09674410278463,3.31489702554552,2.5323223094345,2.11758221828616,2.35393529912377,2.49280474588301,2.03103547518102,2.17952206454362,3.64469435062703,2.63391084408316,3.23598974487673,3.5092714809802,2.77785481093471,3.97607838194659,2.16050740140232,2.97606820193037,2.43469061852926,2.11486232071705,2.65286985885515,2.22551499157861,3.04137046773296,2.33910277705012,3.01979576910866,5.06480549634717,3.08289801178489,2.71438467666223,2.08977754690904,3.34087694159163,2.22251658704088,2.23574166921704,2.41106924719105,2.11043427338801,2.72645873306511
2016-07-31,3.04758122849832,4.37359839005267,4.17655591519147,2.66495892435675,4.31815479487193,4.14251994738492,3.70638409443775,2.8413286571186,4.02430998427099,3.23115225496744,3.59793412152129,4.76006645326302,4.29772338129515,5.1819266674243,3.01688668852828,4.19888093856919,3.58310685205227,3.01068391815736,4.20661689696654,3.92720777570954,4.24546425185741,4.0003550951109,4.02176552055334,5.05746261127753,4.56119355660873,4.36438332752944,3.74462041887594,4.54007872436429,4.23598507594628,4.13395670307411,2.92948324195545,3.99878238029771,4.30865842841484
2016-08-01,2.00988355026328,3.36733278058001,3.07566779479194,1.86333039264424,2.64961272427772,2.9480197192764,2.72211957929208,2.01163641484515,3.94780420364048,2.67721941612443,3.34418864658939,3.35693090993678,3.02290110709982,3.61486247555454,2.05544767000318,3.04471631745782,2.71843189037483,2.01335612474354,2.91905129221259,2.39625329612652,3.11372272255393,2.80700153607581,3.0611509685301,5.60576223742539,3.50237243358625,2.97716723926723,2.74327773243911,3.61321897224741,2.56107899113868,2.54671380342553,2.30456356455238,2.66601613954566,3.02790504144413
2016-08-02,2.36483638555637,3.25327643733073,3.30002966082342,1.34708642648116,2.91949340840532,3.31742759130803,3.08904459517766,1.65314020211395,3.107316169181,2.27734186312577,2.54294022750569,3.86931902906241,3.48348323059261,4.31205567413521,2.11665206368378,3.05350244956523,2.75740157515202,2.2554617544808,3.26240984062335,2.57520327992756,3.43645644155129,3.19385321393086,2.97836520477248,3.86949106931877,3.49828239206458,3.17313397922181,3.12918192996774,3.54565223537863,2.8192392903712,2.79939166819187,1.86009633412161,3.00243488894211,3.48837544166508
2016-08-03,2.10425217650367,3.20446419856987,2.63669702814496,1.53933200266017,2.28334243592645,2.4257120041221,2.20802837448004,1.71292279617868,3.32192575885564,2.26134981792699,2.82824208359981,2.65041763258806,2.39888069240566,2.79016014135305,1.97152534763968,2.88393358582829,2.28894786259163,2.08054386229868,2.35559581976801,2.071965438594,2.52796368461538,2.2508213422981,2.94608993325818,4.66559247567247,3.28897368461457,2.65457968308177,2.21873012887811,3.34713153768515,2.12987844452171,2.14686004720666,1.96072467360839,2.17976379703171,2.422930907195
2016-08-04,2.72634768316123,4.09578208725593,3.10935610134263,2.21255035001407,2.53675166572717,2.71174233644487,2.66151686482666,2.23891546637896,2.91073917075694,2.3189730482616,2.81541091296898,2.63623905393791,2.593793002797,2.87216648948745,2.49410355516334,3.60710360560386,2.17228983721834,2.70598251975235,2.40050581280684,2.18551469270224,2.43508977005436,2.50228605877868,3.764172258067,3.90497892993102,3.4983423755463,3.17957303642093,2.63445156096699,4.12611018181709,2.12299482126634,2.15757598022923,2.32753015800113,2.4973530699858,2.68011142542106
2016-08-05,3.06359342302935,4.30808972696082,3.78501589068028,2.74009983637471,3.62273726395585,3.37536777289143,3.63654234832074,2.76939048432579,3.46378039604105,2.83445843601067,3.33133480509877,2.95285049755817,3.27741493634675,2.95994859609412,2.92911240586956,4.00061518828497,2.8938976038733,3.02878444347946,3.19185192209061,3.1825824944592,2.92604777357564,3.41427268881627,3.98094708493383,4.56963588161299,3.07237867624691,3.96801108745705,3.54672672015465,4.20256295145579,3.32493348157915,3.27777324301995,2.80012560222524,3.61248601530752,3.33377421094054
2016-08-06,2.94660434077508,4.25179749044316,3.07197716539371,3.0082216492233,2.70843165547555,2.70351886426473,2.64929364755755,2.91461620581851,3.34547293870694,2.86580350397558,3.36923295580032,2.74964275193873,2.65510780617741,2.9123701328097,2.8985498553388,3.78913527184558,2.47970581577934,3.00088270834449,2.54162509688563,2.4980896772221,2.61072278844689,2.56480029928214,3.98850022577198,4.33559353698744,3.31106314657297,3.26792343838758,2.61996360235436,4.10073645525346,2.35614200974986,2.39272647386416,2.97559502484067,2.573138020838,2.6989471420496
2016-08-07,2.89301906331537,4.19085739239987,3.12970465974262,2.30270642318829,2.96984157591272,2.70565471843275,2.67568635148523,2.39317419074724,3.36592448417632,2.61118987190913,3.13381462755249,2.56722701435511,2.58866762925378,2.55719433372155,2.6847732705502,3.79749333759799,2.55224976156189,2.88805472206867,2.59628083949169,2.67614069566236,2.5698158723389,2.60180789724053,3.90359447206554,4.50352447174145,3.34424873594206,3.41018621128157,2.62710097047487,4.04400963984592,2.67235063323316,2.68022205964525,2.5086604499992,2.72622140452083,2.63296430979332
2016-08-08,2.47364246887334,3.9271639227207,3.85922018366816,2.50451462537635,2.86775871654588,3.53086877144953,3.98541601929499,2.51098482900365,3.41307105743284,2.75460427779203,3.19256860017303,3.10393644738422,3.4661108322182,3.29099501786514,2.46825394580037,3.48400842374328,2.80850365701189,2.46650559751164,3.13528675972965,2.41074992696388,3.00983598960215,3.54709396378632,3.59727903276127,4.40718246573357,2.95662050388668,3.47442833425901,3.9084668376252,4.1447013247467,2.57044578875045,2.57064176616603,2.65554759954398,3.47141170142135,3.53662601032556
2016-08-09,2.30638662881279,3.75881884632812,3.33558103755689,2.21967605050647,2.5354905126579,3.17222557745646,3.11724279034834,2.30203717801324,3.45963189533379,2.73797292926017,3.10043876514425,3.55381488914793,3.28314822482832,3.93966134905136,2.31587345674206,3.30912828147513,2.758105055253,2.3165214810216,3.01258435416546,2.24692575348537,3.24182476083014,3.04652824797506,3.44274371281957,4.33475776365641,3.40750615141856,3.10562992842948,3.12560225096225,3.98049714255294,2.3227221551097,2.35042206543631,2.51877137553976,2.80427885664998,3.2972525750821
2016-08-10,2.24687452192108,4.00534868154235,3.44120189444619,2.63477276899066,2.96648231089197,3.66076196098459,3.2085010581768,2.70785514605042,3.84883529350675,3.22574315212539,3.42566547776502,5.38346276040467,4.32201863613556,6.31472645727978,2.48408025251035,3.57305742438177,3.29790514720822,2.33688856817897,3.92061090017966,2.74736657555838,4.4861303317691,3.60623238841062,3.69267067314198,4.48781450714296,3.23916493556151,3.37871049386945,3.30497901380781,4.0535546301442,2.89449697784567,2.88819727339418,2.92638396798799,3.08425358882854,4.20014112265206
2016-08-11,3.87384940963244,6.83550191782929,3.61753550530958,4.60589910816174,3.30051534844556,2.84537988834014,2.8990431190341,4.27455620602664,3.55773937643334,3.72184660923197,4.04376809906323,2.93626563813911,2.8419146775896,3.04531966598097,3.95961148411572,5.83862844042884,2.91041345247063,4.21055594010005,2.76467919671859,3.041513422845,2.85498565529393,2.76636723763656,6.52740032901929,3.9668122388499,3.44454832323744,4.29986979059131,2.80088635626659,5.89953504764711,2.65477342837658,2.7276691717307,4.1815891499562,2.88534752689037,2.85762949485596
2016-08-12,2.02868327355061,3.57946320885449,2.59890515195196,1.72299184325426,2.08629452261577,2.21461432940055,2.37499260936084,1.81899562518446,2.8778927096159,2.19732179982168,2.56183828766635,2.2143273082745,2.22939982990436,2.24767267694058,1.94916016000555,3.08766411014791,2.18561280789807,2.07038868219551,2.14761361019358,1.81559700667968,2.23991217733799,2.21568024367473,3.30064021708085,3.71650701310937,2.26014328288011,2.6636303688719,2.31715587075669,3.43713879902183,1.83362331687449,1.86981539199005,2.01145314385367,2.17643256817187,2.22550547501865
2016-08-13,3.05921866917405,4.69915371622045,3.479523238288,2.80758447997356,2.91862596586454,3.21777352526015,3.11350453467487,2.77722728937653,3.20826647608079,2.76624394412505,3.19751883459072,3.61184025377343,3.32858727404357,4.11747708839871,2.90573916611099,4.14556501197125,2.57211855116191,3.11669737707979,3.00582304285071,2.56763901618944,3.14311102781272,3.05892718971052,4.40680985818625,4.04877055245899,3.51261033225468,3.57768995989678,3.11008937907796,4.55890398272794,2.49893418937607,2.52986707861234,2.83330873255007,2.92625320906625,3.36939934675738
2016-08-14,2.21111186847378,3.83076987804202,3.1114922839905,2.06003630444711,2.42777861835312,2.9777319357244,3.02691089281823,2.1260153524517,2.80109862031051,2.40152266948232,2.58136609054192,3.57190944034769,3.26253888659476,4.08752240095011,2.1755099901554,3.33395565033284,2.49286477132382,2.25390070369255,2.91118614374845,2.08615833008408,3.12582517243705,2.97333975555085,3.53689051700832,3.23582981600765,2.48126044375639,3.02326571788408,3.02071025733101,3.77635778716058,2.16323477508658,2.18544297360081,2.26135467981921,2.71182208190272,3.23471649285804
2016-08-15,4.12657440361222,5.7992489670891,4.79930668063744,3.5600243427622,4.72740968387995,4.55033448062035,4.58279180451921,3.69487066146395,4.73813266882562,3.99491259359872,4.42485223788768,5.1764751179857,4.89068281821172,5.5917169797968,3.96174094686421,5.37106454863084,4.16839754044147,4.09979678444417,4.68252079977704,4.27273453358892,4.74566287117722,4.65518130189501,5.39827579795491,5.76130663026944,3.73969832295525,5.18761552881647,4.54017376422717,5.47687840780373,4.42578769415876,4.39473609204379,3.80619313328025,4.6111150596028,4.83106092790428
2016-08-16,2.83857678584099,4.99136007172577,4.87474520045232,2.41963122578121,4.27339586257145,4.72278973245661,4.33761344338208,2.73795028359915,5.10399515954129,3.71094632488919,4.22046680220898,4.84988658075923,4.58164921416733,5.04546875166825,2.89069802184191,4.59316666679677,4.21222005999068,2.92235049660738,4.52825061923587,3.85630242331739,4.64207319739064,4.41584913622625,4.67544351772788,6.60936596411549,6.12415345942283,4.50033789686799,4.37733425260674,5.51416210614824,4.27449167788977,4.20225003992873,3.0765975117358,4.32576952508432,4.66228936936323
2016-08-17,3.78341430153149,5.59961729167018,5.40045123352652,3.14800372085945,4.74086072144772,4.90660685957189,5.17630559283668,3.29126943366582,4.69112862404926,3.63422915693372,4.29948200129534,3.91488260286217,4.49730618490143,3.86751076878362,3.58270654901793,5.18655669954802,3.94314549618148,3.78254105303416,4.35765823752469,4.11087459142249,3.96138152917946,4.75401147532036,5.25189558126361,6.26512348969781,5.40961815248762,5.14673490018053,5.08830570027426,5.88102585871109,4.42997214999926,4.35806203647137,3.41534812290047,4.9810874014413,4.6721341094623
2016-08-18,3.03221590297413,4.90996823651015,4.0526693519488,2.94551120007927,4.23341450041592,3.67084082997689,3.34415034137159,3.15601762404914,4.50063336190245,3.77883775368205,3.93715269106246,3.88436736210724,3.62064635535663,3.69963077436061,3.17491931422445,4.56736475237943,4.06605019888507,3.08398711474799,3.89966291662283,3.99661891761443,3.99905083262635,3.57600847301669,4.51875369086704,5.15266914961418,4.74104455646817,4.40645583336242,3.32107972451411,4.9122923668561,4.22190267436817,4.1605647364215,3.34355446904067,3.7225018190366,3.59695893585671
2016-08-19,3.41050785790238,5.0750420680115,4.34635993905449,2.45943925238585,4.26942245948714,3.92365326156187,3.83649771161554,2.72933139634197,4.58839560315142,3.33648014478214,3.98102872193846,3.71306417372491,3.76488411729978,3.65304391577916,3.17678051155215,4.71865059407619,3.65151682759311,3.38063616561204,3.835283854034,3.82155890327493,3.72652344427283,3.81196318236209,4.71080988724954,6.19126166841037,4.65371251379188,4.56518697383665,3.78722443088306,5.09300746260978,4.06814621127082,4.01435223733204,2.94086800201921,3.99939615453903,3.82037501566763
2016-08-20,3.4496978960885,5.37066134859969,4.00146008849762,3.22465667022152,4.09884240168068,3.54565317398466,3.30595374075332,3.33034821163828,3.99119912060608,3.57800622829971,3.74577581964899,3.63159868536864,3.46207757022078,3.55208810577531,3.43880362578319,4.91734937581626,3.67252931893563,3.53717035827893,3.62187486062374,3.82131775365935,3.65533861256811,3.4240396727375,5.03379956182133,4.47260451597677,4.55280694106085,4.43833592807829,3.26819520336017,5.15183661013954,3.89643269094555,3.86521130015449,3.40140513928582,3.59603267362457,3.47518969725849
2016-08-21,3.21031667468676,5.36709198435365,4.14868507767915,3.35970450704253,4.06088995279675,4.16144774838206,3.68255367106707,3.26728292588864,3.58870314304439,3.10485830792197,3.62789457182249,5.42767674939776,4.63003744915059,6.48795383913673,3.21242120961797,4.86078059257304,3.00004136263331,3.32529364239514,4.14654900929255,3.54950562809084,4.29670036531292,4.00586947888476,4.997936103794,4.7308069984796,3.95334581710182,4.46835075271199,3.74136287572193,5.1242416687733,3.67060554758471,3.59299136784003,3.20938637707098,3.81493277954577,4.62988926947604
2016-08-22,4.09916856133702,5.91205716349152,4.34284422968588,2.07696195756349,4.27268511211552,4.21628698430841,3.9686116420724,2.54672308925024,4.40730945276173,3.32405482178779,3.70494958360443,5.47874805164016,4.73729252996774,6.11502196736853,3.50603354340924,5.38896932823824,3.88314813935567,4.04956928990437,4.48619609210279,3.80692852702449,4.84515252691252,4.24510244244375,5.58816183060026,5.36871832178189,3.7509500128108,4.82607015660295,3.98324556945694,5.43202456421398,3.96372588345426,3.98458322790985,2.81306017485643,4.01832783627825,4.6288373300977
2016-08-23,2.6585617749652,4.82890961531684,2.6607961512749,1.44052637591012,2.39585370066714,2.12098881650043,1.86714796982389,1.60031813172087,2.804591172492,1.84361161243529,2.53705941708344,2.06447110713642,1.92129431692133,2.18206593593255,2.2076141621202,4.14469760703615,1.75415564568446,2.78636684312469,1.88643624541525,2.0126210488235,1.9364849692918,1.82969641459077,4.59931024376006,4.24205805723262,3.65736855857768,3.04984966290144,1.83940212279752,4.4333359077355,1.92570214343041,1.96223360102924,1.73987284252263,1.95259205753182,2.01466414102972
2016-08-24,2.16284181436532,4.43968480211199,2.62739543135776,2.1280901010931,2.32399588217816,2.1309358116587,1.89829481012622,2.07265755431203,2.63559345072243,2.05772605298816,2.59909607623978,1.980436291089,1.90433430577112,2.07600134188012,2.10636948666735,3.79535897042044,1.77156015929442,2.3727334854536,1.87503705792736,2.00386212965396,1.86389178428891,1.84891064962875,4.20204306800188,3.76462956870158,3.58847853049275,2.87110031455602,1.87122589191784,4.18286820677846,1.93832822767903,1.93795935962295,2.11736607182048,1.98098230987078,2.00784848060753
2016-08-25,3.3872540215739,5.45213153812712,3.34284764313692,2.60704732684996,3.44407764370454,2.83004456852104,2.70954393649707,2.71372455300879,3.64866728471627,2.89253522070304,3.43873690984142,3.08503303689096,2.88263090016451,3.17853159547656,3.10799540652726,4.85099001734316,2.80039453663786,3.48695161444555,2.90590953269438,3.09400845159549,2.95599899090976,2.77769161748182,5.15006502290602,4.81310628330528,3.31214367247478,3.99901606247557,2.65191828284743,4.83584299600798,3.04256076638373,3.05225198047647,2.80907990984493,2.92243125919912,2.87469707419765
2016-08-26,3.00554339042737,4.70578295948868,3.24249981379534,3.36649180658803,3.13843854879623,2.91082682812884,2.706475944576,3.24775758391069,3.62398924916208,3.18806451657599,3.64569228083719,3.34372855823322,3.01500947785238,3.60334019049692,3.08846390674368,4.2066875952239,2.79801044357138,3.11897878917735,2.93613953284023,2.92455065401149,3.06760023439018,2.8063825883323,4.4018480817278,4.5738548891126,3.39927345837122,3.6311701671757,2.69012419101953,4.40368818907735,2.82151462543937,2.82722557517047,3.28503470823672,2.80992382876431,3.01242586208716
2016-08-27,3.65506534227307,6.57841382498089,3.62199801985591,4.16283542328555,3.51823724791134,2.99484511508006,2.87736364686399,3.91451902621157,3.59185754119383,3.49532640540278,3.92092772444111,3.23108709573625,3.02179243470888,3.4376744838974,3.70617138357121,5.69311682454779,2.87137240474383,3.99264391558022,2.94987040550545,3.21309413511211,3.00394520071782,2.87890239499278,6.31159325447861,4.32328096166939,3.67908474064351,4.29248625492125,2.81143834025498,5.71199942170847,2.96416104977487,2.98818509578939,3.83567847011093,3.01156285610636,3.04428701613131
2016-08-28,8.94511738970021,12.566457989363,5.49004120338169,10.0759777635363,6.51861662919465,4.85800516095874,3.77351570527566,9.08966394992927,5.53901828736501,6.69060656479031,7.50280451448103,7.40297420878436,5.67439521403137,8.93984829411882,8.7387654345775,11.1247975164076,4.33939541553002,9.52370933163689,5.18624457880128,6.3638773854765,5.71859926536917,4.53885623736159,12.2923666242825,6.24161957248661,5.82115578815885,7.9085678423213,3.81318363482266,10.0033058717444,5.10770383122513,5.24169998805434,8.41492433254608,4.55443639972465,5.59841116187919
2016-08-29,3.53063693111748,5.19597430838175,4.20976184130202,3.2969816949982,3.84085616777274,3.96169329934859,3.94027863313855,3.32462430216252,3.89140434352209,3.43253349729823,3.76923445399243,4.43709229324655,4.17503897733421,4.89295126990287,3.43456687390418,4.71240537510625,3.43433974138512,3.5504292253063,3.90295510060158,3.44146580810269,3.99554639679527,3.93249863342761,4.83961749501885,4.6271636558099,3.69633570443661,4.39309205105187,3.91737454620882,5.02686849849419,3.49734475547504,3.49245591581726,3.38883159750009,3.83600022171323,4.17012910582871
2016-08-30,4.23749247155079,6.51486143137545,4.89931058868232,3.82587349969068,4.58400102958219,4.42628285568199,4.64230474808923,3.91819453942894,4.59093012519849,4.14179084732373,4.38585639158156,4.72435319797861,4.64410202990009,4.94098172385267,4.10705044812407,5.85902459673185,4.24360257115628,4.31625859315214,4.48363973641286,4.12794217118345,4.53452756327443,4.54377031776107,6.12343171943216,5.15284182176106,3.77582520390968,5.27618253254627,4.55506183598658,6.01514683232998,4.19507090448758,4.20135286613753,4.01728751416102,4.54275622217688,4.59769273662434
2016-08-31,2.6038314614633,4.19987154180343,3.93490045575057,1.96033482566761,3.39630641079437,3.54068303850884,3.62105292251665,2.13897477171507,3.52468175314471,2.56751492997869,3.08825146084106,2.89727592757332,3.21904342391563,2.86772432647254,2.43191756812186,3.83504996377402,2.87068310183858,2.60465637671366,3.14527831656269,2.90984389686513,2.92536153257655,3.36200708996275,3.89819130741456,4.80340283200945,4.30637175453694,3.74256537050021,3.56917035859472,4.47175103845102,3.17178079945903,3.12177778234065,2.29248922854117,3.50755378309718,3.35141381003966
2016-09-01,5.43171171319044,9.16581371533382,6.7237095867195,6.59243539873294,6.51498621085941,6.11180087969307,5.18461067067255,6.31121323126489,5.6508701551945,5.82466247864788,5.99469441017869,5.97527623334251,5.58881165087416,6.19127566315122,5.78610859564522,8.29239223591962,5.40887569884729,5.88452435924776,5.66185077763066,6.12295137378123,5.62810514491743,5.38892553620677,8.81496652505445,6.00883761781011,9.80159372404138,6.99733124149426,5.22551815697179,9.13888659947152,6.09011082874058,6.00210122738172,6.11844389921493,5.65932117475826,5.82444193968251
2016-09-02,4.12403549958437,6.75159197912879,5.11958145823641,4.12524203368928,4.80886761774375,4.60756207865191,4.54548597631383,4.20840407705977,5.35481285331002,4.60385816119348,4.9902098848203,4.36904099596668,4.4120058965715,4.2247075318807,4.19324057244818,6.10275507513542,4.625681668169,4.38360381424026,4.5129042647666,4.4920915314194,4.50582192054493,4.47264488911174,6.53012896073847,6.34127872089362,5.63964089142164,5.26175266745864,4.48960527822941,6.47644698193604,4.6017061481506,4.58127519081876,4.37429899186132,4.60743388241848,4.46063222734866
2016-09-03,5.08155759685069,6.38896047258939,5.20898565321406,3.83634286915603,5.21184678772225,4.97056560081477,4.53337651392988,4.03385369523041,4.93384030544443,4.23325601445652,4.68864065724157,5.48128969827915,5.02611121345649,5.91270795903276,4.65220573989042,6.01404085805853,4.38293049406268,5.02056365167202,4.89051199755488,4.82150756268478,4.99668929071662,4.72197786061542,6.0632164955925,5.91710748036003,5.94813991197196,5.61387700966949,4.55813677920337,6.28018797549215,4.85470902372228,4.84453542394435,4.09853693858852,4.73900443587279,5.07346058992684
2016-09-04,5.2542253377525,7.40989942316613,5.80672894357106,4.40289953218685,5.23271464179912,5.95528753565192,5.1397896827828,4.58209098512141,5.451089295348,4.92754362616583,5.15928876964792,8.05897900022963,6.62569844619396,9.40591683303365,4.98535688130992,6.73295186200723,5.04146648839981,5.31196244691151,6.03412955463547,4.84983083059982,6.73895442665408,5.63687529522827,7.0456694069183,5.96492315157492,6.48712152231531,5.97667170535554,5.28440945794241,7.2987711791899,4.83629797002257,4.88009698257711,4.73422532453361,5.05137441783605,6.56536469051335
2016-09-05,3.48395572637647,5.6284080232437,4.96023109367816,3.09283498837473,5.0093117584774,4.83607890331694,3.90106765254983,3.4882172790077,5.22639962592693,4.47750631223809,4.37438442866675,5.76357744602585,4.86616027639768,5.90851015077442,3.63360744788039,5.28040004085618,5.09655715138812,3.5493659723926,5.10449483099818,4.80615762981315,5.53404829805936,4.46523444998442,5.22711631796991,5.46702784059627,7.10826924250767,5.10047628449476,3.9961430745404,6.01517452307023,5.13816704926093,5.06977328294069,3.76488822143855,4.37531842624667,4.84786424861624
2016-09-06,3.32147148076381,5.47573772515432,4.7236372060284,3.2563911147413,4.52995308871651,4.66245867895512,3.97512011543006,3.4549654265412,5.48841732759763,4.21424527319381,4.78553964526025,5.6373442193682,4.8373798722938,6.11244110149249,3.45890905718187,5.0477609425298,4.38398024929616,3.42212451071168,4.77075887465536,4.22911836289332,5.11192468795619,4.37638337939974,5.11061661992671,7.05063966330186,5.94386774700453,4.78273648282542,4.05466570563159,5.69324704219192,4.48005897470695,4.42127920131203,3.73806947541785,4.19967886223157,4.83090669879158
2016-09-07,5.93449047763907,8.1219340285747,6.30625286332172,3.45485289918133,5.77128041016388,5.73121106084526,5.74120092480814,3.97651858631713,5.21630245950716,4.63520766931645,4.65338671480079,5.73729064055227,5.66351398094926,5.8486705952494,5.15593446443783,7.41355358206853,5.3669800551905,5.88852547515503,5.56203026967127,5.19899435883664,5.67200515435275,5.5926345838008,7.76249899945178,5.29844950997948,6.47049696785572,6.58599399186153,5.68101228011736,7.82349172705217,5.30752447601189,5.36470318637056,4.17795530292874,5.61373073497404,5.70339779916429
2016-09-08,4.57632016712525,7.59965611183915,5.87854676448067,3.76690533445421,5.38697978436962,5.51643452867024,5.37276984900843,4.02102189189118,4.88059182471859,4.47296731894758,4.4810562836901,6.14208887772124,5.73716162679152,6.62145799921746,4.38600708600742,6.82289057217157,4.96856433273683,4.72839474823335,5.4956808641127,4.80563623983779,5.67144256592312,5.42926985182374,7.20045115038018,5.0517846770363,5.66266169916753,6.07023173512956,5.35090471017205,7.28858488631099,5.03130901546447,5.00912547559738,4.14569786913643,5.31264262686961,5.72768825493661
2016-09-09,2.66833606066691,5.80284933578322,6.73239648948952,2.90442280913911,5.49027434861479,6.62598876771665,6.91601425279324,3.29704328465567,5.58127182062874,4.56705255422668,4.48743862723131,6.56118149950377,6.70329446235005,6.83264214929319,3.06716984350906,5.30399400350524,5.76380069364263,2.79508466702376,6.40607317270187,4.74563794482513,6.34910917299749,6.67423054506803,5.33698464159263,6.08386695997888,5.85884494985806,5.77539934561192,6.87958797736359,6.54307493073211,5.62795970907436,5.47641349864956,3.66365217320546,6.43953837454225,6.7289631571527
2016-09-10,6.19343380140702,9.38216976044154,6.43935374809118,5.72567897481377,6.06057547806047,6.3803031135507,5.84172243116375,5.64921451987067,5.07256961391678,5.25228369616664,5.38645263740273,8.60661696336984,7.26916429681733,10.2150891142498,5.9032752682782,8.38159269915072,5.09988504866939,6.40526761282605,6.47787946135705,5.45456371826655,6.99892031828373,6.24997768600247,8.96357973118717,5.14126369454796,5.68335135876934,7.08453473543125,5.91379679166461,8.50884861412967,5.31965278814964,5.34613191492869,5.52454527167624,5.77620040537291,7.18469383383704
2016-09-11,14.0196989060598,18.3923222370679,10.2238319925087,11.6971732291324,10.2523549858294,8.94954984103451,9.44337441271966,11.0300261917651,5.99202507479552,8.03835516681764,8.4308239832722,9.34723255972507,9.34695857003327,10.7915492095737,12.3667045670531,16.4454076633874,6.66090848380803,14.5324342935617,8.27812497992754,9.20463664348724,7.89949463577312,8.93340720926514,18.270162564024,5.29739845588693,7.53384420590594,12.4382636059058,9.22891237982487,15.017087013653,8.02897969510449,8.22823197829968,10.054028087681,9.29291337606047,9.48245242530974
2016-09-12,6.37517970605025,8.88470699791167,7.67558211178376,5.63443213948169,8.07448377159468,7.08503073681168,6.64547028455729,5.9045398566948,6.09400936690078,6.12490620809128,5.8231718594086,6.96942658444786,6.84862902276207,6.85775612081112,6.26102144837527,8.45088094684708,6.84544383267765,6.38857463410163,7.10801818921193,7.49951690549006,6.9238283790763,6.85813197440191,8.33046431170737,5.69395726009042,8.66463474564688,8.26810883061157,6.59886520581358,8.85747315262278,7.85225469729423,7.71832067428092,5.82509151785427,7.25612330707271,6.92557721839471
2016-09-13,3.16351345668733,5.23775618026238,4.87901083939831,2.00217902178796,4.62588854666122,4.5418607561534,4.12690773093275,2.59019790649372,5.3229176562842,3.99206461885426,4.11632904426516,4.73116508993945,4.40287634077227,4.5138648162664,3.08528700099262,4.87112220557499,4.87696517604556,3.13228838538654,4.68464505970486,4.28630293925601,4.92430696183325,4.33250063547646,4.80541450896744,6.12235707632684,6.19906977413435,4.84601917376983,4.13466134068495,5.66331104078958,4.73337912787133,4.68514868599135,3.03316620247965,4.34202252457914,4.39901937295506
2016-09-14,4.59479440175388,6.96274280929537,5.4315882002027,3.43967638093557,5.39605347365351,4.99938608189852,4.7434154946976,3.66139169370346,4.78885461573917,3.93570345467005,4.44666915749366,5.12173675197684,4.94818809203363,5.41839953176044,4.22726834397975,6.40175494342448,4.26176994649511,4.65557896611591,4.84737253918705,4.7938340628488,4.74980708940572,4.80408869678717,6.58583665382539,5.98991419060593,5.80266984029628,5.83564002889522,4.71379466876595,6.70723911818901,4.99840103452263,4.93406215574459,3.72431652577244,4.96921582211799,5.02524629006874
2016-09-15,5.14018224701779,6.98065040080087,4.60057236080991,2.7474762891761,4.63436119646905,3.69506721043847,3.82049985228122,2.95581733935782,3.1946838079187,2.70154438681813,3.28324741110752,2.63675690056749,3.18232203875117,2.488665205861,4.16854501672251,6.34304190762156,2.85878998924199,5.09742634806043,3.18437644271349,3.94986729852115,2.7212921911796,3.46363821306057,6.65890425787109,4.18584122402775,4.96381691601828,5.34685875375895,3.68594964596618,6.36027442848579,3.86169305505167,3.870039388759,2.84491661695623,4.0066846286719,3.3807298687087
2016-09-16,4.20054748186621,5.61006792908868,4.53225515483419,1.71200298559699,4.83953795751829,3.85129000803617,3.86473191219358,2.12420446610487,2.97252681905676,2.2959902708622,2.6671594753706,2.74521578230534,3.31232075437561,2.46610395175627,3.35303131462847,5.31771047593413,3.03658103216654,4.06418928791594,3.46032546111424,4.12947744062676,2.8988008858941,3.65116966162101,5.27785637630517,3.80829072303496,5.06544369375033,5.05950675035945,3.75822300490204,5.43491438362423,4.40244526413663,4.31341668219867,2.07217024520189,4.24174583855713,3.50167473562914
2016-09-17,6.66548097113612,10.7192788155372,6.41700005716431,3.27543374517583,6.7112618726946,5.64543113927121,5.22317965698495,3.73760167941258,4.74871082992999,3.82263009809573,4.49813982765268,5.99266701122354,5.63702619142287,6.57689423290351,5.42975862222749,9.58868423996188,4.38073571204187,6.90353503560907,5.42593399574045,5.73051963838175,5.27899942680415,5.34413169235288,10.4181898225866,6.06905552470583,6.8838556872987,7.58164231602148,5.16503683779525,9.3805977587627,5.79940095936328,5.76948360460837,3.69401159924984,5.68017723677547,5.75113287410117
2016-09-18,4.55378320857986,5.87757540096806,5.95375561591056,4.5774271434756,5.16821316367163,7.53687548094893,5.68333244403305,4.61008339835047,5.67948071842431,4.90700534024189,5.39292213532395,13.1883709413433,9.65645474509633,16.8904465360828,4.57826355407483,5.5136034930897,4.94646197191453,4.46319118728653,7.96139756562202,4.73656410707849,9.4999603938636,7.11934033842645,5.41470597327717,6.82850952111923,6.08012130826658,5.69279983640966,6.15586909729651,6.36081533037103,4.8985536632931,4.87783675937982,4.75798885456074,5.42122201274961,9.41076040146227
2016-09-19,7.72147188083293,7.56290069370013,7.52955627799596,4.87145282158728,7.16987199547132,10.0508920198411,7.58814363390319,5.15802858182091,6.19577133325929,5.1103482159049,6.07522568640533,18.2077885698816,13.2887676363927,23.8863422074575,6.57141995766098,7.43301455082259,5.47575363752007,7.29430297202511,10.5902089882506,6.39356464969094,12.49209499259,9.61540175594424,7.20169746525716,8.04360332542531,6.49060087424482,7.70645638769459,8.2597777906055,7.61234872273821,6.49137245038785,6.48854976782487,5.14729787095621,7.31901528974065,12.9467495497219
2016-09-20,5.76442858566994,7.69746145892601,7.77772998876782,2.9093227526538,7.36841045572858,8.13552074919659,7.36289504083746,3.52530582721904,5.48912921243991,4.22184554764107,4.71585845995412,10.1985940122413,8.91506492114419,12.1229828673898,4.88427438723376,7.3385954898776,5.5235987081606,5.43400257139992,7.95232961744721,6.2292115901555,8.1859820863262,7.84358887209073,7.0101001175891,6.81549295399666,7.47399094561166,7.81097450754311,7.51131552044659,8.13633688400026,6.88530407699492,6.74427849618544,3.63624621510176,7.36909139309666,8.9459677747928
2016-09-21,6.73142615598439,8.83801271538351,8.26676810642545,3.1669991980899,8.30931289145015,8.05251165158957,7.49508158714346,3.78788379991852,5.3523126497196,4.10888855838457,4.79713439879146,7.60740632803191,7.65532933794727,8.33999917357051,5.53371035738584,8.52734821164518,5.44581530884227,6.6150473468723,7.27290963532047,7.13141626567618,6.67750856628444,7.50029026861313,8.52482214958423,6.99463491507773,9.68426058032902,8.36460062014519,7.52860700552782,9.07642352355807,7.78857726053342,7.58676893345889,3.70823773926344,7.86230956232183,7.9729550758374
2016-09-22,6.66997259214815,9.48613932575891,7.85566509861092,2.70446970834508,8.74253495170103,7.6266726906157,7.17728845059201,3.47123384169317,5.4785767283695,4.03063463384894,4.69986864039755,8.75980303707416,8.14911029675655,9.88292577539102,5.40811968837051,9.0344473317987,5.58176337392877,6.44707507416072,7.72352341051124,7.38787278188724,7.38534655954985,7.61694131124893,8.83391607616474,7.19123285393781,6.63822085598418,8.95969323216391,7.15865355143896,8.82863737839122,8.12787673466564,7.90018821439395,3.43920896277902,7.8796146004625,8.16722465190912
2016-09-23,5.67930855726047,8.10086876110283,7.28427406132155,2.68344157830892,7.82455385145784,7.50384268526576,7.01538447708987,3.30189358991279,4.91617168814618,3.77991163271348,4.25238236722649,9.05922317308043,8.23169929048,10.5258702160231,4.75134368629046,7.78225129879568,5.23147219644879,5.56986254533251,7.5718124888816,6.64712162929727,7.39143097948235,7.5016977577046,7.67079142485798,6.22925015048268,5.96361459543484,7.85590038075856,7.07231411213079,7.68277297575354,7.41750812381755,7.18925325572186,3.25822231198303,7.44802872333332,8.22442335044585
2016-09-24,7.95860167870233,10.9101059207393,7.3446536581082,3.26236985715454,7.99237662229576,7.38963922838329,6.54581484986661,4.21911992811602,5.51095247325428,5.04996967551126,4.73562111120045,10.4113596406987,8.59822765230029,11.9301202798757,6.49052893370598,10.0827523893946,6.55254229030592,7.90419385956812,8.09978560814292,7.16583420167412,8.80035963462883,7.42281039740657,10.5449490389587,4.91619199675818,6.43184796526505,8.7112376602615,6.63872658552128,9.51361006438489,7.40063683351156,7.41626238765918,4.33635634325887,7.0241148083601,8.35997273447634
2016-09-25,12.649892061975,13.6808186695867,9.53796183914294,3.33364232862547,10.3457986150748,8.75543903389459,8.82556060841295,4.55097469587991,5.36309743910609,4.44833506670215,5.15355486576167,8.44390583936464,8.67975480956395,9.25068371508692,9.173090248932,13.0183375890773,6.15527467695623,12.1629245993875,8.13376974228786,8.87905499048459,7.49803215774248,8.57152595537819,13.5350817745936,6.2418675461941,8.6566916391073,11.2956829117548,8.70347832324778,11.8985683887528,8.85814198071428,8.92329063560625,4.31642586074052,9.18039385822865,8.89330241985938
2016-09-26,7.88532683280659,10.4093874429298,7.58745473868667,2.45979464735265,7.77737648875924,6.93970971266841,7.05179579234254,3.3900083160145,4.91758991946025,3.97762937441479,4.25572450008977,7.17657632873473,7.12878605102316,7.74723997790859,6.03215492852004,9.64200554336938,5.49564732137044,7.6691895008012,6.78108435255845,6.59190917251542,6.53694542832826,6.95748443120592,9.9891401015225,5.45820184136795,6.33380065273719,8.61292233280233,6.94310377916779,9.34432176905451,6.91196695570115,6.89979752977932,3.44174357656049,7.21753244369626,7.17423849540877
2016-09-27,6.3011072329235,9.64409212017161,6.84259380866454,2.94886661297384,6.37010728347846,6.08078755206703,6.18116611345983,3.48081170642107,4.78430059775663,3.8544768165035,4.35284162219716,6.35825559031304,6.23317177723827,7.0429112069385,5.11210914830958,8.61332337582127,4.65975385309297,6.22216609371905,5.76722654530733,5.25802314598882,5.66855600238863,5.98561380558429,9.03147802668325,5.78166319411451,5.89418393408491,7.54033420139359,6.07793726670302,8.90526076275606,5.44655809238415,5.45303459956813,3.56331919009925,6.087028463273,6.30535399525536
2016-09-28,6.25188905265792,7.76684124528776,6.01550474457419,2.32070230474504,5.91787334200713,6.7583223386636,5.60721659086646,3.0774654180945,4.95778578306165,3.89284043104468,4.18952389185398,10.5018838616275,8.1941920830437,12.8701176096233,4.97175350360195,7.25414546517752,4.94725017396887,6.07983559878592,7.14571695787087,5.241002930218,8.11848415365468,6.55527438525083,7.5186128585654,5.6333054268259,5.71391805251392,6.52810482895579,5.86158933497388,7.23722944823906,5.4335497508608,5.47303701010276,3.30026561491388,5.61983380130606,8.00650624324806
2016-09-29,12.9379256943733,12.6710801866898,10.5839169022014,3.70260571449105,10.87349887878,10.07478399746,9.04842103623574,5.67003533417265,8.44463703917411,7.76062030147673,6.73079557359922,11.5986489133826,10.2644896428414,11.8247585255302,10.1054197818488,12.3461288163531,10.4255104383438,11.9726623845098,10.4830668800464,10.2720489170148,11.3902964831985,9.63994931456907,12.0092630578316,6.30731045603397,12.9158530624241,11.8495918449426,9.12625177315108,12.6051424372095,10.3251397653916,10.5690684174888,6.1794443985362,9.48910721471534,10.1705380769176
2016-09-30,4.65348281325754,7.62763681729732,7.31879393099148,2.12592162295179,7.12457385543772,7.29394296190339,7.08776776154201,2.84908660622372,5.39162612284134,3.88775873453563,4.29193581670081,5.87891542956945,6.54580523751708,5.76531902326885,4.02566509732661,7.32981569109731,5.56042790544562,5.09784685936634,6.55778734959555,6.29790185638863,5.84800790151593,6.88219768290673,8.00943726844923,6.80899080458776,9.05151707695062,6.58227910278042,7.10276800176453,7.7407363357123,7.26260064987332,7.02267374273319,3.01213876280226,7.27370124507001,6.85427494520095
2016-10-01,6.2860555875823,7.91795297284903,7.25926770624436,3.22695608364983,7.40721435236668,7.40911653684951,6.66912902754921,3.8864347199801,5.25131399407328,4.46329925696719,4.59143658758863,7.23094776402844,7.04383470127816,7.65277604331848,5.36314964286283,7.74915302807828,5.7971061159671,6.45064172128089,6.92168540095264,6.79284269077194,6.65810488602719,6.87162529128527,8.14754748458203,5.76649410965818,9.5250771161885,7.07282767199324,6.7773662964321,7.98112924372989,7.33984303282082,7.20077787287492,3.90295876025766,7.03488001473816,7.27183884496806
2016-10-02,7.88441005262233,9.33148869739813,8.83419621983967,3.84854847580471,9.61791642618116,9.41388420861742,8.52540545455323,4.70620725872367,6.77192675338796,5.45522051348855,5.8644485479894,10.4395636954905,9.69973273364854,11.5720112713453,6.6599254804268,9.34571762503596,7.21315305868083,7.94402364574752,9.29292478654104,8.76702502822977,9.07063668134484,9.10838418010452,9.54778804127013,8.00117481515917,9.68138347539211,9.00684284966565,8.68337988345028,9.04448574158921,9.5653574554017,9.34289344637186,4.71895326698489,9.12190426345394,9.80206595106967
2016-10-03,5.96850184919542,8.75138323392265,7.41151731727462,2.76693947325458,7.02600410892826,8.17403773434241,6.75836587417846,3.42010444708499,5.46458631382751,4.10982116545866,4.68654758307319,10.0585180222022,8.5688693465912,11.9868117676505,4.96163047906738,8.23007085205128,5.33125973584444,6.30094354421975,7.69178474477508,6.22046396523093,8.01235336236626,7.41554323355144,9.01119386650649,6.92834860118167,9.88360795082408,6.9939778488891,7.05392581736931,8.72812014285184,6.7797413371424,6.65555224360571,3.53253544763677,6.88231555236326,8.73979821842668
2016-10-04,6.38741998880295,8.77268479484051,8.06376705058399,2.65545346803925,7.8035517461283,8.38392532205886,7.12206370698447,3.52810329369801,5.48349797899459,4.4561111862669,4.51726548186127,8.32002133273619,7.82030703667004,9.00784322809395,5.31221480068514,8.46945222322692,6.18706472810806,6.68347903423442,7.60030891635644,7.09134595566435,7.47520181377259,7.44249750424229,9.12699028436253,5.97675402012466,12.2099352315316,7.42601060994189,7.33544151883286,9.21470066078312,7.79400488681365,7.63924265454847,3.63192675706454,7.45928987471875,8.16193741866376
2016-10-05,7.19805347956702,9.89536414155038,8.31486162838726,4.9470416512355,7.93050359245367,8.55010670853003,7.98662809985742,5.25622654972145,6.09089021143404,5.26548786210544,5.88635918019072,8.55275900132088,8.35561053559063,9.58226404585567,6.36546749972594,9.3446007096171,6.00902128742798,7.65983917138467,7.7397263159156,7.1622009797916,7.42359470249324,7.99590611788543,10.2945680619458,7.43452932948817,9.85317635003061,7.92006188253059,8.10130609572492,9.53624006817134,7.56582052030332,7.44092153946872,5.16101441783422,7.97616406932656,8.63374778986205
2016-10-06,5.70381084028194,11.4454582470234,8.13208126762141,2.67243199970441,7.85169444711325,7.63553073616823,6.73680366932884,3.35815709253976,4.58824482555326,3.93750899510639,3.91720202551463,8.34132203015193,7.61420963825106,9.38617025546607,4.81366181486311,10.1894782607185,5.47404578784008,6.08071378744473,7.20737961839229,6.51389735027785,7.12870261903595,7.04109720651192,10.9877780532256,4.83942175445149,9.75021491525065,8.53475812755767,6.78161108789042,10.9225896720099,7.18357791912558,7.00881588002943,3.33771997561365,7.15468025800576,7.81017671596367
2016-10-07,10.1855292852438,13.6113575393883,9.74986595056293,3.6712500964931,11.0526543693726,8.64909784716097,8.73939544889724,4.77201417489457,6.70622050500964,5.30748062930895,5.93065511885946,8.51461334950955,8.72237051830318,8.78442426599768,7.97727184969846,12.7900962336056,7.16118332518087,9.90305086402246,8.68824547676797,9.46347504151868,7.98799187927089,8.77722609119302,12.9292243388805,8.0736948751613,8.01250139581063,11.7366087342564,8.52900521089245,11.9679556723689,9.98892489303309,9.84965586472356,4.70073011197107,9.61834595414036,8.78255547079516
2016-10-08,6.36491847185526,11.4424689001774,8.40382981224105,3.01205690175541,8.19029269213301,8.1209552834197,7.08907793108825,3.75365587157601,5.97684692943385,4.5781242697187,5.06858882625724,9.0108765383264,8.13891067929874,10.1321537663202,5.36698619780532,10.3446275524387,5.96469236069434,6.71815062608434,7.71484495733443,6.98437424248508,7.72652049455428,7.48262761265828,11.14535596333,7.34964122620758,10.3685699690233,8.71497756499033,7.18123348259091,10.979096052477,7.6174227885897,7.46236488582446,3.87468787504847,7.50566069582534,8.32759276647183
2016-10-09,10.1540980069684,13.8785525516831,9.62185468327092,3.97043057779536,8.71331206127389,9.74698635628837,8.25290987717981,4.93589051205193,6.89289449061224,5.62690655249959,6.21063619149022,13.9526827920111,11.1678191024198,17.092989702015,7.95296662846682,12.4449729786499,6.74803226752666,9.87629531599414,9.64553767544262,7.37038245283149,10.847314720788,9.09962450499937,13.0961750298399,7.85907310539176,10.2134283892504,10.5879041221806,8.50405176807497,13.0867505336325,7.31597914359621,7.4658373490818,5.14894110410309,8.06411821148236,11.1110110430692
2016-10-10,11.5107377820458,14.9793240350004,10.5499592113795,3.83815465661199,11.0530146710243,9.97974880670988,8.87749259510048,5.04957302412859,6.64712807943704,5.53062266325975,5.98699433523053,12.2665387702557,10.6894121458329,14.205011532888,8.82756105511066,13.8538472819155,7.32022351820355,11.0448443720455,9.88888679191296,9.39324331575518,10.1453729585938,9.50816760230941,14.0659343144518,7.40712633487596,10.8070729462243,12.4089029778509,8.93219113830859,13.8025601100773,9.60958528764048,9.60578985724822,5.00210410860138,9.50715013264218,10.7444284916869
2016-10-11,5.67856781419007,10.7682454054374,8.88243015719011,2.691140143814,9.41751743978228,8.17160063080872,8.27200462917328,3.39050912647189,5.43278588927348,3.99218928708769,4.57046793227599,7.458743705336,8.00167156781423,7.82827213285671,4.82541760880564,9.98021036486464,5.87899120126325,5.87149444474701,7.81567079201718,7.72685513033955,6.80638381087413,8.1723780920559,10.2060919482679,7.19124709846438,7.60259987985554,9.51759576550433,8.11524265072464,10.0769293750299,8.87991876669679,8.51575122625671,3.30500417796173,8.9036166570003,8.19299700849954
2016-10-12,2.66223385592758,8.08962173449073,6.59967828825932,2.25724020561873,5.62570012647699,6.06330924068239,6.04785599842024,2.42442051961498,4.45871360383882,2.80423256871587,3.86847464876429,3.3722251518664,4.7055072102788,3.11851458158381,2.59757707683676,7.15691803592239,3.59961821190718,3.58865118103081,4.61180608982141,4.5592339598809,3.49128426225061,5.3583191994121,8.45600821937997,7.17196070767583,9.1305405208234,5.48664573710949,5.99072255181298,8.14641369247326,5.44212419280142,5.15438598307239,2.45597083626148,6.00373828612895,5.24974740605122
2016-10-13,5.83404110837454,11.194217486294,9.25058545099693,4.71205363839747,8.95766675281747,8.14718053943209,8.12395280753692,4.92974310255384,5.69492535704313,4.87998679214501,5.44730876509855,5.62481284600786,6.89290052315656,5.29319159625867,5.48504395852062,10.2301738318951,5.88904832203897,6.31183653932305,6.96302915039286,7.56702103014234,5.72484382790724,7.55803715237754,10.8270161663378,7.21038264320106,10.9906407812448,9.18510646780467,7.96690640906944,11.1482858235453,8.38091448652576,8.06901085223823,4.7076826719506,8.54554691535213,7.38834070647874
2016-10-14,3.75470691202031,6.16353424361195,8.43864189722727,2.5177746393721,7.7788660157323,8.81900140085918,7.9375864783708,2.91445805272108,3.8101528392715,3.1534540799087,3.30398040825229,8.2160530524255,8.25330076582485,9.41736530158363,3.48169628544007,6.17975656401178,4.93437953868922,3.75611699436334,7.56598550395384,6.44587542491087,6.77279261723828,7.96735522369162,5.8201892884449,4.67316423560612,10.9279195876159,7.21593480490588,8.09850886274603,7.8269472349068,7.71024266355673,7.30065888992191,2.68950165558234,8.11038832424119,8.73177731530376
2016-10-15,3.16835663335873,5.9904230514932,8.0578585192309,1.82476742035199,8.07092735018516,8.75507487293923,7.48922665576122,2.29173626879973,4.81067914534731,2.88237177207984,3.88290536982298,9.52892966832373,8.80645707698385,11.3716757796859,2.91672974469336,6.06026847847989,4.61787520831455,3.15141872812493,7.96535124968026,6.58466812505581,7.33955855418464,8.03825664698998,5.51533743121311,7.70432009750995,9.77821547707165,7.29939036869691,7.71287488693387,7.35289017012198,8.04004378808769,7.5416859762158,2.20507099304569,8.04340182509178,9.15026340599251
2016-10-16,8.39221656336692,12.6332940580343,9.41702606261957,8.04742274649361,10.3466138718566,9.96930408435932,7.73577226657726,7.93551638326696,6.32224845908228,6.98039434845891,6.92213054987335,14.5277986082049,11.4633909385849,17.6249586208537,8.18242777748215,11.7633522643815,7.21225986738704,8.6077371134123,10.3833704602533,9.35439644159236,11.099645366883,9.3558268984777,11.8862916122014,6.13106246817873,10.5472074047541,10.7953815119648,8.05567874279235,11.9031143526701,9.55640652591066,9.33367426609773,7.39759691119322,8.79514138134944,11.3913944765466
2016-10-17,5.80712532673754,8.84656273403932,8.36272654821223,5.79140116602334,7.52759373020146,7.90778059902018,6.79477301657528,5.58941750846125,6.15446643218928,5.06431084830969,6.33467453816916,7.14420856755833,7.02137905178347,8.07636116881264,5.65114029169362,8.22195927813887,4.88692097532163,5.88037501867132,6.5294543559837,6.50101585403134,6.0291991861649,6.73533730651952,8.20113148885255,8.87652820009621,12.3387354041886,7.98707892439475,6.89822029869471,9.98404921599806,6.80232739910403,6.60124406228184,5.37938162628734,7.04616407897085,7.55514131755535
2016-10-18,9.50128793146145,12.2892676757701,9.97905259003565,8.16295289497106,9.87156671124744,9.69856998892481,8.62506069044736,8.35640182523503,8.59200568655211,8.36852983506689,8.51633054542726,11.5851362048855,10.1614710456277,12.8548301117007,9.03040763110131,11.4840983591371,8.58154400102833,9.42306937379673,9.72643955218985,9.1995858302783,10.227729219023,9.21912586437838,11.5392817096621,8.86233724258752,11.267334065246,10.7663995522513,8.72863355661607,12.1325987976119,9.18778432099403,9.17541666344035,8.31539880104289,8.9875566582002,10.1761966734316
2016-10-19,7.83176392059929,11.6137909093764,9.19024077203974,6.22426836863562,10.9776807168746,9.30524274045572,8.20595823661758,6.57202733486742,6.75015266617799,6.45297870024907,6.55048520485423,11.6884473690941,10.2618872747356,13.1817502057694,7.39196629492246,11.1507200239962,7.60845278418295,8.00064178930453,9.9368596687848,9.88077064628351,9.79860739122173,9.30898635775042,11.0899814271769,7.28777418010286,8.30431154070597,10.7311807078616,8.28086242106128,10.4777551355053,10.5984092363156,10.2610076877742,6.22675028612504,9.51675390693884,10.1622770679501
2016-10-20,5.59942699699161,11.0715006147302,7.28888475414139,4.64937804608248,7.55155619137851,7.6560214912052,5.61865852910278,4.90269450367959,6.01005142611742,5.18568314043987,5.60502014332062,11.4414094847583,8.74980311220025,13.8394921909065,5.37931312384322,9.88436087847974,5.66159139656579,6.12183859269724,7.97702173996826,6.68792546549886,8.82372306365033,6.97841700809333,10.6443572313368,7.16481100639868,9.37038601357451,8.0873225557689,5.91148833044396,10.3235638557021,7.03000289366269,6.87434427718028,4.89165057872777,6.3780924076681,8.69906263225209
2016-10-21,8.22828041122107,12.1464295534659,9.94748629881131,6.42231694255568,8.96587028113936,10.2994757655166,8.78998963822056,6.71880522048584,6.63171720992944,6.75330883178765,6.5568682468438,14.3100990806501,11.6671293661847,17.3232508806385,7.59124379960312,11.0110337373864,7.4741977465798,8.13204553552685,10.2481739375185,7.83806441862772,11.2738138163197,9.70487668883491,11.1881319602691,6.16388210481616,10.4841889949522,10.3039393798449,9.05812403988584,12.2083409806666,8.03848450574757,8.01494398582328,6.64030159913304,8.67844597453943,11.6177777744682
2016-10-22,13.6890607051779,15.3088774860885,9.234252528781,10.7681607524038,11.1075209381085,9.19618768370476,6.810404849713,10.7611487853402,8.27612056379873,9.39416095429201,9.36894803971738,14.4596140732135,10.858000377153,17.0214218747884,12.3511040438843,14.3907515719171,8.5913037790219,13.4312524780915,10.2617740298294,10.8145098528342,11.6515641424757,8.66477307413451,14.5027246767259,7.38956412745138,10.777219453953,12.3736912177386,7.07666624288895,13.3832352602822,9.76645171509076,9.92866627652808,10.2497974382356,8.20366759436798,10.5817713916415
2016-10-23,13.1707624104112,15.7603860837931,10.3601524015718,15.964158139609,11.6449313274594,11.0892109028424,9.09845301447341,15.2318355702885,10.8382439035409,13.7896751953262,12.322169185193,19.3480344418279,14.4459914162307,22.6873080266843,13.9578703810343,14.6486016347311,12.2350854197669,13.3073589526291,13.477439648982,12.0394112313253,15.9728281525761,11.4500978604663,14.8238954754919,7.12026125842174,7.92427748617733,13.0974980642228,9.41715998604179,13.5463369459671,10.9276595030132,11.1368921095836,14.7865105809908,9.86979638529536,13.5954437744182
2016-10-24,7.63510065988453,11.940312178155,9.99439929603811,6.24962444431564,10.401890032213,10.4489842973053,9.22474772187007,6.63070595508649,7.6921780985628,6.95766697301517,7.19665836827718,13.3618403784334,11.5356213838259,15.4928687300408,7.29627852042805,11.2102802303723,8.08382053290248,7.91388672090642,10.7083352166533,9.30123695615553,11.0020260261682,10.2034347840623,11.5066882031428,8.57933823414006,9.79595582364136,10.54635716588,9.40930468804386,11.3844739023721,10.0320527524067,9.77883632532701,6.54145804553591,9.80606838107811,11.4775973954117
2016-10-25,6.59339654344931,11.0069867755544,9.349607359868,6.20505721539856,9.3834654928211,9.489428015931,8.33030125040098,6.2876833922532,7.13361554920948,6.22886496251311,6.92602388097939,11.0400069296404,9.87700412517994,12.7509098422816,6.49286665264304,10.2415174346051,6.81174894358841,6.94989663050263,9.16823088296505,8.27737384268542,9.09286435662868,8.94325156725862,10.5662376469865,8.91048371728281,10.4817307136278,9.55641711381644,8.47818411349741,10.8991034539313,8.91693391304617,8.64307952830677,6.1233845076123,8.84250175812892,10.0347383082611
2016-10-26,7.71601732138713,11.118426618142,8.81177435043486,7.16229185066269,8.93272678445501,10.0440122100044,7.13426913154549,7.16359779952418,6.77145230669901,6.75126158103067,6.9732741118923,15.8580906474511,11.8204803602914,19.7581382215174,7.48218366644014,10.3505269893667,6.86946023784046,7.8865429815604,10.3420555168885,8.20549061211606,11.7347083485057,9.05767185564018,10.5490050998684,7.23157317494482,11.6326851088274,9.42577852565853,7.66811211557306,11.1212200740795,8.31796515842544,8.19095652677539,6.91588111499849,7.80194452342869,11.7426447785066
2016-10-27,8.81033503959686,12.7430214481621,9.77837471592907,8.1008504487209,9.5308964803538,10.4795230433338,8.38621355847406,8.11864025829375,7.58743613089153,7.7591959228713,7.81346220395648,15.5769121847308,12.197232523062,18.9739004099293,8.49758978320738,11.6723934976126,7.86831056337538,8.94106792923476,10.799085600295,8.6953645898898,12.0629484404454,9.83424893389264,12.0004372443704,7.59964862531143,10.8500560382018,10.5483001134037,8.7545497243909,12.3525732545444,8.70922444999961,8.65897094402523,7.92987366297255,8.70952663975997,12.0638579484295
2016-10-28,8.96889922485719,10.2554994358381,8.71440259824907,6.01091877423647,9.32970377255677,9.14366653780601,7.34566473730015,6.34615137401153,5.69194275608748,5.85965831578681,5.91346104935748,12.0887494792701,9.94478396817221,14.392076519374,7.85218748923432,9.94234861958465,6.54760807888869,8.67125843401277,9.09157246722186,8.48240706580165,9.54971886444403,8.43187609132704,9.67209896644737,5.61598797267244,10.6221829533146,9.67893164919431,7.61789376319883,10.225276037469,8.5873768583654,8.48569226719982,5.99258103096243,8.07749234854291,10.0148304323819
2016-10-29,7.966347668394,13.1712302759392,8.8478596887325,8.13463774908341,10.0641290885248,8.74916475321517,6.26943822053753,8.00841486268083,6.31312417854637,7.17560687854833,6.86404325485216,13.2755382746039,10.0557326060269,15.8000173993978,8.01038253980046,12.0085401673535,7.18256126048451,8.10490403406798,9.47852233610463,9.13906687261011,10.3853529199813,8.05366653892395,11.9259590340393,5.63451950079045,10.8910150522442,10.8992210943379,6.52460235944477,12.4100354426772,9.16533000746511,8.97662769115724,7.52079533464377,7.74208986385492,9.93728295558177
2016-10-30,10.151412857012,13.3857998300529,9.8380979518614,8.98411318040471,11.175250281245,10.4596645275284,8.30315713570315,9.03606879600815,8.34981597319725,8.4452273201115,8.66280343515524,15.3409729302682,12.1436925838944,18.1994553383952,9.68351371121877,12.6709836064819,8.55534809776637,10.2844165748635,11.2551563714231,10.4728311005816,12.1803692233138,10.0440008588734,12.8145963422043,8.72646450703652,10.5406160548063,11.5541636801729,8.61617397355152,12.2561630324475,10.4897546321089,10.3525708317082,8.68699971542231,9.43977029483304,11.9428370935903
2016-10-31,9.30138706215515,12.4446837807122,10.638762675573,8.67349133180857,11.160564666122,11.1489350533865,9.25339643719153,8.69163027026419,8.54072533640054,8.25080424502997,8.68658540106798,14.0780404008921,11.9256121657901,16.3746080951521,9.05055999650518,11.8977815028171,8.55174081972221,9.48631666375456,11.1182775411009,10.3352703746919,11.5027628815314,10.4187365482816,11.9932195071573,9.54819298799933,12.7625468444258,11.2704063759545,9.5402378336573,12.3446642627608,10.6556011270557,10.4408934617201,8.38906965485325,10.0627616499923,12.007306344689
2016-11-01,14.9788329088213,15.8544584201335,12.6110378095627,16.288720703859,15.2490715216505,13.4232759202246,11.3374031515423,15.6444329775342,11.2443760900631,13.5620501919419,12.9052903991,19.301356677954,15.7295574944118,22.1839936426335,15.1622950277599,15.678289078002,12.6676800784872,14.9078312663627,15.0024854660542,15.1347762272729,16.0419616641643,13.4799358601999,15.1726306765669,9.34196257642827,11.4486887988234,15.3306579029276,11.6271923830255,14.208423352686,14.6201918935407,14.502174395034,14.7548724497853,12.9331485075846,15.285505571347
2016-11-02,9.0573515224699,11.9365301446742,9.25868342130154,8.44688498710552,10.2881608553728,10.0109770088248,7.85915637957933,8.2148747946041,6.14432457712755,6.82596654380543,7.06065204063552,13.5162686878381,11.0270609099146,16.3595627173395,8.62472817857359,11.4075678210622,6.82038623504476,9.36343397647985,9.97830204424522,9.49113013962545,10.3237382241535,9.23546425398447,11.7188766144861,6.38814440365417,11.2718797667011,10.2860892725834,8.20025066560179,11.2599775711517,9.57976286512762,9.35674790296688,7.54020812680117,8.86915259718893,11.1163928033508
2016-11-03,7.03143901741403,11.7916107210632,8.41783389706584,5.46897156473056,9.40313705214353,9.00539249259482,6.7959287614678,5.82937456876506,6.68949634520363,5.99991055692264,6.30835795338295,12.8911053649203,10.1521437997965,15.3310723994955,6.61936416350138,10.9374479255841,6.81510050986195,7.48496308275086,9.45870800086592,8.51427229205305,10.1235884859661,8.36813416745806,11.4853613796946,7.64854615417107,10.4710386879831,9.45389765452754,7.11506899210768,10.9519772887664,9.00434840028045,8.76938207519295,5.6840245718246,7.9205072495929,10.0975239192237
2016-11-04,7.87761106502337,12.3443929076576,9.23629586627113,5.62080172725261,9.57707490862262,8.99049730025057,7.84092936945786,5.95432973278525,6.11715161535436,5.78332818054648,6.03925183853843,10.6854624377266,9.4241466773337,12.2954239945282,7.08946590734407,11.3606377592957,6.63968075044866,8.05710735509589,8.81855832512841,8.36110012786813,8.84080129990796,8.47804467869445,11.7379540151465,6.71813040831883,10.1906095389131,10.1809803542622,7.93416352310293,11.6853445809063,8.76451944469074,8.58296253170465,5.7051486326671,8.51063075940145,9.53939245774496
2016-11-05,10.2547477516271,13.9014639342139,9.88673658570289,6.58474492253702,11.1254677910772,9.5659319010063,8.22248951587723,7.06337303852662,7.04785489788963,6.73055637836688,7.06532436390297,11.5631812816177,10.0991745846523,13.0882362209975,8.92676293655104,13.053294187558,7.58187355399067,10.287189146443,9.68776417707458,9.98797277074199,9.72478166486791,9.10679969027257,13.3407431983059,7.64960031771895,10.8678024871784,11.6412694187191,8.30915209954021,12.6755430906031,10.1823195599482,10.0347469889431,6.73062656634815,9.33500995023492,10.1572985772961
2016-11-06,7.61817700582581,11.687375528783,9.54202209908603,7.05997804554888,9.66869986917333,10.3013764371668,8.62277657793925,7.15823291914075,7.46887099572196,7.04752494067266,7.38093372068582,14.2473565575876,11.6939235991156,17.0956333001839,7.44625011263033,10.8812877181159,7.56343633415671,7.93022366600149,10.5237117486806,8.7295319404465,11.203773513456,9.84681401487633,11.2562703129534,8.35340029607172,10.0000438077951,10.018189203296,8.92244932959123,11.2418135266367,9.17233892686775,8.9779053626309,6.98990613419696,9.07935344180774,11.6231468947143
2016-11-07,9.2360807875831,13.8509802128926,9.94766027166699,8.19698530000426,11.4809671319635,9.36777606216731,8.81905814162496,8.17575688562754,6.58020392082251,7.16413828757655,7.17521785641801,11.2715684190072,10.2769393414134,12.6746534220286,8.76427566553533,12.902591076969,7.67399761168842,9.36208347375617,9.84107206314728,10.1714093625113,9.52536450980508,9.52061948720386,12.9436215696143,6.52502202099292,7.68583795870843,12.0492827688377,8.74049186757722,12.1768280871852,10.503159732599,10.2412797860965,7.57520255448768,9.9378715290285,10.1934307108103
2016-11-08,9.33530133681539,13.6885026860493,9.29649541144777,7.86871274447867,11.0751041770772,10.0465124240748,7.7794332707075,8.03241661054976,7.11410835966099,7.45976161403916,7.38113227960365,15.6512081903173,12.1093125337645,18.8348777377245,8.82134712719878,12.8173300688453,7.98173472042508,9.64421808703168,11.1435222713768,10.1938825144661,12.0978288916789,9.78461883662569,13.173450845551,6.95375382471224,9.20160155049738,11.3366979634728,8.10288106237531,11.9886409381353,10.4016219260762,10.1963667605317,7.59967193083684,9.1486449799435,11.8184397259793
2016-11-09,8.82194864594795,14.0853078177802,9.24999442048412,11.0393029521533,10.3228230330666,9.04252581292271,7.37936323204368,10.5202515480521,7.79922775324691,9.37366220235518,8.7463232867222,13.0462079022529,10.4133756017035,14.925687766107,9.51780358940639,12.8142667624529,8.71332175949712,9.3024387526555,10.0316207828646,9.85412890362187,10.9203597662645,8.81992205407272,13.1986768449715,6.33606420678723,9.51452053224794,11.1923980318607,7.51912672509004,12.6546152370483,9.61803924012988,9.50848680323138,10.0178830339447,8.50408900726609,10.1597078912876
2016-11-10,13.0434009986962,15.4286452957792,10.4386939462942,14.7028179223116,11.0797744423731,10.2845317826848,8.71946940501856,13.7229433653501,8.75049066172113,11.1980435294778,10.9170072033932,14.1522912306311,11.5647604874973,16.5003955247989,13.0873845374606,14.3283607081373,9.29116097401237,13.1929440696804,10.7116081398636,10.9151677738715,11.6812281015641,9.83398408598734,14.6948294517745,7.15654531533703,11.0229356282035,12.4936849815605,8.89482372069693,13.9761404451423,9.77633775070432,9.89670165170303,12.9061931800927,9.35915364341076,11.4289876081241
2016-11-11,10.7176151916031,15.1232948632593,9.73022333993398,9.03445841070078,11.7426295560168,10.2351547445601,7.51615402446533,9.14067656362279,7.39193690758505,8.24795934398044,7.96151426167726,16.253726243603,12.2720052983277,19.4929818676757,10.0685840677454,14.0974098855422,8.47782106960207,10.9248102509775,11.4243497824449,10.9370342147003,12.6146800092764,9.75322750524536,14.3753776958265,6.59391447614459,10.7653946078285,12.3135259345722,7.8652067248988,13.3358117500063,10.832844421834,10.6900638594722,8.60106980724602,9.16456665552138,11.9835090948848
2016-11-12,10.9291121147007,13.238048248743,7.90993448936322,8.48686552163846,8.68741361916898,8.48540413975992,6.9968169457515,8.60950755483083,7.49855668950963,8.0499862972463,8.00287123232893,14.6210777326428,10.9872604763911,17.7689969261118,9.87396226098664,12.144473384894,7.66538647358582,10.9276633897282,9.76807809244717,8.34552631902575,11.448808729513,8.57323641223901,12.7783463493343,6.81923396935644,6.0352701101305,10.0806647394904,7.25457162246769,11.0237307042847,7.63448107496714,7.83303859498296,8.45235481831112,7.38181512256933,10.4847928177285
2016-11-13,12.7837274578066,14.6818429412173,10.7762237715542,10.4601970458447,11.912642048369,10.5181394956652,9.50301056655498,10.7153560985453,8.60174471376859,10.1075363423946,9.13087909873419,13.2090864743385,11.4644820163959,14.3401779765919,11.9097220706179,13.9859808858745,10.46985764509,12.6966531426949,11.2750117759689,11.548516811391,11.9387121497204,10.437126713456,14.1739313114518,6.14801066538606,10.7249498390823,12.6840319521917,9.56974654297456,13.2698687291673,11.1843315262856,11.2478379998077,10.3501040645717,10.3126395401205,11.2569819750827
2016-11-14,7.57702544365143,11.9572060620096,8.42089981385476,5.92844310756639,9.4343538363856,8.88587713094699,7.83217256290723,6.20856810719793,5.98903019528026,6.02614814510291,5.9597438610231,12.7981675700277,10.5899602377331,15.2366667711944,7.03591828734552,11.0605760001895,6.91918155538278,7.91310903138384,9.65131478379665,8.40496600979447,10.1289908305451,9.01061147354145,11.5885628539598,5.95305766389466,6.3611480583046,9.79450976684084,7.97982959392282,10.2983198927862,8.84433846979963,8.65370996450257,5.93781844038884,8.53439861889584,10.3394715196061
2016-11-15,6.87007731963857,11.4189986115718,9.22572352333814,6.32916119717674,9.57323629483795,9.12023207221154,8.14206024935502,6.46579573432995,6.09384364392538,6.22265899209107,6.1041618392961,10.3201064004855,9.40384004636965,11.5708345827234,6.74543846196535,10.6157775954187,7.07825581206965,7.25550266534348,8.97345851888355,8.53685794443057,8.82052389082007,8.70717415050511,10.9916624137808,6.07289636686051,10.0860550322862,9.73887993131756,8.22370183593533,10.9879464618878,9.13047802435783,8.8695237525287,6.15531245732084,8.80733290637507,9.52308339411432
2016-11-16,9.37025156247274,13.487540387098,9.73453139236768,8.55451284850124,11.1076454139605,10.2908002708292,8.47944172633333,8.4941694711731,6.85174870605662,7.48565690559312,7.47135803153456,14.3524948395168,11.7582314238359,17.0850735952556,8.97774874250844,12.6830095580849,7.81485049957171,9.76075966316886,10.8205296645392,10.1865310623459,11.2738078572426,9.95399279917257,13.1287315507277,6.71910922076671,9.81432250550251,11.284499142444,8.73109654014457,12.064450886296,10.403341586302,10.1725626298205,7.91945842734557,9.59134300006173,11.6483769148021
2016-11-17,8.02953467362046,13.9109316493542,9.49831455411096,9.05981990473071,10.2752901420026,10.8850542976696,7.85196286069763,8.67990718151449,7.14707190101751,7.58135443937013,7.85952838873606,17.7480522535365,13.2428663100274,22.274086300791,8.26286103458364,12.685467721483,7.33563370536286,8.79599809773302,11.5435269592152,9.38658337038822,12.8833590326325,10.1259934068922,13.5526586197018,7.70565470412781,10.9206870227302,10.6573957040584,8.39011917070844,12.6646765431615,9.55983465829919,9.31378446943904,8.15322079216159,8.85946038838818,13.0561250172567
2016-11-18,9.28084487782242,12.9939760772995,8.25231980907131,9.09711643684326,8.9558461639651,9.61069024637769,7.12858489223532,9.35404020966696,9.00672167165522,9.90662393308587,8.75255197768977,19.2810624451654,13.4716463563821,23.4285837088976,9.41922843984502,11.7864556854077,9.96683853431814,9.37789107932404,12.1394696236945,8.93495277664228,15.1394776325666,9.85809831850239,12.1255100830437,6.59249633149339,6.23471838201791,10.2956663742855,7.60656810223055,11.2133996776983,8.54943364610061,8.71735962586243,9.53975312644653,7.67152857872613,12.541357459623
2016-11-19,15.7656369363901,15.5953621806299,9.74612571055472,13.6631492371546,11.5243205265563,9.95688906086036,8.65841079729202,13.3760635307772,8.513511400179,11.3785532586653,10.3476021032464,16.6493051399224,12.8306242376391,19.6601516876761,14.562113720293,14.7899341227853,10.2320696526809,15.223478670083,11.7855628559378,11.5224627142076,13.5954113743792,10.3820901439516,14.6774193913742,5.08373816894033,6.32453445585862,13.299851596188,8.8226901329785,12.8618836817354,10.0585632392618,10.3931850252229,12.7000621746743,9.38627179449421,12.152191641011
2016-11-20,14.2917288150193,15.3701327506215,9.80026417567323,14.6947753608095,10.2320986522772,9.6804542277489,8.38867140420464,14.1756574110219,9.9793577331684,12.7000271481442,11.5330812768544,14.7926030746514,11.58599125969,16.7309479971811,14.0863348838342,14.2382591130214,11.0194056620129,14.2137960268317,11.0156794539342,10.7180305031687,12.9647102868468,9.67303464002871,14.6884186119434,6.48768348380469,9.29815644338024,12.1318556085187,8.55401757552888,13.4990325262717,9.17131418189088,9.58084576995785,13.8169421500955,8.66000307478495,11.0785621457804
2016-11-21,10.7288918419075,14.0316119950198,9.99305804590292,9.03227940536171,10.4689084276032,9.96530344732688,8.40819511352892,9.09853953236604,6.63914836146605,8.1690273855401,7.39624180410683,13.6268456343192,11.1713075292765,15.8979242269459,9.995991860895,12.9907614717252,8.40500550494899,10.7315186397879,10.3607545542476,9.72396544617906,11.2044918658257,9.52269615201297,13.273840790233,4.58684627283286,10.6343681437509,11.5754544817278,8.59307915618943,12.9999607250078,9.45502138115144,9.46345807786324,8.62363179282073,9.04578271044224,11.0576298697331
2016-11-22,9.93539298970266,14.0397666436378,10.0151348448182,8.67327624855531,9.91318168658202,10.2067320195243,8.87876165339888,8.88395164981161,7.53419572583305,8.70416034032668,7.75777105842431,14.7272015950962,11.9133925334053,17.1940051612191,9.5053715970046,12.7796865975193,9.1560945205689,10.0764223890795,10.9514491946482,9.2565780068585,12.2372509475954,10.0364951754068,13.3196886595882,5.34686771696628,9.4557990561132,11.224124004047,9.07723286037297,12.9107897321116,9.11872580026684,9.17906191280681,8.72271121414426,9.09899519880158,11.6183161673625
2016-11-23,7.44563478878772,11.2027964730436,8.29518334379409,5.73555230570674,6.81075447650379,8.31660894633985,7.30342692678064,5.76014618843482,5.10745365263098,5.22158412531324,5.5117110868914,10.3137536368354,8.81880742333911,12.637921622229,6.62471033052228,9.92454336654917,5.27831003915001,7.65013830523596,7.50217082388907,5.83971843309958,8.03711404407957,7.5204605804287,10.7865039156256,5.33765283377152,9.77053432337163,8.22413483286237,7.49134472433917,11.0218821598574,5.7102506336537,5.76490561583575,5.58630122710046,6.83573525261918,9.01137126190284
2016-11-24,8.87584919548543,13.1844101352318,9.78299239665593,8.83396468229515,10.3665859633751,9.39490162539736,8.44405138972986,8.96295853167829,8.20725388551293,8.95209378672349,8.21318715905712,11.8039593429812,10.2215119096686,12.7609286697292,8.98810403280404,12.1789218002408,9.38421018437512,9.11312835731448,10.1194588910049,9.79863441181207,10.6997696285832,9.31312695435571,12.4402569491125,6.7729226963184,9.77635904838652,11.087080820785,8.48353730382223,12.2493472961423,9.92128595154425,9.84292332008527,8.81616377101925,9.17829065063729,10.0336989566021
2016-11-25,10.2486036134817,13.8321731436076,9.05805230585378,8.86642914954344,9.46278375003888,9.38253250960723,7.77802744526343,9.08786284735712,8.63047716957434,9.12878371983654,8.66809015452369,14.4511948476816,11.2416621470714,16.8033553879731,9.78359298951665,12.6454490095153,9.13279311392737,10.4743076578524,10.4945714749123,9.17848213167343,12.06413844925,9.23462812005954,13.3558064246092,7.46431550852428,8.99227891468356,10.6267172203635,8.02109548435249,12.2768702857036,8.7948429110701,8.91999566839788,9.08885285702649,8.24146320764596,10.8476772930815
2016-11-26,9.91767199378372,14.3960557945653,10.2662329167343,11.5345349802622,11.5651454221601,10.8033554605086,8.62542496158005,11.3075141209903,10.5579161886508,11.0162304655292,10.773801373745,16.7848974962723,12.9910839411034,19.4420368154656,10.5616075465975,13.3916170696925,10.5920186317553,10.2771523826697,12.3743453717409,11.2686230156531,13.8901609446158,10.6888148674481,13.5804731868597,10.181197174093,10.2118567645034,12.1690271448517,8.92345485447656,13.0633686981268,11.1734034380343,11.0755326239717,11.139364811628,9.79913648468574,12.5233853884683
2016-11-27,10.5858779005582,14.1001315146168,10.5596233946905,8.10750740556191,12.0885185270759,10.4149515222941,8.4218230361606,8.45438127915359,8.87248961529298,8.23998895904705,8.77570169813487,13.0262869545817,10.9828697211118,14.6426434018825,9.74164459763642,13.4123359059912,8.7605625308805,10.6150869334433,10.7417597780667,11.1688296116168,11.0254256226293,9.73522451529661,13.409045352554,10.0699718548256,12.9979981237279,12.3479176200304,8.60490878162974,13.3222140199892,11.364996326248,11.1730901096524,8.18404553708024,9.8936973082319,11.0244987697937
2016-11-28,8.37806544012508,14.2252459108069,10.2977199636485,7.32072374239365,10.2987796177885,10.6753646558106,9.10978199009599,7.52183818369216,7.29560821115615,7.4009523831173,7.2666244412087,14.7334650620996,12.1376472326786,17.5421262604949,8.04691503720883,12.8767152188614,8.14405039915496,8.87069498595761,10.9869381446824,9.16575461155456,11.7549558057972,10.2796988074898,13.6959372616393,7.12058830970014,10.3528194414417,11.1236193897661,9.34718837895908,13.1571031810857,9.55743357257437,9.40178525457984,7.31511663737915,9.54996055311556,12.0279799913346
2016-11-29,10.2677730939685,13.3156748132163,9.42729126546616,9.78567793049692,10.1776654106714,10.6629545772901,8.55072154276894,9.9371515097972,9.19494300079336,10.0139449347644,9.2324407112825,19.0602629471468,14.0873029040494,23.0400175179728,10.1767401217331,12.3400701714652,10.0977635162347,10.2493779298773,12.6758713677104,9.88810790743447,15.0321122085203,10.880427259529,12.4712171281322,7.46541335585496,7.09090744494266,11.3126542750687,8.96078947300225,11.7535065283341,9.62418605126133,9.71109573531234,9.92297343505587,9.05861388023857,13.3358050250336
2016-11-30,11.8647508553162,13.9316889399227,9.18291309849849,9.42438008583174,10.274055186263,8.52764027956642,8.07513835765367,9.8386112236806,9.14701161657472,9.98557065510315,9.15226557796661,11.9270235226812,10.0112859623633,12.6887484144408,11.0522408371908,12.9721978342019,10.1414565036974,11.5801866806584,10.0275327068599,10.0661538883677,11.1607489267227,8.99453750525505,13.0379614490895,7.08222592712391,6.8838065964479,11.6852973513754,8.01752332823777,11.9923146162727,9.49442436848884,9.70433369354391,9.86248231740193,8.69734914325197,9.50482836981564
2016-12-01,12.7392888931201,15.6116282818746,12.7967675403758,9.73047855652358,13.1461876588443,12.2874881515062,11.4321172245267,10.1349144767727,10.2077024826727,9.9920273481015,10.1761969641034,13.9787605609378,12.7971557047309,15.3178210724311,11.6429885264109,14.7837119394744,10.6633594008405,12.4762653312836,12.2993270892659,12.0750139616412,12.4827652818241,11.9481786625775,14.6974044475666,10.4644814265804,13.0115223814428,14.1274814088027,11.460128881693,15.0464784177298,12.1675066460262,12.1141114931874,9.95519621509719,11.9825102153467,12.8262024035972
2016-12-02,10.3747399351451,15.3255606814066,12.9916580451701,8.4842503483257,12.6416813219963,13.2741466204959,11.3104482298795,9.12889124716702,10.5359832007509,10.0710189428465,9.67612897254121,17.6680745140485,14.6557110021446,20.2662093205429,10.0005262662035,14.2048144609145,11.3936819070338,10.3435670997647,13.7488644608335,11.5447215496018,14.9427129946377,12.67678676894,14.217613612427,10.1238171278511,14.4271609740516,13.6262383428378,11.5981266455512,15.4571158060463,12.0951435125805,11.9818956270586,9.28148812595052,11.7780022256713,14.5106966629819
2016-12-03,12.8623065363773,15.5207976552528,11.9953044291227,9.96796442712558,12.3960603935578,12.043495991369,10.4966307459415,10.8099076753927,11.7043750904815,12.0136846351023,10.8464089639432,16.6860820580348,13.6484744946463,18.1903937724433,12.1719574306637,14.6109789498363,13.0205659030612,12.6463655451299,13.4446433868636,12.1900860223227,15.1852438489757,11.9494134975197,14.6951040064647,9.37393572895776,12.5258486963866,13.5274398154497,10.6946167702054,14.6958947720016,12.0417944940248,12.2072056734049,11.1375321483554,11.0545327328734,13.1877845091003
2016-12-04,15.2231244213407,17.1127185714619,12.3533909600257,16.9376587447698,13.4165715326022,12.9500212087623,10.9692310769247,16.6326353597007,13.6582326997671,16.1307068853395,14.4221638181399,20.5547239417225,15.9025063140391,23.1168715414319,15.8336054018585,16.1612848689957,15.0759269450848,15.2233482969974,15.3766248754189,14.0528069088438,18.0226455547144,13.2219101365816,16.244698362505,9.64416652340108,11.1712241076232,14.7797748264559,11.2811475649517,15.3742946288103,13.0060937123478,13.2880260758463,16.518554941439,11.6823286390219,15.0575949778422
2016-12-05,10.753057239712,14.8799975491028,10.2913093074422,13.5858386583281,12.2569899025135,10.2693496827317,8.57187947573151,13.0780122615556,10.5929280326555,12.1963633799745,11.3671281443835,15.2398915538045,12.1530469173816,16.8740969564287,11.7689944114376,13.9529566357853,11.3875762075741,11.1056181827305,12.1152853544618,12.2163891209198,13.331162883157,10.4454973726203,13.9592899968607,8.82557132754114,9.49508950738096,12.8115176960877,8.71060287171133,13.136180767793,11.8888785406339,11.7990505675158,12.6774846555998,10.059337007698,11.6360994047213
2016-12-06,11.8294660580363,17.2900675727991,11.2208825615869,14.7044010172828,11.6904986229988,10.118188593909,8.71546434895093,13.6947407149917,9.75326688459779,11.5915496640181,11.5280347520338,12.7819428881521,10.8087388329196,14.2647945732154,12.4423457712342,15.5819316593088,9.70978283966424,12.1972716108696,10.4630731238377,11.1620583573041,11.1194361704329,9.59233685504912,16.0203532446905,8.97240457378081,12.3729877026735,13.4660612703877,8.73372743265241,15.9082848620271,10.2980843737434,10.3180337461435,13.0171196468981,9.62685878988739,10.7611093296095
2016-12-07,11.6934235310944,15.8963610853928,11.5378588425849,10.5719074247544,11.5182944169816,11.5302224818141,9.64343057612198,10.778187960279,10.53818141309,10.8811049913804,10.5053193331082,16.3475829491709,13.0945112684512,18.7422560721532,11.3430018338061,14.5613829707599,10.8991988368697,11.7216676172084,12.3456567649607,10.9696044355143,13.8993077970408,11.0604434876286,14.8914281172333,9.6278093474133,12.6818070229337,13.0098215861775,9.88916939626885,15.0937934789971,10.666253840966,10.7600833003717,10.7959303229615,10.1450687172407,12.8208628065973
2016-12-08,14.7403997187836,16.708198633049,10.4369585485558,12.5465423475741,12.2305390145216,10.3200089331882,7.54968957936719,12.6509937282433,10.2872023134373,11.8337667288318,11.0643926200479,16.2454802476031,12.073196247282,18.4756358227192,13.8463981116413,15.6862636098234,11.1043764975021,14.4947973144592,11.8527810792975,12.3050076141159,13.8166598067442,9.72854135086096,15.7292762963936,8.00329651609891,13.0977501678152,13.6242496599648,7.8589380279665,15.033102655726,11.1685287132554,11.4024314683141,12.3349689480592,9.06782993325494,11.6641152081995
2016-12-09,3.1417794672367,8.03031902523191,7.48020612286324,4.46982367879669,6.86062394434379,8.4540597359387,6.59718603668568,4.3780834235219,5.59051150097933,4.51561792173877,5.23884127827112,11.2424437869376,9.17610925422465,13.8822265872326,3.71424083612854,7.3146633282815,4.99581555649077,3.79373607004597,8.02908389934416,5.9128131152152,8.39018964258778,7.59501564845312,7.84157141334506,7.65382462220931,9.93721380243388,6.70710055034316,6.96354123399738,8.6084053191505,6.76173103606412,6.42919249963665,4.30766096307514,6.87001916200986,9.3445514811966
2016-12-10,7.79204349600206,12.5295507539562,10.1668398011822,9.36119721506646,9.6479871240027,10.0701281015233,9.45042391522764,8.97224945348796,9.04182174172928,8.50211360948949,9.29959867055469,11.744035175356,10.691027233711,13.3852957385136,8.23246783379301,11.4347873733927,8.08848346890693,8.26992637032891,9.87238201156265,8.7843756771432,10.0106789549032,9.79756925500542,11.9924696015553,10.8086572643975,9.82322751653147,10.4042211353345,9.51731557895615,12.0640559904043,9.01469182878698,8.86087851830403,8.82650931143187,9.50809765027875,10.7377480386141
2016-12-11,8.23472192965368,11.4705614296906,9.23042718665682,8.4691326035915,9.99046990281376,9.29206048139287,8.54852513695599,8.4055949693292,7.54754765903475,7.96167419390611,7.80082784956901,11.1467674676443,10.0196879171609,12.3184693223407,8.32185422137013,10.8786228306035,8.25164001529964,8.55953631959716,9.66851826568163,9.39012407041375,9.7744787242754,9.24917360335764,11.156933720868,7.29283030510001,8.71375674694574,10.1113561503207,8.61357669726985,10.59072857357,9.662048832956,9.48722198934426,8.10353189432298,9.20091665004988,9.93937673285567
2016-12-12,5.96673896463843,10.8446821316148,9.19606105275664,6.73166976873965,8.97354868454333,9.59444678290596,8.29686119902874,6.65312010582342,6.48566713698803,6.40122529413012,6.51552537829049,11.4652750527078,10.0776150528997,13.3449214109295,6.28410040723076,10.0081300279177,6.94673428823256,6.58275404609013,9.28572218248294,8.04465247014253,9.37813608061104,8.99667130031128,10.6221136102357,7.030310634948,10.6785757127132,9.03391531746692,8.50431165522221,10.7629170692508,8.68679212825165,8.40899875104042,6.39928872486611,8.6825874560467,10.2187632289737
2016-12-13,9.61702350812657,14.105728807179,10.1674814441736,12.0656592216201,10.8989566895294,9.65275055374069,8.12154140397979,10.9276446031677,6.69827249162923,8.08769960710967,8.81053054135957,10.6990643219104,9.62848023747357,12.5410293333214,9.92950438957389,13.0439178958719,6.57888441067097,10.1121352717552,8.92255055467242,9.93673204978879,8.47718818054437,8.72118319684916,13.4161345683656,7.60775211463467,12.5036068164318,11.5352206994526,8.21994185200372,13.3614237110219,9.61188206442869,9.36178797080751,9.85737815959405,9.17787152040987,9.98717020932325
2016-12-14,12.5609045066462,14.599134836978,12.3670985941136,14.9320770669269,12.1688666575717,13.3364320606065,11.536475801688,14.0731025859076,11.0225592521663,12.3441655222294,12.4696083284055,18.2691055525116,15.1170281355594,21.6866506722228,13.0165944466707,13.8748954689956,10.9687449029195,12.7867436109825,13.594955375548,11.911920242148,14.7795489948932,12.8351285253815,14.1347494017449,10.7535244123598,12.7156288946304,13.0020297572338,11.9078483130962,14.1606850473573,11.3890998664631,11.3901959162649,13.5369548209744,11.6455096469005,14.9705785553754
2016-12-15,17.7729920911309,16.2379670120877,17.4475166625652,22.8568149312065,16.4622700302862,17.9968535152307,17.5434899735067,21.783640463296,18.274472612193,20.5580326094886,19.6130615844699,20.2111879263364,18.8270587323442,21.1956863436051,19.3283186573047,16.2998384328195,18.7468520317973,17.6817812103949,18.3385385702343,17.3114280203539,19.4232687078641,17.9325594069913,15.8751352433974,15.8508569297953,17.526067409403,17.0231579626589,17.7156565616186,17.0793805625671,16.5240481857248,16.7046833158735,21.5506432228924,16.9681743146392,18.6202388844615
2016-12-16,12.9669570694141,15.6970600147521,14.2325512186814,15.3300022643345,14.3466659109545,14.0326597932819,13.1078924677286,15.2894507355137,14.5607831278017,15.7917600280562,14.3558667308798,17.0373332180531,15.0859672518659,17.5536638402047,14.0845193709546,15.0420050258992,15.8270520641295,12.9810546194861,15.2895905428071,14.4858805799197,16.5226213404769,14.1236094003446,14.7136471673389,11.8443640347599,14.3168409771814,15.0654622726791,13.1847350237166,15.6907403132589,14.4449446519329,14.4738107854928,15.4177682915616,13.5637998494468,14.6923392350934
2016-12-17,14.0868586657683,16.3705632654956,12.2347247423989,15.2149235241138,12.9942374743576,11.7109437380174,10.7836488862406,15.0117298746485,12.1293467704206,14.4756486579812,12.8397701173281,14.934273425682,12.8532885057306,15.4657977581548,14.4951058838396,15.4515501977754,13.8703734853849,14.1352893186343,13.0883212669785,13.3140649438917,14.4003156054287,11.8332202087323,15.5871309171856,8.33835012227919,12.1119969455865,14.1599290067917,10.8153207999353,15.0929767912516,12.5552194257104,12.7455747675523,14.8109376467077,11.4495070857812,12.422860826787
2016-12-18,11.9636756508786,15.3415403550915,11.5706018685309,11.1075486072474,12.6761996163399,10.9649612482105,9.66922180605073,11.7302074143415,11.8030884918408,12.8174657478151,11.0795750070861,13.8678375229698,11.7891710578322,13.773752811528,12.1000123624266,14.4875961271122,13.6472515326855,12.0093620722107,12.5697226055282,12.7904455732041,13.8675527579286,10.9657140425345,14.5271364246344,8.46427616871479,12.9284303817705,13.3696759472973,9.71658354058481,14.4313057388054,12.6964251286321,12.7770205283182,11.9552180560161,10.7890182767126,11.3646363332557
2016-12-19,10.3754186979151,14.0641229417022,10.8448625616899,12.9265811320995,11.4086942594765,11.728040243678,9.18240291930386,12.6398997085458,11.3294293532669,12.5042234227571,11.5729448023171,17.9002956642213,13.7650440655848,20.5214305633239,11.4072378731973,13.1820540287444,11.9646920870078,10.8128772678935,13.1761088074384,11.6056743277857,15.1559057868694,11.3103855211048,13.4899617792954,9.48717302408022,12.7071821198683,11.950080075141,9.60644662606833,13.4603881465743,11.3469595499615,11.3465123096704,12.5637546408291,10.0258263468654,13.3200856343854
2016-12-20,9.00331036955388,13.5533842521716,12.2373460196057,16.8234376096539,10.2933213970683,13.0702329822533,11.4163135903769,15.5325278501841,14.1942436494301,15.0285774636461,14.8810600993422,17.7641785738707,14.6103670636633,20.2656371318234,11.6948773006786,12.3268890651578,12.8677804114228,9.84829180543262,13.5536060364211,10.7276219992619,15.4322124730598,12.547541107432,12.9978197189015,14.0207575506554,13.8502698396085,11.3700508112459,11.7934279580253,14.1740770791056,10.3344564653963,10.3853104018668,15.6392491164058,10.8517151367787,14.350673558608
2016-12-21,8.55633847906523,13.9639640285454,11.1812536763385,11.283472422085,10.8248496043075,11.5022825192891,9.49496215312439,11.2714721362283,11.4681503106306,12.0616893111956,10.9626363618561,15.2656372363485,12.4618270444689,16.5693089340837,9.876957423294,12.8188597794281,12.1783547469672,9.30237417682328,12.3869553911987,10.9045930101035,13.9087142170054,10.9278745088019,13.5405766023632,9.68479184447335,14.3605144768381,11.3005469542168,9.79610437537513,13.9293290229708,11.0804046000629,11.0337736793046,11.4939119689848,10.0274035054246,12.2238203758926
2016-12-22,12.3474202767587,16.3760427845688,13.4555373141496,17.7248900742525,12.3921510235435,13.1937152397745,12.0675906607252,16.6212394061195,12.8227760118919,15.2727853959534,14.225055996151,16.4946237899927,14.2445853475012,18.0971211121972,14.0374305713283,15.0434556660371,13.5018682357421,12.7423591328392,13.6517330096994,12.5048397559853,14.9839704044903,12.8302606400197,15.3556367857902,10.2514500524732,14.2585837189545,13.9770184154724,12.2094667918483,16.2806207917625,11.7861900037505,11.898412255843,16.2871316459694,11.9566164000876,14.0441968967577
2016-12-23,10.7498017679336,15.4460305576923,13.3075539286891,13.696970825241,12.1143211052975,12.9640935233799,11.4375104487809,13.6955673763716,12.8894580149757,14.5258302417162,12.5328264678898,15.4985520939333,13.3682414770875,15.9018035818299,12.1665613683172,14.2312900966564,14.6454653394924,11.1647916167026,13.621645193034,12.3513057407802,15.1958144097789,12.3461155844602,14.6031182767826,9.06895838300812,16.9472326400891,13.1932269600772,11.6211529751355,16.123052874038,12.2758448610806,12.3719432036493,13.9586566856708,11.5652443537834,13.1811857686957
2016-12-24,10.8968217103114,15.8344629875018,13.4215285981285,10.7822694896294,11.1556036214766,13.7418936482954,12.3740805642365,11.045727495601,12.4560290300291,12.0382503385222,11.7784212927589,17.5416931417385,14.902767101718,19.9578851026373,11.0173184275585,14.3107491276645,12.3364688188983,11.2100940398457,13.7199567193768,10.59226063255,15.3332861803909,13.0723908157731,15.172278797581,12.0895949811756,15.1245164030171,12.8098951254752,12.6656813892416,16.1979525086613,10.6413505647052,10.7761968916684,11.4849512845475,11.6177823821174,14.7919346850075
2016-12-25,11.3451899586607,14.6943800812594,12.4015065324172,14.9533876367671,13.0445448875162,13.2441428510717,11.7438838548697,14.9422929925861,13.3816566603239,15.7486674179286,13.0909244911784,19.8368441241333,15.930056906477,21.5163823481602,13.0848941006829,13.9723256800818,16.0276960923391,11.7008701350354,15.8297091793634,13.6661836268977,18.1927719614591,13.812494519576,14.0069824408746,8.24730368347526,10.7138727842178,13.5251156513774,12.0121543919555,13.7919220065803,13.6343636172418,13.696544774096,15.1224232480278,12.3029975509519,15.0473080853427
2016-12-26,9.20478160944536,13.253997259673,12.7489158099667,10.6615221410858,12.2770965776011,12.3006051202636,12.2511689354112,10.5988585686233,10.0767736010452,10.6028534652958,10.0269265140903,12.7241576280699,12.5265983934795,13.2838184227727,9.84955976336341,12.5224993404918,11.288040478281,9.36218114202378,12.246371727864,11.3808758160558,12.079636020042,12.2987895735154,12.3969033732266,9.21833940827145,11.7704295709877,12.7729558275343,12.1852407293273,13.4872138375018,12.0146329600207,11.8004773314954,10.4439080214574,12.3431525891716,12.5500443235294
2016-12-27,9.41445514990852,13.730115717551,10.6627875187885,8.90880442636526,11.0282480357562,10.5020966815645,9.17026882662978,9.45501644336075,10.6660449766013,10.6637383017628,9.73690158445631,13.7700365926534,11.5360718580218,14.598257915422,9.63761700629044,12.7497104038812,11.5281553925942,9.62811404412738,11.6627001053447,10.756859894464,12.8656446156352,10.3802038734065,13.0053833660967,9.19201350621836,11.6388281876754,11.7010816311033,9.29781659599547,13.1427065488111,10.9932833973391,10.9825782755508,9.76187768825433,9.87744635688775,11.2053280400574
2016-12-28,10.6046615733146,15.5700429092967,11.6281703720403,13.6631370418158,11.1113444326317,11.3140311416909,9.8645864043297,13.1858238947598,11.28998800218,12.8040240655354,11.8223019790305,15.321773598673,12.5997811822265,16.9450954393392,11.70053109679,14.0906517605709,11.9209866612833,10.9563862244549,12.1926661269207,10.9996491616101,13.7241599106511,10.994326838222,14.4811081571018,9.13918260898132,12.5649294281239,12.6671706525918,10.0212033414695,15.0504426826991,10.5445259107843,10.637316582384,13.1098723118616,10.1454409110077,12.2974530738454
2016-12-29,8.2162001130766,12.4269426450014,11.4939954937417,10.4080380281218,10.9326726035054,12.0928519847047,10.8438632990305,10.5975333007056,11.5862522198359,11.812333915166,10.7142701929352,15.9405867254253,13.4787986798094,17.4003573643961,9.41803562179042,11.6421022317848,12.5017102449621,8.64656267135079,13.121086892332,10.8240713245755,14.4992711004266,12.0300654817899,11.9023566384368,9.9617927096232,11.8639642134412,11.2877264529107,11.0821048920383,12.6150922506191,11.3306893936697,11.2537352158719,10.9458621786642,10.9505079250006,13.1192350649142
2016-12-30,11.6023720728944,15.9613620123594,12.3003058291206,14.5938646827433,11.816156108207,12.1494929541189,11.0900048024423,14.3602548742255,12.7380510344001,14.6070027510904,12.8733673100007,15.8264388105037,13.4084379864996,16.678097584416,12.853298348131,14.6671102945745,14.1477122204599,12.1303654533463,13.4003968928408,12.1834292697767,15.0925485765747,12.1346914063007,15.3623586785629,9.15680512070025,12.8299827135316,13.0159148891613,11.2189683276403,15.204150141098,11.7713505805345,11.932880645648,14.4859194179084,11.2079114221966,12.9692787991683
2016-12-31,12.3178756888233,15.3217875230644,12.8167510304098,17.009753865357,11.6356438318485,13.0583025715736,12.0028809356895,16.5134201505112,13.7956325746722,16.6671591148309,14.2159742634174,18.0898790180793,14.941153772404,19.4041534202178,14.1504735673654,14.1612065950205,15.7369030014529,12.6422098139727,14.6553028641741,12.4641356024625,17.06710106035,13.1991497267978,14.5380004331701,8.57182499255712,12.6010075044212,13.1675637942209,12.2109882197162,15.0763747489475,11.7407959786174,12.0431547889349,16.6989801145346,11.5995950074223,14.3041542894637
2017-01-01,8.73058499638689,12.5554734056464,10.5735149320268,11.2927291364522,10.3784183412318,10.4144695880366,8.97010100897195,11.3708709801085,11.4357785684872,12.3602711945607,10.8565207902619,13.4666095100005,11.2082748569326,13.854015213192,10.0431735282103,11.6792327151874,12.4812637229188,9.02622472845172,11.5923804958416,10.6717626008255,13.0895201432844,10.1532754414499,11.7542396870157,8.75990730196203,12.8044619755956,11.0467309683562,9.13164983393714,12.7622316175444,10.6774168502364,10.719019572758,11.6814585503518,9.48701327355693,10.8721048808933
2017-01-02,10.6201461881462,14.6527713904269,11.675686050598,13.3053105213531,11.6547201299116,11.1679500806578,9.21062649730633,13.1285327923974,11.8629759911098,13.323713286313,11.9161605456894,13.5899899000951,11.3877209391218,13.8590229245506,11.8068027740834,13.6333875173417,12.898228799244,10.9671020822545,11.9176215283907,11.9552192459718,13.2472545220264,10.4049409436194,13.8019934254915,9.09289922652233,16.2268969047732,12.4557693228814,9.3953177132234,14.9234992942277,11.6371026014338,11.6883437716434,13.1636248018848,10.0660821092834,11.2573259470318
2017-01-03,8.92381967171369,13.3295326758972,12.6917167974307,16.8113414646095,11.3009854911215,12.3494703837172,11.4465719371292,16.3122054206513,16.9881955707193,17.9915449203398,16.1134329646414,15.0383466745694,13.0441288065071,14.3036330063437,12.2999556186265,12.3194491885667,17.0144756064115,9.53672628858674,13.9676341866675,12.4641123260215,16.0234006240158,12.3784344159109,12.38852926632,13.9274246340275,14.7605421430829,12.155333268436,11.5436491410757,14.3510247260623,12.3338989731183,12.4727601427798,17.0898862819788,11.354031629395,12.5131252875171
2017-01-04,10.4575000785018,14.8638107691502,12.1182169237679,17.1754474245029,11.6156130905647,11.9492627923642,10.4233675839496,16.2218458268458,13.5121406335261,15.7986634605234,14.2335174958016,16.24380947758,13.317451372592,17.3429566034199,12.9296636724908,13.6408134867912,14.1893752470925,10.9309895542338,13.3258324242871,12.1939012476209,15.2098351233853,11.7700101729711,13.7175047377138,10.3116145132988,13.3647785452247,12.8691281901571,10.603708054628,14.8597916432613,11.61418297721,11.7113851450673,16.1946782352724,10.7614664120382,12.8660765787876
2017-01-05,14.8598095426064,16.8943131284201,13.0746062302359,18.1207839688342,13.2057491363057,12.3741664304243,11.2637195258405,17.1045893737816,11.4934923924082,14.9364249274908,13.5548381778075,15.0252035398005,13.1247634524052,16.0995485336986,15.6333957982252,15.8699406446309,13.1186747378168,14.8569054559929,12.9123480549526,13.3974317728684,13.9373564901386,12.0263647965728,15.8219673457455,7.73135068917179,14.0717737736977,14.7753117522564,11.3209087077246,16.2291088674229,12.2350361977389,12.4168521764523,16.4070269118329,11.721856740858,12.9609658712764
2017-01-06,14.923198745237,17.776327754284,14.0319834539692,19.6214532961225,13.1663550311529,13.5012707329101,11.435987123507,18.9136761021276,14.3435804052689,18.2746539604743,15.4715815663944,18.3239345287126,14.7337317748685,19.3354425971632,16.6248999885069,16.4201072761302,16.6555299256127,14.9246387863385,14.8927699665708,14.1022812145988,17.5061603534754,12.9116834889701,16.3306899769777,7.99573573502418,17.5157711812455,15.2654544504047,11.676064230651,18.0364613325724,12.7819772286247,13.1704454530154,18.8214358286841,11.6918157841465,14.272111515951
2017-01-07,13.0267356495068,16.0654042877586,14.161042857726,16.6380408757187,12.328699751874,14.0030292114562,12.9543177236214,15.9759979792922,12.9126161987321,15.2969815437717,13.8377966576252,17.455801396667,15.092625012223,19.1847592995148,14.2019658877848,14.8224508299748,14.207365856764,13.0700552182741,14.3216096872699,12.3926792620323,15.9516197032694,13.5712810946327,14.9201834769686,9.49382943160235,15.1473952827919,14.214440414713,13.1311810440758,16.5960623135578,11.7258255096787,11.9443629484416,15.8688851577932,12.3728611525786,14.8844132975233
2017-01-08,7.39201106890706,11.5716264819972,10.4211123505607,8.33448963605295,10.1391853281568,11.1858844522494,8.77610507621197,8.62354021637847,9.65222375363385,9.58410413998775,8.86921002008303,15.5696108890531,12.3555367104106,17.734246021137,8.09999184035342,10.8359472148769,10.3399356221429,7.69560345764434,11.8337903812193,9.80523751853643,13.2748875168469,10.4172436940598,10.922363390827,8.75604174530308,13.796077941711,10.3922899953455,9.18426162546519,12.247129303241,10.2953479203922,10.1620451896769,8.82590503820043,9.37125560822184,12.1956744306905
2017-01-09,4.75430627878437,9.52161199133335,6.7259195018685,6.07700568150338,8.01364125453732,6.79103918098667,4.59701653736158,6.34387406147332,8.10675279252358,7.41685958557991,7.14664814252383,9.87091948394678,7.43317239318909,10.4907846389338,5.66970836688391,8.820142172175,7.82806703638099,5.30154466591647,7.97396007127667,7.95157113775119,8.95251089445045,6.29144835163721,9.02167800636796,8.31361782872913,10.2100529321185,7.78654635765432,4.82964963727342,9.1954272734839,8.37493045419458,8.17729341211492,6.57826882754767,6.11809111301896,7.221537713848
2017-01-10,8.77474973424831,13.0976335160791,10.3889239885595,10.7257182201733,10.4112993996697,10.3953602461633,7.30862192596235,10.7385483110121,10.0589506114153,11.1425413212673,9.85997297063312,13.8971816692333,10.6951415934957,15.0208551593656,9.7765253308404,12.1479450200873,11.0701403290898,9.14662836266731,10.9818310206979,10.593901522973,12.5991126585285,9.06813796556172,12.2894350644539,7.69166547743241,17.4635792055813,10.9316926045328,7.70811546348539,13.9172499417568,10.462350548876,10.4427214289876,10.7808128486664,8.46580403761693,10.6647626106507
2017-01-11,12.2114010784277,15.9054017142383,12.9654508003256,12.8585140631478,12.5782949318666,12.2049930252771,11.3130350115567,12.9595704629182,11.7119363272271,13.2067905530062,11.722661887547,14.6034753489514,12.8908115375439,15.1590779218764,12.6134147265987,14.753966604732,13.3672217899721,12.151637164588,12.9593585571269,12.3416119235742,14.0876232372923,12.0100145355734,14.71268264262,8.59971654105199,13.7909307605096,14.017621458784,11.3353081338336,15.7322094727751,12.1014663141627,12.212483184026,12.9948034718458,11.6088934516387,12.6528469992057
2017-01-12,14.3943699030737,17.2293249104414,12.6916910789134,15.1041103488831,13.0673105817762,12.6188191947049,10.2788477800735,14.7827584568567,11.3270020417809,13.7215215555664,12.4079568459832,17.573440107964,14.0179834578541,19.7385568552399,14.5169686414341,16.090714434542,12.855583260812,14.3768199764259,13.5518245081564,13.1039128698848,15.3309674113794,11.9277880393861,16.1994972181888,8.01263565223737,15.3988692342047,14.5402457708475,10.5734458281335,16.5595588546458,12.2054078107475,12.3819911640042,14.3965869664182,11.081032458563,13.7492195532448
2017-01-13,13.9646171246217,13.8730661991122,10.4114039878621,10.3908135622566,11.1479368295276,11.2383793943748,8.48583548778602,11.1937048765199,11.155016586909,12.0559300823705,10.6739363900523,17.4593827505793,13.0808737315466,19.6016836249204,12.9338998722467,13.4197887037283,12.483366892744,13.6230055227077,12.7980692913292,11.710421071034,15.3314516157839,10.6376022904471,13.5122951444145,8.00258527759,13.9210884201703,12.0065131672985,8.9587427553799,13.2813660981677,10.9337238259407,11.2709761195648,11.4659015654728,9.2436351722361,12.5900499220564
2017-01-14,14.2040987209797,14.7121176614752,10.0915329431605,13.2886106873166,12.015018243229,10.6053607034096,7.62064989482197,13.2610589149543,10.1030126862903,12.3548574464963,11.011164569322,16.5430236369376,12.3044838713388,18.6577284614734,13.8186424951506,14.2373009615826,11.6619840588826,14.0869838878345,12.1975596707238,12.5765728205543,14.2208640850291,9.96684378203472,14.2075886665365,6.69968706455215,13.6182556050663,12.6353608212417,8.03808791163741,13.5147778435937,11.5222149539912,11.71751435202,12.87046319608,9.14806779073655,11.8907000776149
2017-01-15,14.2148294790809,15.8972473148599,12.2562650921528,13.1467392743785,12.2291223911122,13.1128490468493,10.4812298885092,13.6331558970379,12.6024149796307,14.4279153831005,12.3227980850432,20.4510410991109,15.5375148048621,23.0693710500903,14.1112439923332,14.9865913632673,14.642608730648,14.0705116795383,14.9689983283299,12.7796139592818,17.9522690014924,12.715936077056,15.1882950021444,8.0173056631593,14.4599577383302,13.584787715392,10.9562725443099,15.3704695655111,12.0423241289514,12.3878019737064,13.9070994427195,10.8544636572422,14.8834452936984
2017-01-16,14.0720752267998,15.3850927263754,12.836908665047,12.4918603514797,11.667521150257,13.7611099789432,10.5487484359033,12.6924549691915,10.7737266692784,12.5224817990819,11.1776921346954,20.8331232380335,15.7743628266866,24.7192884771053,13.479754871151,14.4034982591379,12.3620734276365,13.586948485406,14.3215275210404,11.5926599204457,17.0520594526591,12.5313081319655,14.2503260416404,7.41748509807288,17.1660462512128,13.5323710065343,11.1517070064375,16.1265511543984,10.77084784401,11.0841805690196,12.6613355414088,10.5402366774108,15.5226874839125
2017-01-17,14.285692875783,13.7974409073869,11.1971836851862,15.78173559808,11.7111150887466,12.3127553980529,9.75431741579911,15.4644971688217,12.1770412143411,14.834307794056,13.0627384791719,18.9787326368706,14.4938226793755,21.4554717423779,14.7783144210776,13.4510971381538,13.7420337431371,14.1984052992078,13.9619667191953,12.7365212148113,16.5533089736512,11.9037396625202,13.4167548235673,7.93308189328877,13.5396587650407,12.5006221876151,10.2422339808048,13.3574532394456,11.6095275361199,11.9195102663236,15.3117788903618,10.2746371959307,13.9317495112889
2017-01-18,14.6503918283516,18.2433168988729,15.9949131954048,19.036210386357,13.7983920268106,16.1194790098517,15.0487928073871,17.5447981397743,11.3724002805049,14.5976040935237,14.0014046965431,20.5862725758542,17.8475550208031,24.5825417637885,15.5169361892185,16.7110672931902,12.5916344108792,14.5838795145855,15.5849716506003,12.9266191731941,16.7272125252679,15.5350993321618,16.6927160752633,9.0810608951788,14.8128998312669,16.2825997113004,15.27399720869,18.5330280105715,12.0972016280119,12.193892772397,16.6530724225522,14.1461224317837,17.8360617148641
2017-01-19,15.2048284984886,15.5548420818262,19.6160782518623,16.4236406053504,16.7471515468672,22.1384410888571,20.4766023865158,16.2515477384752,15.7530289841436,16.1368146527016,15.863302201048,27.3665069084758,24.1306543403339,32.2272782707708,15.5802484369477,15.5484098543947,16.8065842176292,15.0524714821429,21.3485422309665,15.9940618407533,22.6741226424717,21.3574527108908,15.2713224797806,15.2940153548504,19.9924852123543,17.0686607597782,21.1103896469382,17.9100287530048,16.6540623500521,16.543604937533,16.1801532337634,18.9903255542452,24.162926558287
2017-01-20,14.5753394022308,12.2276721414085,15.1985246294265,13.5451411741911,13.6885388202023,18.5552839244557,15.0007264490581,13.8456711808003,15.1314551759039,14.5977148518965,14.5965389609292,28.3875897711362,22.031850113713,34.5073265831488,14.2944200283689,12.5905257652995,14.8604724223294,13.837706792994,19.2864280432209,13.7271266416914,22.4019694067032,17.6022884751271,11.7033998171801,15.1710071695064,17.390785394294,14.1340596560119,15.9715155024476,14.2964008393314,13.6888453849082,13.8247202209841,14.1906821772636,14.3286555392378,21.600282969834
2017-01-21,14.9768934656608,15.6196128248809,17.8154914369273,16.8467172699387,15.4541184414149,20.4955635982794,17.2981685790832,17.0426438502809,18.0988447136446,18.4448730956312,17.2349340279921,28.6583614865845,23.1388949419158,33.1652944476353,15.9930916678531,15.3839078430108,18.8126537297651,14.9303128479321,21.2410097390173,15.8788886324373,24.3948475823988,19.5011672493472,15.2435578820593,15.9902503542773,21.5390736544185,15.9847900090614,18.150132799974,17.8625938900111,16.0024292121427,16.1466341994102,17.6078691628578,16.4479509255195,22.7349031639541
2017-01-22,15.8153629523616,25.9976992289968,21.2577321683145,28.6061284559876,18.7581651829763,21.8529940677883,20.8475811307204,26.3893083564212,20.9820577723787,24.6005224267962,22.9530009466651,29.2436736886051,25.0794759767548,33.1105609042825,20.1197172620508,23.3067773667905,21.7607423495542,17.4351129435746,23.2296276314792,18.7672905287325,25.6408902505249,22.1869426832957,24.8341968635628,17.4816318092571,17.4410678259545,21.0710718296778,21.0993192139612,24.8622791175317,18.3178592868415,18.3202137127782,26.0267513550674,19.8626199821848,24.390488718746
2017-01-23,15.0904964758819,19.8857520757026,16.1204640207398,18.3151765542607,16.5246003409105,15.7513744579439,14.6914195877908,17.9928002083766,17.7717107824127,18.2596877715084,17.7011826734727,19.8109791687834,17.3021186212916,20.8471632574588,16.4043962403196,18.6486624513619,17.5154015706871,15.416402504124,17.3230317403098,16.5152792979636,18.7370627009426,15.9651400496515,18.7813011727125,16.857941671611,15.2382107158475,17.6625377875498,14.7504223853144,18.8833782184561,16.290377903831,16.31514261365,18.1443135346104,15.3404677508024,16.7988669799183
2017-01-24,14.9357467561743,14.316517424951,15.0066439024194,17.7169972912702,14.8680009350734,16.7116455870126,15.2706718953615,17.248441113517,14.4258742082686,16.5880603297573,15.1918107996526,22.3620656485411,19.016453604978,25.2626236937272,15.8850859702323,14.415505678013,16.1621283050855,14.906231067321,17.8202543052673,15.3112983334699,19.5199184837526,16.7788983684647,14.1092562016506,11.3251774719685,13.9566003987438,14.9829164436775,15.6881792661852,14.4977445810947,15.0637900584921,15.1158608617886,17.0033132287185,15.1062690711414,18.5460718670826
2017-01-25,14.217163114605,15.8823478030351,12.898275842452,11.9222307469241,12.2558697744984,13.4542550087608,11.7372078445935,12.2539210618718,12.7810723372473,12.5599881769899,12.6015863103399,17.1654110307771,14.4874392198259,19.2936740657635,13.3834763971271,15.0499487543892,12.4890638409632,14.3069682216926,13.6483224576055,12.1817626494678,15.1122134132518,12.7468460451403,15.7915552426008,12.5966554616951,15.4914444859425,13.2695427844242,12.0744981607577,15.4971480396563,11.7061522715903,11.9181513981461,12.4399809176037,11.6615548439642,14.3788489639865
2017-01-26,14.5349814956701,14.5025523762858,14.7090050793689,13.9855874859419,13.4865712230797,16.4420409798556,14.0502055516764,14.2947574975093,14.3742811761492,15.0020995460588,14.004260502331,22.5243227431464,18.4027770657129,25.8128355676013,14.5030547249586,14.2508116081276,15.3137316614729,14.3557502623565,17.0669945014687,13.765271280137,19.3902810182188,15.7132778636071,14.2534264394063,12.2711209803332,17.4026872412063,14.1205559988254,14.6447297595217,15.488700094402,13.5441769123636,13.7370448771925,14.5746710492311,13.6394145212848,18.09343625606
2017-01-27,14.5681287379062,16.4393940661563,13.1320407800902,13.0200495647329,14.4164731082625,12.7450671138908,11.3108865901829,13.53773448293,13.3383107264351,14.151397601394,12.9454618053508,16.125330865823,13.7865092889205,16.6288976793317,14.2901320300562,15.8416010058977,14.6385256058737,14.3093248521822,14.2220207467153,14.4602606166067,15.5048254813219,12.6871951646577,15.5359303448859,10.8688032327933,14.1928321386307,15.158034508284,11.406270605958,15.6222534233097,14.1705256067219,14.2737415627921,13.6368896806016,12.4250905714799,13.3873134549056
2017-01-28,14.7738733434625,20.798929559387,15.5412423728457,14.6531669927086,15.6397654004112,13.6447609998511,13.852605648143,15.0609815742256,15.259796530015,16.0073579406119,14.6660767425032,13.8153978524088,13.6458582080194,12.5245378777699,15.0611849968141,19.1221863943953,16.5294703713392,15.0857199769545,14.6254556925577,15.274082168492,15.1394684034203,13.9392950156959,19.7346656995171,12.6861874886608,14.9839352835262,17.2150541650545,13.5575613291662,19.378254162792,15.185459576969,15.2898450780979,15.3291919371642,14.379282731233,13.3780009105586
2017-01-29,15.3906193048416,22.4061606387916,18.637403124118,20.6564837153467,17.6507298729814,18.7247609605199,18.0617405510839,20.4168233887637,20.1364072429653,21.5873748494007,19.57567210182,23.2928617468148,20.62048465421,24.2261000559958,17.7067674256141,20.6988112291002,21.4387121635458,16.4371609856605,20.5531155920205,18.0185737292389,22.5621132537661,19.2022121338079,21.8695554069636,16.528981428017,17.0785181173562,18.8105015497184,18.1664488548673,21.3406159570453,18.094360307884,18.1778631507086,20.8783911792453,17.8547852271111,19.9346551375671
2017-01-30,15.4530801200425,22.7814999885618,20.7549727124781,18.8837777530456,18.4712228819276,21.0249257509214,20.7909549621703,18.9710811655102,18.7649399353372,20.244525676839,18.0482858546885,25.0239003047371,22.8361098547057,26.7950529051222,17.1118844210495,21.0254399904029,21.2704243948005,16.2402032652428,21.9368722243716,17.9820069974126,23.5269546570914,21.3670719070041,22.042829241278,14.7930678752407,18.2591037986394,19.8987906868537,20.8986746291738,22.5747960053189,18.6107949560268,18.6123940939491,19.3531382409016,19.8162315104623,22.3653943074814
2017-01-31,14.6086804035661,18.6002688730472,15.1730107943856,16.2969662260126,14.0957294687077,15.9958712581121,14.4639131996085,16.5244782590538,16.5791625585086,17.8921297836369,15.9155783748345,24.3058171284765,19.3862501393361,27.3151365829494,15.5750253710289,17.1364908506246,17.9200117923347,14.6660901750838,18.3586175804232,14.3995217361272,21.6077393354053,16.4160807595045,17.4612092108372,12.6176470925715,12.8216008017568,16.0938946713166,14.8032976742765,17.7818870295436,13.9775611237179,14.3058130699653,17.1174171112304,14.0187675669635,18.4235508451316
2017-02-01,15.6140739709374,23.33196673067,22.4882266863688,26.3527388188391,17.6649016264611,22.3559811275827,23.5820752073119,25.030077964184,22.1268836777458,25.3176514183307,22.625081083528,25.0119167861489,23.9117858493385,26.0407094732672,19.5760170009775,21.0942919269644,24.0611091786307,16.8290305104959,22.8538313521563,17.9765867590254,24.6859391580554,23.0333095506566,22.4988402239202,16.8040514588531,18.2223227187055,20.0705390116851,23.5283435757155,23.8559353305643,17.9329903088788,18.1478774355786,25.4290013553912,20.9985941279927,23.4031271684394
2017-02-02,15.2380549776449,22.2125523506575,17.8144168389042,25.7751244423543,15.871276851652,17.7206620640832,16.2985880460132,24.2485813982844,19.042558066705,23.5017554635672,20.4001724912191,23.9565418306528,19.9789894128028,25.6736002903729,19.0439900676019,20.0562650533018,21.1224707191383,16.2533117942134,19.6025598208436,16.8885321504473,22.5775719903476,17.7674952374974,20.9445889753512,12.4405216198964,17.8545430948914,18.1525951361476,16.5206008869067,21.805986016656,15.8825394246511,16.1659604538863,24.22518260715,15.8252972144181,19.2341924563549
2017-02-03,13.9854430116749,11.1071381577242,7.64986989021265,11.965630719122,10.7626755906195,7.57597065529725,5.62737515339835,12.1330669921884,10.1817048355355,11.5951528204453,10.7545973095608,11.5159997668845,8.72488448794531,11.7546033845485,13.2432819298678,11.4343124009324,10.7355552967566,13.3259796760478,9.58729906511313,11.7661548937501,11.0550494131581,7.53153241402959,10.6040685890393,7.84175291006271,9.63056042852397,10.9386776880554,5.79985397518158,9.7181351476603,10.5158447159732,10.7767003289429,11.9266557095548,7.49157500854971,8.22026408622974
2017-02-04,13.909186085633,11.5700218808965,7.49406497974951,11.4979190920481,10.4547860383041,7.21589807170657,5.33648878337458,11.5955507822144,10.0954589363816,10.8754398295208,10.7390786383803,10.4884161459455,8.05088419239193,10.7213414459717,12.9228230782812,11.7130043931777,9.7507626409441,13.3467140738183,8.82570878965991,11.2607051940898,10.0165392131799,7.00960876658834,11.1359309966109,9.15101576065221,9.87976597121112,10.7663617304198,5.47994153778649,10.0393759628311,9.96187596490186,10.213425955907,11.374202151076,7.15645410306925,7.6834227463889
2017-02-05,14.3525877621879,14.5891298763599,10.8267333048805,16.0674994931747,12.282530502016,10.7531843642573,8.79410039445301,15.7094197390631,12.4715408553309,14.9939491503815,13.3776591725734,15.4004480295693,12.1611061592025,16.2204853164912,14.9455217768217,14.1208333040024,13.7001209313284,14.1997390882855,12.582548359209,13.2387023147318,14.520353747969,10.5853128935003,13.8245023976685,8.60728288581965,12.8053480942707,13.1460938779782,9.0096948790066,13.6466611722203,12.0519655134678,12.3167444943548,15.503737844068,9.94930042254155,11.6359511907556
2017-02-06,14.4800126595497,16.5423531037833,11.8534360369709,16.2020618512512,13.208011648281,11.6117164179631,9.93961341789117,15.9309005768803,12.819139276876,15.3955569105097,13.5739558383738,16.606748104582,13.3379809233711,17.6036348433077,15.1388627123159,15.6665636387874,14.4638745052907,14.48854587075,13.6296645179279,13.8374858167011,15.5580812694595,11.6977471756977,15.6205225990309,8.6421937696297,12.3033898285367,14.3446213412138,10.0889683797396,15.1025939113207,12.8657927245269,13.0890196916442,15.7446290221654,11.0217307067689,12.724495884994
2017-02-07,14.1757383337174,12.8507830164949,9.61505717287746,12.1065009572954,12.0419300181786,10.2170938145375,7.02780523848764,12.4564388435216,11.4001365467757,12.4235242646924,11.5329664957877,16.3121596051135,11.9120940676117,18.0679739248311,13.5536574559357,12.9041039811614,12.0132251692595,13.611736067318,12.1504577518152,12.7744745683408,14.3149585029008,9.61596966415271,12.1544347654427,9.21722701007424,13.618140302188,12.3403717235711,7.46896500715576,12.2028091679128,11.8253440289824,12.0282138024157,12.3865473868076,8.84767281002407,11.4240726351669
2017-02-08,14.1578094309912,14.8285747442051,9.35419165567659,13.8646703395172,11.6574725860763,8.4876191112264,7.00394714425461,13.7357149461039,11.0036699720674,12.9429037557114,11.8483583963247,11.0924906199172,9.0810368738236,10.736500688,13.9933001396208,14.2453817176433,11.8068819836201,14.0901410356941,10.1003756648321,12.4172363388937,11.2815164268805,8.37357064147767,14.273127305857,8.13631421545827,11.4891090299531,12.4227196923879,7.02870888409788,12.9980237048118,11.1825890587011,11.4279411748385,13.4641140876588,8.61909357748245,8.70259688737657
2017-02-09,14.7008081058729,12.9027397460983,8.96405051243486,23.8889198427889,12.3303246118529,8.09268427564956,6.78143757933384,21.3805935538919,11.948283473248,16.9390507980452,15.9066782503984,9.98885581382113,8.512440560498,9.30113098484609,17.2038099385458,13.0182966343506,12.184971422294,14.8548207586431,9.7548072438395,14.1018411229423,10.3545654886147,8.15076614958748,12.2017131633591,8.48907439360934,10.3683507572462,12.4823517679506,6.74461684265411,11.2955196571596,11.9139185109944,12.0370017476781,20.0115507072927,8.88533541019367,8.17510372686277
2017-02-10,14.1425846610033,11.3904829534483,9.53207920040071,13.20811612219,11.3475418226748,10.229337136807,7.43079614134463,13.2485904741337,10.9916519319057,12.7277891602612,11.6067905705181,15.2474757923512,11.5129288521279,16.6870059575891,13.7977295269564,11.7212748084453,11.9232861849017,13.5628500260966,11.7021424017042,12.3534773468732,13.6600269944531,9.56853739163592,10.9311630283331,8.12976381802475,13.7918906337724,11.5322657363737,7.85924671394621,11.2922028497899,11.2427195879226,11.490988439461,13.0575860827492,8.79345406635735,11.1422576697211
2017-02-11,14.624212017164,13.7339176824565,11.223207047897,15.7456264384456,13.8891639129081,11.649055708546,9.0040518138795,15.5574345177338,12.0739264523499,14.756993276836,12.9232576533473,17.1973993171523,13.3539305567012,18.4699594748784,15.1006454436851,13.8788304030302,14.0802859589575,14.2164091120223,13.8139395550786,14.7314996650741,15.6489034108087,11.4346627745445,12.8662628777967,7.93269403957745,13.5719491990778,13.9509442670242,9.32848503366964,13.0792731096271,13.8928056228866,13.9839222873196,15.1442323323459,10.9010009209646,12.7966626974236
2017-02-12,14.7400863152485,17.589112703723,12.485481738492,15.7696635662737,14.9621072233824,12.1558884930833,9.899633879639,15.5880350791494,12.70238032743,14.8337054679565,13.4324049950731,16.956437989537,13.6403549247647,18.0205543269369,15.1768101363243,16.8272093614025,14.2399561479489,14.7804998011594,14.1256935913799,15.2056939087106,15.583138362051,12.006746852592,16.5650353754152,9.56446038838869,14.0343424939043,15.576386911641,10.0682912928776,16.0154366076662,14.5514053532744,14.5746961912282,15.1846778016992,11.8390632072401,13.1544665749566
2017-02-13,14.1614037268351,12.888123414793,10.2070608970676,13.9327219741004,11.5109663253542,10.6216877014383,7.31276601331651,13.8630381863873,11.6330102903721,13.3489159857954,12.2704621458063,15.5839138675383,11.5762863363496,17.0494546438451,14.0703758622939,12.798802848546,12.2483384502755,13.7435449716954,11.8238110165947,12.4806099476931,13.9757422125993,9.50957949473838,12.2312380815142,8.87730595164706,16.5803779128983,12.0637977483153,7.7879580539441,13.1279967175375,11.2674721159684,11.5350914763531,13.7135061751429,8.71247253853541,11.3222301486609
2017-02-14,14.2730186329602,12.8136200270957,10.1225276408773,12.8939781993366,12.376094165898,9.84491919142676,7.39953415606188,12.9573561422487,10.3994225502915,12.1461685094607,11.142075702685,12.3530201393331,10.0121545176673,12.5601272316237,13.7538769994349,12.9619396784579,11.5578476456603,13.7794464961308,10.8192540648744,13.0030902230539,11.8595250851381,9.02701724477634,12.2000840576878,7.80849828585709,15.3320176010436,12.4949237887416,7.63230589923168,12.5892429523014,12.0575482181094,12.1903700529226,12.5686304390203,9.22812447495445,9.90299201337322
2017-02-15,14.4798780667972,14.155702593544,10.79466523627,13.7517011982082,13.534366144087,10.5989800043701,8.37823309720534,13.6359199199314,10.7274145922465,12.467978898458,11.6880956404664,13.9531729078002,11.3942145979965,14.7378128147118,14.1323128701153,14.13648096653,11.8223520143301,14.1017578003919,11.9047565195219,13.8328205302106,12.8076759922008,10.1657367009488,13.3944602347964,8.63903538588543,13.5960781646231,13.664822822988,8.56487565302436,13.2132401463612,13.0563775646943,13.0842467636467,13.0877191233766,10.3550236437666,11.1570181923946
2017-02-16,14.0754939626557,11.92885982441,8.96127709709854,11.5394795165499,11.4550651590025,8.51077943542996,6.5002806072584,11.7488041337343,10.3078856224273,11.170578423604,10.8074629060822,10.5679361765427,8.64296533452868,10.4482760879025,13.1173265351975,12.1529885074933,10.5027341707591,13.4571362606611,9.54799220259999,12.0720422726556,10.4227813087038,7.92117721742037,11.394228981842,9.02552749527758,13.1526764388042,11.6254591950576,6.64981154054062,11.3047862517576,11.0404774526282,11.2210387194309,11.5034720900785,8.28997440310435,8.50050742201173
2017-02-17,13.7763301449379,10.0956333926153,7.33485939891707,9.83833021269493,9.91141639936689,7.3645329360462,5.38325366739557,10.214179403772,9.19772746849615,9.74323446631722,9.61440079397598,10.6022435614245,8.1317283002527,11.1555720730208,12.269770871572,10.5363678620404,9.10939365146602,12.9302661214555,8.64581197099072,10.6151321442835,9.8468785084453,6.97829788624455,9.71206810660361,8.25082041173448,10.2675453419183,10.1371731096799,5.59855545398542,9.18877965146398,9.42501578922646,9.69730482831772,10.0530654438125,6.94858987916644,7.8485025807241
2017-02-18,14.3760224060162,13.8385197155713,9.84689924653033,11.9009973547089,13.3397934512231,9.57153866336402,7.72997609076977,12.1863438965105,9.76763788234659,11.4256902367854,10.3743840293293,13.2149948712041,10.7271629765325,13.7523535159985,13.5190697848035,13.8914222925387,11.4418408112844,13.8763609452043,11.422509106339,13.5553045010684,12.2912777074506,9.60376672289971,13.108356595217,7.17078216893611,10.7424040089869,13.3810081574855,7.83034731882928,12.1139553132026,12.893600219758,12.9285294405789,11.7025350233767,9.92138363838139,10.3096151023489
2017-02-19,14.4788350368248,13.3013965415923,10.7726813582079,13.9880517734645,13.4432974316815,10.5210701686967,8.28849402133825,13.6119915712459,9.54062613527764,11.6746927809846,11.0804875847413,13.1775115860435,10.9814002086584,14.1203274136317,14.0374844462408,13.4844392486277,10.7551458293806,13.9172006317348,11.3098716679276,13.5675360118177,11.8236406609928,9.86784725062557,12.4091521784998,7.62171649120112,14.0453789728321,13.5351539434579,8.47306348837378,12.8206751845028,12.7299181511393,12.7098929418551,12.7786948633645,10.2601484077442,10.9254973254157
2017-02-20,14.0346800952799,13.4808093179627,9.6832694828344,12.3485726521021,11.2315691667171,9.29736551752789,7.02585489253018,12.3161155023646,10.084010684154,11.3879446450006,10.9332328522032,12.2612796588693,9.72465159076059,13.0548086380333,13.2717651241276,13.1513261287751,10.3915872364213,13.5931186544899,10.0636572571286,11.6414848668033,11.2844997565849,8.47145164452777,12.766253843428,8.45444797234197,14.1158537175325,12.0459719694464,7.24879863939669,12.9289599119874,10.4845584988696,10.7079601521307,12.0019036044105,8.40459010003275,9.61345989379211
2017-02-21,13.929305379464,11.0768490947586,8.76786997020663,11.9919686813285,10.4686416876512,8.68715010578914,6.65228088141745,11.949508506406,9.95650751835913,11.0154641633051,10.8087670735653,11.7863870591097,9.3130376408644,12.6317163086168,13.0321892067569,11.2699930974008,9.87356709675349,13.1496212204142,9.56355098797053,11.0775191321425,10.7925740461836,8.06522192125429,10.3981330965013,8.78023835042632,12.249545833642,11.0646798051956,6.88449698592136,10.8002332401271,9.83418036570135,10.0943807480004,11.6778141775844,7.88850087303412,9.13628260747109
2017-02-22,14.247259209478,12.220851618294,10.0819863320708,14.6872644246676,11.7760661051645,10.2090732541069,7.88687777801265,14.4262453986062,11.9687132796346,13.6384173602045,12.8043727988743,14.1848084213785,11.1461732443778,15.0282252373949,14.3184168266641,12.3522288629419,12.3097005613157,13.7141184188243,11.5613483467759,12.7173290789915,13.2009634027422,9.66165653493148,11.500957164439,9.69737950396901,13.7739846432778,12.2156143858976,8.17648788991336,12.0833823942505,11.533809703547,11.7655151286904,14.2016352268751,9.22429075903744,10.8223049854196
2017-02-23,14.5787761061667,12.2281477068666,10.6229270369801,17.095725225766,13.0666985799045,10.2519047979959,8.4276631307103,16.4018849996365,11.8845011451862,14.7610750303544,13.417656071565,11.9583181787616,10.3014927593537,11.4148777706582,15.3189082987452,12.6804369133851,13.1316801936061,14.2237510745688,11.4408630115859,14.2154457164465,12.236208954943,9.81318298364992,11.6503013436333,8.5061463006135,14.5479747054086,12.8730181351061,8.55501754085352,12.0854331716402,13.0683387704442,13.1719412847414,15.7886906782018,10.210359068056,10.1195370839564
2017-02-24,14.788138090693,15.3956787907271,12.3193830839263,14.4731396454474,15.2656976076785,11.712946023987,9.41523768749297,14.4329648292931,11.4513554521467,13.3983859771159,12.2603318083161,13.5666340790772,11.7126782558083,13.4597125458661,14.7156326257197,15.3993746596684,13.1853397110679,14.5448327753788,12.7660627249828,15.4643724879472,13.2075435491024,11.0525357972058,14.5897611583247,8.85167423260032,16.7542338048562,15.0325762536476,9.54246796216621,14.857612210985,14.9962059910556,14.9017264118376,13.818149719248,11.773042623133,11.6457859487115
2017-02-25,14.0959972311926,11.1465577576115,9.0959377461803,12.2332656102923,11.2692924748915,10.4803080594316,6.82459042768826,12.1257401910161,10.0149988732112,10.9231202623206,10.9836931426903,17.0026545826887,12.2704016092245,20.1369080929953,13.1997953136624,11.5654976354922,9.80765690814346,13.4805941426982,11.6322393863824,11.8608705799846,13.5749262792789,9.44977479414753,10.7614351860834,9.45242733319871,13.8593870391661,11.2886535586174,7.44664002439879,10.951276431987,10.7645653340779,10.913395721574,11.700518027176,8.41577717760878,12.0083854296524
2017-02-26,14.0873675365471,10.7660903334773,8.43406510404766,11.6256711973686,11.3672361108693,7.7751356966804,6.56253565585527,11.6092851100475,8.82568373743828,10.2387640452894,9.92394054143815,8.52736393630433,7.6656883552765,7.98630860042709,12.9823944645791,11.3085858889251,9.45199654189982,13.3275724502436,8.60250287775628,11.8501398107704,8.75916588372986,7.5161571539727,10.2863293913724,7.41983978835851,10.7571933896678,11.3114608683272,6.56412822443997,9.87523729827556,10.8124635340791,10.9345252125789,11.0454442114826,8.34658069575041,7.58758380571208
2017-02-27,13.6605345739956,9.5301533805565,6.80959133102651,9.68662180052992,9.18063319509868,6.76982888776173,5.14657072316565,9.89773023827994,8.20181407026201,8.95834651298972,8.99930875318741,9.37985078551169,7.37553006493714,9.91760468868286,11.9947897063859,9.98368023196585,8.06785562028881,12.8089846531742,7.73178486979809,9.83126688819452,8.67244058167778,6.41530643779182,9.26175266596546,7.39473279725518,9.21501812583595,9.50085013986418,5.31642443933566,8.51956864991005,8.51272639374515,8.80770192090339,9.60376448227368,6.47662492170756,7.17028351831325
2017-02-28,13.713245580905,9.72444797416949,6.93252104007599,8.57480651933647,9.79118000729488,6.50797176426514,5.11727373959767,9.09743774219345,8.91149708819706,8.70426999213523,9.16020765867283,8.10859475937307,6.71933931572261,7.89700817897316,11.7519980009562,10.26241212616,8.22135540845588,12.7757837896189,7.50876584939557,10.2867356157789,8.08042803676816,6.24294553603547,9.3975329996616,9.19783436709734,9.33689080912075,9.91286821093823,5.1860108196625,8.60817536206534,9.18723643972848,9.42793237191857,8.9594805124366,6.7594663470947,6.55217440229482
2017-03-01,9.55244065809125,9.05404698738124,6.92406038203762,9.71770335207215,8.09646551049659,6.63257039645989,5.1927025229696,9.47843728845598,7.61730883175126,8.68354173638966,8.34195728256534,8.3583327690339,6.8341314058155,8.6266036519599,9.49170784918295,8.94417331743939,7.72893366261229,9.30942049504274,7.22119088881532,8.51576153661532,7.94786641600471,6.14658397425275,8.55501895184129,6.49620149384744,9.80944676319203,8.46979165626572,5.31905845001132,8.79846186676866,7.73923917813998,7.85430371655529,9.21846228001064,6.20068087629988,6.75002013603759
2017-03-02,9.25987243591517,9.18887402435903,6.25811297699258,7.70712701853261,6.88603137199027,5.67896754182705,4.43310940562878,7.87549999976627,7.27299903322632,7.81282614273586,7.44796076647608,7.06848780756213,5.70028911611037,6.99123750702576,8.68898314645248,8.78042972851986,7.23235711098239,8.99255402094008,6.19314057347434,7.28840567853344,7.11987004131204,5.15624770201476,8.73366725232766,6.12374944757115,9.49920899580065,7.69715510005849,4.52094706670548,8.81433886266038,6.44247690341926,6.68374322000551,7.91489103261699,5.14162107619315,5.61276884251078
2017-03-03,10.2857973260854,14.1887344281649,9.8222243359706,15.5119697699588,11.5452735487556,9.01555627595551,8.07014738316511,14.5099117132763,10.2049634498349,12.9798066682191,11.6362241456437,11.3773107453505,9.82184150867809,11.3667180790659,12.0506587955668,13.2743382756254,11.4504787100462,10.8081658294848,10.497161597339,11.9035848678953,11.1650328969464,9.21549568951596,13.3368415660275,7.19397924937843,9.66485398376274,12.0944317813688,8.01624197540754,12.6654792553967,11.2997966742653,11.2439536278039,13.927808206038,9.45861387513023,9.45837579318405
2017-03-04,10.1184915591556,12.2660073290979,8.98625762774058,11.817377948947,11.2602148097558,8.89313443525105,7.23875856534788,11.6040632485765,9.09568154487135,10.9987463211613,9.66705484262373,12.7587226855399,10.2164255328068,13.5303574749373,10.835487651147,11.8754877117744,10.6869856378968,10.18411216722,10.6683861474185,11.4774373224022,11.6971924935231,8.98604497405261,11.4673363575627,6.30083105867883,9.37507629146253,11.3817795444824,7.35873116745091,11.0620168088169,11.1767656052635,11.1088349075905,11.2272437069476,8.89318420555262,9.7696802651727
2017-03-05,9.90367891871891,11.889986629232,8.72503051837473,13.2366271252024,9.67053920067559,8.05566409928882,7.28245707710593,12.3844301433203,8.77024520517382,10.8529504572664,10.1670258320001,10.02282526507,8.6961275112072,10.4350013150257,10.8578482606894,11.2002325964103,9.31240463899708,9.99453956170706,8.89570573409375,9.85748719536382,9.492178914145,8.0455130374774,11.0122585348678,6.89595765443325,8.75538293624139,10.5226759177672,7.26199108623752,10.9987550085983,9.1090722472377,9.15213833331487,11.8845816938623,8.10980222692216,8.48082300846373
2017-03-06,9.59348371829353,11.0211985192353,7.7293957362637,10.5265019028022,8.4323879381543,7.46785292965293,6.25358798715973,10.2286904007323,8.04752126399573,9.54374387508714,8.77610298848904,10.8750243690007,8.60946041662072,11.9351744727768,9.83395773221586,10.3248742895551,8.63380296222189,9.47426341743374,8.54295275035845,8.63253064183808,9.77297263470112,7.36784704136732,10.1897842529703,6.05261437898543,8.16494223826659,9.48900283946917,6.36137842518302,10.181215388085,7.87772439710528,8.03282920274605,10.0286616412299,6.91197033958565,8.27894325958012
2017-03-07,9.77973878702,12.0600986624773,8.46341401137877,10.3772379735991,9.64613375686874,8.08651786007748,6.88966631631793,10.1589599744677,7.77061111602176,9.36569546562717,8.50393116837115,11.1978404707016,9.15033443204382,12.1992252613384,9.93516898762859,11.3323272028669,8.87621059514922,9.73973671244365,9.16003770993672,9.54954611874711,10.0441623078574,8.03610718980579,11.1917500979819,5.6759142956469,8.57061511284143,10.4785301418224,6.95603057831246,10.9699281846652,9.06173597884997,9.10026392407096,9.81277717753311,7.86703389573464,8.85889490346789
2017-03-08,9.8989112857851,11.7235539067429,8.33198426965235,9.56535539729049,10.4399310627098,8.10868985319946,6.70896946077452,9.69491692870131,8.11839606992984,9.42691834079814,8.36577436613461,11.3668040786621,9.21818099759918,11.9954243127391,9.90870329110746,11.3246048224951,9.55216719255841,9.83311707386947,9.62865352685879,10.4571684720867,10.4807892030709,8.18726573277318,11.0176161754138,5.85744424848784,8.61459190026671,10.6760693476537,6.78880629127493,10.4429158273579,10.2092009164271,10.1807157258588,9.43087647706332,8.19830743490713,8.84051147452608
2017-03-09,10.0708291720948,11.4494392988427,8.579922080181,13.5416261943387,10.4621182510118,7.7637272311005,6.8588770578098,12.8849417940214,9.48168817781154,11.7763599030657,10.5460425658971,8.93663962389598,7.95586912785701,8.17325732215433,11.2757195767262,11.1354232674425,10.5800441642511,10.2174489157586,9.01001457911432,11.0637819498352,9.48460011921679,7.80375340646315,10.7742726265442,6.71201236632033,9.81075337937479,10.6257060814776,6.80412984558143,10.5703665697727,10.4248155863928,10.4226052669627,12.4434484928265,8.29560007630995,7.70412945779745
2017-03-10,9.89940231465041,12.5180106461807,7.62944556423248,13.9994150583948,9.48415079946603,7.04406230429938,5.69878625880488,12.9294988801246,8.66924025073267,11.0002128267967,10.3857388677406,9.88631540012286,7.91392238689046,10.399452458975,11.0753704427855,11.7037639096761,8.89803719269339,10.3021832346464,8.32866578272474,9.96068844636498,9.14756685129059,6.98399580498913,11.8578064923941,6.85966987157669,8.40048898690066,10.1359672676314,5.73736502300488,10.8319825572167,8.95416167102264,8.99088699003129,12.3004195076413,7.1046355126653,7.61011511112798
2017-03-11,9.61844221551784,10.5457357376101,8.21438082709917,12.0687871320331,8.0814187355256,8.04356488471427,7.0197881390352,11.4524290868667,8.79224190033451,10.5321264825035,9.78980733647948,10.7396822498978,8.85047181434651,11.6503514701279,10.311532993655,9.90361706803032,9.10691709400793,9.60693566937102,8.6877902314541,8.5245222032596,9.89225322583051,7.79007262961554,9.88966451541104,6.76936351138844,9.3220222378656,9.16904282937023,7.14559960044689,10.2784024940149,7.63766939421585,7.83805508082434,11.2605959353265,7.19933939579,8.62601155710034
2017-03-12,9.71424371609242,9.92951700995056,7.87715033313774,11.5070152571347,8.69888638417267,8.85094424219857,7.06591481866577,10.9927600151872,8.50277867561978,10.0168863542393,9.44806771291798,14.851219166057,11.1690418626321,17.6141409843279,10.1869117485883,9.61737886922338,8.88448336040625,9.570577744077,10.276587046687,9.01800962949602,12.0343042817641,8.85046665825061,9.29903496762427,6.90973882499785,7.187260391636,9.36736584748661,7.40668231661733,9.18342173248613,8.31772974690667,8.42865871526751,10.7081571843455,7.58701788165308,10.6606380806859
2017-03-13,9.89496200963815,10.9863045228451,8.49252541060826,11.4948319138608,9.95038910668684,8.72663207629973,7.18074064838525,11.1946093813193,9.08781148299454,10.5953767784474,9.69585767077778,13.3790837572394,10.4585161670013,14.8993924858098,10.4684372213314,10.6263212480802,9.91333272400922,9.73194322305441,10.3436648856209,10.1839550176004,11.7094184789731,8.83079159210691,10.0986121663009,7.04185263020991,8.12072931246914,10.4838310462976,7.36330773749299,10.1382063983047,9.69030149405364,9.72909089940181,10.9462896644342,8.2259673151072,9.97293680392565
2017-03-14,10.1238883348688,13.1912274197548,9.30574274369096,11.6453903373732,11.456003561037,8.62547148673095,7.67009667721776,11.498721382693,9.1395202527061,11.022644843308,9.61373835373545,11.3387645043242,9.64246752582266,11.3927705246806,10.8020362896074,12.5430555939964,10.8802121398933,10.2339910663181,10.3411532303308,11.4879452792053,11.0294950987437,8.96459706554936,12.2700239064124,6.21367901976671,8.57081326067213,11.8435898652693,7.62059624099736,11.6569938549199,11.2567670219543,11.192491741409,11.1610206000144,9.21216114614264,9.20783641740364
2017-03-15,9.85634774529496,12.2564308393501,8.23012363161169,11.1821088032771,9.9711782378667,7.96064316770841,6.64429408576871,10.8440771733827,7.82087385932696,9.86028618938846,8.73463327668705,12.0707331536985,9.52149508530571,13.2980109115832,10.2757590823013,11.5393144167775,9.221936956768,9.82845321526775,9.55417808011182,9.97424599433591,10.6469556698315,8.14104042486702,11.2731434799144,5.16839929630352,7.37920062371598,10.7552997260985,6.71867888441518,10.7615709882479,9.42943119733121,9.45055140125494,10.409669396078,7.88480844973537,9.06545481944278
2017-03-16,10.0705716669849,13.8691165774714,10.1785227306166,12.1069825683431,11.1127922637945,9.6349174854597,9.06145522446259,12.0848298650475,10.0222326461634,12.2651621972659,10.1425117750075,13.2689656077776,11.1916452767512,13.6256439208333,11.0570808307707,12.8652253409179,12.3895994700264,10.2141021404594,11.5761492796694,11.2289571200713,12.8864962861848,10.2273702785773,12.8263869972372,5.69109473212875,8.07072699136531,12.1059659253375,9.01833473698492,12.4944033084081,11.0149278488219,11.0791541708685,12.037563569304,9.81648063896397,10.5711934235105
2017-03-17,10.29530258553,11.5583530046448,9.08570447838714,13.1966844242142,11.8733929090378,8.78659093703551,7.81223468842396,12.5891999778667,9.1442363569681,11.2256304179762,10.2642106929393,11.3442156419614,9.82190929709331,11.6054782283174,11.2773251125319,11.5009199516895,10.4613463137158,10.3119898822167,10.4103688748229,12.0436899172588,10.7198599497327,9.17632637378039,10.7735348822037,7.02590790790168,7.93825822439425,11.645417705827,7.7937299651975,10.2224351087121,11.7658674575672,11.5995929630603,11.9446303056466,9.57911184312581,9.44014306545859
2017-03-18,9.99798865354002,13.2646655731968,9.18888140396455,12.9398122134479,10.4560802736054,8.10837009959485,7.25477254032279,12.197762693034,8.22168102579898,10.6196036842118,9.6220040193659,9.41285590273346,8.38262151531872,9.4115948183136,10.8677348658528,12.3580099861046,9.43904992083429,10.2098941095219,8.87810491105587,10.4291610701745,9.20759971775703,7.98981409004924,12.2956809000773,5.74972358328661,9.90850121996418,11.2941818094376,7.17521813478034,12.1639682084942,9.81569181668858,9.79333669624717,11.5848196245951,8.43470876589138,8.24753040287328
2017-03-19,10.207542910386,19.1894145704121,10.7216743513741,11.4555458318588,12.6330522090339,8.83622261987762,8.36559053573778,11.3980229576101,9.42312495486999,11.0609455921056,9.74042113277411,10.7986131996805,9.63589870800387,10.4476493636358,10.8265797514486,17.0375429225137,11.1577122307662,11.0372822998636,10.4947754018274,11.8999871905909,10.8713167975387,9.30079395470785,18.0318840421043,6.77932414699948,8.94636272325199,13.9987355940209,8.0868504137012,16.0486952068485,11.832777516565,11.7228169372308,11.0782500750856,10.0173199093131,9.2318172890927
2017-03-20,10.0261756178925,12.5364402146711,8.90368184568324,9.14623661583784,11.3862600496863,8.64233904703799,8.07447373553118,9.34727971729635,8.45473522494838,9.12779559044035,8.5525199746332,12.2397165340984,10.3941626964727,13.2177885526488,9.8214691404557,12.048062591299,9.57324041761121,9.89492372461453,10.4750481744005,10.8915941027251,10.9805164444372,9.39370944638699,11.6524904019115,7.30919465196563,5.24987932179625,11.7109748118623,8.01536053800756,10.437726337869,10.9547255578274,10.8357076035022,9.07278418608663,9.4702865829892,9.85828072417385
2017-03-21,9.79877554289109,11.6239543676337,8.47712884484206,7.91116476140528,10.2798902150125,8.60998144747979,6.93186791968935,8.45414717021039,9.22020537255025,9.11692845224082,8.65104588907865,13.1776404169537,10.2555646155228,14.5339427086527,9.38565574800153,11.1828846184886,9.64597296041331,9.5472144717325,10.3139705810429,10.1235459168353,11.6146405455287,8.68439323761088,10.7962892816064,8.42703129905781,8.47446400773815,10.7037153442197,7.10555661193643,10.5080015695362,10.0409677397295,10.0484002915454,8.56322140235561,8.23559365316617,9.77569709752565
2017-03-22,9.6092795628476,10.4246440401588,7.81488258193239,5.69328401991771,9.54486291490307,7.46207451784487,6.35714754982922,6.49847613167565,8.03513869464075,7.25070755525802,7.29380027296468,9.6675520086991,8.14066736326029,10.09714587566,8.43110446344974,10.1964689860536,8.11680384190553,9.15656982998748,8.47361023705813,9.170551856543,9.02300855542794,7.41865314540986,9.74125475075456,8.23446218048526,8.3706128031395,9.85883525230411,6.3999472242418,9.53733994866159,9.1567607571753,9.16379539425859,6.62469876362474,7.57632421584446,7.91375471850244
2017-03-23,9.49416139318299,9.11778240182222,6.94142453020429,5.78179563446557,8.68238422880825,6.9682088732385,5.51688806968181,6.54227700587076,7.64660377091173,7.2371106883274,7.02205725917764,9.85742911064266,7.82653828287498,10.5029516503519,8.37859866544254,9.11928408050333,7.90658101122796,8.99512878765093,8.12140274206273,8.67501756264645,9.03036759002072,6.8264430158168,8.61586684332568,7.20944344088788,8.25374067744323,8.85316952077084,5.66269000223793,8.41966863154421,8.45987269233453,8.53424540695465,6.67525918686474,6.70477801052286,7.54633528016364
2017-03-24,9.68105060807933,10.3510184581053,7.14316588828229,5.72146377820917,9.94128267354337,6.46888833724342,5.29275401090366,6.76695817288131,7.64541669470201,7.84075839148377,6.72830708699222,8.26616999929604,6.90415668734768,7.48012084134719,8.7038075875981,10.2996969718298,9.17793636887079,9.28933794407077,8.15952742327154,9.99813499725159,8.75881136164752,6.61332216151722,9.76006310335649,5.56446434398261,8.33497310027578,9.82255213037805,5.26669820896938,9.07491802936717,9.98019643239433,9.98814574963507,6.87986998259646,7.17445566318181,6.54425250971932
2017-03-25,10.2007485399549,11.3163074522213,9.959925649341,8.14303523495907,12.3766846678744,10.530921004731,9.21437100789626,9.47922709089585,11.8011693910014,12.0657750515116,9.81075468953241,15.7251162849539,12.6721685321262,15.9625522564152,10.3422495539177,11.4364092427002,14.3022884555387,9.93626837630526,13.5512863444833,12.7936777674736,15.3361693264589,11.3573631049237,10.7372735599428,8.02146700868677,8.4188623110167,11.9043888861881,9.36545294431246,10.2891559835668,13.3555623464027,13.3361925760933,10.0804894062898,10.6794504109567,11.7700723146329
2017-03-26,9.25701013674234,8.63993192364082,6.37168746823337,7.13678226299981,6.96812113016226,6.17461916285414,4.97383313687576,7.43757121273206,7.93509457921196,7.71478159720236,7.78372241605947,8.57469123687524,6.76979539162803,9.13945347910623,8.51122327429423,8.37216745447464,7.28748976176672,8.80796102097176,6.89644618819178,7.24307759316155,8.00803407590195,5.85527969804541,8.10289740119008,7.79578336006547,8.24319918066185,7.7809031217133,5.10504143828171,8.28768275878048,6.52875808125292,6.76372761530389,7.62385809118974,5.51774797269062,6.56763389663611
2017-03-27,9.42433018936885,9.27720737236347,6.7839538511323,8.01046129291291,7.80785306408497,6.55983622505579,5.31183400741322,8.11069493571752,6.88382287214153,7.71957539804009,7.27131716708941,8.9674211991103,7.19796373526367,9.65218742666465,8.86684171942918,9.0089559201399,7.35265338613121,9.06212648228375,7.30757175801764,7.95062933420605,8.18791135236353,6.28029222180506,8.68294878206413,5.56531418217371,8.28856120564543,8.46050394480152,5.42581352576121,8.71327826026407,7.30393982675105,7.44896522113042,7.96035523052247,6.12023799335415,7.01381993908102
2017-03-28,9.59215320412313,10.3363136608113,7.92428406012547,7.95416227813198,8.91421969839142,7.25141633882717,6.59540656269053,8.31008585196532,7.75806218290384,8.49681355293161,7.68028031606067,8.6260102454974,7.60962052003181,8.46947555895191,9.12776909612184,9.96191581362973,8.75589493442491,9.25044927960717,8.1025693594351,8.90193667108277,8.70356166691483,7.24448949760343,9.61201971857995,5.92620524263847,8.51638064993957,9.57012426657897,6.5644412426907,9.71653879081987,8.56248116830453,8.66661100149189,8.29800874661964,7.3869606595793,7.40029978623014
2017-03-29,9.46823625590274,10.5514064566873,7.65920577870243,9.60232430883787,7.80628961770578,6.67210214263649,6.00808089740753,9.50080193613126,8.27384379275087,9.24542922238671,8.65713686878246,7.12551664341736,6.44475215132861,6.58465061656348,9.47641948632753,9.88495833617345,8.46776300577632,9.35916586460606,7.03004788587922,8.11165607614627,7.69036597924855,6.31155512575095,9.92335638839967,6.70197542019744,10.0096683547959,8.84643803398222,5.9729387434399,10.2376147641024,7.3434928388581,7.5537548358841,9.48873931854073,6.46537287984461,6.38862935737726
2017-03-30,9.13509840962936,8.90638897672429,6.67602953447823,7.12046462786233,6.2934515809377,5.9310742736745,5.27239707528044,7.23140064570898,6.40968655242729,6.92484143225978,6.78289186143048,6.39042772064906,5.69970280114013,6.48961996664953,8.26628450522503,8.37925450816812,6.37004162840022,8.7169876558334,5.76024737415746,6.34497041020771,6.37438785465176,5.36837384310769,8.33546347162063,5.54978807085804,9.14999692104315,7.54196045225044,5.29602632437653,8.92674500621151,5.51723605691266,5.79028986989702,7.22631951471696,5.32334338808476,5.76594096543308
2017-03-31,9.10215365635073,10.4062531884476,6.43748747795257,4.62678469206037,6.89285891076987,5.38485552372303,4.66186394987334,5.44062155445324,6.44430682985685,6.19551752376076,5.88386219805643,6.40096566546948,5.43002817711275,6.17438933360491,7.63665845014276,9.59738735902149,6.69091123458243,8.69786170836852,5.8849976013362,6.68803150337648,6.6341711768268,5.08875844527269,9.72127494932642,5.5453510282949,8.21818985053992,8.17658062941805,4.62002058402399,9.54991510502005,6.1504924051607,6.40224848977799,5.69663930113873,5.22966091018805,5.3200373211105
2017-04-01,9.15229440082345,9.36049426931198,6.72606134690442,3.90473779375664,7.18553759320685,5.8523524363615,5.32360973254492,4.82256259159549,6.64506526009733,5.67273833773029,5.90137441348759,6.13754941390119,5.65708353492577,5.88593811393918,7.39607387678338,8.9227421047326,6.39837353990937,8.59250841072759,6.00876558193998,6.82965975877191,6.36660690057793,5.53277538388118,8.80693609058705,6.95064395754699,8.3909898942372,8.11027196004995,5.27920078563389,8.88551756026473,6.50539938848923,6.69400189615083,5.09914689752087,5.80867831300807,5.66029343575579
2017-04-02,9.21214136000109,7.89740298424763,6.51827927156568,5.53746387010213,6.96602606433876,6.24272102337082,5.4699831936891,6.17380693669019,6.96398313942032,6.73508559560632,6.55417712814025,7.61471531883626,6.50789904219051,7.80215299212516,7.98028477098744,7.8387954282312,7.0604235869206,8.58684362068501,6.68654391929056,7.05139270473286,7.44514352479702,5.98926653349731,7.44532327321048,6.34245429361883,8.03729578157802,7.63252155085054,5.53970923453238,7.78251632370116,6.57087512290436,6.79026390326856,6.38056128709084,5.83882929508939,6.38859329438059
2017-04-03,9.21020570808085,8.01749864234088,6.13079071245571,6.09625866991967,6.87394597713886,5.79990117408092,4.78959646261254,6.52096873414575,6.37820161834337,6.58595044326627,6.37300501048254,7.35610985256868,6.06915963280693,7.66029914033975,8.08898769829149,7.91781623106931,6.56267650782227,8.62754177214487,6.26487216740306,6.99446978751217,7.01431261234702,5.45174656098176,7.51008289727124,5.55437883432132,8.05106884569684,7.55185110682447,4.87448248268274,7.7561521761252,6.36214131771592,6.56807831274101,6.54913008919731,5.38563700987187,5.96797941354816
2017-04-04,9.2044797945136,8.69793124037897,6.43148777390609,6.07913207549941,6.89391505413905,5.66354716000122,5.04159651113613,6.49024025878176,6.35130107612343,6.53194498485024,6.36430715610254,5.94909791662278,5.42061256084441,5.66130311146865,8.06153279748124,8.40282941296521,6.51270289240787,8.73042390808259,5.80637370016246,6.90868937011806,6.22248087213739,5.28520126280807,8.21428865351912,5.60692447247771,8.52254903642266,7.71798884959329,5.02636684447627,8.39247247966342,6.29191281686556,6.49974775668055,6.51799466485077,5.520722626348,5.43168023371259
2017-04-05,9.04126422214924,8.53524117915966,5.63415361321308,6.00673444344735,6.03202453531828,4.81021491355616,3.91214316824961,6.4792346284624,6.62014133828683,6.8435608210019,6.46432557351131,5.94284372755718,4.81045329240126,5.64085024639491,7.99342902913291,8.09256303714302,6.61090246268005,8.51338094472299,5.3336643315797,6.32464817291766,6.29233666144914,4.41620368344418,7.91146486551891,5.42137340916043,8.20750034528527,7.1692664942854,3.93318753232571,8.17387843491556,5.45785305361132,5.77648806145924,6.68121095808505,4.4123563655855,4.69086456360408
2017-04-06,9.23023660857786,9.25984634150161,5.72555788728971,6.87946266297627,6.99597118602317,5.92431424965429,3.74439084058761,7.38494272846227,7.76927507374302,8.00550316233343,7.40291365650116,10.7967575357169,7.3584594299915,12.0487345016072,8.56050253828374,8.85395204561854,7.80590617358477,8.84946910022703,7.51716674175812,7.50943464391091,9.48711640864259,5.57541852430457,8.64470143706323,6.31516963458396,8.25294164481614,7.80387218462086,4.03487953523855,8.46547910426169,6.70824202458579,6.97696576966078,7.63364210295327,4.78985412474009,6.89908854158941
2017-04-07,9.5945825378028,10.3287803376158,6.36196747087137,9.35014858384548,8.61486691740307,5.43606454551961,3.76018850593882,9.34209049577789,9.41401147044409,9.251571727448,9.4824732896551,6.67857642775122,5.27610734069012,5.85169753144761,9.56093737370368,10.0239326656706,8.19195998109133,9.51294861448839,6.55052206353024,9.18556914243692,7.23837959030071,4.97543188459219,9.76491500127153,9.78811276431427,10.3389870221507,8.84785118951208,3.79596076143027,9.41536792260135,8.38960769510257,8.48487787234056,9.34761264010919,5.58397240920685,5.13022061108423
2017-04-08,9.49570429205251,9.32060748846119,6.68664659533774,6.18300112125972,8.67876715713421,6.38303357398128,4.70746810671217,6.79475455313606,7.24569246203602,7.12818858746279,6.90725473838431,8.67096361883951,6.82213524868221,8.95289173644319,8.46832737782051,9.27551775428865,7.5041950351868,9.01648042079889,7.39115417447853,8.70904017942654,8.1410559714283,6.01400300496899,8.71401493581868,6.70912814692131,9.28151055403333,8.85578637694661,4.83231521321366,8.69711403444319,8.35767055786593,8.41677210240838,6.79177818310802,6.20289503648038,6.64459161709906
2017-04-09,9.36011783212593,8.5476666733778,6.30379909491103,6.18087039583716,7.83626571557562,6.40744725142983,4.43797606609963,6.76355276577184,7.97472782738844,7.33473437217888,7.47853907090517,9.91800078372906,7.30681927341613,10.8882227961155,8.36163524512437,8.52252103041775,7.37158797521584,8.77650951130798,7.51649865411932,8.02758443510421,8.78772284943012,5.96775256346565,7.91254507903572,8.18310289636589,8.9963439745334,8.22872279913685,4.67573576522374,8.19355248658558,7.51529216130461,7.65960184549847,6.95170456807281,5.6350889681757,7.0451235695422
2017-04-10,8.8510426805245,7.32919110019856,4.79127056844627,4.36620236655022,5.19155404993476,4.67310928280159,3.01486119656885,5.03264166971001,6.01133709972955,5.56018275505968,5.660531924785,7.51670143158286,5.24019291520283,8.42792990304098,7.26462453271413,7.075319209304,5.42195454868434,8.12981924930209,5.21977439331135,5.44163448087297,6.63961659469114,4.02322255587033,6.78210232582,5.76666541368518,8.09088524703095,6.27410308834021,3.23619257786657,7.18186199146099,4.53424243150826,4.88217281470988,5.31315150873214,3.50360147649558,5.09107394384255
2017-04-11,9.1168547572324,9.95846408640836,5.62284341874218,6.84891279505126,6.46239986163147,4.9605649219574,3.38520229186128,7.2358851386493,7.1449406564819,7.57968281908082,7.02893276058007,7.77679740079165,5.53529710913336,8.03672903534057,8.38550981261113,9.21489479617924,7.12829995883446,8.80431859032419,6.02995030747346,6.84697246791413,7.50359350383766,4.52804585044387,9.23495604831552,5.64153470747719,8.54338193807836,7.69437635687301,3.49896019665514,9.11019824690192,5.89104420988615,6.20117685807623,7.42438034912821,4.27075940721921,5.26030620974682
2017-04-12,9.08627869921544,8.60682130712653,4.99924204562067,5.06880535906847,6.53495560502127,4.74283517822634,3.10655112347955,5.83126222461049,6.81210635507167,6.60138479201841,6.25551955969481,8.18445610832578,5.69023707360613,8.69068070762492,7.82575026618798,8.30105849865026,6.74626724188049,8.53164546550081,6.13483635476698,6.86415741324214,7.60146881178835,4.51821054756392,8.00260602421934,5.86555436381515,7.04319398733302,7.32177787682472,3.25914769381464,7.61933815996212,6.1190610771301,6.38897717661246,6.10435861092768,4.21499378017514,5.3159832341597
2017-04-13,9.22648844440605,9.71361871940555,5.63472986967227,5.7850835451789,7.27996791934215,4.84582870026109,3.34504735572291,6.30604451696367,6.38812842422756,6.44730831541127,6.27254985434606,6.53462331418978,4.97193750952655,6.43985733366309,8.05989982778743,9.26531361638264,6.39061693058898,8.85954991619454,5.66959307597286,7.38026832760057,6.45402025947891,4.37828923530462,9.11106003448621,5.72043717832807,8.72573280397665,7.97821694643529,3.4022643362451,8.74216619914555,6.68099114272214,6.8541533351164,6.31557122834169,4.68694334640885,4.84583207933447
2017-04-14,9.25070573569839,8.48636576694709,5.41530913441422,6.53386704202328,7.093065964994,4.87182263560245,3.60924272978155,6.87929699908221,6.78323461180854,6.85209779923889,6.81986210250751,6.65722413790515,5.17616213097035,6.62048081653102,8.28424383108254,8.34626956692876,6.49765850896606,8.77771471201377,5.77974568998725,7.37337209970471,6.54823623614957,4.59467680129391,7.95247498640572,6.37381823531709,7.5849698572362,7.61293946163007,3.6674533608149,7.64790197343118,6.61558903322445,6.79603947392893,6.87417385480743,4.80014043564593,4.99486307964978
2017-04-15,9.22611122691411,8.3500711851919,5.73357415203522,5.27169105488977,7.21155456250457,5.48297868495948,3.97667943669947,5.86593675159896,6.32945758921506,6.07966855520485,6.11684970101129,7.67020552649118,5.90350950358732,8.16195119401868,7.8608544926516,8.27062511595921,6.22502503089386,8.66142202671334,6.20816320476166,7.2668273011219,7.02464469998141,5.05279668738068,7.84929011185239,6.12076312539328,8.24376548726363,7.67446218641495,4.11223739884841,7.76833824678355,6.69885129637447,6.85466740921777,5.89918000260525,5.07551031544209,5.76967718384688
2017-04-16,9.14497532243692,7.01201403756457,5.25510890648034,4.83827717925075,6.65764232356114,5.81825769286665,3.97144464347388,5.51003247309031,6.63616369264975,5.96829337620289,6.22806028788437,9.81183412110801,7.04312732615678,11.3366174965389,7.66356146880547,7.20726570140419,6.11374494341672,8.44577107484313,6.84016647935964,6.86364947927627,8.18148383524976,5.46970811288405,6.65695662711705,6.91092788332903,7.10291891289974,6.985206427403,4.26557015302246,6.54291597332113,6.28097180275703,6.47698362557085,5.67438771893133,4.85576986185322,6.75466186480629
2017-04-17,9.22206136929533,7.66511403365464,5.28456697613559,5.88512666317374,6.94396928586491,5.14670047005704,3.55652955609312,6.33093332578097,6.11013027680885,6.2860384532046,6.14492150628608,7.35504053498066,5.54563739604057,7.74945453404435,8.03847616823552,7.75456250447017,6.18021008335026,8.67424713313771,5.94207635763317,7.23815331297759,6.79932213458297,4.70633839427615,7.28126825109347,5.44817679419993,8.09798774027436,7.23190376322682,3.71499770506171,7.11685455268835,6.54029083081222,6.70930544164187,6.28044819369255,4.72877002787687,5.39935672951788
2017-04-18,9.37706865060442,9.89840550231525,5.97023236887263,6.45291542401344,7.99633972639766,5.27062009362271,4.01398578314261,6.86358418941724,6.64094726871815,6.79928897023136,6.65826272913799,7.11427071743312,5.64774600597374,7.10741713310976,8.37239025716047,9.54655329815261,6.73983236263343,9.04165611239513,6.29077662034312,8.01946829740938,6.90128489365795,5.07689599110385,9.297237415813,6.0797972545152,7.6446281017778,8.50300826993733,4.03225524049092,8.62803187191746,7.43749390793032,7.54307840782596,6.7712448579579,5.4505301078677,5.45243215782543
2017-04-19,9.24798956064092,7.69443291092935,5.36341003851173,6.11590381326585,7.02824309491305,5.3431396036766,3.94905984269809,6.66801496515382,6.91653848015966,7.05245375634509,6.6584714685482,8.14102905706623,6.12119329416006,8.48555723398253,8.24125242271318,7.78243925059279,7.09566650891388,8.71144921421772,6.56623868975856,7.47397965274682,7.69341345482286,5.19808686050994,7.32238032796541,5.850471477473,7.07133949575234,7.33475759334207,4.09502577478649,6.94806393750945,6.81750924269499,7.02175267111011,6.78166674688425,5.01192312896225,5.80491599572556
2017-04-20,8.59377945633003,3.9038445136865,2.70150719417053,3.81962234949002,3.32105516640914,2.49628277310016,1.28493215472038,4.20248179098874,4.64369864794809,3.96244058379398,4.85959268732319,2.82995298260402,1.98670519485584,2.76609945461184,6.64466034871777,4.34716429271754,3.06996130253954,7.73471261877862,2.26981529994149,3.95117691918812,2.91457220813582,1.6495496488808,3.92933392093027,5.7117790485612,7.25034587678223,3.83994565333984,1.44573735442687,4.09349653279312,2.69125678704998,3.07835096313329,4.30122633479381,1.71169002081146,2.12503608513646
2017-04-21,8.68960969140118,5.32335006614246,3.17883907571726,4.41268510380691,3.95922823647551,2.54790623138818,1.6325068324573,4.74664685404223,4.72169483626639,4.43206211305236,5.02071699459346,2.71876827332061,2.08407637893157,2.36013645578215,6.94264262991601,5.45635985355384,3.59561384311463,7.91918070324186,2.53698035155893,4.43395391289778,3.08257832845564,1.92119237818979,5.10404241063686,5.17441844249855,6.70410650119451,4.72862142594922,1.68583759075293,5.08262557109361,3.21721076345735,3.5799773477127,4.78593164576851,2.1777833386331,2.15815346205334
2017-04-22,9.07459967448501,7.06010273543722,4.57569265798297,7.95180047470363,5.53272833182365,3.99605268765029,2.91564707103584,7.7279288126775,6.5335158508219,6.87014436925948,7.3116300405623,4.71497975897044,3.77293020244534,4.51126638449878,8.40114315783225,7.01440615082978,5.34282991649196,8.65401979673602,4.25261796074714,6.1470851730394,4.86874678769468,3.4471883130214,6.74642350825572,6.75460275180082,7.80427503689282,6.19607691491974,2.98072334294146,6.67012839561685,4.9249228877502,5.19818125382341,7.59407795867775,3.65974363915859,3.77640234985577
2017-04-23,9.17719067149515,7.51309098358232,5.19801343991902,6.23556881129675,6.59591646910895,4.75298538096899,3.54375526392233,6.54141561407355,6.2192903815146,6.33594833012444,6.39765932196984,6.00446328152941,4.79981296270513,5.96185510161392,8.06406761144429,7.55652004199745,5.92727401916374,8.62327458827053,5.30237832756506,6.90504115934667,5.92608340598508,4.33093300351635,7.10481583004679,5.90364989554647,7.894414068096,7.03233194144427,3.621828405348,7.03658712845456,6.10450714486948,6.29959225330117,6.48749057787461,4.5461372267126,4.72646794262969
2017-04-24,8.6886703643631,5.34181235153828,3.37121425720184,3.40183104040663,4.14813822947787,3.00220554264475,1.78629442366764,3.94558783016929,4.159358025744,3.77801797759571,4.29554984037714,3.5046219177626,2.59887082908693,3.52968439652832,6.62689218918822,5.53034177196906,3.39746371605538,7.91042052427499,2.87690792879033,4.47863717494197,3.45308875497458,2.21852601691985,5.22892922415218,4.50822297390874,7.46482601758804,4.76697767884858,1.91399148301366,5.21926859929541,3.42136316257256,3.75203376308364,3.97480552958253,2.36826852257605,2.71585165149559
2017-04-25,8.85285257370601,5.79364242783828,3.94914176597029,4.29265442248803,4.94717342042345,3.44782175010423,2.50515042533974,4.81755016631074,4.93923008648934,4.78124990695941,4.99384793060945,3.78615244686183,3.0940326340502,3.42065268304687,7.12645569804668,6.00599594712766,4.51000566072662,8.11237789099135,3.60473670130007,5.33389876715023,4.11710116585787,2.9162041495538,5.60225036795209,4.78124477505361,7.18168303192353,5.46201058753401,2.56584927618825,5.54880740630681,4.38841358180632,4.68586089912065,4.86366557971057,3.17765594726698,3.12584783364601
2017-04-26,8.76857175607736,4.33163986801883,3.14175095992715,4.0323913566317,4.29429286225554,3.20626843759605,1.95949376187281,4.59283355036083,4.70392883025706,4.61355340359404,4.74036806081297,4.48102906951386,3.21541541796086,4.52813552578677,6.9863962175736,4.87173533449685,4.30787600398684,7.9644839485184,3.57706422336528,4.97995614199538,4.41701215384425,2.67693189248896,4.39587974665179,4.32857805634819,6.54894024685588,4.52154265236948,2.13591792327799,4.17383780639591,3.94349217156057,4.28068391483729,4.67278793316681,2.60393801769841,3.1613311542522
2017-04-27,8.83110475473004,3.92370465554918,2.88735268009756,3.82408912827775,4.6106093345765,3.24992359201724,2.21631313905096,4.46131637359009,6.32199025153779,4.8876229174114,5.92218482433483,5.17539217940962,3.76009196801458,5.41835997798324,6.98432460590827,4.67128642153693,4.47941623470084,8.00776918403358,4.04932854324003,5.30644978670723,4.88427299637458,3.10855472618576,4.11718688145357,8.03737145247653,4.50621023803306,4.54567979520803,2.38187939420529,3.28184571630022,4.39477954411758,4.69405580024511,4.74062921089515,2.96478032851724,3.54982070061479
2017-04-28,8.78751224057741,4.05557063902894,2.94503944126348,3.77033968870197,4.39782726407421,3.19633687469791,2.18174548479654,4.41632078831717,5.114858183742,4.645848840043,4.95381319398836,4.90708981479742,3.57253624653684,5.06212535318156,6.9375340065042,4.70758490488804,4.45420353911387,7.96665129991471,3.87403290824146,5.09112708528652,4.73607700631529,2.97418737978431,4.21096089074031,5.19599086923771,4.92606487245752,4.48319011029411,2.34039315251856,3.53822579777189,4.13812820099903,4.46465378921216,4.57371752476501,2.82253492025777,3.39668685329486
2017-04-29,8.95467065135818,4.63469072347837,3.23377937146339,4.54335575882793,5.24702841226997,3.62480738530327,2.77678710525133,5.13772801394234,6.0460819847216,5.42967679162251,5.8081311795058,6.18392746116025,4.57416390921185,6.53527921816206,7.35940471469966,5.29478880570644,5.22823661961629,8.1991571239917,4.85026470407724,5.91778976933214,5.77467901493675,3.81215944213445,4.73646251169877,6.40407408318123,3.31663835192779,5.19584270954085,2.90557386215607,3.55898298331546,5.08354306504937,5.35463287771601,5.30336187131567,3.59920496172576,4.20966893181662
2017-04-30,9.23775463644112,7.79062745956299,4.95285501253198,5.79666717947106,6.83039392335808,5.91034186311468,4.64224176843004,6.31291649583449,6.86433617995105,6.58843602952686,6.64155917692516,10.8215868079764,7.93903245198734,12.6030018955905,8.03834895609939,7.87046907273687,6.64184701689363,8.972342045665,7.55542693393229,7.19345452275859,8.96210442125063,6.2396747964004,7.94028858475724,6.69172394273509,3.65283958482762,6.92936143903501,4.89222469570956,5.98066466136994,6.63515582755393,6.81924018256379,6.41497968953758,5.40930437191502,7.38731166171418
2017-05-01,9.28976166046019,6.46708941927057,4.98197295176955,4.65004998889075,7.33605457961924,5.88832558797549,3.60518978005474,5.4175347752795,5.96996952202071,5.72666576851136,5.62732001468533,9.76480689476675,6.9448447782652,11.0915717414103,7.75126924411487,7.0795544877035,6.24047887949414,8.72686042826022,7.03610261777633,7.73278630080681,8.18451575316301,5.433042500678,6.5378785604947,5.56095331938183,7.98912208265344,6.83052854984544,3.97077801247931,5.8765299390489,7.29927843989053,7.39684261482536,5.40084111257338,5.04811420238128,6.69279099803044
2017-05-02,8.83330671882499,4.96746707276489,3.01930877407551,3.87512047011047,4.74672538750588,2.88606066168364,2.43586555343068,4.50618693351707,4.39951159474957,4.52962741362281,4.42515016815243,4.09981494500965,3.27716324986831,3.85102534347018,6.99922515269023,5.41873268753099,4.53110743430531,8.09979006498654,3.73398807466704,5.28082968735903,4.32147330410506,3.01010767505649,5.04954034921147,3.57231308889664,3.35480373211898,4.95978161288497,2.45511850698442,3.82074446560362,4.38161651170857,4.68407322916979,4.53375260069522,3.13156440860209,3.04150514834774
2017-05-03,8.70018849652706,4.66287471347839,2.61363702169161,3.22324184463103,4.14764713729209,2.46074108027484,1.92313489241432,3.8773012663799,4.51693871489477,3.98460666160497,4.43815196068332,3.83377386479693,2.875797640133,3.82407937437611,6.63290936740065,5.05666187185632,3.77748308961578,7.85809170280372,3.17742813226381,4.60079968458239,3.83714584832874,2.48005756701368,4.65096176021359,4.81465903571568,3.1571391830179,4.57696275136954,1.96121799705562,3.60638010187724,3.60830625613616,3.9470050640809,3.99998731135862,2.52521854770836,2.66987943214267
2017-05-04,8.68312125649118,4.84114981045504,2.39770628638296,4.0134814981647,3.87936925445801,2.39901451096759,1.60597793544327,4.53832574490923,4.97056059991587,4.6220737043862,4.97103304018937,4.5737921566698,3.08929219055381,4.79995186946943,6.90002928837982,5.13452120220714,4.08462586528232,7.94490514289501,3.34898923225751,4.55010247265516,4.3700671063883,2.40119036666719,4.85260023645608,5.02677998069255,3.1707061761083,4.40233681749999,1.70152467833559,3.68760404225172,3.39997840953393,3.78286592835931,4.69901730722589,2.20043435107682,2.79703450347025
2017-05-05,8.7846834969516,5.10564199976115,2.7443591980947,3.90969475388283,4.4999568669492,2.56525688456655,2.09560597359524,4.51259127828831,4.87242933204924,4.62505502658644,4.82013996344571,4.07108932790534,3.08667836058174,3.88571940155175,6.96889856347548,5.45912614504729,4.39589572364081,8.05888841290559,3.53477283952102,5.06202184997786,4.24103307795732,2.73188558826684,5.13223027132356,4.67806641503568,2.87619163761296,4.85161178970441,2.11123993826411,3.79372588505757,4.07736325379841,4.40580813480505,4.62229762641911,2.80144247614037,2.80500669210354
2017-05-06,8.80939702414828,4.79270420329617,2.60223364116054,6.26142944506233,4.07905987901467,2.21875850259832,1.93725777844099,6.38457730127421,5.44052638494631,5.99819289875287,5.92226204933094,3.25003095129943,2.52327643403084,2.59169081911079,7.72031058561423,5.13203377858392,4.91657384566034,8.17351137916932,3.18451318868145,5.05016591226152,3.96054597489126,2.39957177184369,4.78246741496346,4.52716420105055,3.00084448392566,4.56766531943683,1.913083556919,3.67149302749926,3.7341773266605,4.12562387779641,6.40974835541163,2.49634064283421,2.2364596694233
2017-05-07,8.8126624471062,4.83059347833561,3.50742048086125,4.37221526770733,4.52140415274077,3.5834729953983,2.57586525406024,4.92668758706122,5.33852855083984,5.10518308286306,5.26120254207268,5.16149404719982,3.85342373356652,5.30991349549762,7.15899077263316,5.24934648502671,4.809645547064,8.05321801279493,4.11721816539675,5.15880867530013,5.03597215578951,3.26112710097578,4.84390765324817,5.08754501514539,5.81439993234942,4.88144643513496,2.72340323714386,4.48015437021853,4.17668478079414,4.51911374092015,5.08385745308866,3.06661499149352,3.71429452018701
2017-05-08,8.75029404392903,4.91601327590757,4.29150482538306,3.5052513007391,4.36113924954114,4.21497124683889,2.92247473106938,4.13560315103854,5.52380610661029,4.43238785456438,5.26932659674356,4.46559983873336,3.61929816682574,4.5969695841001,6.7626775665654,5.26115233658393,4.160646792832,7.95121462293295,3.74128419003469,4.7362730676308,4.3742499647284,3.22149004195543,4.93561135699688,6.70652975589634,9.31629298454118,4.84938247088637,3.12286800330539,5.54795635474376,3.83396828194194,4.16747687389459,4.37464679392573,3.14663968697907,3.82714247178971
2017-05-09,8.52383835802547,3.54177670565523,2.10899726341649,2.38080194884864,3.17845906967533,1.86608780683843,1.48991048293816,3.0043619403072,3.63427581588117,2.88649466821472,3.71449436619721,2.12947537540535,1.75498067665915,1.96319061436696,6.10273835702075,4.05896732193809,2.5289914653019,7.56523183619897,1.96163674110706,3.58389376471684,2.32905631054416,1.64051788226115,3.65054618194703,4.54177267710313,3.51441028192328,3.66125132732625,1.51796899470879,2.90284505283068,2.48346718760163,2.85915981287737,3.09154198739833,1.81793660109944,1.74291040403523
2017-05-10,8.47135697969716,2.95815945239427,1.69596070680388,1.85252505162055,2.90651458195517,1.52438647336653,1.13581825273266,2.56673643594356,3.41426177059262,2.5454398810473,3.40569185623387,1.68658715370896,1.36183133590759,1.41634741469121,5.8971911709155,3.6112522223512,2.27943822522492,7.4734008546438,1.63554138478829,3.38589523706325,1.98462888141983,1.29889316085424,3.18277040126814,4.39021455711787,3.2710831834364,3.24802312971157,1.17296195042226,2.31483261226876,2.27923437889676,2.66487844010006,2.68209944876349,1.50538375676081,1.35167024688257
2017-05-11,8.52610538637099,3.36428155536619,3.1940681470132,1.95458553399369,3.24725327326347,3.39784681737503,1.8274563435061,2.65018085631485,5.25950437313567,2.95423121915153,4.88542389530894,3.73310189496426,2.73840164331313,4.3229775493457,5.95593932797292,3.95090787455155,2.40828813292774,7.53816308500056,2.57859784665963,3.57169110425558,3.1677846828375,2.14998685327566,3.53051126995782,8.63446294537584,9.03283519555706,3.64972271601065,2.11119635487963,4.22441635878077,2.55674439459227,2.9158012392535,2.97401284790076,2.00241154360924,3.05571826012089
2017-05-12,8.57580431860574,3.5527242631686,3.01750893676273,2.85161450228066,3.35497787208059,2.8497232103641,1.64113168731659,3.46347143916496,5.47991388884201,3.74174264210459,5.20096572792505,2.53616907330024,1.99677801649943,2.29950556993977,6.35021480170425,4.11506119622333,3.08204200859353,7.66269728398939,2.30475506490875,3.91053664020042,2.80683086348522,1.83357625436641,3.70071250213297,7.87964303857072,8.40694775718394,3.73521994134999,1.81740860550029,4.14190201238138,2.80742126650214,3.18638800632233,3.77025907716619,1.94852936982578,2.24506565537062
2017-05-13,8.73803365678139,4.57841045020828,3.59520079146038,3.66819485605537,4.22430884128573,3.34157336569432,2.36462742950604,4.2545522408625,5.8905371741147,4.55996891399805,5.6154600945314,3.37735748423573,2.79766881836094,3.05818847089939,6.80779969727038,5.01172196678237,4.06192791060188,7.92898822853207,3.19435440165893,4.73391946628389,3.71332088214217,2.64435821617739,4.62211892469809,7.54214212359913,7.59295009357115,4.60860804032044,2.4814998770084,4.7409344362118,3.7495097494578,4.08821152232161,4.52363071782635,2.78290039728953,2.91162479613591
2017-05-14,8.63941243047436,3.86359060281991,3.05235941609024,3.0768116334504,3.70798538841478,2.85859744026988,1.92183849402893,3.63483268806618,4.06470627688407,3.47962408173326,4.17950294536008,2.72165217186687,2.26029276352352,2.5495127104507,6.44820542406553,4.40386266733014,3.10588354002426,7.74689671937554,2.52000030429625,4.15695413415603,2.90180772554922,2.11575300718851,3.97065273761969,4.76426893049674,6.99865287181332,4.06816095932812,2.04408837507325,4.03126626260425,3.11003020051163,3.45301371617985,3.69020939915742,2.29447470227527,2.43071112868134
2017-05-15,8.53683582144191,3.36776345065828,2.51914931189043,2.15439944131435,3.26609922370889,2.47358452504498,1.41127491879923,2.90444580191031,3.96958074622311,3.06747570003206,3.82221270197224,2.75716252555112,2.03036897234997,2.68575460305112,6.10746414265708,3.97535809329922,2.86680412140434,7.5804310025632,2.28345329774663,3.78322532212837,2.84992537943544,1.74385594443341,3.55013495914326,4.81857582011622,6.55075799140709,3.59210040231406,1.56991541338893,3.47255220829543,2.7246994491322,3.10278167368197,3.07705307735915,1.79845294137399,2.14754662207161
2017-05-16,8.44680664770381,2.69869261909229,1.77179526204524,1.8873018689494,2.72109665227172,1.64767818033011,1.09935796507521,2.54048879000841,3.38894648327376,2.41525031573154,3.45426740097477,1.57694377507886,1.28014443826202,1.39661561527297,5.85006948991312,3.38822668362959,2.01087026593019,7.43395833749209,1.47371904639872,3.20133063321313,1.79065947124834,1.20210355428271,2.95209535050488,4.69619010748529,4.25151894503917,3.06335538404176,1.17496445414596,2.39019899576482,2.05632781228403,2.44589228369452,2.64175629922573,1.3892685110798,1.36667578244475
2017-05-17,8.53122398445156,3.270783466529,2.77117766505471,2.42875718634194,3.15469508104071,2.58405940940697,1.50719364016497,3.05404051755836,3.64042027997464,2.94006595610187,3.72109516764849,2.03253314772899,1.68094930680364,1.79166990919407,6.13265902458368,3.87739963813317,2.58796764058952,7.5816413489204,1.94069494741464,3.63998164603118,2.30147817788186,1.59834825233773,3.46013044871603,4.45581217961599,7.87390888735266,3.51722064383592,1.66315012790913,3.78346402069024,2.53658433296898,2.91110228523139,3.13767199193101,1.7864339389957,1.95719872569537
2017-05-18,9.13422465243688,6.39031407628164,5.18120759319346,6.09971101348766,6.16690788968338,5.14781422080357,3.81545055476775,6.44293521262532,7.75328819541108,6.67579722363347,7.53506189784851,6.4627719792093,5.15733187359094,6.61040927730737,7.99636927119699,6.68791073135652,6.03073733952194,8.54639102375078,5.49687955274675,6.6626247811956,6.25275171293814,4.58147684281898,6.23507578750806,9.22086844022437,8.59121496570466,6.40176453450843,3.9827303440706,6.40233735284709,5.86665262130103,6.09435001957037,6.65068292774814,4.53853868157757,5.12543974931493
2017-05-19,8.6372627134178,4.08490272021911,3.26598505144971,3.11845305499058,3.72269882842875,3.19915959484055,1.96506258341272,3.75458474326631,4.97997701005901,3.97218090441803,4.80231014735748,3.63526726394239,2.7344698226621,3.65960390582543,6.52894325551622,4.55653200212352,3.57613047778087,7.75671803159522,2.95825798763824,4.2465575649966,3.6442890963314,2.34579196831313,4.1509463634996,6.06269795514152,7.8418237123139,4.15924351113567,2.15022020851931,4.438138320347,3.20049259387497,3.56963453463323,3.97732304478521,2.30691829422932,2.86920608698757
2017-05-20,8.76310376178865,4.55300760234142,2.70372800085186,3.89461665403008,4.35292840688439,2.56300415532446,2.03002291942389,4.40968859638829,4.40122846306623,4.25267065733898,4.55144532296059,3.90833544391187,2.98034704274427,3.88078997320607,6.87883900350907,5.01918594393377,3.91587002800293,7.9204698548702,3.30353159489318,4.8533892982092,3.91008583416384,2.60568685024175,4.51207259456217,4.33347351174399,3.1480378756944,4.70499045444445,2.06406637156456,3.53709391515675,3.83584888425356,4.154322681928,4.42632021296704,2.69266013574081,2.77333102015209
2017-05-21,8.73069909939936,4.22019114826873,2.6593923873124,3.34412436191305,4.23362650084551,2.75028954575137,2.11236671654064,3.96027273954369,3.8452744710954,3.8397381472112,3.96823278538929,4.46077539680547,3.31911953042455,4.74322466613102,6.67512734824818,4.76201636336078,3.75374006188944,7.84272846930108,3.4692979079773,4.6968617404102,4.16077628551053,2.76499504418962,4.2469538410412,3.40331940428324,3.08386050469901,4.52936039813083,2.19441076681894,3.28386587932593,3.7340451670584,4.05424235530741,3.95922872022814,2.69753138393225,3.10474242919845
2017-05-22,8.50397496269493,2.86392495340099,1.55146127784632,2.19968653962732,3.01049881687566,1.47150299832237,1.11029231873272,2.85119578530106,3.29951719895496,2.69902010652186,3.41082115906138,2.0423930993239,1.55468123231545,1.88497647496089,6.03300307465688,3.56761215499057,2.38656205685528,7.50313383926472,1.80629564987524,3.53828569554959,2.21356290966244,1.39391019713285,3.07570411956524,3.94442329422213,2.44998817417864,3.29383945688111,1.14633349171757,2.02256154643454,2.41379630634059,2.79047103313528,2.90746046128679,1.55393960022032,1.46676381733282
2017-05-23,8.43502821286083,2.57640198499833,1.49606142389221,1.29643586439783,2.77738511598861,1.50525221906969,1.07832492267225,2.12399968377032,3.04724614854078,2.20407297884898,2.95548649738274,2.07756153677536,1.55022322051469,2.02307938756728,5.70093359722019,3.31575300513571,2.15378687534546,7.36951993217532,1.72109282891622,3.24514848780438,2.1640884867271,1.34016976178923,2.83600970499588,3.79881969351875,2.73266203270782,3.06462101317374,1.14277220420759,1.89606806879535,2.17939631334742,2.57064266018726,2.25271412816674,1.42647212812871,1.49359727509917
2017-05-24,8.43529294130004,2.53100582761027,1.47570341738679,1.49682500964488,2.7253257746716,1.36234571768993,1.07017935214282,2.21901671593917,3.27806409274693,2.15782185130168,3.26934991230945,1.44136924975939,1.21645427570093,1.24708597084906,5.71246289659064,3.27202310122415,1.86840158454784,7.37994153210735,1.40620621678966,3.15645398291752,1.66063044483085,1.17389302691347,2.79654696173347,4.75245192808071,2.72463758491833,3.02123752012325,1.10208804111717,1.8657595699782,2.05612091361459,2.43739565780489,2.33223732151939,1.39707854733446,1.22013987015607
2017-05-25,8.55202994719417,3.43626158743531,3.15730918417283,2.52685855963024,3.26838501175375,3.53980521321033,2.06895018590912,3.13487920752424,4.63052757283648,3.20717879949354,4.52072344282303,4.64551004945972,3.33447001359676,5.53536191054832,6.16817368957333,3.99443996236273,2.72245547538711,7.59374024844253,3.02352714952976,3.65485116063706,3.80700917798761,2.52334259333076,3.58770512761669,6.63378091212737,7.80727963420767,3.72730651014004,2.35938318312087,4.02700667340897,2.60762455892357,2.97900148355343,3.34293884575479,2.1630256707384,3.52047541542922
2017-05-26,8.53986193450667,3.52290678816541,2.74670068673538,1.98499414141141,3.34636391348966,2.64300875664303,1.63799530636257,2.70728756206073,3.54696142109461,2.6930685907722,3.51869548928954,2.62899599026014,2.07919542279686,2.65090623957708,6.00239449666463,4.0901772502215,2.53715727123785,7.56796898407861,2.21723991818836,3.69960668124644,2.61993246083403,1.84127567191544,3.66824918872218,4.49339106908912,6.80728459109872,3.73060356975233,1.78555390580217,3.71391382585146,2.68248872335508,3.0388181604661,2.8037221607907,1.95995424122118,2.27021000891361
2017-05-27,8.67778473487878,4.22445228993106,2.73312400396067,3.13720806826764,3.96419229159064,2.69186685115132,2.14311809177953,3.78023750493374,4.44015758530316,3.86512451983823,4.38078311480023,3.85781979146371,2.98551413568498,3.93418323614899,6.56409849958648,4.70338831988468,3.65754387150797,7.80010718136293,3.17355484552169,4.42211648341522,3.80195405685305,2.59608786046926,4.2793859464881,4.84100199598369,3.68025734602231,4.36482787810856,2.20947795062468,3.47674332355666,3.43689714705225,3.78378928903248,3.90795923346269,2.57381292672003,2.84449536288784
2017-05-28,8.79884217549742,4.24136160501366,2.86325847659082,4.11231002938325,4.43160588809514,2.98751174825551,2.40850961605425,4.58877478416212,4.26510567094327,4.33472608726218,4.50427250696835,4.62581971952835,3.55235009815946,4.87165321184903,6.96620601732752,4.81982100446077,4.04929776639241,7.96380407566464,3.70885105326064,4.96279938273887,4.36277000381523,3.03710848549707,4.29768829859205,3.91060383106646,3.14761092983568,4.65975485895132,2.48616108878212,3.33157390660402,3.98458496035088,4.29183151042758,4.55798373880766,2.97371827449918,3.33551473688994
2017-05-29,8.63286824001521,3.97398566217999,2.33900348478975,2.71782908311728,3.7537357647963,2.24294001864255,1.88378251834999,3.43214905808125,3.94902511121276,3.53045859628427,3.88761402618952,3.21463909981484,2.52846273572838,3.08155123393566,6.39743842053707,4.49727165228579,3.45934824940002,7.74798258676378,2.81453285867256,4.24225964684308,3.36969681429348,2.27646685769647,4.10774372947296,3.99117981406285,2.82133407544278,4.09904553394928,1.91292302826435,3.00102894611757,3.25106929015701,3.60821351667481,3.54350498410663,2.34060256855437,2.35790662253021
2017-05-30,8.6130277881003,4.02727121140243,2.46491056492298,2.53546843858324,3.6982552318776,2.34172433782788,2.03076679175715,3.21605435233802,3.72099520895755,3.18632055399002,3.73771489189613,3.14600867211767,2.56502339891983,3.16465145279901,6.26828550654521,4.50833128460786,3.0804858645379,7.69968450504777,2.70435352782563,4.04563933518559,3.15204590556587,2.31293294371252,4.11981268586232,4.12123268756377,2.91232289022821,4.13572630155092,2.05597247965383,3.1370679359895,3.06743630719152,3.41542469198448,3.29085758976245,2.39017666184538,2.4531071761611
2017-05-31,8.63266572463287,3.98413061124173,2.2240263683033,2.7108095718383,3.77453541269369,2.30230876556391,1.58585303688038,3.42693062723777,4.07344973534214,3.54294133424505,3.98518657379203,3.95295976560842,2.78698726986216,4.15761997048513,6.40184738393771,4.51600590155892,3.40746928622042,7.74068748751286,2.99127334335395,4.29185295162272,3.7430510504312,2.24283743888023,4.08919821458148,4.30913951160759,3.12963387093069,4.09082719966925,1.68104626836384,3.02938495763522,3.27474509844092,3.62807055823123,3.54717001871526,2.17101175285919,2.586861995741
2017-06-01,3.64606561893295,2.92227179755679,2.18746676786703,3.05642226321765,2.67976727212102,2.16715820781658,1.70592152243953,3.17899030939095,3.86131244151324,3.48270686406619,3.6471108161861,3.24459649656167,2.478235944091,3.26510883004952,3.47826807618356,2.95741804185666,3.17540288551477,3.45079838865966,2.69588887116463,2.98606483759529,3.22201795039706,2.15301837240343,2.7640653664716,4.16697482543754,2.77576965279714,2.85002696294502,1.75589885656379,2.72086413241256,2.66448108749598,2.77028153004918,3.35105036704556,2.01858568864764,2.32680605896897
2017-06-02,3.58340037682396,2.60304549788068,1.84149243122263,2.41510509415442,2.42098122660992,1.78348503918198,1.2630960155815,2.60814084501011,3.30856135964464,2.88082231719081,3.09692370697591,2.54647304663686,1.90912180569073,2.4653946462474,3.19846387280245,2.6964073664332,2.65847564224228,3.35838668976048,2.18154342984296,2.70844518808773,2.6049846762965,1.67048105265676,2.51382814558788,3.6824177921445,2.93861039603584,2.52220879007281,1.31570459738066,2.42928296549563,2.37387783797009,2.48013616678017,2.75362865457864,1.64368385025073,1.81636337612535
2017-06-03,3.74386321745378,3.75294537848486,2.80387068301912,3.31224219223067,3.27517404430937,2.63233272058276,2.42124168300011,3.52888725481115,4.11475054450058,4.05118307638215,3.76024591268479,3.6271664207849,3.00587483217683,3.39831926070738,3.72372192632642,3.65507345300432,4.07358172715711,3.6161301129787,3.34900304513705,3.52956411506422,3.87175621269848,2.80950250681179,3.52517063146907,3.57335579574481,2.64901288303382,3.50436553200257,2.41366047674903,3.3840077268758,3.34234363316574,3.43492766780762,3.73232534753038,2.70981079584603,2.7865672810666
2017-06-04,3.8040254861674,3.85638476463298,2.89936031737705,4.00329193555649,3.49451938346769,2.79864401383437,2.45839457960685,4.0643546618888,4.70484529401831,4.43905711486311,4.44652632998336,4.11949790141263,3.29981901348315,4.08917783014601,3.96612270201287,3.77005527924128,4.14566917161271,3.69354734637622,3.5793871261907,3.76592609804919,4.13864321783785,2.96854567128079,3.56851212630204,4.79490305650595,2.68531610995342,3.69865157414272,2.4715559708782,3.47664610766348,3.54052823132034,3.61155063405087,4.24776078033085,2.83362302401758,3.06421475870347
2017-06-05,3.5285088558885,2.60752001361477,1.76284511276243,1.91644216518967,2.22535147068152,1.80635686540157,1.23080148468298,2.24629634892557,3.60710182215026,2.84399618599081,3.13608057897211,3.04432487181366,2.1372785262655,3.14487754657819,3.03631455660336,2.65047815284608,2.74354093222195,3.27330764141575,2.32692638786903,2.51222462594658,2.95406877284941,1.72823373171281,2.5067539272793,4.19951182938673,2.68287541949729,2.42322616541234,1.30869973465715,2.40271607727032,2.19522899139234,2.33175296285317,2.52500153869761,1.5256195950571,1.98614970122576
2017-06-06,3.57038266051057,3.0158481681568,2.16595880014281,1.56026822508615,2.60198552871853,2.07263971765401,1.58217010764569,2.01438475340908,3.65036833032099,2.78496607661404,3.01783988983082,2.95940052913101,2.26097235014319,2.88681851647388,2.98702647801579,3.01132058910701,2.96672952950716,3.30799528186648,2.52642853910441,2.75864961811528,3.03082689575088,1.99062021783922,2.86439011352735,4.19503402314201,3.11680468476604,2.80230698659621,1.62907805139162,2.85203889061732,2.56906123093678,2.68116370869218,2.31951181418681,1.90111240604909,2.1410221093624
2017-06-07,3.45304052412241,1.87342732105389,1.51781485364687,1.04025053583943,1.89030695784768,1.62639155933291,1.09726428474682,1.44132983438869,3.40606313882108,2.06497137857357,2.84696315084398,2.42234630071829,1.76301866976759,2.57272371524057,2.63119216656057,2.06735544632935,1.99243168790927,3.0973477581671,1.84588027448,2.07805812006612,2.27679411081981,1.44400176806259,1.86545383031889,4.99876774858276,2.70731427272007,1.99646423264565,1.18375670101497,1.86124123029649,1.79399982426008,1.92374635632157,1.74832793800607,1.3076239402436,1.70830589174242
2017-06-08,3.52358418288757,2.59962449214794,1.77743419832435,1.84632766586069,2.20159876763522,1.63811151528992,1.24523162610373,2.17804284144116,4.25120323914279,2.90799412644841,3.63443214843825,2.20783106526222,1.69815078171802,1.965419481825,3.00159057259132,2.64380832357607,2.67327742431945,3.27886564011043,2.02048488952025,2.47636272043322,2.46285746032745,1.55278257328059,2.5270121537749,5.80185662133591,2.82269741176196,2.38733025137679,1.27657328150126,2.4211877374502,2.16519813022186,2.29995719200678,2.54418913064067,1.52388361450882,1.60122388096248
2017-06-09,3.50064573958806,2.52060560708655,1.73279507548591,1.45594353652613,2.15970838829058,1.637622266064,1.19547089782417,1.84501650438626,3.45934485652768,2.48184730864869,2.92789425423807,2.32005332603746,1.74024560332985,2.21153262409585,2.84788194057574,2.57608452012353,2.46018000189891,3.21381414327732,1.99029394808326,2.36623039393738,2.43451395066686,1.52842306240086,2.43193343982927,4.37352250635929,2.77325806110704,2.35465299897507,1.23928950430579,2.36014210312583,2.08231124875634,2.21289201348799,2.13506112322841,1.4743047847857,1.65088873965164
2017-06-10,3.60050824940914,3.07482436924059,2.0121132784863,1.88044185635656,2.72132630383913,1.83859752098331,1.42523997260862,2.29727225644654,3.81287835942145,3.04279535762424,3.20907423230652,2.75182036211802,2.08423357106489,2.49707832018052,3.13178182682445,3.08356739519507,3.14949985515713,3.35307190835956,2.49090493328212,2.94764246594241,2.98821402377134,1.882015822828,2.89770561118691,4.23316180386943,2.57552879541141,2.87792017921826,1.44114390782258,2.71156714612361,2.73103406761124,2.83850921282716,2.59046970092601,1.87221882865634,1.90947667328238
2017-06-11,3.69159668345843,3.27721269323148,2.43521900884321,2.10344314027975,3.21036194472963,2.40369046305298,1.91724752637646,2.53803888609633,4.45315301999739,3.41211034038005,3.71597763321002,3.64110725532224,2.80545931865637,3.57038338212033,3.30129911259939,3.32631199265331,3.58045001371361,3.45387247283282,3.14233066265407,3.39439187960793,3.67539572696291,2.48358542709321,3.08548564367453,5.26067321667782,2.77613125281557,3.26726875839722,1.9561167435362,2.9469234946234,3.28517200328168,3.35889416984347,2.87169686485184,2.39995663163848,2.60131257339892
2017-06-12,3.53804243054881,2.60264456446722,1.81373871426191,1.38701627731289,2.39181592676687,1.85978504942318,1.28256407946594,1.84571893809079,3.29709896587097,2.54567703554171,2.72421040837962,2.98110507542836,2.14296750796664,3.02138238035291,2.89306852515655,2.69150901088498,2.72906957101163,3.26093976875984,2.37522017082487,2.61337816569633,2.93019552418769,1.78365933058281,2.53176098674539,3.68876706701602,2.77433994083491,2.49462438257411,1.35647602855367,2.38419118637278,2.38936863535524,2.50661573072828,2.11784400392397,1.64397143973264,2.00340185317566
2017-06-13,3.46524422357924,2.44689256850352,1.65111320519309,1.09805613343683,2.02640920597875,1.50980902195406,1.12378301741017,1.41754780511503,2.40056877992965,1.65044821806642,2.16320849498043,1.79732428077885,1.45439574160134,1.83160573607443,2.60067389932008,2.49635055228076,1.63217924991689,3.15956508760388,1.5497566164501,2.04815454193271,1.74348579113794,1.30497574228649,2.37323904469471,3.31577819016586,2.73453600752424,2.24487128868876,1.15671422388995,2.2949387438728,1.76262612165096,1.86727362161803,1.54055682150569,1.36843341108746,1.46747352910261
2017-06-14,3.41131956426152,2.55597217658863,1.67481658893509,1.26231318814073,1.73101255543506,1.3394024948873,1.08742080582491,1.43172607023057,2.27622817958634,1.40602025854622,2.23765157809626,1.20546301653542,1.10729648380217,1.27087911665336,2.5248837174725,2.48116964301568,1.08109243820378,3.07559258041841,1.08633966887123,1.63037876451576,1.14229198402845,1.04719328061439,2.3650558627767,3.75138377401227,2.79288824304015,2.19938706610066,1.08869163406609,2.51316085119634,1.2524780040269,1.36992571916226,1.51206491430257,1.17780666146002,1.20364123518367
2017-06-15,3.46490547402194,2.65214355033084,1.74973696832475,1.12738349718655,2.08343415271903,1.51250042446976,1.13773649999247,1.37751195424367,2.86472215697114,1.56401921995787,2.6109260255503,1.72848297659273,1.43074118308439,1.88036450269551,2.55954731251586,2.63374281483253,1.31562291786831,3.12323070921579,1.43839361953573,1.9693919908828,1.5422300696292,1.26908583670645,2.45835984523368,4.90124489797698,2.74024709352224,2.41876030449416,1.15686181167559,2.51665916090613,1.67427701786793,1.76385070821636,1.52698635988295,1.38561845142962,1.4807820223864
2017-06-16,3.61948038313834,3.9346166073862,2.72189630123436,1.99190815719145,2.88205670401643,2.6085482856568,2.03789909534098,2.20309416576329,5.00080715917997,2.77416357835784,4.39037465801121,3.39237564679204,2.73086013784134,3.82830205200134,3.02246714714864,3.70824292934802,2.33229882583764,3.47438588249085,2.6370471359779,2.7269755433815,2.92243332492984,2.33595839926906,3.73111367382283,8.45176095591068,3.80103659802505,3.24949318235341,2.09937470286948,3.7650446892556,2.549107817862,2.60708699807124,2.54953492679082,2.27020390670915,2.74182591864234
2017-06-17,4.34434851435474,6.77684720855837,5.27899120449132,6.58095257247351,6.32561089216214,5.96372515490498,4.77432267008191,6.44735247655944,7.38303462326999,6.91818006485139,6.98204292033989,10.400752418612,7.80176942460879,11.9884936482782,5.33958521115648,6.42030027608377,6.64606910020251,4.58220879637973,7.5257218271106,6.37727351372193,8.67959517676334,6.28604353138091,6.28430313384569,7.9658368580339,3.86751231653027,6.32933495090139,4.96768937985756,6.01283899850933,6.54500722346239,6.43955994808113,6.60948119894967,5.51448973557005,7.30327427289311
2017-06-18,3.69316995900975,3.5323660394386,2.53846781177131,2.41179930921851,3.16590008479822,2.55570968416443,1.94988505608395,2.56121445690293,3.5315736369295,2.68287294939835,3.34789432705059,3.62781603912965,2.85244893879441,4.07258614583163,3.22032269765714,3.49809280721166,2.49837813656678,3.51907099063114,2.82901962453948,3.10752900023266,3.1011791317671,2.41600025717004,3.35019541978507,4.88510633195801,3.16328478443656,3.29128276327451,2.01619715185435,3.23310353176061,2.93847632019206,2.96384291535326,2.63623964105986,2.38576496104864,2.79778753011896
2017-06-19,3.47562854972809,1.86845469812583,1.49540664827048,1.00710908154217,2.02607659561929,1.90078606787098,1.11161461507109,1.26448395913104,2.41154612515272,1.33616969971593,2.24660029114785,3.35472132237264,2.32034381049202,4.27797136433683,2.5147485895003,2.09705237960537,1.19147374994708,3.11525218875639,1.99859385908992,2.00820570393968,2.37349379284062,1.63444157065338,1.86398130051856,4.13357599633596,2.4392921878905,2.06852999649318,1.26531694121871,1.76539169189911,1.74099690558766,1.81425892221168,1.34266350526501,1.38916168435963,2.29895714411077
2017-06-20,3.47140955228069,1.90901452167821,1.54906545385233,1.0073647070869,2.0090923815929,1.63758694273296,1.13814374553035,1.25891640108083,2.52888481453401,1.34841156401966,2.34415421265687,2.11388555821716,1.66496877077401,2.49620166595371,2.5071366855468,2.11883511239316,1.16830138924313,3.11083647358723,1.56097956522142,1.97665186018227,1.68169409675004,1.37693748943775,1.89348381902729,4.43361559936911,2.61500746365943,2.08026239016609,1.2143304117358,1.85610098228626,1.70660679395464,1.78167464736217,1.35379824979583,1.39150384313461,1.71329020246117
2017-06-21,3.43128476444322,1.93232748429499,1.48109660576324,1.00662283446416,1.77602434989806,1.41331626261742,1.07925876807268,1.23889804878863,2.19904111699632,1.26142590585239,2.09888128179461,1.44800904188275,1.26457547349256,1.59837272385406,2.46627370627386,2.08228723067281,1.07148212452185,3.0873875608872,1.22803650676169,1.75820859243625,1.27546244225603,1.14888035848179,1.92640153284434,3.71786958763555,2.59850915826182,1.9428743971108,1.11978108842476,1.88929824734785,1.44082188209982,1.5382926352072,1.31276147137204,1.23815044654401,1.34421266367328
2017-06-22,3.40709063083246,1.92128110408149,1.56155654932149,1.08650160318742,1.61447857709947,1.51535118024047,1.0680384938192,1.28453354980513,3.33049384199429,1.51362331554412,3.02189690205696,1.50830997976075,1.27439175321807,1.73086113771545,2.46242652496765,2.036794202142,1.01420918060592,3.0745153891618,1.18305016634829,1.61462709165182,1.28203760982631,1.11366859669148,1.92146883848258,6.31642553146696,3.26144858777353,1.84510260274949,1.13597551280741,2.07393317857803,1.25823644233655,1.37110184206137,1.51456220625253,1.14256105159247,1.39923883759503
2017-06-23,3.43633654000631,2.32412890331307,1.76191200442238,1.03683211102546,1.8512770297266,1.57533867987299,1.27170996785519,1.2667029218224,2.61180087521333,1.3771186952299,2.42568569115357,1.37247867299868,1.30094942467264,1.47025091276771,2.4787460456507,2.36324248726808,1.12934434740832,3.11759603019048,1.2590209628662,1.75983701924442,1.26452039580612,1.24488698594469,2.26588334737435,4.60447003797059,3.10116901031211,2.133815518064,1.29862466965771,2.36146606207012,1.45857677816798,1.55682847300723,1.39587262601907,1.36590452146743,1.42228769667604
2017-06-24,3.42124494022839,1.98271731050495,1.59929250390402,1.06681327235899,1.71770746009383,1.51178774211867,1.08371994004679,1.28752627850995,2.57641146078346,1.3872960829406,2.40741247271527,1.47079177241856,1.26437107282329,1.62990872373024,2.47953252215936,2.09986183183913,1.09527781336326,3.07744063044904,1.21860438195026,1.70649500473685,1.30033761902876,1.13465414616183,1.95368636229863,4.49792466383478,3.23050195540007,1.93977606704179,1.14071275904221,2.11430309533275,1.36951006841838,1.47639248239641,1.41674271038009,1.19981845309618,1.38115746121528
2017-06-25,3.57779066784842,2.92348255626329,2.18932640190465,1.85641961121504,2.55056143866748,2.31318494955107,1.54938236853391,2.04338052650435,3.27822960204482,2.20495302712286,3.05979333830471,3.35274573145572,2.49994468926048,3.93774123642794,2.92000853111878,2.94234574436882,1.9547676019526,3.3456157996075,2.37088844504925,2.53149625392434,2.713832843841,1.98603884187786,2.81431344523544,4.97121797083123,3.60304864752095,2.71462351131113,1.66457662341124,2.88391355619812,2.28629221405687,2.34904228456699,2.16508513865306,1.85808900792295,2.50853476055965
2017-06-26,3.69467850640979,3.65433017688986,3.26525084181533,2.37483171287788,3.19034951115155,3.16347164860243,2.29532834851969,2.52618927083292,4.42549677000984,2.84182427948758,4.04209814309547,3.29572483779292,2.80573111426459,3.59434803368963,3.20008899573775,3.57851652513281,2.51842758478267,3.52426622317783,2.78659338958044,3.06685960263911,2.93560548848079,2.52661639627469,3.46528181498528,6.96771920090307,6.13341660613967,3.37828648023551,2.40628901543951,4.16525832568578,2.92989805874718,2.95543968702337,2.72544953818268,2.56310546114397,2.98317060220795
2017-06-27,3.52251439315416,3.02534536178409,2.30839328046483,1.59225119101832,2.31839908061387,2.14379119796986,1.5023071780075,1.77984896200826,3.23051762158948,1.94319954170231,2.99938903166396,2.26115095374458,1.87394069708231,2.52067452224815,2.76085545566815,2.95293772838321,1.62828400857999,3.2753460448857,1.82671539503246,2.21616537623413,1.9694548612715,1.64371397387925,2.87616263640204,5.31281155680238,4.46656645618978,2.63408804000833,1.57687540214126,3.23489824280879,1.94318735591148,2.02100982821951,1.92778971350413,1.69449088521607,2.01237328718233
2017-06-28,3.52506880010255,2.6485079293934,1.94549648526926,1.52034901918016,2.2869036861062,1.92338539909386,1.48534264361701,1.73870950210243,3.18562697538665,1.94333973947142,2.92545114975011,2.45207876310052,1.98802366528549,2.75994925653197,2.75235148957226,2.68899259352525,1.6978432460727,3.25542805028364,1.92763257477254,2.24901321580316,2.11254043833862,1.71179033974091,2.56878201355862,5.12446159972746,2.82887679846588,2.48483284157557,1.54004226518895,2.50587208333753,1.99276923306311,2.07079227944648,1.89189758836434,1.7050484756136,2.00492623350261
2017-06-29,3.53135727425944,2.67947525775919,1.9387213757193,1.58421791117817,2.32447819444265,1.98678341385052,1.35479183588645,1.80119393059833,2.7466272030925,1.91039009880582,2.58831208499864,2.81564459911917,2.11963662507019,3.25891466233008,2.78812479912267,2.72092417515601,1.74208299211641,3.25920830771756,2.03978343190201,2.31189552289901,2.32824190589249,1.7100340880455,2.57480370760417,4.01885322151694,3.15195320421907,2.51167363893114,1.44301529672444,2.58840970706238,2.04121912417281,2.11812679107011,1.88947665330222,1.64111309628094,2.12733197610443
2017-06-30,3.5737698613853,2.64850377453433,1.8855322487919,1.66996330585706,2.54929854994423,1.82690074061506,1.31675160696968,1.89020427614559,2.95593946150023,2.01682425585064,2.76249551263002,2.37267413566722,1.8853891195245,2.54697233985748,2.85974590646313,2.75502885023327,1.84803698429025,3.2962612095774,1.96847033063832,2.55181473973178,2.12479790335886,1.64518686373411,2.5424329753258,4.41043931832835,2.83484502361087,2.62276657739026,1.36416293348258,2.43604189329874,2.31058053357197,2.36560361610188,1.97494503155892,1.73862630351634,1.88100172877666
2017-07-01,3.62094216860306,2.94105217625656,1.95209637328015,1.68640300203034,2.87238124034034,1.96657693314817,1.32656941560005,1.923238981589,3.10507865076681,2.06583055736879,2.87240237533755,3.01592100378488,2.25237090618513,3.40956441986795,2.91151153480311,3.03021886010284,1.93687992182911,3.34367053469363,2.28946855817558,2.81411122286119,2.5110615682539,1.84071205783512,2.76987398027823,4.73035003192076,2.58466454342376,2.91234135262619,1.38966920369445,2.5645527971092,2.62013424131762,2.64768047544109,1.99681724330966,1.89689350994301,2.19510566060563
2017-07-02,3.58335525566618,2.85589059653904,2.1136301921692,1.64004498505076,2.63271873821033,2.29191420483285,1.52792959710799,1.9056445819799,3.01028030029874,2.13227733122685,2.75033737987047,3.5992271329798,2.62726745073668,4.22026154458784,2.88382842710606,2.91241519649272,2.07505804209608,3.31867799228975,2.51360881490413,2.61788382689593,2.91728990187707,2.05455924151009,2.73362620395941,4.22554721433113,3.17712579157006,2.75386359382486,1.64425227984607,2.71662045972621,2.411326224674,2.47128841536146,2.01733333715646,1.89277031852716,2.5813085138914
2017-07-03,3.52704619940214,2.66344935907534,1.67370217017783,1.76204794467804,2.24633939685165,1.43809714388712,1.1521158379328,1.8925093794635,2.96695264513173,1.89334748155487,2.87086044996608,1.44946556817551,1.3097963373155,1.39992498533138,2.80471220731281,2.70482806463166,1.49554193333178,3.29197026142273,1.43903955250745,2.24773185293503,1.44246200503446,1.27575740042526,2.59710389263006,4.84404754460168,2.48926497356332,2.40631632110447,1.15120758097064,2.34440023113752,1.92649331850345,1.99731250334503,1.97177879767709,1.49520343230969,1.34740437738117
2017-07-04,3.61140926881245,3.04129832387673,2.51031821913127,2.26452488424878,2.64831459381944,2.61275902697936,1.81544972960904,2.41896031032969,4.25862770676305,2.76549126932998,3.88567723368008,3.43655967551837,2.65099173788318,3.89595034612345,3.10480174039828,3.0438684134721,2.35131422230535,3.4219182844359,2.57604609418238,2.69694650113893,2.94440590371164,2.19739024164939,2.94938460255409,6.58612874606662,4.45057955931837,2.814314182293,1.93966013394123,3.21917392552004,2.45269663226719,2.52271817454214,2.65215537016763,2.05265487750995,2.69246592035319
2017-07-05,3.43915962956398,1.80014206318789,1.44650734976566,1.00661752501823,1.80292581174008,1.53152373009411,1.07987840041054,1.24290813825486,2.20034573678959,1.26552593718738,2.09712590853328,1.95282090423418,1.54110667742193,2.31609256974122,2.4744594050941,1.99753284442756,1.09005201892459,3.08325282688496,1.42164399677044,1.80196729116293,1.56032178167125,1.27039387751805,1.8101289958257,3.71274712505281,2.50607995683318,1.91759072593655,1.15400004628644,1.75773061202997,1.49344971978612,1.5864831696536,1.31246777869538,1.25900635957658,1.5922693951397
2017-07-06,3.46229152749362,2.29589145536096,1.65199423323902,1.18186482033537,1.97146321311469,1.54258899137124,1.11805591840629,1.42291388099236,2.48203154368099,1.52264750894656,2.32330058603288,1.71730811741589,1.41956225652838,1.85995670581143,2.57620291991517,2.37739873031608,1.33583574463224,3.14591429018695,1.42987779342615,1.95448714210842,1.54499277657194,1.25971790354545,2.23204663829437,3.96738345177465,2.93006303849745,2.17498998324207,1.16283745710881,2.24174855018013,1.64840279559746,1.74205127890956,1.52175940448607,1.34027208783199,1.48303331148595
2017-07-07,3.56571439031788,2.72982376322072,1.95418817936202,1.33072690041615,2.59060521893316,1.90844888696772,1.45838212028163,1.58864071539028,2.79665823434498,1.71235197790195,2.57874534549461,2.45760434326087,2.00724298779308,2.75940902172365,2.72080284138071,2.81529598479009,1.63208608439463,3.26832143434871,1.98833352500941,2.47315840099724,2.07798331714444,1.74664326799461,2.61192614240808,4.50002336350921,2.60319342464999,2.69308427891897,1.49970890256648,2.46921456385652,2.28314494378506,2.32552588886468,1.66574208867036,1.84096504387942,2.01500127112959
2017-07-08,3.45762960358232,2.15840570825453,1.56863191605067,1.06611879452854,1.95576315584086,1.51765624218248,1.10826581402857,1.31270402561087,2.27389755700482,1.3636751418089,2.14895015801274,1.81672113825788,1.47776576405774,2.0546926655811,2.52262193432812,2.27694349309082,1.21520916887939,3.1176805557962,1.43503532680327,1.91661923422842,1.54315694444902,1.27445432390522,2.10142270351383,3.70969534336752,2.58881453610096,2.13229817329996,1.15642697957327,2.054299400965,1.62113360920251,1.70923570211251,1.38497803082466,1.3349249689033,1.52705494089902
2017-07-09,3.56240259140588,2.61231048028649,2.07687883283038,1.76861518383807,2.43803279474234,2.09077942553749,1.64689035617857,1.97008532535786,2.86346301994418,2.08099834827858,2.70983351659267,2.65684452452244,2.17526181208573,2.94707661875389,2.87718923453358,2.69386333945083,1.93990728564937,3.29319306242941,2.13457034916744,2.43524216722313,2.33345778604523,1.89703649605264,2.53120709932679,4.04707191125382,2.93527423718696,2.58371189557999,1.70562090478244,2.52146767379991,2.19718543707912,2.26818421635127,2.05651687975526,1.8763921719496,2.18040078743018
2017-07-10,3.47599683433909,2.33907833586707,1.59991053136099,1.53221084761905,1.97301295394418,1.5514987858866,1.11262373181635,1.70202678348528,2.34950274471008,1.67151416582043,2.31972073898068,2.00637922509477,1.571731723443,2.2583213702205,2.69421710166501,2.40837807089608,1.41239565752754,3.18691472722116,1.54069579052101,1.99964332964213,1.72646151292311,1.32314480220557,2.27433515003471,3.48046394264763,2.60399104288672,2.1854622162734,1.16516460464591,2.18722707767998,1.65627629544216,1.75248885046543,1.75160082679631,1.34005644120127,1.595524322508
2017-07-11,3.58792226767319,2.88894395983072,2.14142509555247,1.79235833841574,2.61062207012679,2.2906627235561,1.70040016482204,2.00938891871716,2.8036080964841,2.11824469316964,2.6513926690324,3.43674538037791,2.6236136149349,4.01467022604144,2.91635711268877,2.92886856162,2.04823210711718,3.34896330761197,2.48253173486821,2.57959147609922,2.81086902959126,2.12722586060447,2.79493538585975,3.80174174112116,2.78082003871451,2.75212231945491,1.79121107939047,2.66510776216287,2.36984592982026,2.42955202375588,2.07672016412888,1.98838088908072,2.57651024623963
2017-07-12,3.60222640892521,2.95719747964132,2.13789744087034,2.08471217417852,2.64313572188609,2.07423841880031,1.72516648324895,2.24139150738207,3.49775127164768,2.4065536677037,3.27995481224032,2.7018495778715,2.24149457123717,2.93082395126366,3.0160603903414,2.97852625989618,2.11814300007569,3.3721518223646,2.24923903514411,2.6285199402913,2.42920122028076,1.99155072087128,2.83192051350499,5.24353260704111,2.50591372448112,2.81382648930392,1.75418674925744,2.66433191479736,2.39316531815098,2.45340427639991,2.37206498868507,2.01676054287135,2.20500753518638
2017-07-13,3.51008657413614,2.4814473294648,1.82657860182147,1.77379984178094,2.14667490168121,1.72614876282152,1.1791616283221,1.95397823609267,3.46564832345175,2.1895826057349,3.1969989719038,2.11677243663566,1.6489569658754,2.24534124710074,2.83893676841415,2.54107241889034,1.78133511822396,3.22294995542177,1.71995598305103,2.22310782945618,1.95970186303547,1.42199416711581,2.36627868487942,5.46121897958782,3.3545431829028,2.35751755184009,1.24029241181754,2.49881837786335,1.88834105951585,1.98547311309941,2.14128620866183,1.44986854906908,1.68380425100769
2017-07-14,3.80380067510773,3.89152947763496,3.14949036325716,3.24808568809031,3.63991472749151,2.98106447830485,2.54700956784921,3.32162486050301,4.17789672088277,3.46956889383557,3.99546431603692,3.39806096255163,3.00095615275386,3.41493584051518,3.61653976341951,3.84372504992322,3.24370381042179,3.69359217632408,3.17239066266885,3.6341558318835,3.30906586258817,2.84324471932493,3.68634829090269,5.30833920153827,3.98369040497984,3.72541565244343,2.56790524703408,3.77110142194446,3.51324887483355,3.52182319022832,3.40522409749973,2.95478595167339,2.98428555339664
2017-07-15,4.74154776976605,7.42989616749603,7.34605936974659,7.40444834489014,8.46690842384933,6.53762341808091,6.81032030346313,6.85944438050214,4.63923157356759,5.6345410014393,5.44517427149011,4.61124074988016,5.84187231678658,3.95027409183387,5.61809600193438,7.32485842747143,5.73055635974111,4.98830072335373,6.26130487557999,7.71927937185839,4.93556959619561,6.60442190185641,6.88375376063065,4.44320622521747,6.66386704056982,7.95514928286354,6.59979505846919,7.33601191031003,8.32036284580322,7.92321919712617,6.19291200185482,7.74381296120856,6.06755142282012
2017-07-16,3.8371012525172,3.9975916749063,3.48267247638247,4.02510148449771,3.62501810654925,3.29953005780971,3.23826503589366,4.07482070591646,5.38957162019298,4.56341450271571,4.99911653184432,3.66203034917832,3.41914292461101,3.40476126432586,3.9734934550011,3.89714108532509,4.24221242449586,3.79660569965794,3.66272792206171,3.80099671618855,3.94240578161449,3.38747211414851,3.83825359646831,6.42956471312103,3.49580511014148,3.80538514173084,3.21842862169959,3.86219437326606,3.67342526050709,3.73007092956427,4.33677084416849,3.35679600592339,3.30856743890581
2017-07-17,3.57377325770235,2.95207689215098,2.04829819515883,1.50753822072822,2.62693972671542,2.00924549219419,1.46475896747164,1.7260693226282,2.7056751756705,1.77001789290222,2.56256914887231,2.68660438076391,2.12741361061663,3.08876384465819,2.77847561240664,2.97782084198859,1.6512684901096,3.30558479026671,2.06844154638358,2.49847892713976,2.20481991870113,1.79296525216463,2.80841428055699,4.23370371576679,2.89405139760641,2.77942696429495,1.52109238845203,2.71137515904089,2.29001472930467,2.331905590857,1.77214392671499,1.85079076481108,2.14258015054618
2017-07-18,3.6021500504921,2.68560148206752,2.006408239012,1.66700713528661,2.73410150966099,2.27813444865826,1.46949150057598,2.08932131820715,3.66310667277168,2.77401868225637,3.07875933527125,4.20587354795334,2.90149678499332,4.70025396606949,3.03498858580268,2.81168873641,2.90955585403924,3.29331416317134,2.962940649448,2.91625453101051,3.67204800434367,2.22261731339368,2.53043396407182,4.36179098768069,2.69583091326204,2.79351653073383,1.59618559202468,2.46493359749441,2.73386346963131,2.82339773099312,2.35464524269826,1.91700274615397,2.70256596294543
2017-07-19,3.63227448121929,3.01012544600988,2.16170941240708,1.88267796847431,2.88041098574246,2.25172728426612,1.62865439587128,2.13700746947625,2.9501440704732,2.32063489627678,2.73648007268476,3.45369796221919,2.60741644081674,3.88547367354081,3.01939200588739,3.07477817313575,2.32651522529843,3.3836687973105,2.6089323658411,2.87850950152521,2.94687858125874,2.14389968177981,2.86529199477331,3.7565910382915,2.75006905992106,2.95350080729891,1.70598790987193,2.71008760213868,2.69819868695386,2.74330594895103,2.20783559876055,2.07608975036119,2.52363765537134
2017-07-20,3.59445874029788,2.78959645430311,2.05647844872989,1.80568812353443,2.64521924849064,2.21999439433193,1.61257413123452,2.00138074426049,3.53799887398085,2.21053235063948,3.25482850721944,3.42916590477407,2.58975528983718,4.04399277838397,2.91224544071057,2.86661331560332,1.94453743620027,3.33296509765822,2.44397158860152,2.60470578063496,2.74981282685938,2.07476468835068,2.67851288891728,5.658943810947,2.58817688722505,2.75204586807978,1.70332027976838,2.53049709683415,2.39117558323723,2.44112211742195,2.14751236361544,1.95796106468483,2.53625870896813
2017-07-21,3.60857214718126,3.11885979690557,2.09433997064433,1.98423756915043,2.71618231533379,2.24438022904254,1.64470560546855,2.16800579891353,3.16742526038489,2.29255397593879,2.98810183316338,3.62565751163818,2.70468445342854,4.25754367967146,2.99560410543551,3.11710434166058,2.1087172146247,3.40432562174827,2.56817244198239,2.6879534077346,2.93222661454428,2.15024932609826,3.0061318559786,4.5311682403088,2.4207852066186,2.86402484755235,1.73059463746441,2.71276884757714,2.46693053818648,2.5197303647094,2.25642604745356,2.00526631179604,2.61585234883769
2017-07-22,3.53497350650502,3.10214578276935,1.93401300740733,2.23045640993759,2.23037196400902,1.64518500207628,1.22228484720948,2.25431478510563,2.62721197612343,2.03579491693995,2.74937903894054,1.57189035513866,1.38746166626122,1.58131906597097,2.94569285561155,3.00781165706973,1.54935881938021,3.38269915582102,1.47514323661998,2.23448000419688,1.51859041391722,1.31559869158263,3.01532379015993,3.88035740204492,3.44909935541784,2.51194569749246,1.24202599172719,2.93021470307028,1.85555066158815,1.93464791358603,2.25022994481459,1.50251225861308,1.48265051085396
2017-07-23,3.45899783815564,2.27718921168014,1.69340579890668,1.1924341145272,1.93491909261528,1.58097058470448,1.31424203636339,1.40862938745984,2.39668569570356,1.45003136162657,2.28412902281381,1.64237528657495,1.47411461176942,1.80143671871348,2.55498039903588,2.35087298571413,1.25736382694829,3.14670271195422,1.4205301082463,1.8763816953059,1.46788450920274,1.36105839958439,2.23287880085982,3.92833326156577,2.54643863222371,2.16561250772887,1.34005637041791,2.17216029771131,1.58154034246951,1.67452776875193,1.49196084756221,1.44256332631864,1.53962690050733
2017-07-24,3.51695453077832,2.74531828708491,1.90932765117834,1.69308716007217,2.20983469271228,1.72296656835656,1.49566508555002,1.86573897695585,3.02059087321858,1.97996190493801,2.85429705430848,1.85301158902818,1.66623292115968,1.91437967030021,2.79208229239118,2.73751979463209,1.6885372452804,3.27126765615389,1.69212624029431,2.18065937240994,1.77465630565031,1.57373358730085,2.66041041833395,4.69577731809948,2.54535017600249,2.46968198228359,1.50222207130941,2.52084633543171,1.89123493378845,1.97840116831467,1.98897353291764,1.67109638758156,1.69253567745534
2017-07-25,3.53903849267126,2.81022721138365,2.00663442444203,1.6675084730335,2.34931418223052,1.85552894089953,1.54799638110216,1.87168572337031,2.34358453833506,1.88287712218275,2.29114948434066,2.07643716306751,1.81380733561525,2.16859581457971,2.81795563117817,2.81591559043133,1.81100174339301,3.29594948864026,1.8494671430631,2.31710951979569,1.9563434724848,1.68277935173823,2.72383718473143,3.01439532695114,2.79203113828726,2.56636002288141,1.56777631820041,2.61775524416473,2.05960384104164,2.13742753737322,1.90281750190803,1.76852021472758,1.83785583045838
2017-07-26,3.53969208812249,2.86020340918445,2.02977000244422,1.73295585051599,2.3523880392055,2.02639374086783,1.4973970583683,1.91518882022542,2.50124228893465,1.9218315801641,2.44365505234131,2.74448510284274,2.14592575333579,3.1540867357609,2.83322256049623,2.85039367071783,1.77309035455457,3.29753926478969,2.05339598708142,2.31520841734331,2.30005401432351,1.7849783042064,2.75223006036457,3.41345469475033,3.01906125306012,2.58788871002469,1.56667692769564,2.71272148181109,2.04315341148824,2.11990060776958,1.95678050021216,1.73424013423242,2.15586797678302
2017-07-27,3.61584978095437,3.17872246244697,2.17455896770909,2.02171640470688,2.75660763658679,2.09413720219201,1.5969445907117,2.19274154172984,2.97300990127932,2.24542754654256,2.85488686579599,2.70482699368419,2.18975231906615,2.93471187923953,3.00903888769908,3.17207812624914,2.0758776582787,3.423882394438,2.23643567675143,2.72532012695421,2.40531518607175,1.9213214017141,3.0665356599965,4.13963728424047,3.01427552760184,2.8888197090735,1.6406436459766,2.88683616248206,2.50045117920866,2.54725448754756,2.24262429531763,1.99025102235225,2.18052867616676
2017-07-28,3.61391291386925,3.3350645023945,2.42128535408617,1.87595361922535,2.80289927486603,2.2487089199625,1.91140416798874,2.05746770870759,2.55116871844372,2.02944727414053,2.50449527793305,2.54546595153795,2.24869376447113,2.75035409580946,2.94046494575616,3.27458063598539,1.9923741480365,3.4025576150021,2.23416236476296,2.65207141243857,2.286617069229,2.07572062120397,3.17894505536089,3.40069729904235,3.06226169845476,3.02861078962179,1.9275890514573,3.10847175157404,2.4715591933424,2.51331111040871,2.05957012659666,2.18670305029976,2.28004244047456
2017-07-29,3.63224724535208,3.11353478066331,2.24979966144546,2.19299287079163,2.80657547159828,2.24065185101632,1.76479362278225,2.33196190671175,2.74718216028649,2.2881724579652,2.72488992266919,3.02700734319763,2.44237405698378,3.3766750875641,3.07157352147804,3.12835055742309,2.15196442428501,3.4260903008914,2.41557049557481,2.77186078501025,2.61394854413364,2.10948140454154,2.98589052606618,3.52553695481928,2.80680857534688,2.9407486307806,1.8152479244579,2.83180243261239,2.55377351640655,2.59779877985518,2.33421955154695,2.11579928282337,2.4125382442602
2017-07-30,3.83800288211042,3.92847474783208,3.09377262455669,3.04440556868089,3.8783176184577,3.11970190171757,2.7180551010161,3.16427311074484,3.35472756616598,3.1674222160672,3.2966843601533,4.17014158301916,3.52422734837179,4.51384616360753,3.57464491016755,3.92414725240814,3.23190279314435,3.71848122801391,3.55027483908785,3.79474105541613,3.72942270349989,3.17344087056717,3.73915700769567,3.62358323041907,2.87089364995728,3.87671752586636,2.74795215026796,3.49943790940356,3.75496115354369,3.73557183520342,3.12866973305134,3.1895088009564,3.41622720473564
2017-07-31,3.56171557776897,2.59283769043037,1.94621556574653,1.67954796163415,2.43794404313187,1.97725035860016,1.51956613290095,1.87583424164918,2.27867441404158,1.83169197233102,2.25647818076708,2.5311557650171,2.06261537973942,2.83077155023737,2.83248722434085,2.69351248337223,1.77226010534528,3.31386411113231,2.02777950561069,2.42771452052387,2.17957920373761,1.79047522097909,2.55861917635888,2.98651861513092,2.77506778222758,2.52244229283483,1.57824392902639,2.40226807220141,2.18929470602359,2.24983094174742,1.87472254313387,1.81014498388631,2.07170500090459
2017-08-01,3.65509716732402,3.12559573269334,2.06443559957574,2.38682517825455,2.89589243064766,2.01994403805685,1.52122607027243,2.63576021069788,3.09246055627154,2.9047525714356,2.87668392144976,3.05649247849997,2.32421892753583,3.0495259791559,3.27085764222813,3.17098716747283,2.9225259383754,3.47520704215014,2.5994566885989,3.09360911326056,3.00810597586612,2.03054654150553,3.01325457582886,2.99627980449731,2.57222762974409,2.94304440091682,1.56053843649796,2.69243784733672,2.86172869397966,2.93247165453586,2.72592614294291,2.02402202052869,2.17666161415887
2017-08-02,3.60553211510136,3.23195309752923,2.37740765728514,1.72188895488465,2.77808238978252,2.20472858006316,1.98129805541013,1.95334192549527,2.89145558941741,2.08786645308914,2.70306019522819,2.51489962923883,2.26319847208459,2.66798620967246,2.90040206088861,3.19229196792723,2.072465741874,3.36854781033025,2.2623900916738,2.63048097616896,2.32035395788376,2.12166114565105,3.07757937716501,4.07912580305084,2.63041914923063,3.00435881466453,1.98153060695897,2.94678925141519,2.47261940302395,2.52088135511443,2.02860809099411,2.22239138671964,2.26301004991619
2017-08-03,3.66410526527127,3.30727347220556,2.34714184545896,2.10972145215051,3.02191831078934,2.61092216102451,1.85592696027264,2.20894888853966,2.86997754900197,2.05532828841868,2.87419736783554,4.12124200876466,3.10098536228648,5.08359826868684,3.01956644372332,3.31838945156079,1.84210600151341,3.4819202285562,2.7890994544478,2.85715416094845,3.0524722816342,2.4183509658963,3.19339019881788,4.45198450427196,2.81580608174113,3.09838796443117,1.97390176913516,2.9424644834101,2.68668703249438,2.69166580476736,2.17706478826641,2.27543459250801,3.06581489783947
2017-08-04,3.64681035535318,4.4019747334392,2.44340642171105,2.54411201423723,2.93921379560132,1.99592200775649,1.76073179921804,2.58304080116338,2.42031418291573,2.30364613825528,2.60446625176882,2.03825604272628,1.90245053467381,1.99523257339765,3.16818460576916,4.07606464815672,2.07226454957704,3.64389492182419,2.03651049648098,2.79205332041345,2.01259029043264,1.87030847212301,4.25464314964883,2.85024076612276,2.96803137416966,3.29022914045459,1.72160957945539,3.75777155559247,2.53193679156231,2.56995583494947,2.49328886306712,2.14057335808044,1.92943695264484
2017-08-05,3.65671566217645,4.71905062577455,2.49182884772896,2.46839701509144,3.0501801498682,1.93064001672935,1.77057694401975,2.48690577456314,2.50675542012076,2.15557167785988,2.69707922531414,1.73514601459458,1.75806388657241,1.64075849979306,3.12255126921599,4.32620343501535,1.86622044072683,3.6861170066486,1.90028080455363,2.80409389129893,1.74076563186462,1.81042116645033,4.55714586766043,3.44142891980424,2.88905452879019,3.4283826839718,1.70338026491334,3.95046039433621,2.56249965742774,2.5816036463659,2.38544223311548,2.19333696747316,1.81460856093326
2017-08-06,3.6458669463695,2.99560651553791,2.35448557247131,2.19969561232161,2.8670724787255,2.24907798162414,1.94502665133841,2.34514016271187,2.94965550763626,2.35021623986821,2.8778766365257,2.59302204195423,2.29728611292138,2.71792557902447,3.08514053404862,3.05267623064558,2.22204069089245,3.41709873609217,2.34430909294312,2.82099760561406,2.41134824058037,2.14817265692939,2.87070856603943,3.94162604760929,2.8130724345879,2.97380476456516,1.96120916447733,2.78321147383319,2.63246393261337,2.6715292669687,2.37129187896851,2.25534775341333,2.29473083312516
2017-08-07,3.59163059071218,3.01374030813628,2.26158937666557,2.13314651076702,2.55180703847603,1.99252035651114,1.94083009918126,2.25902810372654,3.01540107486355,2.28563480448042,2.93627957361906,1.79725280414555,1.85166338024242,1.66995411812634,3.00274167139946,2.99666735316785,2.05917397808701,3.39522268557063,1.9452592241482,2.51006660506145,1.90712983900381,1.91394358535245,2.93417329718798,4.23317790875155,2.61012300984195,2.77023750566101,1.91113310939718,2.7685317839852,2.27397199567267,2.34047796978911,2.32693366172124,2.09795917864628,1.88434208318079
2017-08-08,3.56129450301023,2.98848588271261,2.36543103390932,1.80245182047272,2.45590649459192,2.25227322039477,2.08595063764214,1.98477784663737,2.84071507218908,2.07321946104971,2.71212487327542,2.47737505079257,2.27347579178898,2.70387911945763,2.86827882007572,2.94529409167514,1.9603268021084,3.32674811620499,2.16531105950851,2.34261039826052,2.25258260444856,2.12317926686343,2.88596246805313,4.0272528177982,2.71054201092617,2.75374290877386,2.09893823333491,2.84645132610387,2.13544937291644,2.21068041106476,2.0725760266596,2.13000296674637,2.3002493346224
2017-08-09,3.55691283264659,2.89262497169407,2.67873893850382,1.88587754343572,2.40201219242837,2.57838715358868,2.35475222125249,1.9774363557134,2.85345540329524,1.90261625403835,2.83068448477786,2.45391196530361,2.38556440373114,2.83763081951437,2.82752157346392,2.85048163072642,1.64455006130875,3.29684249548723,2.11228513170013,2.18515193496946,2.08039791912861,2.24524140898961,2.77130188650143,4.59655287580703,3.64285336740654,2.75815615789579,2.39015417091639,3.10858275749077,1.97753638796326,2.04274914998727,2.03366545476065,2.24917100943982,2.53077949156953
2017-08-10,4.01089406679937,4.93082962857203,4.35740535569886,5.70091365622752,4.32578987002265,4.03306323884222,3.82275824313082,5.3631853589453,6.70678537743397,5.43247372709203,6.59014088514518,3.76181524491781,3.76866824266606,3.49707613091828,4.56186672932087,4.70818834447758,4.43133268659733,4.16520777688497,3.98883813541069,4.42956471846092,3.99764917494429,3.85254498831843,4.74428447381545,9.2670332877244,5.39393743071454,4.47735455205951,3.80622145096581,5.03396499911738,4.27683343046744,4.26454823228031,5.54454742889756,4.00647878949737,3.81989611638849
2017-08-11,3.80328539831337,3.1874264797065,3.87166734120755,3.31112639705624,3.49201542528512,4.24889837583062,3.63879774315558,3.39537261509189,5.71897388116184,3.94368173829501,5.18126263107737,5.21167111488569,4.44990262670414,5.94486537954275,3.63312239653679,3.28082053783701,3.58531544756132,3.61412143574362,4.11721917118465,3.48300450102058,4.49886688612181,3.91831404943005,3.07234067769285,8.45090856898853,5.11824438285327,3.58710631090079,3.78562445037063,3.80726985818704,3.45081482886703,3.48252144756472,3.72260638246244,3.53251907958341,4.47981436974091
2017-08-12,3.80189898529307,3.85173251155154,3.53274325250507,2.88149017825289,3.69976410633412,3.45606523192942,2.89801119489634,3.00517691488173,4.04862386512482,3.17812176162939,3.81936590731535,3.7328311632803,3.34407097503814,3.96580684454815,3.47465431635587,3.81839267203479,3.08785237536384,3.65627735881283,3.34760219079702,3.56627649351214,3.43334701868893,3.12689589420071,3.65301480507684,5.42497261703197,4.9905357809242,3.79366646858344,2.95850758721668,4.0732036428191,3.52408012151136,3.51892001500874,3.09025504064058,3.18080321832569,3.42033994640971
2017-08-13,3.67540796456946,3.27395968873458,2.59868543295595,2.59063499959631,2.96077083486904,2.44017058669247,2.16550317317927,2.63328679432407,3.6123776901726,2.60433705911985,3.538522680697,2.51164316232468,2.35711949284277,2.61827176350493,3.20388138117008,3.26934246296051,2.22473134073606,3.51459904294093,2.37362641530673,2.88403056324812,2.34993722622271,2.27185447612294,3.16742995748766,5.47301124519407,3.26580566359815,3.09743918580969,2.17529645759137,3.11757959125411,2.68510049340139,2.71384483918673,2.69298403112732,2.42107223728737,2.40761440621678
2017-08-14,3.80200787816063,3.88503363669808,2.74362977627741,3.013219577489,3.67294592475966,2.60565303659603,2.16876621039118,3.09654368712422,4.29419500633928,3.23376510173212,4.07015139243609,3.23983965383024,2.77217841936195,3.29669417104395,3.51944672663096,3.87126886928583,2.93102158528666,3.71585474782097,2.97678778907933,3.6533099788784,3.06419009924268,2.58184725843225,3.73385908101526,6.09097018227246,3.08944184098937,3.64340544661722,2.179048075207,3.39938718799934,3.53058493028864,3.51783003454601,3.18050162640918,2.7679612088454,2.7086304523149
2017-08-15,3.68345554729025,3.19376215637235,2.55257520903814,2.7474614211219,2.97043234157232,2.34780244178504,2.05711081832973,2.78208971547721,3.45104110938428,2.7187409716003,3.42976680944405,2.32957179395679,2.20509100404219,2.29134794763672,3.27913253036534,3.21664951147771,2.36143837264455,3.5162325671982,2.32235648466001,2.96018913026541,2.31012844889191,2.17434318343574,3.07552852837811,4.83495583771026,3.40355700547829,3.07943888791032,2.06132640091996,3.07661771284402,2.73873135674772,2.77205853034985,2.81421681518855,2.36242908434905,2.25127516079178
2017-08-16,3.67028847601016,3.5780787050908,2.37589374224661,2.3124775149438,3.04931702095569,2.12860700851191,1.84823802460823,2.47255056168709,3.36404720133171,2.58596848526403,3.19553210670644,2.46128566744303,2.17986921655686,2.42368353423837,3.16864174811606,3.51231454243537,2.4176077395745,3.52269842028562,2.35671270094393,3.00103816888789,2.42693228383512,2.08600742008664,3.43152925789938,4.58254535930975,2.71851369974155,3.19449643044983,1.83556313761098,3.12191865777219,2.81445511693559,2.8488006053062,2.54315848444723,2.2744330098131,2.14606248119856
2017-08-17,3.74936706243497,3.63053378741322,2.85474659712639,2.58604041581609,3.43323539561895,2.68746337452314,2.35170060200711,2.75145504366265,3.4629298295168,2.87653123753048,3.29187840267114,2.96053223767252,2.6878236209486,2.94249855140605,3.34383477871962,3.62651895631233,2.85082261109972,3.60717719957214,2.85131768006711,3.37833862386431,2.90234519675835,2.59274099397914,3.49201529554224,4.31928258488445,3.45308787619801,3.47819730786878,2.35818432581527,3.39597396695696,3.27976864038535,3.28993167429891,2.7972699382072,2.75609292723353,2.67810529061481
2017-08-18,3.55822947564444,2.87460863802605,2.43073983895582,1.80588598142355,2.42092261583925,2.16150718834104,2.12172023760159,1.9911648587093,3.2935785291638,2.18666496775609,3.06205018460301,1.75754755485795,1.89972886901572,1.65139650043965,2.8699425013603,2.85682180729999,1.99106144807621,3.31381527821672,1.92614478645407,2.32716801581053,1.87436917771133,1.98758137711826,2.78496232516635,5.01079653795621,3.10991831340686,2.7052657368894,2.10150298068821,2.87582537215011,2.11972054950836,2.19877844729632,2.14427082741837,2.13334961245851,1.9842278753945
2017-08-19,3.80605509764717,3.71013816330745,3.21746643171976,4.39869846812829,3.35390889631164,3.07790363887269,2.46354390699267,4.23629483074136,5.60952244803789,4.39090612954795,5.43672713176192,3.37786052709356,2.91450904386395,3.33651102908373,3.97810587785604,3.65526112951705,3.50337459488908,3.76930597954133,3.11439519569185,3.58307271254111,3.38608253031885,2.73893927468212,3.54264028106799,7.84116212187011,5.13474115147227,3.48770633424751,2.52695181015665,3.94493535945922,3.28878268026836,3.33503051945025,4.4387749362876,2.75663872427265,2.94912801204581
2017-08-20,3.8231322443578,4.04186096793785,3.5298651530398,3.16530889788776,3.77650652259488,3.40038400161494,3.21967205509731,3.2466915857301,4.17316707828801,3.39710759273563,3.97922529540714,3.78573864713597,3.5250023900855,3.97475019360356,3.58219890840549,3.95384106166044,3.28703808615363,3.6956970108977,3.50038858679675,3.61817117336366,3.55511751842941,3.36942391664229,3.8139591542221,5.42288492255963,3.51006901814439,3.94982202204984,3.21811055899949,3.91253160627435,3.5873835057436,3.58556926233868,3.33143003583235,3.41424644047251,3.50633276177976
2017-08-21,3.72392448442916,3.59734184381517,2.829518681723,2.48128985528249,3.31320218525709,2.66626101239543,2.40282988359262,2.64970050405494,3.47299117666044,2.79463047243026,3.28564967715468,2.99234651579352,2.72233257787364,3.04573095610876,3.27892460664687,3.5674180616562,2.75171218536714,3.56061212353695,2.81629803158087,3.22545545259271,2.88037780642704,2.60477366738466,3.43856797135074,4.47563714632938,3.15613112498414,3.43195729113217,2.40365707158485,3.34569186972848,3.11978202235174,3.14018216091865,2.71652004150547,2.7258773128731,2.70402247212533
2017-08-22,3.65594169646077,3.42288881740304,2.52752095146809,2.13211036560169,2.96297816826138,2.37839504944818,1.96757869317364,2.33407871221079,3.05644467701404,2.45936421793212,2.89397104969013,2.61950555889598,2.31092856638034,2.65215393358974,3.10466198592462,3.38977928236823,2.42453145706789,3.51311777368301,2.43049961407715,2.9279059856909,2.52985613847943,2.18294598110704,3.34774397065576,3.89407868463468,3.56457190323011,3.07279971290705,1.9946373797256,3.22603408933389,2.7632796270831,2.80409254898963,2.39237686945489,2.30335572503723,2.33350788235493
2017-08-23,3.96739735972711,5.26322146176286,3.82468543277386,4.02086323916202,4.56920731942637,3.33672823935996,2.85399898376682,4.02794108615375,4.36646572859774,4.04083992518395,4.28846270267105,3.32632169394063,3.12356497564886,2.98608615146747,4.03099651556564,5.02080039545776,3.87297222729168,4.02690437672779,3.56159991519432,4.4806718896634,3.52691635742839,3.1612745061263,4.96215709397962,4.98091443355598,5.05416517146863,4.62757546933858,2.82470088909996,4.97324167931922,4.44204522920215,4.38899360936541,4.00668154596197,3.54862049324721,3.14066769954545
2017-08-24,4.29831339582964,7.80557861403184,5.20553313065943,4.1318986184529,6.70561478812884,4.20443241116637,4.28191342997271,4.30694644314535,4.64581630373952,4.43110853817602,4.38534068443874,3.37340162284421,3.902016942704,2.4187386671222,4.40444886727653,7.28527695621536,4.98660769928162,4.60472399552761,4.68829040456885,6.16134223153844,4.06190183704471,4.44340456191132,7.413373693078,4.89267245388211,4.59835902535222,6.58560340556447,4.06939102392974,6.65312877297111,6.57741214185744,6.36146861293178,4.17001824961022,5.39796543262241,3.87885217256094
2017-08-25,3.74037350914577,4.70730548744685,3.444241806505,2.63175863445572,3.5076486408774,3.05164334905072,2.59663613901137,2.77721556220662,3.85345878989447,2.9672897783608,3.61900667573522,2.99281602847876,2.7830977913099,3.00970606012206,3.34022985602576,4.38473302538493,2.84614901826745,3.69899366165413,2.88202156952012,3.28792189785315,2.92177622409904,2.70036817240467,4.4651099316788,5.21919290596219,5.00378855470197,3.85579364204029,2.60554660030574,4.6623855443372,3.1890703602708,3.20690427015849,2.87935579560941,2.8769646010777,2.88363527642661
2017-08-26,3.63053525368737,3.37418008477389,2.63167896148294,2.07594180586923,2.8407217022534,2.40641026136092,2.27238163792212,2.23885672798154,3.33538131685593,2.36830975561622,3.14818218217157,2.41881662257108,2.34078173872905,2.48547082655957,3.02425497856965,3.30069300202797,2.21762228874063,3.43501295656136,2.33644040075614,2.69263057987368,2.32790971382578,2.29341997625276,3.23393930028062,4.88102973656396,2.98200713197714,3.09778637199519,2.25984829710151,3.18677752200407,2.5337555078629,2.58143379737055,2.34092242161619,2.41770498680693,2.37750003851039
2017-08-27,4.26589362616027,6.28767928144731,5.75669288294973,5.62332523136045,5.97868505455608,5.72331238111338,5.64035420594126,5.56391001096155,5.5106934031984,5.73939705108349,5.36945287227745,6.81801887492735,6.2872639724836,7.14815792019445,4.87464623263939,5.97517121405274,5.96289575451737,4.42256198273933,6.25059987450428,5.7541078150333,6.43359521917556,5.98083158414323,5.91245999549688,5.01051120829838,4.44334969669382,6.07314421497014,5.62287426144204,6.0164286219791,6.04807119263298,5.94330758749969,5.55969837004269,5.86171790901157,6.11741403920174
2017-08-28,4.55356980429962,7.13525500429406,7.00568710333489,5.66826973101667,7.77251852899795,6.75617180081179,6.48859275059081,5.82284719522901,7.28837148975679,6.53973506899518,6.57514835225235,7.27308978062105,6.98671601045939,7.12387462530328,5.23876868692257,6.95353926058749,7.15717632584819,4.6673915853306,7.34945678425981,7.35911518992731,7.23633146318642,6.94299762232046,6.57271090199426,8.01299722997307,6.43986875024445,7.48744428887484,6.43884531891158,7.13217861448083,8.02464031201263,7.7867884953776,5.94359877612396,7.20880123524059,6.87314070608973
2017-08-29,4.69079435667216,8.09693031490608,7.24984782206579,7.99047902793452,8.07269218422267,7.11352618254963,6.77204355670527,7.65008668912363,7.79976376095576,7.70326693455919,7.67691444475529,8.17866469917942,7.60960055129543,8.3233102295982,6.02839760833392,7.71853798514689,7.58818526611025,5.12638757062358,7.84789213919712,7.82509622246227,7.8385828718367,7.3653882753378,7.62444448326457,8.27950433969264,6.26903954835204,7.81350146392333,6.74234310636283,7.70949714382911,8.31359658699877,8.05808020243389,7.58402646901274,7.51285122365427,7.44037953030221
2017-08-30,3.71783768849864,3.85719200513021,2.93274152915582,2.50865069602987,3.31196509514485,2.66405672580484,2.50296539812666,2.66990754075223,3.41940929705269,2.80377512378661,3.25073906063914,2.85783766322119,2.6872843409753,2.85389694324871,3.28028621375063,3.73954084438341,2.76806292476579,3.5663167576929,2.78137074025953,3.17585688551154,2.81716044081858,2.62517478962859,3.65067356619238,4.31791497861418,3.08853633155116,3.53883861484411,2.47918044603026,3.56778067707505,3.06790164097708,3.09428434120404,2.7349799680033,2.7710749809721,2.67361468101325
2017-08-31,3.85473557817293,4.80548226122002,3.6904130826993,2.88890343644616,4.11748702748006,3.51919215624267,3.32898909416354,3.07721299066451,3.91158059499966,3.31748855641142,3.64492019565104,4.28648080523366,3.84934169936465,4.57574123014578,3.5548294650805,4.56662529944462,3.48401290639918,3.78213473602787,3.82168290168311,3.84283035819474,3.93520317689414,3.59505282640457,4.51941931222695,4.67094886605865,3.14652634300616,4.35451568807135,3.31379051757449,4.35619204457806,3.89656379963759,3.87700443857078,3.14524082911758,3.6281091747163,3.76567760099901
2017-09-01,8.39150238099757,7.80881229225031,4.87368758429325,3.57075916366059,6.30717877355468,4.15850552928493,3.41650275245691,4.16028403579949,4.59708593807551,4.04573133051486,4.55359635332767,4.06408889589988,3.77228903241746,3.80022488275917,6.60150390185557,7.67752019920353,4.29146976887981,7.97928433314368,4.21467205818269,6.06955777807148,4.14993354015365,3.75776327958809,7.61600192159295,5.26501013209942,7.00839798526712,6.65380666636134,3.39228547726611,6.89883693989329,5.60318602118802,5.70759101846787,4.06028090174061,4.39506236295852,3.86974193738297
2017-09-02,8.8005665033135,7.65520823095086,8.2999880139856,5.21775544526347,8.16598393191873,8.1750166025212,8.24059556558267,5.6416233609518,5.69167021956613,5.41988672877738,5.72900263198995,7.43732796953367,7.85917840763862,7.9035431906248,7.4173780219146,7.83262664376888,6.23234403959298,8.26479045001335,7.42835103095887,7.46552289907422,6.92354600532205,7.90994545711252,7.42927456518093,6.09209888171301,8.42489236905815,8.36482792072118,8.22585553594909,8.03783868276706,7.6075872238399,7.58578354252675,5.46192443589848,8.14111635856676,8.09692973949369
2017-09-03,9.57589074997711,12.2146472982248,9.81387541490251,9.10690943307873,12.2317244635355,9.11253291253957,8.63173419035895,9.13943779785218,7.41714444268653,8.29725865735482,7.87549496959661,8.70291571322531,8.88719468517914,8.27947780805326,9.44797956118193,12.0435119216174,8.95872851313487,9.78170759446067,9.54306513947164,11.5765585743935,8.68050291183418,9.16450672957868,11.8614756620006,6.64851034284152,9.822914634526,11.6435614856623,8.50243917692467,11.0105177908916,11.9924345752093,11.6673216621968,8.51880492095133,10.2968292222898,8.94041811702863
2017-09-04,8.22791658284029,5.61303333493014,5.10375745363553,3.16460445706668,5.17746986799386,4.7761167876413,3.93187901354345,3.66582328759662,4.42694899065175,3.45491873352929,4.46596194146221,3.86427473497152,3.86179084190726,3.99053640295118,6.2212983579996,5.84129896551193,3.47175173583311,7.54826505707803,3.81484162228386,4.97485644010245,3.68635836934606,3.83371739475904,5.55417070320578,5.99870745283798,9.13706493550542,5.55780974637856,4.02796941915406,6.15766188148042,4.43501357833334,4.60291354267349,3.63116999740998,4.17042178809402,4.23969940449563
2017-09-05,8.12417908243486,4.79299795044193,3.81117255453298,2.22423421217339,4.7226707978812,3.53554528936506,3.06017143257987,2.87138049577096,3.78686229756022,2.75116771636804,3.73936880779653,3.23303309212247,3.15329859760813,3.29238194965765,5.84042712764423,5.18408406815573,2.91436515171714,7.32054539196923,3.19872168706757,4.58361481619741,3.10022706936997,3.11604592889856,4.77635503271132,5.28317207739505,5.59048609576235,4.99073527409217,3.08741563421168,4.51528732771764,4.0030571254063,4.18927455763496,2.84907956478687,3.49628037038749,3.3137022315878
2017-09-06,8.209535582802,5.27296807376786,4.18019912602319,2.98221497062911,5.10892553956903,3.85087622249266,3.25470266324427,3.54782983153048,4.27439545849936,3.40742692494701,4.26376733112701,3.636353936016,3.4521751126092,3.62832401649944,6.18691741292566,5.60089393962277,3.46775851066115,7.47020831928984,3.58979905384291,5.02659461920921,3.55890835739347,3.39279764381153,5.18566294208702,5.54052473463384,6.28750981558259,5.38204476478077,3.28787591083589,5.05514191849256,4.44254292301546,4.61625949236368,3.51667325150113,3.77825394707857,3.60154342257083
2017-09-07,8.54183243321688,7.92243986809479,5.88584443709482,5.60696557811127,6.67584911836729,5.51909172565616,5.25351503769892,5.88776660199455,5.62803724624547,5.609384530767,5.81896048436805,6.165701226929,5.72326777332193,6.38629520437022,7.38017494436941,7.77094358180883,5.59062429345159,8.19064557118166,5.7405160086361,6.52289183390391,5.89168136259379,5.48493169715052,7.69631781910495,5.66783109607632,5.84357802561852,7.1796369237307,5.22818796830929,7.09212572560291,6.08321252116844,6.20413348845889,5.78600737904177,5.65814512812082,5.67286429143838
2017-09-08,8.47441087164218,8.32976545516265,5.67070857117768,5.85902874891369,6.27949249890438,4.8979618514345,3.98200496669057,6.06766662909558,6.05261731332608,5.79987580878177,6.23922726634996,4.44891575748219,4.16646225361345,4.00285476059796,7.42624833577164,8.02560482171634,5.34148542084778,8.27734764949556,4.66410601675297,6.35532663338344,4.8035642907016,4.1927108184115,8.15646846867296,6.5622915118333,9.42927451795043,6.80659084836089,4.00205255405177,8.01341684252573,5.69172943170495,5.84697075640449,6.01820038317529,4.67117817745145,4.35142678654044
2017-09-09,8.17673367527543,4.72665665623721,3.56121748487415,3.41731265845023,4.72835973739453,3.19587191305792,2.67476330635374,3.8577006471112,4.32710182356714,3.55931294616944,4.46497373239743,2.72055526736326,2.69609903977863,2.40007125626172,6.28325273163904,5.16442372882794,3.30074887936388,7.47949228250138,3.02053572458786,4.87404727966756,2.95212518873319,2.79353442605622,4.77020946671278,5.63607187176949,5.73861010509195,4.8727572930977,2.68862867088144,4.36792073522709,4.14258739606594,4.33832736491311,3.80263977721186,3.28252635534794,2.83006694027677
2017-09-10,8.93105550467661,9.37591818310553,8.09011906986113,7.09510227480902,8.71539397828295,7.9773851693571,7.27685615179626,7.29700271087406,7.4700698816574,7.14322821176379,7.48924678663763,8.94631178803877,8.19501718995168,9.59161584636922,8.2368748261124,9.21199007337045,7.29029789842417,8.72371579869695,8.05666467355272,8.35924454693724,8.17292362363476,7.71931787644486,9.04347748980021,8.07962238630331,8.88593226475474,8.95495532213467,7.33595553083773,9.08753113770984,8.28442564675289,8.26587000776866,7.19111333612194,7.79596647189803,8.21581720675776
2017-09-11,7.80513288440598,3.06787196311314,2.10062130352584,1.51248613273053,2.84553043306734,1.99705825257819,1.30217273628335,2.10205765778149,3.46532375219498,1.9592391274163,3.46411461628133,1.92727759553724,1.58762859917258,2.09547925734259,5.28467205357059,3.59578714585988,1.53605144837197,6.89817332860448,1.57184084201041,3.04137763090399,1.75160401756628,1.39904301915008,3.23886548425217,5.85208197400357,4.8466508333077,3.21345095993375,1.40042658794744,2.89904933168463,2.07701066906756,2.38955504438318,2.19877810748575,1.58906678507581,1.76104418319782
2017-09-12,8.46332228849421,6.74335213497519,5.22827970551526,5.30934584674467,6.20305465234021,4.8477845059886,4.3465443304979,5.62174720238235,5.38288015553973,5.36076041336668,5.5664600481907,5.22771309741295,4.79487321871702,5.16819253778986,7.23156043167249,6.84903227634025,5.24564395483051,7.95026861423967,5.03498286801783,6.25326750070239,5.21376434431782,4.64439368657967,6.51349906898331,5.38289312630561,6.36643702131896,6.55118568188947,4.3497456817153,6.26964753624567,5.69690636384708,5.84397635634586,5.53226418513484,4.91549212507008,4.78915542394613
2017-09-13,9.90997933347212,13.2684324631804,12.0101029756533,10.3991638720933,14.0221610663311,11.6643641917622,11.3541974370799,10.774739444838,9.5316599364991,11.0805426901154,9.22345059053302,12.9390126002414,12.3512712454217,12.6880395537514,10.4965467548377,13.0696853466583,12.7419528105462,10.0535130824638,13.0036264926258,13.4880496410472,12.8656647028374,12.2355308275736,12.5960501824007,6.23092084823231,10.0260862234265,13.4909546344791,11.2478803057104,12.3694621368185,14.3371836606131,14.0136883687377,10.4679612199234,12.7298163272955,12.0423031786155
2017-09-14,8.47651086282825,8.85683371969787,6.21737496478498,5.54899317949532,6.39212567199157,5.4348690938905,4.75144839235141,5.63842141000884,5.12596880505054,4.88334845779014,5.64225283500882,4.52837471576721,4.60022695244665,4.54934129361973,7.16964940776147,8.3998595841615,4.44797580840124,8.31873203133942,4.64631634810844,6.043352601103,4.41388033273045,4.64077350109223,8.68678198601112,6.1581397726377,9.43665006414746,7.08658672956995,4.75188454644491,8.55029286501129,5.47838194943931,5.58294815400519,5.40583215762655,5.1617467160682,4.9345206140323
2017-09-15,8.29438207927948,6.00452908760219,4.56097588648681,5.21222337440695,5.11666727210423,4.38995260317906,3.89435693828197,5.30633723375416,4.89050747219372,4.63112273560561,5.399242683497,4.81768545246112,4.35516848940466,5.23087553651538,6.91005771775021,6.10554475812976,3.98729531363517,7.80243400243566,4.20830739807344,5.18070327204066,4.38162739216271,4.0478245570774,5.95100144610521,5.84404253407329,5.80443554251005,5.60408184583408,3.94555458963071,5.57399900423241,4.41213257061845,4.60779973878464,5.16504034844956,4.1424615686989,4.43004520052867
2017-09-16,8.4684721540322,8.6029398070003,6.04470885648731,4.69881612137807,6.55797767707145,7.01266034287431,5.36473148158761,5.11051934910718,5.80274216261642,5.0650295705436,5.74991435784868,12.1415167486278,8.95768630629601,15.2311077326127,7.00489088720221,8.20708206347875,5.14442154821666,8.1187507878387,7.67207425736531,6.13417133706672,8.99845739341598,6.75326751076028,8.29264417306883,6.86914945078572,5.75788269632281,7.34133068846476,5.70626558581544,7.65181486120755,5.75629318073729,5.88436976717431,5.12061987025506,5.63365682620441,8.68028408862069
2017-09-17,8.80771845737739,9.32872083728335,8.47661557092346,5.68366526472919,8.3399856318472,9.60112566440392,7.61379820876486,6.08635887841879,6.15636356362231,5.97225919539106,6.1403443068215,14.0033867888218,11.0300253705654,17.2268229492066,7.64071458951219,9.06299035961108,6.60192978516181,8.47603004081719,9.61733299773911,7.67340949666955,10.6863941793395,8.88214625098789,8.93733294612366,6.3075183138445,10.0747724792188,8.83879560773978,8.03374824735116,9.55318299657337,7.6990333619863,7.6989823447702,5.95539116675149,7.78064506289052,10.9897044681182
2017-09-18,8.9736392856855,9.49015481001461,7.73149395534426,7.75988700175964,8.77459693344739,8.55402944907926,6.48437280000782,7.80674709213032,6.34421009140113,7.13026100665387,6.83328368102897,12.2721156343268,9.6275858366152,14.4342074212617,8.47168371372957,9.37018463966634,7.17828775590204,8.93720683987631,9.01531965131839,8.63204974672283,9.89091820694949,7.9434021643955,9.32255055625275,5.48182347618776,10.0458533699993,8.75280822409401,6.83598115489836,9.14045529871975,8.43113622409267,8.39009616965404,7.44466844961057,7.36938341755623,9.53998025343154
2017-09-19,10.6433926456579,17.4422729021919,15.4669398190538,17.2743116044016,16.9894243585276,14.7900163267399,15.3963327869292,16.6684690915039,13.3749191794304,16.2826856400624,13.7865928723369,15.7320515541257,15.7175941961602,15.0138373506605,13.369555329133,16.6029151740037,16.9470208740577,11.6044566680275,16.4874930417615,16.6136239548879,16.1892727684407,15.9637279043107,16.6892782814382,8.9295728812659,10.7077446458789,16.6064640143998,15.117135113104,15.9661253662045,17.583298153953,17.1427042970483,16.1779701777845,16.4687702318034,15.246185558259
2017-09-20,9.09941290672257,10.7239202263382,8.95943846757645,10.3174116436774,9.08039735305981,8.82679981231211,7.95320747306827,9.91449716500094,7.44567645135265,8.89689853620529,8.33674541206382,10.2155338377852,9.139218596368,11.0841535647668,9.37800024814752,10.2210196926673,8.35589624663717,9.21618615425282,8.89154265839652,8.95291470634383,9.26549113563108,8.45563892185879,10.3037491759398,5.96509932935786,10.1817999699936,9.59608180612432,8.04603798449087,10.5202008554961,8.63695563386258,8.63351152325306,9.52107231414082,8.3139068936382,9.14797555111676
2017-09-21,8.471512161265,7.50563108006003,6.02815372093468,6.20135755197309,6.07302249460531,5.83235325776219,4.94033167507764,6.23097103883323,5.65540085259202,5.5980521068391,6.14520796657063,6.27932552444961,5.60038220715946,6.87532350134677,7.42325652607739,7.35161050198732,5.02738505619123,8.15386939562198,5.38873767864443,6.02484312985014,5.6541179011387,5.15147006945559,7.34195722476025,6.25782713217795,8.74644408356381,6.66386249162134,5.05223511042573,7.53451850810059,5.38603866911001,5.53915856965126,6.08087112483093,5.15453628994484,5.77666024330068
2017-09-22,8.34071303161825,8.48235022592119,5.0159226445001,4.56808542366191,5.64729595267262,5.04287257305163,4.44507243766923,4.87254982139834,5.0300551009206,4.52345294822033,5.24335039298428,6.57192727011873,5.55766062937273,7.5738425541959,6.79170565126391,8.03459096113899,4.31850107528027,8.31905284351502,5.14903459597798,5.47024920125781,5.53721294463201,4.85313291835578,8.71808501607569,6.00488943858455,5.32180494844576,6.23957209268789,4.52788954614788,7.01010692501503,4.89562126002579,5.06337562922206,4.803123599007,4.70391172910247,5.51420420712903
2017-09-23,8.68431233645296,9.17023897238211,6.72306272243324,6.02526883364777,7.56897533792048,7.48529464793819,5.7847612267822,6.3552156600742,6.43570498952037,6.28627300899963,6.43892335899191,12.1544284616015,9.17392827817986,14.6414634861436,7.70095344513724,8.83235694087917,6.41335113813617,8.42765346025766,8.32259287144762,7.30507882042383,9.55963360489432,7.23669413784657,8.7954168173828,6.51167212515716,7.00681153173715,8.1138129118998,6.08968001318974,8.33137361192129,7.00106067628463,7.07720084882974,6.29815040388589,6.36010170882993,8.88967843886651
2017-09-24,9.49005533418373,10.4371343227349,10.2751811320029,7.65355198261468,11.9061077969098,9.61471758435624,9.38277454251581,7.89658721543413,6.66656161983997,7.19863242804641,6.96064533024404,7.87045499846849,8.79390958483179,7.35791680959805,8.8552542631092,10.6580676401208,8.33418387114686,9.29536166281342,9.24319570133607,11.0142824935402,7.9931309149844,9.39520025399183,10.0296984695061,6.25738986981199,11.0695657676031,11.2588304335371,9.25605159010924,10.3781604486421,11.614444338154,11.2860704293615,7.30853907311809,10.5974868380817,9.08676395960403
2017-09-25,8.71376585197689,7.84902825317629,6.16645296909463,4.90474544293387,7.8581282634746,6.0279888855872,4.40792516606434,5.28843217193501,4.79564391225321,4.68929446037228,5.07623634240412,6.71336730418832,5.73571495055579,7.26238335956133,7.25994522118164,8.04400119976686,4.97625693803902,8.30178412708566,5.910029635891,7.54207476119835,5.84209648842767,5.22761487960275,7.62027785064727,5.28210843406749,9.89953714347492,7.6664136854807,4.56059279146819,7.65589049476614,7.2947427423139,7.24714638871571,4.92160117316965,5.73219059149034,5.93901255521399
2017-09-26,8.37928747119933,5.89968926428273,4.15325831637989,4.14170561537706,5.88441160161338,3.94547709601055,3.08447730402537,4.48815888105768,4.65525760999871,3.97475366472549,4.90831097708346,4.47028595224723,3.88017037117227,4.67914595280536,6.67589855851988,6.24542839546727,3.73172825521297,7.79297990219233,4.08012041368634,5.85729956799078,4.06265362225466,3.60935909216301,5.8181856568658,6.10348891906652,5.81761548326566,5.89859332916552,3.13694864049084,5.18244031018402,5.2624201779526,5.35918119171888,4.29945057554372,4.06546785948957,3.93668685447915
2017-09-27,8.51757597460413,8.58873497472388,6.45728112748747,5.52185882771259,6.62908765653695,5.81619640387281,4.94833633280143,5.83051026494945,5.6343445459828,5.61080747825498,5.78460832468141,5.44522443834836,5.14774296427215,5.34257749384945,7.35443142077048,8.24915959439728,5.56621614840832,8.27419358936754,5.36926297833663,6.48213143595284,5.48539360971808,5.06414536763777,8.36219306106558,5.60683324399002,9.99755531885261,7.23392024237139,4.9910300772135,8.55292091370144,5.9964954383133,6.12933034899083,5.75009392381946,5.3929760151712,5.37333341987327
2017-09-28,8.48490372098491,9.35707207221982,6.06720850348864,5.06100607633296,6.68767977553843,5.03091751340526,4.06254191233551,5.49228557858472,5.97959008637392,5.52584288692511,5.89210159435285,4.45789729110776,4.20087251313625,3.90084379187803,7.23168188725915,8.82520319864535,5.46372323800694,8.29226861706547,4.795168745619,6.53087077382022,4.8989074880012,4.27391455817312,9.0210814984904,6.43623076842091,10.0566035423256,7.38062801734759,4.0509489002823,8.94842711316385,6.00188207657967,6.13778289078176,5.50233090167512,4.87223059785433,4.40491973229789
2017-09-29,8.28893164448436,7.0642412432296,5.73975269653003,3.69565464271351,5.5537790994757,5.43528189319509,4.3893067708593,4.17703904505003,5.08920384778609,4.1094925328184,5.03726145228469,5.19264200164075,4.75289304251163,5.6407140836247,6.48868737332966,6.9417018276964,4.10571206247209,7.81195982031951,4.58047115891994,5.28983867778646,4.71362766581715,4.44647917141561,6.95491363656317,6.55871270685168,9.87606846722039,6.16422932609424,4.52012622252767,7.43671699230704,4.77758555406223,4.94941068099836,4.20547903082382,4.57428324185754,5.08309568600382
2017-09-30,8.19174681520712,6.25932160151568,5.28542035129784,4.37853052361979,4.76292893491493,4.71520798437389,3.96201214242339,4.64657608963835,5.5130430946028,4.43586126632072,5.62417618759011,3.52632364921595,3.62112270613313,3.426773993188,6.5877436595161,6.19027153232626,3.85736524946949,7.66649905597479,3.63358388964664,4.72673386204555,3.66274541800192,3.68267076535484,6.15050843498618,7.42279629675333,9.81955087587447,5.51034086069709,4.03581278415977,6.90040987702879,3.97494872256131,4.21506127194285,4.72547854888372,3.9431614538054,4.01897470969626
2017-10-01,8.67238507698759,8.02945010467965,7.97615770753583,5.66785344844128,7.36806442162576,7.86790862758352,7.39470153783153,5.84977192218395,6.4391465163132,5.46468524749322,6.59235648855288,7.41140902149168,7.40193887422488,8.27991197584328,7.37329980785139,7.94057005392014,5.4698239899661,8.27568439083193,6.78302490853408,6.7464300625075,6.51727767947567,7.15355750296918,7.82084999241943,8.44950053125623,9.96885633070668,7.86709500467562,7.47543219618054,8.61711269866171,6.60429307091422,6.63890937902822,5.75013781976389,7.2139492879891,7.75356500712762
2017-10-02,7.97199536287416,4.34886190494272,4.06672397927257,2.57985800920869,3.68769987019989,3.95102926897307,2.72800492508354,3.08348928154096,4.36211585527268,3.00422720109435,4.33576785911459,3.34484958745074,2.95887216015498,3.68006373527595,5.80399755569228,4.64634943082058,2.63300952364692,7.21247295290782,2.80346625556052,3.76500763108875,3.03542577927855,2.69718470034633,4.42483371265585,6.48777835893211,9.65175304730993,4.20578536875921,2.92878336878677,5.28857497145399,2.93900895706658,3.22205755775654,3.19999022769785,2.75154640319548,3.38182538699323
2017-10-03,8.51150681947943,8.40169350572777,7.39900508238341,4.40347166727112,6.81670120843368,6.81135634135789,6.43540668717998,4.97402555607503,5.81765146900153,5.2052883127558,5.56422494109315,5.90287328198927,6.07540736158313,5.93165469108415,6.99878716907845,8.09600112894944,5.74083316171598,8.10070853075075,5.98107659066706,6.33079433260019,5.89761648184477,6.13496194641364,8.13032997009084,6.28342726851389,10.0023115893038,7.55514365828692,6.442587849404,8.79099026111083,6.13505311698458,6.2606958613423,5.04561231356203,6.35422938270381,6.36742895952124
2017-10-04,8.6693665795116,8.91267092708252,7.40011748858014,6.47871024536041,7.26404711266397,7.37979401423952,6.58449853959108,6.91951060554707,8.0398077824605,7.56151230484861,7.56395834562766,8.90231418602826,7.71286991604409,9.40669202542296,7.97904656328264,8.57690344654628,7.72897333375766,8.48512702162142,7.6499892353515,7.32007905257034,8.45083287268658,7.06269894603678,8.71239216786499,7.96896030129282,9.01394977636142,7.86641585204591,6.70318676729089,8.7984071626256,7.02058357498689,7.18666347828919,7.19159287145638,6.6751838305917,7.62322380178902
2017-10-05,9.28284658481761,11.5661266345121,10.7760454778246,7.88155353384201,10.7005190985672,10.4048281053885,10.4267407893763,8.29893107575844,7.75321069906114,8.52862925465122,7.543406084201,10.2349568807696,10.3430054686597,10.2957215132207,8.94628013166993,11.1400066940929,9.80796262901893,9.31771852970713,10.320850460849,10.0480228089078,10.111866867985,10.3817109965177,11.2330448209286,5.83689118908523,10.4970835274188,10.9355632826247,10.3648745735776,11.4442929570583,10.5142499153608,10.4113682342909,8.16624619320522,10.5677831063445,10.3897834935201
2017-10-06,8.22860358611124,6.99594832537555,5.61342488191883,3.66477015559515,5.19769482559861,5.29792697664125,4.25118481666561,4.16625762116918,5.05558295407007,4.19394301402551,4.9707177456325,5.07507137529309,4.59228461544622,5.46756879661923,6.45356773167701,6.81590422164841,4.17121809078477,7.76724188137001,4.434017239629,5.02432622543984,4.69661213703217,4.27587327371364,6.91283495017409,6.18846010483924,9.99894120792265,5.9160197346338,4.39062180966665,7.43302740586543,4.44462181465939,4.65986613945606,4.24759508395525,4.31474627483723,4.91393942811692
2017-10-07,8.43069335350908,7.07584094295954,6.19314596070862,4.96870772271239,6.04269167987106,6.29422720594702,5.07690975030572,5.30113620847529,5.84319327630665,5.17710755236923,5.87777002182438,7.03634770617588,6.06534619589144,7.91162337273158,7.05140452809186,7.05219000236194,5.04529989985358,8.02706330143197,5.72909698765314,5.9442713686363,6.13789513777803,5.41346536261984,7.01369171686472,6.89598781048858,9.84516768144215,6.49329004222642,5.27943103335772,7.48527155935403,5.45983618600867,5.61386412972006,5.31244498777798,5.2310123363929,6.28106069985048
2017-10-08,9.59756413566293,13.3798815608203,11.664721823877,11.3502213558722,11.8992958491154,11.2157452000868,11.3924939329998,11.0594565200717,9.46519102198327,10.4568711285545,9.91874004730943,11.4702753736768,11.4970624417342,11.7792619070642,10.2120060262565,12.6709117379723,10.6658150716104,10.004290147172,11.3687476825884,11.2572745500412,11.0388235625505,11.4413727165209,12.9464997639079,8.44881877908425,9.90758344861591,12.1792563823704,11.2791750316883,12.6461380398258,11.6186701246233,11.4269016717167,10.7096342304392,11.6877961474139,11.4642216565778
2017-10-09,8.75394548566818,9.06669753668208,7.01164394673998,8.04739653096631,7.4429425480918,6.52718718876268,5.71267264611139,7.80001690823522,7.02185211782495,6.91124831408444,7.67442345453607,6.52190023604386,6.1337642723394,6.77006660118738,8.24692719352707,8.75524574482532,5.99463577448787,8.67991584886599,6.1708308329884,7.33739594714038,6.15670981995947,5.92145122514175,8.81554101079705,8.19555823932113,9.53649857935303,7.90499297811833,5.75409265387241,8.82574832583969,6.78690801401144,6.84049935833646,7.55479374244824,6.24399373716261,6.32502237703222
2017-10-10,9.03650780630227,11.9856410219354,7.9393470565454,8.95395550916881,9.20671884516895,6.94320660779612,6.09779532050763,8.66898069921576,6.3166093631758,7.40957960312821,7.26863688744893,6.83584068365064,6.5363625937746,6.71326397113585,8.82342512633459,11.2224521611878,6.89586465102526,9.30855831712647,6.95536489737243,8.8358188206577,6.69152346230548,6.49388809229612,11.5616294059347,5.66585648709316,9.98778258575315,9.64902294888433,6.03484933883891,10.866292313175,8.4770186552303,8.4044746406731,8.1214021138311,7.2651591256921,6.67778223823431
2017-10-11,9.01643336597134,11.3775995910532,9.73151368921424,7.5692627776442,9.24032341632499,9.16197018355166,9.20554670352116,7.59446360608195,7.3818841449286,7.1012222196407,7.65455422288764,8.48936495649753,8.83635401082906,9.01593155437718,8.3376841820658,10.6935573387854,7.27688825753372,9.07480200805528,8.38710571690348,8.36191942405905,7.91096240801137,8.83934697839548,11.0427809320288,8.34921544380337,9.87826216017382,9.93226283613779,9.13709380629796,11.1191409416017,8.46152687958533,8.40188996155351,7.38487651548235,9.1190867023929,9.08656335594253
2017-10-12,9.27444251593356,11.2445235987985,10.3495172232436,8.7853053578172,10.4462421640564,9.71261411263692,9.90867898731502,8.99684535814343,9.21534916735322,9.25433700699668,8.96543550331159,9.04722480265321,9.45462054293996,8.60131040385882,9.21652630737368,10.8567386108492,9.83798627284917,9.30192341809273,9.71539962096569,10.0020383155693,9.43404176778651,9.76288296355262,10.8508698611158,8.78536382826924,10.0669504316659,10.7071591178488,9.78466594182011,11.0706800362145,10.2824515058473,10.2056944975362,8.98835151842614,10.1424557174553,9.48983385286176
2017-10-13,8.3883007811339,6.22511398446291,5.89007543621228,5.5050559055771,5.613177302495,5.82024530188985,5.04727761198052,5.70200945615948,5.91175473724485,5.45193670717342,6.09954279929836,5.98280649886527,5.46877959522427,6.44384978514757,7.16994593749523,6.32909941228088,5.05560691184515,7.8646817823851,5.25151593640995,5.66019137359412,5.55549209629241,5.11619451561987,6.10101608850899,6.77712480416105,8.81679874697809,6.13807023679434,5.17472330299432,6.74480795878024,5.05272112486621,5.24872190659434,5.71453451169061,5.02112840232895,5.66580662702769
2017-10-14,8.89748511230955,9.88913893877249,9.25091295916097,6.04279876467963,8.79656416271727,9.25358802236409,8.86462838879912,6.39011134222403,6.21032419273608,6.1789919547482,6.27366828785385,9.98271688189841,9.47307087106588,11.2776498095302,7.79928440302893,9.52575321277624,6.95939862825885,8.62600934513215,8.69985461256308,7.92395435848774,8.64935495613716,8.89605493177627,9.4977555774413,6.21308393912171,9.39396909319229,9.38699961544796,8.93111403705701,9.99599729622914,8.09916400292477,8.0686863756343,6.21217375159429,8.7339424457503,9.62522861878071
2017-10-15,8.71992630417036,8.95181080255432,7.17397578297552,5.8111722980157,7.70398246864418,7.7774833956435,6.94384730807092,6.10552468384465,5.9659742969368,5.8222332368126,6.10699715391257,10.9612263492558,9.11453319473905,13.0672324832769,7.56935513072472,8.69757247682749,6.14249236214794,8.48096695209074,8.16907237018181,7.21104615449469,8.7868771560531,7.75253216551391,8.75580067023159,6.26014785930407,6.00104410229783,8.16949182297761,7.12183962778074,8.05950404115214,7.07261859384342,7.11036676748873,5.95839463411972,7.1418863219175,8.93994211772284
2017-10-16,9.13136031853486,13.0573501318227,9.80435050255625,8.44673167272562,9.92426629462257,9.69458505665615,8.58754136270879,8.35809382050866,6.90789254479965,7.53032050901327,7.48403979802407,11.6647155726069,10.2583852873112,13.3936653477328,8.75100222484812,12.0616020106194,7.64909774425121,9.43271543690252,9.54600311005381,9.07070471951783,9.77089235138366,9.20529683527733,12.6052799399594,6.60205416668142,10.6586746825518,10.645932974386,8.70682387558958,12.2911031223981,9.10437114827964,9.00241419196548,7.9525519922368,9.04061586002198,10.3339818459054
2017-10-17,8.54030361689945,8.12229998209267,6.89089489966971,5.59312941615275,6.64515301657113,6.82971704945546,5.96267284518142,5.91739879726366,5.59416833678077,5.74878192927806,5.73370864860287,7.56487469580134,6.74962659789097,8.29823825010349,7.39380622999875,7.89390058113277,5.9104606261461,8.24048355814701,6.44597416078685,6.46074907014645,6.83726891483192,6.19827361515237,7.96560412799524,5.17138581715206,9.34983622883455,7.24246551798143,6.0944674269905,8.26269013356721,6.08140248786632,6.2216499331669,5.85254093221364,6.01978040955436,6.88537192281656
2017-10-18,8.90236219442462,10.2513742055566,7.59590336283217,8.28732392251126,8.35012334595848,7.04672104053682,6.16383103920712,8.33056739813849,7.27116838890215,8.01298426384463,7.56294881798027,7.5411387003316,6.86331255099213,7.3501368342147,8.67983916549159,9.80574725076328,7.81901413923277,8.98795127571879,7.3147253265078,8.41610866121715,7.61392158762362,6.65625771608861,10.002055272286,6.13640490575158,9.95688111157233,8.69959930107727,6.18886505454071,9.70241740554457,8.04497535916711,8.09590792573088,8.16858330053732,6.9342600823091,6.87354105005195
2017-10-19,9.0580963836637,11.2733093571564,8.62766342347817,10.643343378498,8.78466318749884,8.78031412942289,7.33984809254654,10.189481970077,7.93823127388231,9.25313351854718,8.78777258018025,11.372829788777,9.44418070409688,12.7406660953795,9.4781056759168,10.5875230772346,8.42649037678987,9.37319719734907,9.0826511507044,8.840737296571,9.92389939103559,8.26186261348597,10.9784845668735,6.66317210075349,10.6715711284188,9.35272792462751,7.54659432110344,10.8412193490741,8.3823991815311,8.41595151237818,9.86958617568235,7.79912862789621,9.3766767781328
2017-10-20,8.19716583463564,6.10156833180399,4.53515838262212,5.60784743506194,4.47856702277764,4.00696300810317,2.95373160289224,5.64402434437389,4.46953393005021,4.90662962694413,5.13401068646963,3.29038262557415,3.0162915999711,3.01876578994921,7.0084896974326,6.06513455141628,4.05947892120031,7.81259463330819,3.29259191568204,4.84874869332364,3.57089404050583,2.97823635612339,6.09072232998283,4.20117823221045,9.64569978544896,5.09450773812495,3.06026794687761,6.47857019714809,3.83728541059745,4.10852451957002,5.49258229088121,3.2286750233557,3.32537073032189
2017-10-21,8.79264605615827,9.21176442738315,7.74051287847889,7.64470925189016,7.68261403630443,7.11392993666268,7.70239215076745,7.51970265376378,5.89563420651012,6.61153518503828,6.62609212333021,6.13035950863155,6.86188615212208,6.05682104489963,8.13558875964151,8.85682272184358,6.4382257045675,8.70878299903245,6.68772643537444,7.27716532325441,6.21310847699071,7.18650639469495,9.05928219208512,5.45534700794143,6.5610960404377,8.28642702012568,7.54976970371094,8.54569302986647,7.00676322134537,7.05479625054795,7.19225975088447,7.56379269351116,6.97795099185435
2017-10-22,9.20520819865005,10.4812706602603,9.753084840824,9.53325236141738,9.85068852278954,10.1109766215361,9.17860673698877,9.41077153343717,8.82044289344788,9.0606095720282,9.06905274491784,12.5336072913795,10.981637456562,14.10081479922,9.27436251674289,10.1767887417181,8.97649337092476,9.14480429949623,10.3610168621754,9.49470574372156,10.8825670143077,9.89979076321713,9.99287456910747,8.80226651664974,9.83344655280391,10.2010419602318,9.33880670062009,10.4740001453834,9.51831740759684,9.46015273869576,9.25087240173366,9.42496372478225,10.8935357968037
2017-10-23,8.89193330583397,10.4545759680408,8.25221177442227,6.45143758030601,8.77196439184043,8.51217514678713,6.83532494982542,6.71669259181842,6.6790781371363,6.43621913948419,6.76798408781152,11.0292068908104,9.09933425191989,12.8290169547171,7.9668349476885,10.0049114661106,6.70976451579745,8.7967378415534,8.51117646836187,8.2023465594436,9.04321276006814,7.81130372235661,10.0778283647562,7.20879673470728,10.6032986613786,9.17164177128235,7.076515366158,10.1888108250476,8.13214038880876,8.09440162407744,6.52662007044763,7.51364607667629,9.15665906246638
2017-10-24,9.27531339958263,11.742067956412,10.4613940107435,8.76103043709123,10.5333288279365,10.2682633940951,9.93748814490231,8.63179092790285,6.84179856108103,7.64737116241982,7.51763591022827,10.7847944360024,10.4733122753428,11.9537766039548,8.93248605127813,11.2163998910883,8.0248262999361,9.32877268087779,9.83986167119364,9.58397476390158,9.45835574035124,10.0361744686008,11.2665712264748,6.38816774396168,9.9935760598917,10.9276576842236,9.94085837908149,11.4466936452126,9.84094303798848,9.6718289135293,8.12593186038772,10.1807446589959,10.6269581066401
2017-10-25,9.1021259077164,12.3216811130497,8.94587923100495,8.19807579080577,9.81695751794931,7.78949130137295,7.28841181565726,8.29161185870064,7.46290468869278,7.91313051064946,7.69455412508642,7.19557896176131,7.25179051930543,6.66520459099743,8.78628534665642,11.5423371384755,8.06269621185726,9.25899173120665,7.81071095373198,9.30746642338089,7.52138319287009,7.46355334025329,11.7695608193194,6.93337642101476,10.5913485155913,10.3275514581084,7.1671872765681,11.5291925956903,9.24554225779933,9.17374453006992,8.03352365752658,8.23983538611106,7.37350574494579
2017-10-26,9.16423942045595,13.521290039974,8.99509320223867,10.79872057759,9.70129716642895,7.69879326192756,7.2272152899792,10.3399407879014,7.37371749651901,9.17477147878907,8.38662673441633,7.56086276107519,7.3751531891241,7.11578054523091,9.6201469424475,12.36185030946,8.52012048514625,9.63790621872217,7.90714157938201,9.42847484343423,7.84241916486378,7.45426556661453,12.9186497456351,5.43182294356636,10.2352698654624,10.5436088302789,7.08787090473875,12.3136896331521,9.04111517507582,9.00956152355553,9.85414391124506,8.10822020081511,7.41662093519394
2017-10-27,9.41948160709011,14.0514325437444,9.18890410294898,11.1640745790862,11.2339212449546,8.0330611766772,6.9577196772625,11.11723800347,9.75485044251339,11.1084536266768,9.83630530920639,9.57143670481297,8.33659645213448,8.74068480917555,10.2950134205752,13.0903523872671,10.9825455808597,9.85388080992132,9.57128885996832,11.3388603200004,10.1262008084805,8.10854130636851,13.2541372239635,7.32553336673816,10.4075793447204,11.597196154672,6.86315552538844,12.5162434180921,11.1705572450958,11.0952966205046,10.9564250930833,8.6987925623513,8.02250042725932
2017-10-28,10.1050398129796,16.3575101339066,10.6563964433309,15.6942353350834,14.3098678292932,10.6402133416727,8.46424240827957,15.1588616270525,12.4912929562873,14.8040917010062,12.8762092708607,16.3404708421388,12.769344004845,16.9760554581674,12.4690209148133,15.4420677373327,14.2913456393123,11.0748627368407,13.8007048420532,14.7973872509056,15.2260980076186,11.1822573462641,15.6187528404491,9.02697483415206,10.1384610624195,13.9004133356119,8.59130970373941,13.8221973437846,14.8277061096951,14.5594115239963,14.7828912382361,11.0991891326498,11.9567974668182
2017-10-29,9.9624590587614,15.2861708868355,11.413938327969,15.3813389817906,13.3885721000053,10.8854151792744,10.1597551007587,14.6426779148867,11.4272835709176,13.7922183380043,12.2257631333139,13.4012281389154,11.9564467613516,13.3891389342566,12.0298476483252,14.3946686630565,13.1880458175633,10.7527840086883,12.6566789032251,13.4928829339467,13.1262659451342,11.4080849466789,14.5921630564339,8.43494081869326,9.88880797133675,13.4018961478046,10.0876178849453,13.5716245321487,13.5536474864882,13.326930452469,14.1717750392285,11.65061862351,11.5033965011391
2017-10-30,8.81264887602852,11.6672050080353,8.79350379214362,6.0932699127986,8.54385756593674,7.77495314955136,7.2295542337382,6.47824518224958,6.97575255280835,6.55443739927248,6.82079732103978,6.99769981698186,7.04961310667963,6.91841955428531,7.83399403420806,10.7783896920063,6.96289731225562,8.81485552590956,7.16197101114066,7.82634171657636,6.99933192471678,7.10776411473524,11.1813750543882,7.40319599854536,11.410306102158,9.44279684786157,7.17816916274728,11.4553571230606,7.76209524490329,7.78448745461214,6.45049213715354,7.56933029600344,7.31993224613401
2017-10-31,8.742197823088,10.1943122013913,7.55502125490238,7.91931635358085,7.56689873428726,7.14131202908574,5.93231227241759,7.78385685676937,6.42812662613862,7.00707642348117,7.06638662275703,8.05739656979725,7.00384454631466,8.79609234915383,8.26388423217655,9.55311007809903,6.43555518117794,8.73713093099334,6.84603369719576,7.36263220380387,7.23694244393789,6.36706591712699,9.78878719299228,6.12637946912392,10.6840936017243,8.35885785653437,6.04741470807738,10.044522536368,6.83960817827509,6.92116308531174,7.52731712440321,6.37244234740396,7.1592346084656
2017-11-01,8.59124047196066,8.99087215441466,6.58647838573694,6.72985085365501,6.84048518182311,5.61250017844687,4.69451410660612,6.80386677489023,6.3645608274844,6.36752917392388,6.69784954741886,4.48633376228321,4.5106263440906,3.85071320027342,7.79411128329364,8.58803224410421,5.83676127759909,8.45328917445291,5.05826391036283,6.83422188357172,5.02854447221776,4.71953592640102,8.70882218762027,6.66066909505799,11.1354940466238,7.43473932690409,4.69688920212026,9.06146727015884,6.22313848256945,6.34587884302647,6.68619172906945,5.32365537962794,4.81409747257694
2017-11-02,8.33331604319689,8.40198040943574,5.1197376112202,4.31857430895311,5.88234066251054,4.50592910959747,3.18319408953833,4.8438694181496,6.22197609383615,5.13327693009883,5.91236262411096,5.19315311628566,4.17115746168308,5.21733516610907,6.87372954813456,7.99498081623249,4.91324021612712,8.0404131622702,4.54886568444835,5.87899443942276,5.0706828984191,3.75530430148529,8.14697968573579,7.53948585590803,9.06345387031387,6.55709417689204,3.2749626988678,7.90134823617605,5.22726294985628,5.41896856992311,5.00577389505358,3.99466115588059,4.26304921297126
2017-11-03,8.41427358079495,8.17477114170573,5.69156928721475,6.46143692064896,5.76089321470013,4.93430855309504,4.31771948896551,6.39842784984599,5.60696181626846,5.64792347281073,6.21684918035173,4.28296596994644,4.21750171435837,4.11053657759031,7.44857100264307,7.77564631038214,4.79670910238828,8.23829320230982,4.38578707951573,5.7711715231836,4.43229908234874,4.24371734962869,8.00850901797721,6.19015453187784,8.79080007741908,6.54165493708089,4.32007932866321,7.91533481920471,4.97745355227327,5.16175155998561,6.23792710595297,4.61207739595538,4.45519257151609
2017-11-04,8.3761698692719,7.11502355536452,5.55036518312585,5.76967695233844,5.593894331474,4.98873364536831,4.2058848483688,5.77209273822645,4.98664844208229,4.93965507252291,5.62205596810324,4.20726013654718,4.15055521397633,4.23151649220591,7.14985448534643,6.98856980577579,4.23632690988624,8.01902087951906,4.19086165908073,5.5488025946236,4.13673569372963,4.12814923189588,6.97435864018342,5.76576169638193,9.26261040770358,6.19645892892473,4.25962674079232,7.2839376821816,4.80256414791413,4.96842331959427,5.55884901814846,4.48960722795394,4.4760938010023
2017-11-05,8.80124503693101,8.217427603867,7.32999770190242,7.33920598655515,7.78260544610396,7.01458086479661,6.3165974408348,7.32261280250916,7.3317924566624,6.82979463156379,7.62484001442077,6.83764182544867,6.60670843127071,7.01217147574316,8.11344032795872,8.21216038569402,6.36544874653767,8.53616049488368,6.65065348023388,7.63135158703704,6.54651700831652,6.4810092498594,7.97861624240747,8.7165434131321,9.58340463688656,7.99418516031742,6.36279361052882,8.32650332335688,7.29355259599573,7.31941318232317,7.18101148401237,6.7950799010378,6.79646705348312
2017-11-06,8.2973846316003,6.26697178378015,5.29958224970044,4.75303319573956,5.30346282244008,4.93779888263303,3.83151059851632,4.94469260997692,5.63818440781921,4.54015666513949,5.85511322160453,4.38761019732426,4.07132804933414,4.6176096557073,6.77594822634264,6.32845470773603,3.87846457142782,7.7701296217347,4.04448541749526,5.25892732875072,4.10315096185278,3.88310570492541,6.13072998793718,7.84318015173797,9.92975929025298,5.8058711938612,3.95921950681053,6.82200227872084,4.54773728096839,4.72462961107364,4.92406102126464,4.14034213849671,4.43659942719698
2017-11-07,8.63152890493148,8.57301173199552,6.84337546272752,7.72472550761637,6.78965114420208,6.26591326215722,5.54555152755839,7.51418553731427,6.54011009680725,6.67699445073432,7.21164958604384,5.97590208213095,5.71392352132507,6.11946989252804,8.04683490163262,8.23754505500635,5.78726734138135,8.44893229896578,5.72364438597156,6.72922278580888,5.79046417461328,5.57090038307825,8.25776114854101,7.15441563914592,9.73731534293664,7.48006247831486,5.58249146636056,8.65680135548024,6.0847035373171,6.20369152617577,7.30908162926115,5.81550436419173,5.94377698438867
2017-11-08,9.11616262540296,11.3973028069016,9.63368022723552,9.48449410970035,9.40372252424893,9.05953380020831,8.67372748742282,9.33634105268501,8.45044266723228,8.92670627926319,8.78951960252646,8.92950642312167,8.77388814906734,9.02379574096838,9.18367186761899,10.7609462389528,8.72178804776403,9.27999461206204,8.79373170486009,9.08868769301954,8.78704557029545,8.69047941896429,11.0187480408827,8.04949629488548,11.0089738439633,9.97813540410709,8.65338782102749,11.2912463351267,8.97927525675554,8.96615260806355,9.17333395999434,8.87586649552242,8.8983486740265
2017-11-09,9.25910636281971,11.7371838017341,10.4509353606528,11.1809078855066,9.87610441130954,10.2065334412422,9.96571881643692,10.6650579390576,9.13796775831352,9.81399184731461,9.84967392791588,10.9655475864608,10.4746255458783,11.8555911185782,9.761186882882,11.0477393409806,9.17947162324707,9.46623031228422,9.97158371335757,9.46380406539669,10.0647896820295,10.0165769732217,11.2461794501507,9.04050751225112,10.2362266756617,10.5891471593447,9.97553360737845,11.6435374371943,9.36327775939507,9.31933352193604,10.3969480663417,9.85516109739072,10.5262435207951
2017-11-10,9.19074479967267,12.511772932051,9.72183376889933,10.0733093088145,9.90293173870647,10.2743552912799,8.41398112853142,9.63485438955902,7.45889659534559,8.4049230749715,8.40371584723404,14.4487566086627,11.6597022704621,17.3775336506997,9.28548560486548,11.6435157674288,7.8877685185214,9.42123660444854,10.4842995593447,9.26696485423603,11.3431710259194,9.68794148256522,11.8953704107381,7.1680754957829,10.6995405878304,10.632973005015,8.71822750289908,11.9984384546635,9.10690276219983,9.01313836677235,9.14390978368037,8.92438042412631,11.5944113317892
2017-11-11,9.30805910687269,15.0214183794894,10.8096275932837,10.3368043462679,10.6814517988421,10.3723320971708,9.71837604149717,9.94770105005205,8.3961549839003,8.98337262879024,9.1066111917865,11.9883002987658,10.9417617996946,13.4714538385727,9.50041249663838,13.5955485494668,8.66224425397591,9.94668702221129,10.2734671833651,9.76655569191239,10.3738101586161,10.1032847517845,14.5246347471669,8.50536162241082,10.526504950476,11.6599206618355,9.73511794662545,13.7973557841978,9.80642485765087,9.68216187582428,9.55426625151196,10.0271380547709,10.9807689698716
2017-11-12,9.45146461498858,14.5839951427913,10.9880107009857,12.0013786127776,11.1122631202219,10.4942292740098,10.204511468473,11.5565592286772,10.1776973272641,11.0204614671625,10.6529710844128,12.341489547833,11.3218883212665,13.1546763177027,10.3283456159716,13.3491017201132,10.5650545499893,10.0364278457636,11.090595562317,10.6431870694466,11.455480350188,10.6763342579221,13.9755922741191,9.45386113955278,9.45867771294229,11.9701506972909,10.1534371503462,13.3401079464614,10.6534832789619,10.5671116583225,11.3452893892285,10.5419431266319,11.125447583726
2017-11-13,8.91946159930598,11.0917584396488,8.62497952225704,9.29210613529924,8.30577104436966,8.06584523774879,7.43005368368159,8.84831815994567,7.91374825679724,7.83149371465411,8.67745403872186,8.11778874085464,7.76501979862124,8.7742370142415,8.75434701995635,10.3230195120494,6.80962827085329,9.09343355601773,7.44417779253451,7.89694905306626,7.39396069027555,7.44161641844125,10.7223026637633,9.3036853186057,10.5505562434208,9.13326455712689,7.45473878124137,10.8463894157914,7.48173234079233,7.49795507787398,8.58321147241254,7.60315274715915,7.99899880466511
2017-11-14,8.94132660435243,11.1371650523262,8.73934640398624,8.35753356858043,8.65901118801392,8.65825758045264,7.68990860873106,8.37684662285733,7.60905325241966,8.10198069942514,7.85610615267102,10.5674368225203,9.1703771477903,11.6925978655917,8.68875704474354,10.4273979128462,8.0329173954571,9.0359338083981,8.79299957171106,8.35727545228882,9.40126001095772,8.27228500916207,10.7450222449831,6.91344784237075,9.93136480735777,9.39183994965541,7.81063143869663,10.7352877879247,8.14566591073302,8.18800212581003,8.2578871756105,7.93841928090857,9.13454586673397
2017-11-15,9.99455902577143,16.3257504844117,12.8025656024318,16.99949508241,13.2038199643906,11.7348784420367,12.1441843518681,15.613179287413,10.0554603214625,13.4200238935562,11.9734560798382,11.5114771991258,11.8642799752976,11.2852570605716,12.2600485561143,15.0310907956217,12.2419350563435,11.0428839470399,12.074003981828,12.8415282778301,11.5713420434859,12.1058045031974,15.7225551983751,6.88833694155253,10.569188089458,13.7329812282157,11.9020307105615,14.9322491643145,12.8441568849557,12.5927212262767,14.7252760211604,12.6835153612698,11.803153828139
2017-11-16,9.57173580581218,15.9104649402626,12.60144768447,13.5526013484131,11.5280680970795,11.690751790411,12.4152176734412,12.4104903863081,7.5780463348099,10.0590220948653,9.51924249603756,11.3292050950717,11.8637073687579,12.4381617088939,10.539372079956,14.3031993157587,9.26522917716339,10.3567394659115,10.9109860554642,10.3298078164703,10.1849109211373,11.7750460146615,15.2577335791202,5.98451381247491,9.64046147612345,12.8298170215338,12.2088811720572,14.8139888177724,10.394336140205,10.2043347950656,11.5195723119614,11.9960676984603,12.0471804469156
2017-11-17,9.42607296964881,12.7115889159012,10.9535539115361,12.8858940880554,10.5021651486324,10.6896228083034,10.7385928562652,11.9792083541461,8.23687735177138,10.2572204485839,9.70537899024859,11.4549955905892,11.1364585677766,12.510624118743,10.3494985445197,11.8723338816023,9.41353749118273,9.86701343451554,10.4821805517175,10.0141222682582,10.3621258726606,10.707558837207,12.2565129937211,6.73284147728564,9.40748407023939,11.2126411454049,10.6975173175278,12.1612894270372,9.8976833077822,9.79348099827862,11.3486191826186,10.6115512980314,11.1637852851568
2017-11-18,9.93141093844184,16.4275538548197,12.3605659962791,16.0068873909692,13.0902692135716,11.2655838804627,11.5042511374007,14.6207283609102,8.85404702451563,12.0332194426287,10.9912298504597,10.9494716109271,11.3209555014813,11.0450729876296,11.7614354404561,15.1032756657333,10.8671511314432,10.9645061915546,11.3658439717681,12.446204645247,10.5980978271546,11.4938699164079,15.8398810790491,6.40685907089336,10.3430798348816,13.5851539988058,11.271163758678,14.7958548263591,12.4570241964225,12.1542834663056,13.5597390929771,12.2543377205241,11.3612664663938
2017-11-19,9.28396095724206,13.2156164363896,11.1772617452673,9.10004660800326,10.6039912827603,11.6835888523611,10.7833410704904,9.10995077398533,8.78149106383901,8.92003283567326,8.87387707377057,14.9195574779636,12.9931748971602,17.3928341123523,9.19390711788707,12.2611304120217,9.33753705639827,9.58500762328426,11.7765425429218,9.72857486105429,12.4033197227693,11.488143751355,12.7904990128674,8.72103429158086,10.2665813396038,11.349843384149,10.9730052680996,12.7034115575624,10.0338748918526,9.93583607069319,8.96739526958837,10.6698034697345,12.895590307822
2017-11-20,8.88268641765252,10.970647531808,8.66017352997932,6.39676537425361,8.76368474804175,8.42973236462087,7.68020894919242,6.63439701534145,6.34287694050356,6.25487714001123,6.52668880646398,9.46485293854015,8.64747043367501,10.6415018986265,7.89508064001551,10.3340650173136,6.64570852200297,8.82934157411618,8.1243270604046,7.97432824438535,8.17174269569165,7.98981927459428,10.5763267929248,6.68834852610384,9.5245656055804,9.41569912477928,7.74547472061965,10.4952252284783,7.97407638315932,7.94146911925338,6.41357072368849,7.99543575033671,8.76929631872696
2017-11-21,9.09601798291807,12.2573017476571,9.23667436279655,9.27331372700203,9.4935524446047,9.03289155661518,7.98663369737432,9.07702510310434,7.87006486827673,8.39791126701317,8.38741510229044,11.051992338613,9.6133354211657,12.3530081353193,9.04636667212821,11.3943608257355,8.08151338962502,9.31134492224086,9.19483595972413,9.00295977336125,9.62368062477691,8.66277502216209,11.730353522363,7.66324550347955,10.0886444234451,10.2247989556744,8.08388355914232,11.5706128330232,8.83489775770896,8.79578050628654,8.79883704204445,8.48996588170388,9.59256791127126
2017-11-22,9.20754325432304,15.3573781364751,10.3211476602599,11.0161789216148,9.90976330761626,10.358089968885,9.32559885431056,10.5115369913169,8.8469268015614,9.6258435139743,9.59541947956289,13.7494458236146,11.6355519230799,15.9872991778463,9.67267590228568,13.6942814947943,8.92316044645413,10.0710040569488,10.6506330935997,9.29774716004267,11.4681214615626,10.1198758599093,15.0426736970195,8.57721179757766,9.89525912679365,11.1057956511003,9.46846382542632,13.7846398886808,9.10630892405031,9.07834279697071,10.2277943222821,9.42096473661847,11.4944307893219
2017-11-23,9.30286914872447,14.1593175685334,10.2097376235207,11.1688964270192,10.5340761886114,9.88990901579478,8.74421232549339,10.6806160359514,8.78778537691338,9.71469631830974,9.56488522462135,12.804857596673,10.8980539686173,14.477619781243,9.83260848701987,12.9174373352624,9.05778423970224,9.69719854637408,10.3694984813462,9.92620802133984,10.9770497287025,9.65054730815314,13.3152111373705,8.32916930358286,10.1834244589143,11.5475985458171,8.82733021186912,13.1388348564726,9.75948810386507,9.67416153690399,10.3067140535143,9.37194566281494,10.7680748474061
2017-11-24,9.43244872817868,14.9474112304457,10.1433228679636,11.2378897909315,11.2923735607683,9.15703618594226,8.64578282956794,10.7079951255413,7.54541250596844,9.25073776238225,8.68029474730106,10.0755474885656,9.47704512737212,10.5442429556413,9.91746681306669,13.6953109819005,8.84970157135187,10.0130210403941,9.55254724487327,10.5574382168744,9.33413037608026,9.14135896557145,14.2454930887267,6.15219686798782,9.51898017027154,11.9863490975312,8.52510004280632,13.2536053787819,10.5011560349553,10.3178373900979,10.0366426187011,9.70575659491833,9.44505037535809
2017-11-25,9.49022780399588,12.4250484888822,9.38586705776392,10.1322799094159,11.5427572309743,8.7550750706098,8.65545152201898,10.0964380341402,9.24760019997278,9.79067936153659,9.39819829790804,9.66015355307766,9.31315784243214,9.31186613746539,9.82334727777437,12.0069494782213,9.99136119836623,9.76220371653595,9.93229950896662,11.234672993508,9.7210110895723,9.31920605747731,11.9932848785917,8.62042204632466,7.25858783914868,11.3910227716533,8.49415481510718,10.6868474285572,11.4317493500473,11.2412150444862,9.81022395109776,9.96870222349132,9.04212494475764
2017-11-26,9.43027673523267,16.3336012260883,11.7636058285698,10.2421443761558,11.5991606449499,11.5516838772757,10.8201339100783,10.1875794508547,10.0492762062339,10.1742525446132,10.0183353695738,14.8995974189883,12.9706416238732,16.8493859776387,9.78054568879849,14.6708159466548,10.4184737266888,10.0802932994578,12.1792739282438,10.6057556381991,12.8664795075737,11.6217630779402,15.6087895366593,9.91269276019783,9.97587715572417,12.7756257452426,10.8689328605763,14.8353347053721,10.9024654169027,10.7847324459527,10.1099325213125,11.0806102595745,12.7313116511762
2017-11-27,9.36471313566343,12.6734335838188,11.3470004066491,10.8907304771436,10.6835804679363,11.0381886104984,10.7558644104906,10.8554426578822,10.4086049300088,11.1604746807137,10.2783802277107,12.3816114614227,11.5316129442633,12.8407637626352,10.0604557368452,11.8568292521933,11.3858733797843,9.57381785418507,11.4022237487384,10.4110738481687,11.9728198455802,11.0364634461506,12.039404284461,8.76452655893609,11.0777364787349,11.4483797999513,10.7596801584002,12.6597057607958,10.5592369252457,10.5501669336841,10.9254509684794,10.676737595616,11.3887063075752
2017-11-28,8.99859673916565,10.5195917721303,8.5173215595392,10.203388588754,8.49243424830223,8.15793152724411,7.43667147113043,9.60431829151939,6.74293951186442,8.09050580214053,7.99682984242522,8.62313117233555,8.05936776636928,9.36675735863592,9.11229188659894,9.96183214197253,7.14267166772492,9.13987753832262,7.75831229750027,8.26479953325942,7.78868436331655,7.62710821148625,10.1577650960132,6.04379347221525,10.1578862371768,9.11280236684254,7.48847677278562,10.3100046548845,7.80105705058437,7.80104014213674,9.0807251456532,7.72443541729901,8.22561087160416
2017-11-29,9.57151511606788,13.479573533011,11.1949821517511,12.7259132889104,11.5493855183335,10.2583677596154,10.3852847019942,11.7798813869738,7.29992798404298,9.5616147526634,9.05714269369936,9.42673747939205,9.97635940819471,9.70844823146716,10.3448512132254,12.6517900744642,8.86308019900923,9.98424022610943,9.79575443185297,10.739823124277,8.92704213924299,10.1635360086344,12.8127765641473,5.87681472712801,10.3013312706451,12.0530442230159,10.212569625788,12.7940392808478,10.7522746030812,10.5154385581165,10.859514600321,10.8873870865414,10.1870829137438
2017-11-30,8.99459206307276,11.6107551588433,7.02833304818572,9.578456092233,8.88458702698817,7.03405071235791,5.22534107123116,10.2518408299646,11.1730544443324,12.2258345621883,9.92983575683081,12.8914754567515,9.10250500439919,12.8767823823537,9.87505061101442,10.8712690313093,12.5722668103569,9.16692747715751,10.2592714893771,10.0342184544513,12.9021367179349,7.52678223637273,10.9888450085852,6.86817120184104,7.63238638700763,9.43920211634026,5.40186673505174,9.98313607374063,9.55808788506439,9.81129425565969,10.902367816311,6.60467560494664,8.12826794589811
2017-12-01,13.9478634594167,15.4969659389034,10.3492046427242,11.7354572515203,10.8409439941764,9.71779353786811,8.16361061568153,11.5972231972741,8.7531687665445,10.1840489906414,9.96735065353421,11.0914435174842,9.62787098565247,11.9491999792456,12.8163490389756,14.5409943891551,9.27634155542781,14.0313543525819,9.51948000688327,10.7790851084631,10.1360142484637,8.78873394721258,15.2764992502854,7.39722348515895,14.2792812544902,12.0076378815105,8.29535999919581,14.37987895479,9.70396511882733,9.92093544901206,11.1248869056479,8.86476756204937,9.77034968559894
2017-12-02,14.5989830244778,15.0420865302185,12.2592849347322,15.444488949803,13.6956519282536,11.7616095461619,10.7091636879233,15.0448663817394,11.5287103490984,13.706206400786,12.7207717684517,12.8181674657767,11.8316951471463,12.761533147194,14.7377085851488,14.7929412098884,12.9024610930734,14.6137946426358,12.3361748025661,14.0187332546643,12.6895114380913,11.4692543909193,14.6812392805569,8.97390652758884,14.2339679405499,13.9468825547841,10.7429331181809,14.26165037092,13.326016478636,13.3746967657673,14.5002158981851,11.8089053526669,11.7634501225386
2017-12-03,15.369341791329,17.6816369672836,14.9530705530799,18.8625505800068,17.6001454760009,14.3415023871333,14.1648511043655,18.1124860305989,13.4406711399182,16.3118472600883,14.9213762483938,15.3499597421284,14.9658298772615,15.03689057595,16.509497098724,17.4631603740119,15.7861131090595,15.6880922228182,15.6365762617046,17.5627709794675,15.3008903103629,14.959536506067,17.1311816404898,10.3775768119361,12.5658497043591,17.2632197532934,13.9978748145702,15.9486542450732,17.4794908111705,17.2373889374195,17.2398521859685,15.7445677144656,14.6818733893711
2017-12-04,14.474510377581,16.6555511255474,11.855256992741,13.3807949044853,13.7242746178787,10.3574099360884,9.56541039552937,13.3782015487494,10.4886575677702,12.3813390042697,11.342388784974,9.94580472829785,9.7560969286578,8.83470924176553,14.0195497631892,15.955208981728,12.1274329884106,14.5229580824741,10.8664991628426,13.6925774567016,10.800312471775,10.0409677961793,16.0838111175726,7.87035938651902,14.3158769023812,14.2952176222078,9.41712799657134,15.2634472755092,13.0673438535742,13.1100730451862,12.8752295711353,11.0861910124308,9.77984068430095
2017-12-05,14.2359649128844,16.2531045431228,11.7478817226738,11.7780525054719,12.6070889853086,10.6769757068316,10.0183569706307,11.9837883777082,10.4409104190366,11.4122311590399,10.9370036713286,10.9942797212583,10.4730283207191,10.787406461407,13.2610556697846,15.4034323254362,11.3229326275326,14.2249745831539,10.8801635366449,12.3715292618149,11.0928739620281,10.334079500165,15.8291651596194,8.960381882326,13.4697247162366,13.5592264068997,9.94781842772317,14.979644821324,11.771793246818,11.902344581972,11.7220098782333,10.8137603122437,10.4945963000893
2017-12-06,14.184586170349,16.5955982063492,11.3185887217708,11.4941222502383,12.4228275993068,9.9440154881168,9.12316216044389,11.3855737716293,9.41352859019758,9.88899993606879,10.4969646209959,9.15603736476976,9.14990645887758,9.07851712105569,12.8613259069557,15.6415084356564,9.18508009927693,14.2508379491118,9.42395752612029,11.8269759188448,8.99256755473467,9.21229887152568,16.1932146758088,9.95031862666672,14.1729149645245,13.3769013382029,9.02830390104928,15.1939925446253,11.1062308343689,11.1542567126974,10.8253850821114,10.183652423594,9.45948765480251
2017-12-07,14.0529642680574,14.3299000855145,11.3420980972402,9.5329608216216,11.9119286127588,11.1075372641101,9.53042456105774,10.0029345255913,8.65690381912719,9.38881356313531,9.10886277506711,12.8650201370745,11.2712518833773,14.1474474166931,12.2976645087665,13.8759574710817,9.77220271001718,13.6295832352177,10.9220247158482,11.4372192605836,11.4455141933891,10.2630467459728,13.8772943910458,7.46725851110038,14.5314902799049,12.7407435256849,9.70831492739514,13.940110273761,10.9219249332299,11.0461926982315,9.67475178651837,10.2131612589687,11.3988260840543
2017-12-08,14.6705667487449,15.8814162844489,13.1434250039847,14.883226433493,14.1292763043445,12.6093718770624,12.2069495273771,14.4165145133019,11.318446465452,12.7529600104513,12.6263539315856,12.0800188474745,12.2111749426752,12.0803083085373,14.433813607632,15.513877980361,12.0632206832363,14.9481983406482,12.3451438823744,13.9579522770002,11.8847038075341,12.3003843208861,15.9173625530583,10.517533357516,14.3074347648129,14.2464874950038,12.1619305880665,14.878319370378,13.5374555504893,13.4876192877821,13.759329068224,12.9251379053716,12.3877721788087
2017-12-09,14.3106625670431,14.1457620556455,13.6191347865926,10.4303999136659,13.0639714135928,13.7407670727008,12.9235183207608,10.7189984911458,9.20896855596426,9.82830576768692,9.82713483117069,14.5352892097522,13.7957296944461,16.3228573362634,12.6763296084165,13.909011987854,10.4789507299225,13.8267611432825,12.7429797310744,12.1394728295058,12.690449118595,12.9849170699609,13.759025410514,8.64054301060668,15.1524720467095,13.7723921449948,13.0766227191807,14.5578496606532,12.0516349018858,12.0685759145698,10.2843833627144,12.7849707471042,14.098839332718
2017-12-10,14.22582158473,15.515445844464,12.1624973205435,13.4014840925503,11.93345726907,13.4925349597642,10.8312527554547,13.1608443893349,10.7169900829695,12.0373382102233,11.7304189365515,19.501142307467,15.3691696027726,23.2902211658438,13.6508616923116,14.7496212026485,11.2612698987436,14.4003451173553,13.8218339668795,11.9344640421171,15.6904845192127,12.5630362552851,15.4553021252026,9.39030054308204,14.9911290979761,12.8623001128972,11.3842370031882,14.9259256379463,11.1516035503292,11.3266858478807,12.8133553983737,10.9885190109529,15.2073876947877
2017-12-11,14.9741103542096,15.8190930197554,15.0083169598026,16.4414279693763,15.4405843236095,15.2503563646454,14.7723897969146,16.0892761302973,12.796733980893,15.0279505153369,13.7524969377723,16.2060473048241,15.5811900251173,16.7536018490671,15.4085414779973,15.698907398941,14.9952406578836,15.2497027763518,15.4436046357497,15.5030294524299,15.5682012467989,15.179558096753,15.8876282660071,9.88998778094073,15.2321522801734,15.2922080435579,14.8493806796815,15.4471248488414,15.4216871345274,15.357246224349,15.5770395082228,15.0867210804505,15.5420586597821
2017-12-12,14.5303236518992,14.6446618308308,12.4715983721854,14.7300369637754,13.2239933307983,11.9650683765902,12.0170858718621,14.3160126473431,11.3681543792787,12.9048768126983,12.560486768835,11.4284141167853,11.7245860466633,11.1532818981852,14.3145610283004,14.4221240685073,12.1754681621872,14.6568927772079,11.9108135500361,13.3033574528749,11.623488364619,11.9412070727675,14.7135516422998,10.0729339201629,12.5269033584769,13.4561642294033,11.9281063007091,13.6570602133201,12.7537183669368,12.801638337754,13.802925378482,12.4080118967474,11.7835929950056
2017-12-13,14.2556882819397,13.2023168046832,11.0806028971746,12.1200351891148,12.1663044603181,10.925018523142,10.955432335123,12.1593880457112,10.3899289189858,11.3010994189998,11.10380814643,11.8723233495438,11.461071196538,12.2370709988401,13.280455776696,13.1562810291123,11.0883893095854,14.0096873437486,11.3586392870703,12.1524280581049,11.4578429966146,11.1937635944844,13.1810094228989,9.40134655691926,9.53451826246726,12.5171395403749,10.9093830989237,11.8799873726843,11.6121934795113,11.7295616072749,11.8333853745757,11.3097836126091,11.3140849167187
2017-12-14,14.054297532698,12.9927855197038,11.4452160035258,10.424280045316,11.3652491466152,11.4000618946512,10.463079777983,10.4388958207185,7.96197190975732,8.90088637537339,9.13246228075907,11.3726950105604,10.9608680834003,12.5792994338315,12.3369161008523,12.8441465385785,8.7362075862444,13.7453395005579,10.2664253354924,10.888419433536,10.0797186337225,10.4584809032624,13.0325617976824,7.55816222855042,14.4335893013583,11.9059060859051,10.608328124177,12.9707042556113,10.3103670962583,10.4059998197155,9.84881738708795,10.5726276772394,11.3555763749931
2017-12-15,14.0735257350755,14.2338210627001,11.1388625016194,12.2846565842684,11.1346126417162,11.4539715543517,10.3878196659225,11.9589679202727,8.72200583686279,10.179341787259,10.1995509052072,13.5922835384916,12.0702023841382,15.6120640701249,12.9611673281575,13.6855617143367,9.36540370316919,14.1088518100331,11.0533815964106,10.9146457981672,11.5462520755647,10.8608756537903,14.3371098262921,7.79860981462451,12.3816612147631,11.9768501840187,10.593135223378,13.2868008417082,10.0833025771419,10.2401841114334,11.3661295190378,10.404291159796,12.1646908090207
2017-12-16,13.4250819255335,8.26998706910381,7.09046330551385,8.64710137159762,7.65478856486113,7.07565102495297,6.61642039319638,8.71463811143411,7.50641075513869,7.44711841073061,8.51990077246049,6.91501284120665,6.72745763126368,7.30042924801209,11.2025622953495,8.77003907376023,6.34834929949343,12.6667520897705,6.46700402765049,8.02840447523843,6.56433297619966,6.5325685423728,8.62506031443822,8.58324638798664,9.20539257143118,8.12591600612173,6.7062994117976,7.84667087966026,6.73003143094955,7.08171474910241,8.44436906865402,6.65783374136056,6.92402173361826
2017-12-17,13.8958722813414,11.0118780943423,9.16999439447932,8.69868920516902,10.6821754986346,8.87555493257095,8.46084863416514,9.0745879880329,8.37896075431115,8.18725537442582,8.94455714305458,8.59036944608444,8.59406432568665,8.71548920421542,11.7433879000822,11.3539006756219,8.12223460562748,13.2972700372895,8.64194101603275,10.5191548494422,8.30600190881224,8.58797196177988,11.1333085001869,9.22035527275676,10.2321492859339,10.7800408288709,8.45552392492028,10.0861067025343,9.86896314682569,9.99516944324301,8.72844299515579,9.16868251484935,8.74138572043875
2017-12-18,13.970402952608,12.9878200929204,11.0092085971382,7.45587781089633,11.610665255935,11.8133800936281,9.69592536067862,8.24054472271442,8.49757123831638,7.97706625270101,8.51769710976139,14.9170583928311,12.513308809283,17.4925463157976,11.5059654028588,12.9240797230316,8.7946748742946,13.4758310987101,11.4761287250842,10.9930767607668,12.1735496224263,10.8020057871714,12.9931137500603,9.10218675712004,14.3914294009934,11.9514468076142,10.0857254715003,12.7451029046502,10.7089510193855,10.7934762597102,8.02956472256098,10.2490515192687,12.6567752122534
2017-12-19,13.6663496914418,10.6154194378504,9.80426730914324,8.48681343840359,9.29736841539211,9.76118719528775,8.700087851914,8.87170486597429,8.38328211762466,8.23585892448766,8.86742394580345,9.12427391368677,8.84101679359395,9.66876979521924,11.4971261425747,10.7537716006296,8.02328979592521,13.1120795365372,8.48818695402677,9.2992285111312,8.61806184668964,8.5599712218902,10.8896727947186,8.8489258771885,14.8380612685001,9.85027277359748,8.89312237260419,11.195792984106,8.46022558007518,8.73455682187854,8.72271618796172,8.57647663603565,9.28188132887221
2017-12-20,13.5917170046144,10.1983272455413,9.15455814732888,7.69496423963119,9.00937660472126,9.6219631233592,7.91787730679807,8.13294370367068,7.43208021617042,7.31733149321997,8.0213246198193,10.4936090361506,9.24046421527223,11.9986734740807,11.1309480207004,10.4258310464007,7.16642781042599,12.9854022093433,8.52280531365007,8.9654989178827,8.96429266509396,8.29052974074616,10.5268539394339,7.96668922715055,14.4764268896222,9.44984410236991,8.2537940662479,10.6330633263227,8.09047451162237,8.3516187003179,7.88891550094557,7.99585887715473,9.62557024508397
2017-12-21,13.6871554876508,8.84721869862139,8.89716702232405,8.09874957919977,9.3693141287464,9.06130372888851,8.29358259729478,8.53583713209186,8.11483482399676,7.84572824224214,8.59095749741712,8.85275872978018,8.58315046489353,9.35753716853367,11.3748989405081,9.51512891238266,7.72565568713329,12.8199919301491,8.31531437253821,9.45025685327265,8.31932183411567,8.33105342577323,9.07131305650251,8.83381148654634,11.8830710241337,9.51732631179699,8.44149123017376,9.12991358950065,8.65862862577843,8.89352309816199,8.33240827689108,8.45341874845783,8.85490929727733
2017-12-22,14.2510130694123,13.3463710343852,13.1520550910646,14.0580525056716,11.6787511469967,12.7081207790519,13.3089223004396,13.2582069701459,9.09491736619422,10.7748535321931,11.1395750404245,10.8818148572753,11.9897810086641,11.7298078203337,13.4793067551971,13.0290401574937,9.6358085711919,14.0294663472028,10.9316307895816,11.0893641486835,10.1401938520294,12.1900380927699,13.208346289756,8.74951828048084,13.1462628840175,12.7208604272592,13.2374866473187,13.6619765895575,10.4246243043699,10.5255518311747,12.4803807102722,12.3713422465957,12.4751887146729
2017-12-23,14.8343546394579,17.0412395861133,15.1299099089281,17.2971142691921,14.6898676782702,14.7965898911507,15.1927103022683,16.0103133849001,10.2532751393376,12.7333343652818,12.8729312950496,14.5690146478078,14.959395442995,16.2234078260104,14.9689405086892,16.2902259501629,11.3725946395358,15.1229125675749,13.6971617389613,13.7476662104935,12.8210660629535,14.6645718742189,16.6931193990395,9.58081343362466,12.8539732168338,15.5506550198966,15.1052701365778,16.2223821657286,13.3728688987072,13.243104162489,14.8397304410454,14.886322108833,15.2534500732918
2017-12-24,14.8192882445748,15.9632271295107,15.6446066790906,13.4477184034831,15.1018284318432,16.0764395276144,16.6040470949628,13.2110723763718,9.97381591640923,11.4764204706432,11.2551310713841,15.7807028933046,16.3110439409274,17.4699485514406,13.9412468432034,15.6965700711235,12.099533062637,15.0441274957854,14.9478129937495,14.0180164154588,14.034876163587,16.0580610715259,16.3019825620096,8.96940871870631,13.1980503951381,15.1941742234286,16.6042615454583,15.3534457517762,14.3406985096191,14.1746798450285,12.4176144877404,16.0277224859646,16.5879645330133
2017-12-25,14.2853138678461,11.6711952858837,13.1749368713657,10.6478794846925,12.5108643086205,13.6259982877104,13.5452122694812,10.877685253451,9.84485902437167,10.0919612559874,10.389209234214,13.8371247520184,13.7326074275661,15.3252668012307,12.7012556016793,12.0319679853647,10.6004498055951,13.5793663178636,12.6304562557426,11.8610620683923,12.3817289641977,13.2565928104407,11.5445580953931,9.90138227895244,12.9953174729584,12.8533228397356,13.6519894955535,12.3568944305248,11.7795198145052,11.8277727655479,10.5493215831726,12.9873388021835,13.9789808547576
2017-12-26,13.375888589066,7.92494584390039,7.58094441831527,7.18647913539897,7.68762751904807,8.09174487405286,7.43918838611518,7.71664962445356,7.31607624640309,7.2152841819028,7.74881191970336,9.38424807305442,8.39124516113513,10.5400953230032,10.8298824164839,8.48587447131017,7.01883087437406,12.4097584959979,7.72719702156575,7.94541270758197,8.34689069544325,7.62463689908845,8.20318303149555,7.42419479280123,9.08081636081827,8.25949849825514,7.63787706560918,7.82736064232827,6.89557299541028,7.28419299354297,7.65697620503983,7.15531615523875,8.44690095465669
2017-12-27,13.3919925472743,7.85107473185442,7.52025439870499,6.70784852828372,7.94141089821811,7.94468309167534,7.04908096435665,7.22442858070857,7.08436962706391,6.51883195121779,7.57715373467553,8.97977860673757,8.04162564794106,10.2458104059078,10.6113035259615,8.4897678341969,6.25079228111975,12.3263076118841,7.36447116831016,7.99212990123776,7.73658080766577,7.28327217179925,8.01515707637208,8.27528075510396,9.69932079778232,8.41562443728705,7.25737605276897,7.8713602662752,6.98341169153879,7.30966880656098,7.07717295475767,7.0407531505844,8.20802371803106
2017-12-28,13.5607856575062,12.844671802761,8.47449873043943,5.30095508269734,9.35713019441361,8.45265175506526,8.20510418992655,6.32286787961138,7.34224085093018,6.33967275152304,7.1630645729029,8.38471029464832,8.3144723955049,8.8188507810879,10.4339174721526,12.5173045219421,7.17721195744148,13.5944284477138,8.04407646874719,9.02767079387116,7.9161660903272,8.16681542637094,13.8927841136813,8.36072110281598,9.43883203527197,9.63898098192411,8.24288416963805,10.6845366929584,8.51203584069119,8.74110884095572,6.29165381401855,8.40522405473119,8.4530431156018
2017-12-29,13.6729603474492,9.02726300778181,8.8425607455047,9.76006458568737,8.93172803599542,9.56151931049636,8.53572246976274,9.69474488263028,7.1412745750067,8.05930354633425,8.47874218897994,11.2719888853882,9.97376214997065,13.1849747936185,11.7464242703562,9.51292722037892,7.31274055396574,12.8999159299517,8.9245526441824,9.02187694032494,9.38233271214118,8.87964538085646,9.18239943359323,6.85986857772127,10.6298230401325,9.41490136931331,8.80376174155537,9.12266644987642,7.98240677904636,8.24563763776962,9.19977337394684,8.3694636235083,10.1308887126904
2017-12-30,13.6448313935979,8.8231845187899,8.42236727868554,9.89948208782201,8.69680948743879,8.51148806904775,8.1905671729808,9.80907120844881,7.43400915645706,8.22860403419277,8.73751733161726,8.3707545048445,8.25776436774036,8.99055440662745,11.7810021538182,9.3362104923486,7.32156332189771,12.9052768285194,7.79736808625866,8.92583816698606,7.78962619864283,8.02609306325417,9.0513678150238,7.34359454553697,9.90122769073521,9.13705361911024,8.27780597953535,8.6998071310861,7.80987863260311,8.09481119759585,9.36219804421479,8.07035866966409,8.4681053676192
2017-12-31,13.8766214916587,9.02890294038061,9.52088512337652,10.7294342509222,9.84662438706324,9.94351632725513,9.7394535473838,10.6227936564919,8.69057157729375,9.22036036281978,9.81496901569632,10.4165479358085,10.1118680564693,11.4084811905811,12.2809379960482,9.69562774390205,8.49072130988116,13.1169665108718,9.44275939370953,9.98305188192114,9.45240387773643,9.69547890425436,9.20625941197281,8.96986110924027,9.67327935216158,10.0712715056706,9.84503898016087,8.99510070320066,9.12892120909846,9.33891395960126,10.2189254688123,9.55248363898847,10.2270553916031
2018-01-01,13.6212066551996,16.7784635041794,18.3901477895046,17.653799108784,17.6793309348452,18.0849068239631,19.7449426679344,16.9472060020108,13.8211363621801,15.7350350420165,14.7746234464108,16.5355788633024,18.1803069521663,16.7012390257599,14.9501735972331,16.4637802763433,16.2647957259504,13.9701257951988,17.5984293620902,16.6485253708818,16.3284777206228,18.8262977638396,16.3109681155731,11.9974023001701,13.1810014605139,17.6366855142495,19.4683612196667,16.8312397600942,17.5745633467091,17.2098016557357,16.3118784255737,19.1830579212537,18.2607890358328
2018-01-02,12.9977162893548,14.5767830896952,14.7579101506824,16.0047789537118,14.2680458367808,15.0515759988671,15.7648926768925,15.0925680427228,11.6502499250309,13.2397407697711,13.138497567145,15.8614847216848,15.9169158771124,17.4614849860864,13.6783357470162,14.2424848669779,12.6447316010343,13.2116093338155,14.7252498042865,13.5640606166824,14.2473886559325,15.4838657122902,14.2907662873682,11.0887918764654,10.4907930536311,14.6158435189065,15.7077800974084,14.1171518110958,13.7159100534046,13.5432915358422,14.4072220177847,15.2290138278215,15.9088815642883
2018-01-03,11.9759424396523,11.3024430828201,10.394077307036,8.82426159618895,9.78517485847395,10.7883100821756,10.2219070046019,9.16149524007399,9.50461189818209,9.15590362358698,9.50735132053418,12.6610213163499,11.447606407859,14.2198543887809,10.719026686952,11.0565602900776,9.30316066492115,11.6304819131915,10.5699160367613,9.49401265265401,11.1993444532131,10.47730668766,11.2015552931925,9.84429710412978,10.6783571903326,10.5556670931754,10.3854332312533,11.1992225527888,9.16158153941742,9.3342438311198,9.21844027719301,9.81573873126335,11.4375348797829
2018-01-04,11.5489897147672,7.17571154899495,7.73006761272691,8.92892612522419,6.83680508828072,8.02752859457569,7.19273639939285,8.65240633001808,6.85784745906126,7.168543737342,8.08863199180241,7.70158281822268,7.38239700669976,8.72031392794429,10.0609553120725,7.57033366510839,5.91076706705591,10.9291016658891,6.63231985908793,7.07207861966536,6.78411903059567,6.93924664564178,7.4061389009599,7.71281122090802,11.7065438810806,7.39889810111917,7.41442256563613,8.14557464286031,5.98649289168793,6.27218358867482,8.32558052354384,6.68576941801178,7.80487361416823
2018-01-05,11.8504853731749,7.81363539049377,8.41394699076998,11.4214966915179,8.06483121473491,8.51688460815031,8.18850327300676,10.7601388170323,7.64304370530126,8.777769408034,9.31518702668579,7.83298288740996,7.9670609597644,8.35706458909232,11.111098822066,8.27346536672703,7.18953098397642,11.3768689442984,7.49055040323948,8.4189418681554,7.36179810588806,7.86337691410712,7.9696350806645,7.72825389753436,10.6229150134544,8.40291243316089,8.28989938889671,8.38697132225818,7.37274382276426,7.57757544321025,10.2281735425599,7.88035600131432,8.28179867567014
2018-01-06,13.1696575987077,19.2830957220745,16.6293010241647,22.7987797521126,14.1949618064355,16.1815325387143,16.9400285933633,19.9825794619523,11.0579599659709,15.0349500958532,15.2131623753469,16.0849449106244,16.5046459826965,18.6472478405671,15.470845110039,17.4838976400645,11.660572073396,14.3265003350821,14.4191963667718,13.1768681616918,13.5868494823871,15.9338114523938,18.7156836047817,10.2373451706173,13.4239248725158,15.935962684575,16.8393700516493,18.6452226518015,12.557719823984,12.37846784088,18.4348046337183,15.6750709232492,16.9041506453414
2018-01-07,12.5927017966146,12.4296513476864,12.899365750785,15.5670308896478,11.8866797988057,14.6971278881956,12.9631103279802,14.6935333354569,11.726576848458,13.2217707807717,13.0532674121779,20.3275684684498,16.8526082527493,24.3085493905781,13.2960910551058,12.2385030877938,11.9646986356593,12.5984686639631,14.8824177790264,11.9291501532468,16.4174620076527,14.2491570259385,12.1510619697194,10.8901477809782,12.8293522253443,12.4660584769744,13.4652173647572,12.9566489057496,11.4856140241072,11.5355057496499,14.2889272045894,12.4133166463354,16.6458868704869
2018-01-08,12.6002458896062,14.4875264593373,12.7272535219783,17.5170838153109,11.7113188855288,12.3720934421014,12.582574019925,16.5533993004219,13.4200138259841,15.5954080288698,14.552125558267,13.570034709759,12.9295493459102,13.711360988037,14.1621192196631,13.6611387069815,13.9547748255367,13.0059034134641,12.8243336312309,12.2721607931655,13.6458373359751,12.5833464072011,14.1268363731026,10.8732406733249,11.6963577802372,12.8057500628381,12.5418532419415,14.0926870121498,11.5415910284384,11.7299945139492,16.4076580583954,12.0452541426121,12.6935359057895
2018-01-09,12.5832553678246,14.144963326356,12.3424555634208,14.5791558875159,12.2983898789017,11.8712101627944,11.9721636756312,13.7708271235373,10.5383259038449,11.9731732810786,12.0207802279161,11.9480492779534,11.9755933300841,12.5821011686713,12.8941458328777,13.577978735634,10.8443587587034,12.7410344792393,11.543886795684,11.9458739812488,11.2610243348626,11.8147117089786,13.7495947608875,10.0924351940512,11.3713103365957,12.9906422118027,11.8958507164931,13.5364612405494,11.5367635122012,11.5100375106321,13.1731239052961,12.00107870809,12.0680001085519
2018-01-10,12.560549270163,14.675334105186,13.0380552517946,14.1928025639938,12.2827144992178,12.6759550757976,12.5729513530728,13.4883848680028,10.6906547250436,11.919894485814,11.9921747496856,12.7912340298959,12.6686255226618,13.7520118550247,12.7676403881628,13.9350999689336,10.9919179106091,12.774962569739,11.9924176574461,11.7977535384888,11.8305538651384,12.3420323524053,14.3062513858208,10.3358145888622,13.0563942840924,13.1534883044981,12.5622232590931,14.4708625091893,11.4731865385308,11.4626759620087,12.981188360087,12.3123043420412,12.8560048748327
2018-01-11,12.2992391536909,13.0276293235524,11.7431255054104,12.6304539792564,10.8803764537531,10.9291040959915,11.4307917248462,12.477273673117,11.9335914137648,12.3243710166261,12.1922264208696,9.38922746673083,10.212904710318,8.46755169298219,12.3194122171737,12.5207268925337,11.762192863346,12.4179510532716,10.5137174971438,11.0357236847344,10.462382628564,10.793879776181,12.9845442601623,11.393436973725,12.5582153350628,11.6243193181304,11.2956352507312,12.9404471303677,10.6000242648542,10.7671908097121,12.5435433913354,11.0188243676424,10.3283763631928
2018-01-12,12.5512134620242,11.9925132110437,12.5229896865242,11.3390061955765,12.4962754941057,12.0560239319978,12.6315791337953,11.3526108360134,10.5996353894276,10.784195281774,10.9652340216297,9.85858863823657,11.2155554235128,9.29980990589979,11.9784439836138,12.1425017662576,11.0535631269432,12.386855713481,11.2692013863001,12.0872703416539,10.3634687346369,11.951384806254,12.0000961753985,10.7816035582754,12.52372582315,12.420152709308,12.4961604105901,12.1792449373958,12.1940571905098,12.1277297399834,11.0808008215984,12.5835635483574,11.4958097514624
2018-01-13,12.6541096375881,13.5080419175194,12.4695325036223,15.147653021165,12.3825314476504,11.7204995771722,12.2008137459797,14.4039639499457,11.7479194616974,13.0375372256797,12.9238547189711,9.95237161587383,10.9995842701189,9.19667991962166,13.2565936072959,13.1984270785982,11.9362643589065,12.9264053154751,11.2598680389589,12.4463277816279,10.691090106469,11.656095518153,13.4440885717307,11.1293363974445,12.6459109888651,12.6627339189004,12.0419948677941,13.2285525022526,12.0629292631382,12.0566830112431,13.9758388820424,12.2213130190704,11.1766885601945
2018-01-14,13.079809557794,14.8105223421464,14.6223748520112,17.3772690396124,14.4399830862886,14.2304154940913,14.9614112862492,16.4370023326204,12.5466107275123,14.8511201359813,13.9447972473181,13.3598028687729,14.1518218553357,13.1663964816739,14.3772301685186,14.4974086863854,14.0971550576094,13.4714439035838,14.076186308368,14.3261302359413,13.5312158467148,14.5415728363082,14.5968454048037,10.4248914156585,12.5998080693169,14.5709563714604,14.8036383169663,14.5380816999842,14.3080740943845,14.180820279526,15.8321882235154,14.8293689871506,14.1839968300726
2018-01-15,12.3469245134493,13.0583317821559,10.4296255231523,14.8345607006662,10.612902105104,10.225468212855,9.79400635445981,14.0670041032427,11.5658277968191,12.819002843601,12.7380887765387,10.9925154950075,10.3606245499766,11.1168512442388,12.9379501820768,12.5739355330214,11.1267529268864,12.7591335163014,10.4374614732407,11.1826573481944,10.8921807179217,10.0571189981455,13.2000913675167,10.8726122361703,11.4506366857019,11.093254010137,9.83056607378017,12.1899789161754,10.3203620595157,10.4676303912157,13.7862843712309,9.96240861749501,10.30081464121
2018-01-16,13.0863776483072,16.3355699489511,14.4518119382907,17.4047475027512,14.6637878123676,13.590241175477,14.4605741177018,16.3203424410496,12.5007854955898,14.3912395649921,14.0897618963249,12.2670821108899,13.3671573782823,11.9265613708293,14.2907858836824,15.642371811449,13.2920100355485,13.6711800596434,13.3794177741544,14.2759382440059,12.5052535393327,13.9418410131839,16.035244004897,11.5825234163691,11.9933447644262,15.0012765726903,14.2061001931884,15.3387979265433,14.2030169492088,14.0292928667949,15.6141543888252,14.6055416263627,13.4477944826427
2018-01-17,12.5132867714145,13.7108093240759,13.3944832083904,13.2099891743866,12.02955213563,13.2774481450164,13.6223790863895,12.6502905223894,10.3365264978972,11.2255859489272,11.4887170978102,12.6878188006114,13.1153854843915,13.7673856710792,12.3638357704754,13.1874176273864,10.6797796790459,12.6272965273516,12.1187861103203,11.3819173421203,11.6828514479106,12.9710471466352,13.5716311839418,10.3737989241735,12.8126074860565,12.7873381370701,13.6070104317842,13.883129584035,11.2439833805349,11.2316462239064,12.1933252353175,12.8501699117137,13.4048928690052
2018-01-18,12.1596199001782,13.3198479783111,10.2333574883095,10.6878846575725,10.6974194354732,10.0107684136188,9.00589311625579,10.5986493660062,9.80220183489731,9.8327552581629,10.3711926209386,11.4715735672009,10.2979826437671,12.4899560140718,11.4085535102573,12.738831704063,9.20224136454089,12.1612903877147,9.98446689254645,10.449617920609,10.3538204816903,9.5340718235169,13.0699643558114,10.4767328483076,11.7953587085539,11.397434958314,9.1052309861468,12.5241732787277,9.91474840519664,9.99450923364474,10.3703859182079,9.48971517870168,10.3430167631103
2018-01-19,12.0818143423399,11.931315823987,9.54999405433144,12.6695401728255,9.48713751881221,10.9194402084146,8.54183868200634,12.1220765410411,9.7654779397269,10.8146001412579,10.9373014730116,16.0297834809223,12.4657117231605,19.1788712131018,11.9398587057048,11.5529794231691,9.35093714726563,12.2853153949505,11.2111602524313,9.91711191797985,12.8714737520829,10.0777663491834,12.1252600186249,9.33025732627499,12.5018397868799,10.0248247370045,9.06079165740455,11.5333253406858,8.974475334131,9.15928709829849,11.8030485584247,8.68297426102164,12.3292005310488
2018-01-20,12.6705045213704,13.6410369505819,13.193642541099,13.5038189451192,12.7585154000334,13.5062804979818,13.5237956024431,12.9249347707724,10.471437381385,11.3596143551557,11.6691819810983,13.6634419710654,13.681047029331,15.0063849213259,12.5914600729906,13.3736491944031,10.8833361114676,12.9352776870087,12.7231802366805,12.2190554091806,12.2709180685404,13.3121992458851,13.7887467101779,10.6882362710398,12.3698755391387,12.9151045201994,13.5745526049995,13.3616760185831,12.1952814102275,12.0919739746167,12.3534848377841,13.2082503443148,13.8864559596532
2018-01-21,13.2986630666601,15.6649099377693,16.380364607345,15.7406661076733,16.0028379139916,16.7070679801507,17.9063617648467,14.8757686866954,10.7551377903343,12.6161328732911,12.435579615741,16.0428446317291,17.1449347359601,17.5722414238564,13.742170765219,15.4205695596418,12.7844299644611,13.7337541380122,15.7857049706202,14.7563923768698,14.3920593182379,17.1877834683701,15.6934942392561,10.0909502290051,11.3049369473571,15.8284681196039,17.7751556121811,15.0766168891977,15.4371590076397,15.0674066334385,13.8822710640431,17.3633408320518,17.346753219119
2018-01-22,12.6205701586033,13.3445647889473,13.410787303138,11.9166396516225,12.81030521655,13.0166720649526,13.6920475386786,11.6303061479828,9.7331577489035,10.2998276648347,10.675829333612,10.5172529104151,12.093570202418,10.6117752423981,12.0364781691738,13.1684864837431,10.3904322800885,12.7366200613968,11.5995822481926,12.0112988682857,10.3650480278189,12.7342947553603,13.4890212601905,10.1306168028447,13.2058092117117,12.9079481035231,13.5690226922678,13.404343781308,12.1793850352009,12.0494433169316,11.0823720422346,13.3318765920105,12.5458869621074
2018-01-23,12.729221149788,15.8225557604527,13.9053808571242,13.0729076548002,13.4116202702287,12.9901009865613,14.1133952609972,12.4503634920465,9.61584982070593,10.479263501181,11.0502244933005,9.92338962284309,11.9975826677991,9.88954569757605,12.3792007580164,15.057408716112,10.1629384941347,13.2396486842294,11.4852470879065,12.2997579018452,9.85860296778201,12.890065604967,15.9217699278564,10.3060711434202,12.3961638263555,13.8395426753373,13.851554614276,14.9468872766021,12.4344544605831,12.2467489829268,11.6843305909499,13.8181319713604,12.4789799245667
2018-01-24,12.5764560638117,14.9681066733053,13.1668252706304,12.0742658046018,12.7688791873715,13.3044035326072,12.9398655809792,11.6980395438405,10.1623760999113,10.3155408304406,11.1198606018778,13.9708105145725,13.5694935397091,15.7806051071258,12.0276941285696,14.3077383793721,10.012651117847,12.8604038873718,12.4390525698351,11.8365090714505,12.0579678844568,12.9015303516208,14.9147508377596,11.4390030389087,12.8766293105457,13.269227396223,13.0155290121077,14.4087688971704,11.8626533379006,11.7444722004733,11.183537905393,12.8065740012838,13.8178310121002
2018-01-25,12.5363641177499,14.5230519696754,12.6415744019739,14.3725010537964,11.9715735598693,12.045870008114,12.5481085620123,13.6795595470245,10.7549354455319,12.2130032577163,12.0273853501449,11.1174638596944,11.7539115091166,11.2156562949105,12.8456107126993,13.8052243084852,11.2982189060179,12.911268528601,11.4452513591649,11.7165511657541,11.0685666271412,11.9825302939086,14.4484222571711,9.8605893854389,11.9582497206274,12.710930823782,12.4258198504001,13.9272237301377,11.3473850098229,11.3731333116982,13.2177235693334,12.1891247099926,11.9107903114639
2018-01-26,12.16938068546,12.6867537993903,11.2432264821596,12.0135671084303,10.2053647157788,10.8689773505891,10.909316961077,11.4403442776258,9.47417291151948,9.87390149864287,10.7240142028494,9.73003033469508,10.2442577404863,10.3693934886485,11.6172749705672,12.1536126238471,8.73952831710971,12.2959433349238,9.5666956409868,9.8372773597306,9.14455848069574,10.2659369341333,12.7588986637517,10.5255829657427,12.5266803324337,11.0186015207305,10.9038189061787,12.608020766397,9.2708844564369,9.35868649305728,11.0239568864185,10.3925139779023,10.628766698059
2018-01-27,12.2555808692501,13.2987667546569,10.827727620348,13.7044909099221,10.3488902411375,10.6527411564007,10.1035454770288,12.6930607168719,9.09147256226136,10.2947624450094,11.0339686807891,10.4301802660915,10.2786581907083,11.5244002810874,12.1418392586516,12.6753802778817,8.47330592450348,12.6531138398544,9.55133259239965,10.174934325013,9.29204486824819,9.90955256841969,13.4719731648714,9.73712713769839,12.8098616056076,11.0165203196207,10.1837796649106,12.8085962147669,9.37028462091478,9.42154941911526,11.9832679693664,9.98906297618055,10.6349064010907
2018-01-28,12.5120086395935,15.551921368787,10.7905284800962,16.0057531408644,11.3930258693148,11.6000620914107,9.96775155975016,14.7116119701566,9.75592519269326,11.983992277752,12.0346755657749,15.3063716356885,12.8627428729549,17.9366158117297,13.1766122989879,14.6018598460917,9.8541158824387,13.5453959087328,11.7820195992283,11.5644686608438,12.5248626854588,11.116135542719,16.0430298389118,9.02564677665002,11.7990334209169,11.7582614600686,10.277291024837,13.6684229095754,10.6873876765712,10.6850791857468,13.8329793356742,10.4306037145968,12.7993050098362
2018-01-29,12.3786534983705,13.4146775853219,11.6912822376507,13.1767157189431,11.2035053125951,11.8310604255465,11.338797542007,12.4429794611836,9.91669619802786,10.6200493094971,11.3518447158962,12.4047194802906,11.9282124205143,13.910027821263,12.1682180240172,12.9020448443069,9.39804190941716,12.651583181897,10.9874595808971,10.8449155731355,10.8625612653724,11.304432600499,13.4925630575088,10.7848197632714,12.464861432731,11.7638739396586,11.4465120673684,13.0187093684946,10.3636437040118,10.3696255436477,11.8906363138398,11.1356377441972,12.1701267224295
2018-01-30,12.4619082326483,13.8634641101127,12.0349885058375,15.2216984651629,11.190559319434,11.4934202187666,11.8063877312714,14.1787865495543,10.866276768568,12.2021086634306,12.5481672252626,9.94883286563735,10.7826052784019,9.9612633150205,12.9357117426982,13.2234298944005,10.4914429821067,12.9818714484255,10.4773860567733,11.1828384939032,9.98650946816293,11.1179838201021,14.0616079988841,10.9053703495053,12.8607215275233,11.8176134600674,11.7298015049429,13.4663251545667,10.5372986503978,10.590280879344,13.6338420392414,11.3981217765964,11.0914447699321
2018-01-31,12.1657334731978,13.9153003738195,9.93407158886225,14.4390665663649,9.6116379788642,10.2430195890129,8.96954055217805,13.2485747533219,9.27070799523644,10.7053497663083,11.3976831129744,11.7966809185765,10.4472438650175,13.6087065413012,12.311822846631,13.0411871177466,8.34050645320774,12.9425069775793,9.54116932704017,9.8126549130186,9.94875080354854,9.37120816148851,14.4288570167613,9.72546888020141,12.7533883831941,10.2955043723607,9.20984697526166,12.8364319555722,8.71002044064046,8.82886863704422,12.5520174287425,8.97410768409276,10.6666854883537
2018-02-01,12.2602243118855,13.9386474266577,11.1735366663251,13.6723160658798,10.447828292352,11.044516118525,10.5072123272975,12.8857859875115,10.1499974221231,11.1994223605918,11.5884466108011,11.5173516276295,10.9845100516473,12.5604066232704,12.3013074835142,13.1339497448152,9.66978203123362,12.7203917623406,10.338720833473,10.4038289994118,10.5105309935893,10.4567859543109,14.0782069415251,10.2534525508981,12.7909822775619,11.2882642189699,10.5982687357375,13.3547065845288,9.66056629196799,9.76962988969564,12.4407483471454,10.2525211095613,11.1848669917995
2018-02-02,12.2837840490314,12.8512820966377,11.7024755622145,14.6937950645489,10.2346403988528,11.1370375101577,11.5060902274189,14.0578682404559,11.7075345400163,13.2321691683512,12.6547402167899,10.0216417399723,10.5342673905767,9.45074492683185,12.9001915094739,12.2586093221604,11.946894468323,12.5902061539064,10.5891964906069,10.7249600772374,10.8330539470682,10.8691365427282,12.9409444096235,9.99235055647844,12.9940230928605,11.1410023993378,11.4458167245034,12.9728996233615,9.97497858150805,10.2100501727003,13.959127592243,10.7469943208399,10.6525238901725
2018-02-03,13.3333326862237,16.858410351612,14.8146435969731,15.040524614424,16.645707449789,13.6418731281417,14.3384956833493,14.4589357108646,11.1717541113631,12.5906921122039,12.4395073868643,10.6356749771443,12.6356002449965,9.52147869454935,13.7343900792474,16.5374589207697,12.6999929072797,13.8963307010366,13.235475840159,15.7391315406207,11.3279375878006,13.8641277012607,16.7190311473277,10.8079456211678,13.3901632083747,16.0200695572938,14.0034790826573,15.5545359416209,16.2492911275238,15.8213466675814,13.5055754194427,15.542086348436,12.9351351562542
2018-02-04,13.5840877012741,19.1636226418645,17.6536502995059,16.5790499401583,17.9076137300658,16.9088168029226,18.5861286509883,16.0135730319752,12.9284873069049,14.7114781306453,13.8732556693346,15.3862490804337,17.0739856551657,15.319771181325,14.5529729075806,18.296206024753,15.4120297505573,14.3526241864671,16.7620969134703,16.6270705973663,15.2870534307899,17.8264918997926,18.8683806014665,11.3475830293609,11.8027235110073,17.935153102335,18.214050397348,17.685919091083,17.5632152224694,17.1516624679333,15.2797692918039,18.5932430836187,17.0957895368877
2018-02-05,12.6776220596856,13.5010377334904,12.0985862414364,13.891659334998,12.7140871732814,12.2761240443491,11.787389747578,13.6543107022037,12.2150919378477,13.1978124453184,12.6508662421292,13.2610571103537,12.5883134348994,13.4389645252033,13.0884469862497,13.3446412168686,12.8609037371798,13.036430956866,12.7187967277951,13.0179252014242,13.016116363558,12.2685481287622,13.7258872463089,10.9801536154008,12.5868788631703,12.5398354106449,11.8552139468687,12.8420978179363,12.8279434385737,12.8216537677714,13.4618328200034,12.1864037309746,12.4784191462103
2018-02-06,12.7106289907679,13.4292710985965,12.2174204681619,11.239782054001,13.5409827239199,12.1891580797893,11.7863574690741,11.5170750175985,11.2237880305917,11.4152035812261,11.1832460848705,12.2597804674789,12.1527101144098,12.1528718423749,12.2633339209689,13.4876994218737,12.0768946543616,12.8494448371657,12.4536698858769,13.3370943023366,12.1541390738793,12.1763758994857,13.6064732253282,10.8109696663571,12.6416130369456,13.0094757389191,11.7878022494524,12.6883012917201,13.5641189978558,13.4344581716329,11.3019737919993,12.6064905750942,12.1604168856354
2018-02-07,12.6285179947614,13.0411953481046,12.9127544716912,12.0793140597536,12.8593172816458,12.3542728827404,13.3229030813618,11.7791777905145,10.3387346782834,10.5559171700656,11.1764627756488,10.0175779721959,11.6692853730075,9.83877758329281,12.1152026363981,12.947916398948,10.4716563224017,12.6284765581344,11.3739792337037,12.1201493732666,10.1178698218477,12.4235066256853,13.0288462476505,11.3005435590162,11.2837362390552,12.952325696291,13.1191788537959,12.7103557744695,12.2445290384473,12.1156496529603,11.2963512561927,13.1530116352665,11.9823955854791
2018-02-08,12.5081236448052,13.7899766965961,12.8482362888376,14.011803674329,11.7711637799358,12.6924059293548,12.9486502102033,13.3905983276723,10.8808865137629,12.0839469957127,12.0174660717929,12.2673763405223,12.5473781494248,12.8993666382556,12.7051048676038,13.2380603321796,11.2887687810509,12.8029735156252,11.9153279615399,11.5299698714322,11.7235988751629,12.4673735665557,13.8207622772948,10.2572939231213,12.6604334890016,12.4240759445873,12.9329254865873,13.6594206918871,11.2208248135218,11.2586947022498,13.0007046310336,12.3451364032952,12.7331541246413
2018-02-09,12.4495121889813,11.250919100214,11.3695123736757,12.1721687632825,11.6574717508238,11.7398294010334,11.250085246725,11.5804146329802,9.21380280912553,9.63958672094769,10.6194683315942,11.8691354513831,11.7105180727119,13.3015115501976,11.8519867757414,11.4686478229254,8.79361551308095,12.3064616956522,10.8376309891698,11.2029059477166,10.2769031833411,11.2620691250701,11.3002267259836,10.6398638273796,11.9186579162282,11.5787892044887,11.3615620117057,11.2889741075342,10.9312995425102,10.8349408630509,10.896733334774,11.3818064749628,12.0132857680324
2018-02-10,13.0694683207922,16.2602188662475,12.7719207635809,19.0117937114668,14.1586663684784,12.8939418521485,12.3983622492007,17.1956537949379,10.5370887498535,13.5259744251709,13.4959279717191,14.8385706286417,13.8850025630613,16.6187633562299,14.4986690677746,15.5790735171641,11.2198923990005,13.9173304765953,13.1169324657818,13.9117257624328,12.760092819409,13.0297573654307,16.1514689398744,9.71042864563028,10.5172031230397,14.2527470287235,12.4192136218982,14.3530701957508,13.377439233324,13.1403905726747,15.8822287649968,13.1873811036146,13.8428401148207
2018-02-11,13.542813747765,18.0656831059236,17.3742753077553,13.1300964292117,18.384905104249,17.7464010371137,18.0886121899619,12.8684821829862,9.96875977387098,10.965288437902,11.0788431685712,18.3173466664003,18.5976304715849,20.7039111809047,13.1429617449461,17.6507257753346,12.4398282512823,13.9382614071173,17.1248310573275,16.2476962510971,15.5008265200945,18.1066286925709,17.7726117549125,10.2453159962671,12.3874365406059,17.8907032385795,18.0147871157905,16.8596999969809,17.5688265817501,16.9543945620022,11.7491352564495,18.574617045316,18.8015193234147
2018-02-12,12.1241720987931,10.8428823765843,10.0196511794914,9.35526900844631,10.3002178687832,11.5634380711998,9.58998934460419,9.52902854899465,9.51909369300845,9.08157233285492,9.77684661680588,15.5799219516461,12.8220333569628,18.5103710959979,10.9494286951456,10.9747174896515,8.97492517895455,12.0266573695741,11.5539134686695,10.2406086886263,12.5648094581472,10.8464574472884,11.2449328227725,10.5868407123429,12.2270700907535,10.2253891901416,10.0635425145586,10.6715797391796,9.92340295525788,9.98786360257008,9.38394693312741,9.76925421353343,12.7980657851214
2018-02-13,12.2098162035849,12.659612488929,11.531313461087,12.629192624921,10.3164474630375,12.5964249533548,11.4192632148241,12.2461609936591,10.474463357115,11.3924747055025,11.302944560297,16.4361924305635,13.9900254629053,19.2617093546836,12.0764824324321,12.1239581325837,10.5980382795854,12.2995962971476,12.4996225761907,10.2999299491077,13.7574823690589,12.1335324956231,12.6379190258848,9.75023913755476,12.0274802337218,11.2276764433318,11.7680177921804,12.6336830545795,9.75535383435656,9.92522900633213,12.0741138178549,10.7411399291425,13.8869671295089
2018-02-14,13.2265457344562,14.938844488029,14.5590223017996,17.0782735079746,15.5038158234177,13.7858632432019,14.4737391600323,16.2215967769319,12.5622638704475,14.5735755918795,13.89109880538,12.4664602334897,13.5332891639068,11.7849252593573,14.4083454044139,14.8130547482576,13.9925137972324,13.4380087967807,13.892916901381,15.2015927007593,12.9510701407434,14.2086304291753,14.4264265856212,11.0281938214655,12.3192772677562,15.3449268155187,14.2272499496753,14.4497809658474,15.3326963609566,15.0907147864362,15.5074340392461,15.0561714865935,13.5649060938523
2018-02-15,13.2313504230023,14.0779779427739,15.4052317094924,16.6754797256796,15.4401599969538,15.0317204132033,16.0710344701367,15.7293533378882,12.1137453275177,13.7698296279709,13.6230291901789,13.1477839422118,14.6762395819999,13.1537014190026,14.1157217675306,14.151265933584,13.2873721823645,13.3325848926172,14.3305493865053,14.7844085856082,13.0077259554988,15.3359539716992,13.7220305481481,11.5942895540917,12.5675681087533,15.2428290250496,15.8614460525113,14.2134330917583,15.1073640209328,14.8234966714392,14.9278950983964,15.9930712370337,14.8998537941236
2018-02-16,12.7011225918669,12.4809038743694,13.1321886429792,14.1675018180144,12.7975583424605,12.8124732705516,13.1638725600007,13.9409342567685,12.8227182517602,13.7113578453428,13.1166166491477,11.8954494269642,12.4494961657387,11.2411934565668,13.2153877127217,12.5149919330447,13.503752025536,12.6714093635948,12.7183853131046,12.9821659244682,12.6054616288994,12.8582992345136,12.3299738761316,11.5348196668328,13.2020651197917,12.890338504679,13.0849608297987,12.8814444346598,12.899906286445,12.921428794431,13.8656588905204,13.0078291799634,12.4795458403884
2018-02-17,12.7061342557749,10.4193062564176,10.8834039076524,21.7763568900927,10.773372519847,11.3406229827452,10.6698370380662,19.138972252763,11.4377328053943,14.7764890299988,15.1905198872842,11.6173372848244,11.2127290611506,12.6468019983131,14.9516668628071,10.7068416772693,10.4200525001279,13.1339193322503,10.6135611105851,11.8280581026327,10.5396933228339,10.757362607604,10.6033144524667,11.0848276349198,12.7215836789492,10.7332596390733,10.83752414378,10.8390005108205,10.360766978873,10.3900804689706,17.9193412127734,10.6213290889506,11.4505107612525
2018-02-18,11.9405734327896,8.56791026054068,8.45154489055293,10.6345289147668,8.86306254810424,8.93889962827702,7.9399939767061,10.273178591038,7.85809740071282,8.7191875594575,9.12462626226172,10.0090039798858,9.05370350761613,11.1752750298401,11.0415548141059,9.01176305511154,7.6427672990918,11.5046893668484,8.52244201733374,9.14264764477104,8.79070886848688,8.33006733598275,8.69685702470036,7.87174123787988,10.6325539301821,8.9719065537353,8.15046086100524,8.72533761529889,8.29033259420935,8.43703576015716,9.80376742159298,8.12102682310934,9.19981107158755
2018-02-19,11.7267111207941,7.5265957897542,8.02040658168342,8.15637569157866,8.08525435108726,8.46768823482757,7.40950528758716,8.24215619144603,7.99945527281346,7.43538115775723,8.56817909702561,8.78260413212171,8.1304170594507,9.74359965030103,10.0956618130672,8.11584040194018,6.75950145210442,11.0662315668318,7.63216692816542,8.2432724018898,7.80097599378078,7.58651196487303,7.74282426538319,9.64458667910992,11.5080410345776,8.18721196564923,7.64116219326826,8.17439907603771,7.48581970762877,7.67536035083645,8.07212949939456,7.44370250704681,8.41965936683692
2018-02-20,11.7547056634865,7.72188873423279,7.07313325186482,9.98699167759608,7.8147544638204,8.06437286529212,6.11850155099864,9.76416382294272,8.2220971960015,8.61069463106191,9.18827583896606,10.7489145971795,8.56263839152987,12.3816646997737,10.7614914428177,8.26513040006264,7.29359581034821,11.3579243951309,8.06397283901641,8.54170691862512,9.05548626206558,7.19328286238557,8.08204758054617,8.62340478346622,11.0885846341513,7.77148060041972,6.51942024999697,7.83001497475252,7.43944415125835,7.67411181648007,9.49457737639514,6.56988061296575,8.59624428017967
2018-02-21,11.6605316314522,7.44770603323793,7.57660751339205,8.31378118610516,7.61456602606522,8.62078117245635,7.21137627172038,8.22768928396088,7.10786031404093,6.96240812576773,8.0657855984558,10.6545214921167,9.04980901903841,12.816615605857,9.99307243281426,7.97276844363017,6.06525740109149,11.0807500594933,7.93958293726778,7.7522489083827,8.48042473698977,7.76268749843874,7.78155774690991,8.5075743953757,10.3023429129557,7.79432276536377,7.5710003477192,7.76465847232425,6.87883563468372,7.08181128093428,7.90879154021126,7.11578283680943,9.23841276436328
2018-02-22,12.0584388364931,10.1477163704296,10.0155384893795,11.4855333565391,9.41523056611938,10.5762046206832,9.79518967792406,10.987151051865,8.75915099651118,9.420499014021,10.0371492421792,11.4195492308981,10.6459973802622,12.9927075649055,11.3755080736742,10.2194155932094,8.30496210160682,11.8993172329791,9.6838306695294,9.43683640737274,9.87757936191113,9.86678526355637,10.3658253295878,9.25791869297411,11.970743624932,9.79029716634717,10.0151328604478,10.4645558858441,8.74125858723748,8.86707130886189,10.5558721419764,9.43467694961181,10.8908567381863
2018-02-23,12.4353085644681,10.438310946256,11.033176031723,10.5748054304752,11.8196967394403,11.7847644759033,10.9851217978732,10.4974691820669,9.07240200584422,9.33943533627118,9.83856952908827,12.7119177668612,12.0520714147027,14.1495081223816,11.5004428033328,10.9686565041809,9.35701932982866,12.1624176091117,11.3503457992799,11.5062635471631,11.0876128361834,11.3977913180675,10.6449878174177,9.7137250560547,11.7843794543585,11.3312692291262,11.1721096352035,10.4832429062099,11.4479748084463,11.3519609537974,9.99228520129793,11.3545146394664,12.2211359547226
2018-02-24,12.2573333394751,9.3024385116044,9.4979067628913,10.2014283922766,10.764414100988,9.98288289302703,9.13233263889801,10.0100383690668,9.61297396518344,8.78639983138985,10.3554069568414,10.0652791153176,9.78452807765542,10.9088197024948,11.1548942230866,9.9952783421373,8.05102265268332,11.9399615838983,9.45030664023547,10.692627717444,8.98911947596575,9.46683129053853,9.63873870254715,12.418243782833,11.3101930308139,10.1497824879107,9.28395368839117,9.21289757468577,10.3352035980403,10.2797822638847,9.60072541696814,9.78777948996331,10.0358470075238
2018-02-25,12.3483965119824,11.2116941903022,10.754237830271,10.6032689563191,11.4240894051992,10.8949457226065,10.3816286345472,10.4887761006746,9.12363161175439,9.34411298806034,9.906293322363,10.7558122238948,10.6828419798183,11.4444434412698,11.4407844706565,11.4338695888936,9.12951478943453,12.1848516954056,10.3374024112733,11.1266797529235,9.90590533909144,10.4835842958598,11.3516700257179,9.85027230357901,11.900730194721,11.2410001600323,10.4559043954078,11.0200976573521,10.9187703386851,10.869115556639,10.0298395763559,10.768898172569,10.911980958314
2018-02-26,12.3352321508883,10.1397220151231,10.2664012396021,11.5617041634925,11.032774179418,10.7163484501672,9.8947186262792,11.202370918378,9.29610564487785,9.7475456717518,10.3658227678404,11.2697279450878,10.7284195246307,12.2839747057324,11.7008370700559,10.5922451010735,9.0267286081915,12.0901260982519,10.282417336603,11.008469898235,10.0942993688269,10.2404234388412,10.2793718842637,10.0442416862098,11.7659946181189,10.7397853390644,10.0509191241338,10.1907556237862,10.6031806188847,10.5777343085898,10.6840989798583,10.3167923900359,10.9140146987776
2018-02-27,12.1902163043925,10.6177856856243,8.86819477359303,9.23081643334396,10.7964119209986,9.19501832742145,7.78958844747869,9.17947073441281,7.89985891428738,7.73802186001407,8.80999814607446,10.0754748174488,9.18012732578975,11.1750752128946,10.7903255562617,10.9770742012259,7.29548399672081,12.0035250636029,8.93842969938832,10.5678698597828,8.63404010384424,8.55199736803171,10.8695713459646,9.57532419568084,11.3488687538037,10.3052025111112,7.97120466373225,9.85733558923495,10.1577675224937,10.0826619680755,8.58775507973335,8.97510685902258,9.39290183279786
2018-02-28,12.2285947951437,9.65992868655287,9.37437116937578,8.58361348211161,11.0728667662722,9.56860568435315,8.42096985891442,8.77634172868637,8.25953734838107,7.79242003077917,8.78271808715728,9.24262648434849,9.02895600248958,9.69376084741267,10.6903503196782,10.3342469285897,7.81918556579076,11.8199867870932,9.04338253427634,10.8421973438131,8.47172504990458,8.86718600745028,9.88925883167243,9.91498275298225,12.4369642162935,10.3681951611107,8.5586453330824,9.59222137440705,10.6296018881726,10.5420206147601,8.31291927190342,9.49750710365588,9.34393197481857
2018-03-01,9.74606369365624,10.8923506154685,11.3792433673805,10.7935877463962,11.869657303363,11.236429824804,11.9032041550628,10.245384251816,7.2749088301459,8.46378858504339,8.52258570288728,9.63701037184443,10.9172265277554,10.0367831631934,9.81210820601669,10.9534875899634,8.63469528961045,9.92450650974762,10.4351186447162,10.9536805984908,9.01209510476256,11.376610188633,10.8502135232733,7.189233248008,9.1646554296908,11.4254701788441,11.76119995027,10.5807294089579,11.4405143155823,11.1151360665365,9.41535211575115,12.0879512271375,11.2017418072659
2018-03-02,9.43476379197954,10.5431802320207,9.57048424909844,9.50073468067839,10.3842153242219,9.8453141301672,9.38741815173742,9.21185607581926,7.08322902387825,7.96966892250916,7.95845847422381,10.691453173127,10.2276595899243,11.8246254374917,9.25524547270841,10.4444677708646,8.0018125999116,9.61230363100015,9.7150931660108,9.86118253952369,9.34650242934204,9.74687870746057,10.5408479799677,6.83630406750969,9.00660186227115,10.1475230764951,9.44924852055366,9.91547168467613,10.0017748135504,9.81844077879529,8.62771869129643,9.87796833663157,10.3044750820978
2018-03-03,9.41093564670957,9.89494196475631,8.93476514943414,11.0760837277914,9.87211338140488,8.82068631556779,8.56647001851244,10.3945259700669,7.45138718316862,8.68209499453226,8.76813913955544,8.80466821047271,8.81469846299226,9.2291413475818,9.69015290910396,9.87034527354197,7.87601473971106,9.56798804314863,8.67680056641795,9.67605318088036,8.17793552778834,8.73305904729993,9.79707610424238,7.26164665568393,8.73685620534408,9.69702790606261,8.54970985059964,9.35220219864695,9.48630208583328,9.34623200909006,9.7297431160794,9.14749911368589,8.92091986206129
2018-03-04,9.63647531146718,12.7694814772278,9.6463857314602,12.8894639861811,11.0263866713329,8.99652698279036,8.91324536258444,11.8686363990433,7.63146620255703,9.55949921792693,9.43120770946809,8.49524549868557,8.8437261892677,8.53158568700614,10.4198878952971,12.187276735334,8.41636542528978,10.2938097484193,8.97289631985238,10.6864400102232,8.16567838982323,9.03067343202793,12.6581189423434,6.96540777420572,8.95596284858185,10.967095531018,8.77909615475245,11.2922043989673,10.4878548249982,10.2633806577618,10.9537818422253,9.85589179594307,8.9539790008
2018-03-05,9.42880615988612,10.5016732593298,8.82465235834351,10.8041233078096,10.04951041113,8.84856627500294,8.36353955561991,10.2033619838823,7.33188660864949,8.55997346382362,8.57552428546338,9.37179619937246,9.04001327050639,9.99949446871326,9.64142091897916,10.3801893998128,7.89893909146109,9.74028478153202,8.88903468305886,9.84860920318137,8.50287829195556,8.76442804276708,10.5427605697806,7.03383792916931,8.71108661883918,9.77137826326146,8.38507992536587,9.5869801998671,9.70082455163244,9.54260627546932,9.53075334633953,9.12002627433382,9.09846861739662
2018-03-06,9.358573467612,11.4684050941775,8.5332417438477,10.1172032116739,9.94862443262653,8.2874353916578,7.80555304144494,9.66133736813386,6.9330927954484,8.17499026025861,8.05396089320893,9.01196864069583,8.56933138110206,9.54206803096471,9.39739528149637,11.0472415187066,7.68749850937572,9.73777446421828,8.53430268785289,9.63777961292038,8.22931898187432,8.27748858154992,11.4099543748949,6.35600969215619,8.15175454702771,9.9149931469472,7.78387371433061,10.0656897174423,9.46869457046868,9.3299029854314,9.02234325359741,8.71010012880697,8.56968412172762
2018-03-07,9.35575577114611,9.72628084324948,9.24460575212744,9.76646586061213,9.79741779082165,8.82073404114647,9.14423260028779,9.37403056828821,6.86591966787803,7.99651717461032,7.90188103610271,7.32852908386155,8.28731126445041,7.10325265482915,9.25169198327477,9.72416547513369,7.8014870959816,9.43774964479692,8.29984939028872,9.4178592492184,7.40294170427142,8.77861584469312,9.7070742454632,6.34367397392729,8.85446740210289,9.6430899617635,9.02352792760944,9.36703030975308,9.41596244778999,9.28198073282497,8.78165119729985,9.45807082261228,8.50669482081753
2018-03-08,9.16148819419368,8.15795898230078,7.88340743809986,7.79719643948366,8.98673339186175,7.80310162314058,7.49636964425201,7.82098988995305,6.85393756781254,7.12722453285888,7.29262189306125,7.25071088522964,7.47430960575274,7.16117194652977,8.55720545808266,8.48995532910297,7.21599274007704,9.00968746389015,7.64077863526439,8.84492971761088,7.15229803706835,7.62658041219321,8.24211162843481,6.98915606047257,8.71083617266935,8.55637509804717,7.49405402289099,7.90533598289377,8.79422930070121,8.71226441707388,7.47072055056347,8.14193815708592,7.61049144975082
2018-03-09,9.13326422391648,8.89777602126943,8.06736007277093,8.82820752870291,8.69633619157957,7.73119291083261,7.59296580838876,8.57908235905014,6.72657298931915,7.50223202843968,7.54491007775018,6.96117298300808,7.31870067705722,6.85944926432362,8.80827573704532,8.91915312203643,7.15764757822891,9.09207981937326,7.40176040861586,8.54301764300733,6.93340742872193,7.51997049485098,8.8572605988595,6.45635479510869,8.78871477661969,8.66811045960994,7.55055766755352,8.60456868501598,8.31432931818745,8.27286099946882,8.146024441953,8.01203040069724,7.48527472860575
2018-03-10,9.8467139986564,9.77601831515371,11.5467381830295,12.4143882281355,11.9599996937704,11.2900073390453,12.4251860134252,11.5625947634128,7.66370809823483,9.42256325254677,9.26430316590207,8.72098760080546,10.6759129854701,8.52098706377699,10.3923455957346,10.155727287307,9.21254014460645,9.92548694551646,10.4051042698365,11.2965266183595,8.73002162619266,11.582644205371,9.71410364056371,7.06291114957295,8.86453362601676,11.3412357163229,12.2086859945549,9.85461587961483,11.6994314588278,11.3737128468956,10.6342303379184,12.4708287234342,10.9832890380442
2018-03-11,9.37906316215509,12.2504734528289,8.99674201039194,13.4396895642551,9.21626680089127,8.77670009496838,8.56809213763496,12.1516977057398,7.67721168217095,9.6670839886655,9.73899864420789,8.88533731820599,8.79102261492125,9.55810589361419,10.3064929640824,11.4558738308979,7.80157488480015,10.2566456999712,8.41711334063252,9.20369406930453,8.10369428472249,8.57811732275293,12.5125405777494,7.18699194319446,9.04133181342068,9.5264699448714,8.55782951046075,10.9356357789097,8.62536093247111,8.55790359214172,11.3428232811246,8.78343710050192,8.92479020242853
2018-03-12,9.27186299057926,8.83880310375291,7.37374532433688,12.3850110760253,8.59834882410545,7.54074340765435,6.68377738073423,11.3346111654482,7.43463130256706,9.1667676952943,9.21747900233222,8.30137960882007,7.63456516919148,8.79750861566654,9.96375650406837,8.92915962148176,7.39644872293408,9.58785852214012,7.64358983801334,9.052050604677,7.60741959394185,7.24923875018475,9.01796611393735,6.96228184776183,8.75528005162638,8.28658278564489,6.78531764420356,8.19239767385699,8.36171368111662,8.31601333094439,10.6084307562706,7.46107452881323,7.68366160241742
2018-03-13,9.11735015580863,8.82412764154024,7.20994594527488,10.0185702670819,8.21701327809828,7.6498717115347,6.42599368518672,9.48371172726533,6.42905834299678,7.93217447050895,7.69796852996092,9.06172909601911,7.89915246172973,9.99269213883282,9.15757150709748,8.85760816291945,7.02038726367067,9.3714285135547,7.71568991294399,8.51142196363068,7.95450552866021,7.17852957613618,9.1220351984983,5.43733236361468,9.35439465731338,7.94014941325496,6.62260548715794,8.25783775311785,7.98918939061863,7.97484223696267,8.90283309223399,7.12333181071008,7.94914713614361
2018-03-14,9.06267282904655,8.73757725254463,6.94185977495788,9.16088148626948,8.25138719949518,6.65331344754118,5.81845438079615,8.82258897963405,6.0201368902242,7.48480562000377,7.10567754895618,6.85269637808914,6.42498506225891,6.82033555852935,8.88505014832266,8.75897786922859,6.83970075070278,9.0617849867467,6.75824796104872,8.42043285924658,6.68264701254332,6.29172017241331,8.66773427146867,4.76319223719098,8.93660243407064,8.15555334847822,5.85625233148283,8.1918325104564,7.91415669734369,7.90597111012043,8.27778262964253,6.7508838967217,6.50396219878533
2018-03-15,9.26691730736377,9.37376042182314,8.05615812369366,10.3401294655468,9.11232350552433,8.32496894253686,7.73730780163544,9.82591883606523,7.19400562876279,8.4170180736938,8.3106699837415,9.53404952612265,8.78912348380666,10.3562439760457,9.397184703465,9.37664228637105,7.71322419257021,9.44103686398041,8.55288769156391,9.14339392503675,8.54411587136907,8.27240241107872,9.45235886697726,6.597352759965,7.93232446093515,8.91460906699129,7.81652605777086,8.59224716418752,8.84740816052884,8.77784668111746,9.2807472781377,8.31941023850976,8.75524820810371
2018-03-16,9.15956073060088,8.07413015710448,7.4330368154268,9.49849817786354,8.65748384802163,8.08634535401934,6.53523392518973,9.09124576744008,6.8033934137959,7.748666045323,7.83200980686024,10.4089178915872,8.69429065861336,11.8913341036067,9.03878516580827,8.35600334985455,7.01065328637114,9.04096134985958,8.31301078704295,8.77415153828405,8.69967822808303,7.59424724813322,7.99207629157635,6.58290808696168,9.35980733477444,8.35447827778696,6.79273111773288,7.95142597598956,8.38034440205,8.32488391188191,8.56721746271931,7.38946161131397,8.69508980718418
2018-03-17,9.01468450813193,7.38902018501074,7.70180512636497,8.45372575486255,7.91244330196238,7.81824422481605,7.57132531362541,8.15278827890807,6.44633018946659,6.97066597814617,7.34453783189202,7.46973780631883,7.57468585368775,7.9670499775105,8.51186943068178,7.67050182541787,6.458488439268,8.79852783540951,7.23986555842118,7.8082881916186,6.89842149364834,7.48902305116237,7.44921649762628,6.75934728502747,8.52774154322669,7.852540345131,7.62280303447223,7.55550468964441,7.50578501010228,7.50181907581367,7.7387234466673,7.65469678908265,7.77819411645453
2018-03-18,9.77963354800162,12.23671003162,12.394337668221,15.4123589104573,11.1656481071815,12.2029001464779,12.9528783849597,14.0157289172442,8.82741665656833,11.6139143665948,10.9009392456233,11.4249632052563,12.1732957990151,12.1626211273647,11.3263846502459,11.6577807752491,10.3772067215026,10.3086284661325,11.365544117294,10.7605639853193,10.7262202873881,12.2671139785261,11.972217093567,6.88181445484625,10.2892731423667,11.6575407257036,12.8517507687072,12.3498714753973,10.7022004629397,10.5520152865052,13.1756005218097,12.2596577721152,12.3635639946009
2018-03-19,9.31318707790791,8.68946552565322,8.17347282897135,9.30969120195808,9.5499373201504,8.29925232658197,7.40102938580126,9.13324738638228,7.16836454153097,8.18408570099327,7.86781981734171,8.48444326926183,8.09393765951325,8.56532252627511,9.21561086035078,9.0198885216528,8.047873257675,9.34648904211935,8.36919839217713,9.66159189248347,8.15932449622741,7.95114757013075,8.81646417943404,6.31380723760993,10.191264835368,8.91439585729743,7.49316547029469,8.49755271824124,9.54146778759375,9.43187225279529,8.66153593364712,8.34987310902044,8.19240756089547
2018-03-20,9.58937278570875,10.9917975477547,10.783630626712,9.64977701354267,11.3592505668293,10.3915113392738,10.8600133942907,9.30448870390637,6.28597029909736,7.67522038516939,7.43622110918942,9.06549144935775,10.0885202956838,9.42746318569544,9.35127970101096,10.8941741077364,8.08009459127665,9.62061095753213,9.71416140042449,10.3706025128099,8.47595419230285,10.4518788634129,10.7075643797249,5.52572919230701,9.01969989508373,11.2160866257943,10.7110577264245,10.6169166830653,10.7694057593875,10.493033097081,8.49840021540823,11.1888933426138,10.3470882724276
2018-03-21,9.66246753050456,14.9778970702731,12.2430513186755,11.9055361614528,11.6395363208366,11.4969715603835,12.0824931129011,11.1210211026164,7.3777560063636,9.16283238360673,8.89870149616382,10.6371852356109,11.3949235616533,11.4941292132394,10.0951859804542,13.7402140948944,8.89163459197853,10.3427972142557,10.6251762876882,10.4332086819971,9.67391917464059,11.4842200553722,14.597144846976,6.47794844034561,10.0910468737289,12.4389464438381,11.9039358507149,13.9842120024849,10.6766021099888,10.4473369918376,10.3094299470688,11.9066344532616,11.6507191748233
2018-03-22,9.27626844973143,10.3032908703266,8.79347795619791,7.98790883645774,9.88147221262808,8.63305418657532,8.37392762197283,8.13375822654374,7.23890208984507,7.71924822911954,7.47649595339167,9.16724522750197,8.88744775628637,9.47138396100384,8.80261758398602,10.1608609030181,8.19107414863658,9.28301623762179,8.90527436552519,9.47664419517013,8.68437937218182,8.71522464507372,10.1521273938876,6.65576018194876,8.16139319852411,9.80232441958798,8.3455914722169,9.47663092285205,9.59940584027293,9.4954361860291,7.8326807177645,9.02844308704398,8.85434186741158
2018-03-23,8.96259462012986,6.55717277883029,6.8861360186491,6.96778347864381,7.90292576895693,6.87623376230363,6.37965276836558,6.89494189804405,5.95509219070889,5.83323603599646,6.63611731482183,5.9995006011516,6.29605432785029,6.13520725806037,7.9799093988552,7.12559280935961,5.53382258365419,8.57571603517443,6.2848705492094,7.74534889266873,5.66291279775405,6.41648085581333,6.64019053411469,7.21656177728243,8.68245211812398,7.48105964437596,6.42327308927559,6.7060467293673,7.49758563886374,7.44391832750859,6.47345934488079,6.98164995221835,6.57738987454609
2018-03-24,8.91016696292537,5.89361887253886,6.19986434775592,8.55431220102577,7.20539485543279,6.1855052340555,5.37936475716366,8.09406025249816,5.66668857446102,6.46375731789154,6.9197635573997,5.54338166743281,5.54722798993781,5.61198804186367,8.40902679878405,6.51204783709441,5.42325393347306,8.54022465979908,5.65878144612816,7.45180504377901,5.29107854815672,5.56173432220218,5.93270098259926,5.99479557779667,9.06688885167546,6.85648292917477,5.46938949658135,6.25278628915215,6.82706516944944,6.83661338701368,7.52779672339659,6.05116687741142,5.8214983923593
2018-03-25,9.13337080695391,8.07625064738915,7.13649955469007,9.21528387909704,8.52159393297074,8.46144627257958,6.020775682238,8.81076168332751,6.97531547493731,7.46706657522879,7.95204141080258,12.5572669498592,9.62144862255094,15.168510811751,8.90057348089907,8.37573849178666,6.58280920913635,9.10946549223296,8.81666275384885,8.67773116152895,9.6673927658818,7.69754253528794,8.16139601566335,7.60291345418402,10.0776289414932,8.06506009341208,6.48165069358987,7.91621444052077,8.24946773917788,8.18188017870527,8.30500405741793,7.03256362216765,9.58152180087192
2018-03-26,8.8825743204964,5.51419020530825,5.69310842763027,5.87991303626658,7.59294611714672,6.12402589214372,4.87934600765419,6.07043933465348,5.23194559690643,5.25526079139618,5.71066415777587,6.6841732706027,5.98757553626878,7.14826240749356,7.65200059476331,6.38361119189163,5.26465930703708,8.38001095642036,6.107972358769,7.69883898055632,5.93400010131111,5.61465643767359,5.70398903245299,5.81004942596271,8.31313734234516,6.79086062950808,5.0550890373949,5.4946299579155,7.40360845902001,7.36053053744967,5.66614697406535,5.99636923846226,6.12493425498056
2018-03-27,8.95968648066167,6.73429761737496,5.65562053551156,8.90618556564722,7.45110886191413,6.62702183587609,5.33318222332729,8.56515918466234,6.54477445749403,7.38855870712953,7.48729302674497,10.1064130462365,7.965794842545,11.7215756569256,8.70312117721208,7.19017714714747,6.48247073963589,8.78938729295368,7.56939234220326,7.90912127020468,8.3149712318757,6.64102425766169,6.87634058648455,6.28130352761138,5.53442481608512,7.07802438766293,5.58588534305522,5.80348238089049,7.29991529187194,7.33702195309203,8.15428490425803,6.17653342749857,7.6891776736836
2018-03-28,9.14279834313938,9.89908825478836,7.00313092020362,7.77934849552471,9.18187966109613,7.10622659885633,6.2094657269095,7.84789557557574,7.02228970548279,7.25683969722032,7.37598963214706,9.53736865995708,8.09939627833651,10.4161305494484,8.59916837032267,9.77912515813549,7.2075559216992,9.14035352994552,8.12479105180955,9.01057386245786,8.3845776697413,7.29618500057646,9.72605641817227,7.1069721749618,6.1199880704186,9.04467996066531,6.26820152702705,8.2775566789456,8.83321051179862,8.75823316258243,7.52336406382141,7.44099623584937,7.85176990705782
2018-03-29,9.20022669679634,7.12376198875171,6.41089203407072,9.9111929606897,8.61633428449123,7.27504110840873,6.33453402695067,9.29252712462391,6.4416184070945,7.44592367630459,7.82779644779982,9.84246394283721,8.39480885266054,11.3455786117491,9.09395348172887,7.71772699551404,6.41465252445636,9.09989207394006,7.96859639682163,8.81140576593122,8.05536831491411,7.41033886560104,7.28015583543201,6.73882130691034,5.33513361231083,7.92259648622532,6.50501298090534,6.04913682557852,8.38075134554144,8.27660773816024,8.59201630898303,7.35030826904754,8.22330069983115
2018-03-30,9.41461727674169,9.53688109489555,7.19060226569916,13.1217345239302,9.2888152331102,8.28142521271157,6.48183660269665,11.8381979974666,7.31831310355994,9.11158732448228,9.46975187495616,12.0427630050131,9.63181992826749,14.327813646596,10.2238543663529,9.62117012922361,7.04704132548142,9.92166691493806,8.96776085174194,9.65573694369621,9.41524610693237,8.03170488488043,9.81109417314345,7.44618043370867,7.73997278302041,8.69494862259882,6.79574866072582,8.17446672864953,8.97924732543515,8.83438672847197,10.8823060970153,7.70056542198308,9.48632508894909
2018-03-31,9.39605741064435,7.6892994010742,7.38515367815729,9.50466701726429,9.94284989125806,7.98546959159325,6.6090867593586,9.132604691981,6.67189523396418,7.57005009107813,7.74955856138453,9.58258817232827,8.42708529198329,10.5078549584393,9.2213750096329,8.41686057066377,7.1181253956398,9.25205803318528,8.45807626446465,10.0003159459546,8.24266332035617,7.75331392296231,7.73089205045411,6.77368741741865,8.53865458994209,8.87912602006956,6.78555755756937,7.16983018538403,9.85740743114177,9.64581604110686,8.40925734221449,8.12740262495981,8.42578135638962
2018-04-01,9.95785189114129,9.86147427566446,9.42241478629096,11.753788158852,12.8922947013312,9.05800890268492,8.70600091663159,11.1574750607567,7.48160951859885,9.13878164979737,8.85560408191804,7.93161300031138,8.64767736285268,7.17374706836793,10.4322013007715,10.5786092855665,8.98296258737039,10.0550054004828,9.51523741896696,12.6527327431645,8.10465067498041,9.26734636149467,9.74094152785068,6.83588678525464,9.02412225287036,11.3550386936236,8.56931554614437,8.90107806776308,12.9475630666752,12.5045504706168,10.1089322314016,10.77568611934,8.74409451431934
2018-04-02,9.22646555191985,7.72672039324486,7.10933916713229,7.69673233825992,9.41913602281723,6.88705766399223,6.24548225939324,7.62270549220798,5.77854585426657,6.35074051152985,6.59382458417833,6.20402377289246,6.4284514775126,5.94491266896025,8.49908717367056,8.31765534809976,6.32642686127111,8.96864631951905,6.89030172074439,9.23731405616093,6.08458972727817,6.66347150317288,7.70796400400777,5.99265599474084,8.38604863514498,8.60093900316201,6.22746446006089,7.20451935262295,9.14799895283851,8.96962997775824,6.98265913186016,7.64022061389487,6.59861082917702
2018-04-03,9.01207134090758,7.02419187198136,6.35997782903849,7.24760797145262,8.1803375741083,6.10596328163557,5.45852027739138,7.17414508761347,5.39516273489637,5.95606333721366,6.22827746214278,5.1253105027374,5.42362821313677,4.73055719954376,8.16279532458741,7.56857900817613,5.70432017373696,8.75056712752195,5.88520476605305,8.19271283950057,5.22983598361978,5.71269915161908,7.14154427243532,5.54221303251848,8.53481199765729,7.56062652717148,5.46226682948207,6.68914957933864,7.87750338004317,7.80146475606707,6.62446594748485,6.58073878772764,5.6472358218856
2018-04-04,9.16525199358472,7.91476518386293,7.03438149669926,8.11359515306943,9.02605204058074,6.87386000763167,6.44619396146081,7.93609327250187,6.16847572358806,6.68136530068912,7.01810237664508,6.94162848472342,6.87442305024936,7.05725255942622,8.57016461624923,8.32303313519538,6.39556948077808,8.89530905862493,7.0732522042623,8.8421335695436,6.52920172545707,6.86586356751517,7.77057754289124,6.52994397386175,6.95978912881598,8.56507354039311,6.41824418166592,7.17977586402426,8.64731807848185,8.5248151908098,7.37271959354697,7.5499464026432,6.92214112369557
2018-04-05,9.19300097839732,7.61632943617241,7.42176775724109,7.15001331002961,9.31915371202834,7.2731726275827,6.86880753744846,7.19358623774085,6.06594666712675,6.19291203309871,6.64609061796248,6.4943865996022,6.86012471304581,6.36858696920105,8.29919450600186,8.19348697123118,6.35600805235271,8.88052465619216,7.12839573895754,9.01179344927956,6.30005656961459,7.10552185893928,7.61560190877273,6.76876263326293,8.14735391393533,8.6031253845631,6.84264843238932,7.22715155615346,9.02423701732401,8.8600706772904,6.67221444371931,7.95923457315139,7.04069136589812
2018-04-06,8.75551022659124,6.0601315147752,5.35290391856187,6.82572895667703,6.70528214981925,5.10822669141759,4.45354548109363,6.79782118276709,5.50990556692077,5.88216196236979,6.18967491768912,4.34406819891174,4.44820756105319,3.84572932134246,7.85240998606816,6.56655833376715,5.33611536928428,8.41467207858438,4.93617622554047,7.02782546026998,4.67457610514169,4.66426702971983,6.22538755581864,5.64753643537068,8.01917389022318,6.38200141624687,4.48465180182712,5.87264748363129,6.42613157496608,6.49392758176089,6.46049710756012,5.27719594145625,4.62167301285031
2018-04-07,9.38894175221175,9.56517425539774,8.65370408413873,10.1916221026175,9.9421758618992,7.77952719730847,8.10693581002432,9.78529798181303,7.11518818270247,8.4355328349197,8.14445752391732,5.59546308607946,6.88519449776212,4.41653111461904,9.48526770567157,9.66611203393418,8.08466526795003,9.44042419964421,7.56891224169991,9.81310827068509,6.55263353765463,7.80051702869514,9.44476486647987,6.23161230469802,8.85969974466584,9.617365749121,7.90211431615361,9.04313210780125,9.69747375516708,9.56082770236751,9.1832332450998,8.9216978662237,7.07566947783384
2018-04-08,9.09064370146173,6.65325833976697,6.81580539445838,7.04014119867625,8.65699148609873,6.93934422905055,6.16101777872819,7.03670176058967,5.68177610237115,5.92544649143297,6.37704457103075,6.7075531670738,6.62921078541855,6.9103306968821,8.15705406664131,7.38158469261328,5.89126685844346,8.69114292204735,6.77760683035015,8.52613003648999,6.19574289454254,6.59318929764595,6.70460894526206,6.28697292090114,8.39212513880126,7.90108261542691,6.22779775841991,6.52854305117922,8.3849964768356,8.26242023513179,6.50320523357529,7.23854141741827,6.81311446260007
2018-04-09,8.60738746550895,5.31760348945221,5.11219662405777,5.17495283275027,6.17592124445376,4.97565895800055,3.97088424908432,5.33152678008791,5.11751719699522,4.56719763137928,5.57450284172141,3.98895563251758,4.03932984651895,3.84000696239839,7.13109316071661,5.92649477988681,4.1343066026952,8.08055052702618,4.29964740003113,6.28564197205439,3.95272252437482,4.13587628840675,5.48145473418463,6.69755650595462,9.22556788045405,5.87151480333264,4.07744749689641,5.643131351176,5.71935575169831,5.78812417553456,5.06981870385494,4.73268854411628,4.38631733161993
2018-04-10,8.44203566931485,4.14646002893778,3.85766497023504,4.97100617173068,5.15307606228677,3.71911064525737,2.79939319243078,5.05973823356475,5.00213187942401,4.23540859642015,5.52478739682682,2.78256905139173,2.83550318526537,2.46281386550479,6.89583574854121,4.89858098836461,3.39553390407406,7.82469109680098,3.20165828872128,5.50783060462149,2.93977709967103,2.9780697263048,4.38478061930204,7.06438409264226,7.74643426153397,4.85003062298311,2.89357338408213,4.292976582244,4.69755488733994,4.83346500155757,4.84831078003191,3.58407636858318,3.12651130350156
2018-04-11,8.88488016553498,6.00257884055136,6.07032321715942,7.34220694737532,7.34085985062863,5.84254700841298,5.29249396065467,7.21987521438331,5.82645273993509,6.14676731227596,6.59468042487432,4.71029927738143,5.06673792731163,4.2511966444814,8.08927298707512,6.63354435461087,5.60561723970027,8.47911434993268,5.47107997118022,7.52986603148211,4.97737224458587,5.3810919220302,6.08217698214709,6.29273288145987,8.56405593758012,6.90662166014405,5.3107051654973,6.12486765731593,7.05691614709094,7.06468197214817,6.81184586515517,6.07732783685068,5.30664047503814
2018-04-12,8.54580448844981,5.60898266990622,5.3133562705032,5.42993258722679,5.78453610356778,4.9798122114319,4.33577344430632,5.49577183510789,4.969925194531,4.63774542010113,5.55641672274466,3.46855247818425,3.8874439014642,3.1849698565975,7.13197281484606,6.01977743222902,4.08140122830609,8.06660289402966,4.06016897720431,5.85035663798711,3.65274308047053,4.16111036541313,5.75065334856874,6.2749449217323,9.08778289262178,5.79324333260179,4.38949453334433,5.98832832870887,5.2128186505052,5.32841022199453,5.24228968498279,4.73428389922697,4.27688199890158
2018-04-13,8.63741954520322,6.1780497459211,5.02232996311218,5.60466307819467,6.31522280328888,4.68544642117636,3.91012093212674,5.62207112630787,4.47793809519373,4.46811398701982,5.26320012627373,3.49617855846342,3.76656573045059,3.22411025404667,7.24410080232877,6.58402922365923,3.94024522289375,8.28983947927992,4.07453150900043,6.3540328461707,3.55769686802295,3.99468784002555,6.38571989670659,5.51434029574522,8.36504658089978,6.07916261643389,3.95004844449177,5.94965921607706,5.74588203726632,5.79402143821274,5.19617027582075,4.75867826435001,4.09560817600401
2018-04-14,8.63217608541306,6.1200638644215,5.30988426002874,7.82305084023538,5.75941480343225,5.14116294315492,4.40770304355318,7.44542518724838,6.08933549219156,6.2281869875675,7.06221952884256,4.57025541415734,4.4788233888957,4.53146823461429,7.96763503546174,6.38011433727324,4.86225663752534,8.39012406834758,4.58882990570158,6.16658936379222,4.54880884439406,4.46247910290585,6.29020457159238,7.15436682982401,8.55732634554455,5.87261829760596,4.49471887453332,6.21029958552615,5.27820295522626,5.42945408085356,7.15507287077973,4.75762034823538,4.72456036539386
2018-04-15,9.03427021037701,7.99135209602146,6.44084297107091,7.82252829566595,8.18892450985547,7.17458414439256,5.53397782497514,7.69880918242027,5.79336688626717,6.54364938012987,6.62333389167442,9.40511548602277,7.72463479073569,10.7290662063135,8.4082728562076,8.2938890509575,6.19261706776367,9.0619957387973,7.49469489476961,8.33565779762343,7.80492136262891,6.69302588893671,8.30458834554492,5.56014135580741,8.66712541619065,7.61158206425303,5.80117828177526,7.27514407529487,7.97084339743692,7.91772732410033,7.18749645457997,6.62317514087355,7.72241077590785
2018-04-16,9.09099422646922,8.00226399310211,6.1052728281475,14.7595291630908,6.959492607168,5.93180147318077,5.08196011245603,12.8525840207298,6.26249477516925,9.19433699240077,9.3691219870816,5.83034869393402,5.52277135056741,6.13513575867603,10.3205720295145,7.98795932333262,5.82076573612639,9.49834479682028,5.52842659522601,7.77276314921456,5.36935990747326,5.33477969016439,8.15806533014631,5.49602838588979,8.69870721340654,7.01456165041563,5.16118402216359,7.51388110278077,6.38383171862487,6.43155460879502,11.7502944198279,5.70919943821899,5.73885054758777
2018-04-17,8.59667986983806,4.48633340631121,4.83763619796189,6.28811803231267,5.73987834483801,4.93145339601791,4.34060068994327,6.20338482106034,5.21504093882196,5.18051496349209,5.96884680596155,4.39517150041477,4.41262153832926,4.40835869615554,7.45031793319199,5.22144183522565,4.40282229984915,8.04210155710656,4.4857893713859,6.06760422387275,4.28295132863479,4.43367923484645,4.7057348467965,6.22543452457662,7.22681156197852,5.48177292249097,4.42921251418641,4.68540462949304,5.3646557784234,5.4816538606489,5.90447697602787,4.77551551960075,4.623027510901
2018-04-18,9.17872289100252,7.23295519736969,6.61034739877483,9.09540101877742,8.69888130210268,6.5386881790938,6.28410852312727,8.64526253507141,6.06757430189732,6.94918252964568,7.30205159722343,6.07506923985635,6.35636181023054,5.93327328309036,8.82912005095558,7.81708926765557,6.22599333070415,9.04068015624839,6.63755627508692,8.77306135978048,5.92413524022651,6.5662584478715,7.38088146240993,6.33927944638722,6.56680144452189,7.9854311423588,6.24532184415649,6.41901402038594,8.43288088848637,8.31484986506143,7.95929670674524,7.34606499588435,6.43920755647937
2018-04-19,9.23314985650676,8.24000210874125,6.26717434499496,6.19670334650838,9.91193575677674,5.58145230624293,5.02117594695565,6.5121626242262,5.82389675134493,5.75050338442531,6.12663890266197,4.57278544555547,5.04251080224456,3.47614495172526,8.12833089740405,8.84162825940927,6.191117705817,8.95455529135939,6.17693741130142,9.67230786261077,5.15064636048004,5.64482071983825,8.17113023722624,6.51825020439154,7.0317474126263,8.83386760891629,4.88363714121431,6.85522673405669,9.70882369067128,9.47973935345365,5.9690944042085,7.17521468657814,5.10242258001544
2018-04-20,8.91287412261214,5.42048314188675,5.47513263532836,7.29348832168791,7.38776308203165,5.59328144580367,5.44584323897951,7.21569668196855,5.75193434110896,6.19034459826884,6.48666628134231,5.39680403139533,5.55075154414152,5.14645363235951,8.11482123985451,6.25350072331994,5.80254300251717,8.50334734124506,5.86161871920439,7.67795655211427,5.45465956062458,5.72087132625696,5.6700688439715,5.92625799681904,5.27991735875985,6.70450962315673,5.43274239531859,4.78852223245989,7.26432641526912,7.26263078464696,6.80142038613812,6.26269740215551,5.54310827758879
2018-04-21,9.14403936441463,6.7679019766587,5.5156574811428,8.20472924417877,8.68144399679285,5.70471586583237,5.2044021721584,8.02456809195262,6.60692830011623,6.8565245695238,7.37131464250166,6.71031274454624,6.2235642885116,6.71853685338658,8.62132253847388,7.52610724794737,6.31348775933213,8.92403796449325,6.68625611920763,8.93240909543724,6.34054406653427,6.08225061370909,6.94063761078976,7.38312265412626,4.39076798063302,7.70592633806864,5.19634826993472,5.25529444059418,8.60434126571051,8.48994825938079,7.50962036595515,6.74875065032278,6.03843972427825
2018-04-22,9.40191701836267,7.16405384224376,6.99325215060659,7.97657376182059,10.2666001447796,7.23441426150256,6.53019548073105,7.93399790775857,6.31383941504799,6.70610427400889,7.02772807957664,7.57267126583066,7.38181828846049,7.61899518743167,8.76427734913087,8.13370433270143,6.83934403072444,9.10804990869586,7.82865773262609,10.1620626237188,7.05071166407292,7.3732498184606,7.25938677069399,6.83407728298883,6.76462454004406,8.89500807970111,6.54421315352742,6.23337015141137,10.2464566277737,9.98139639542557,7.25395843280389,8.28832628671619,7.37091021845451
2018-04-23,8.46529435762704,3.74592433410038,3.28976693511655,3.53438916608647,5.58503629258832,3.1795770201975,2.28160365821578,3.94585260213324,3.50578455562428,3.18307145801454,3.93139760910146,2.40008207628825,2.46563975523675,1.90765577634487,6.49642327917317,4.74555968939161,3.10365688365114,7.72449770652451,3.05555616644429,5.83553487644098,2.61836007123378,2.68275902485584,4.0241280206928,4.4786136728028,6.34395411304329,4.8947179520686,2.34094918491749,3.41930090011628,5.21786515289805,5.28817312481795,3.60060172791028,3.53613739933991,2.66905291251733
2018-04-24,8.89869527562808,5.09659936608851,4.42870325156242,4.81703420355093,7.94482235862943,4.19147909043809,3.88534174852264,5.20301320218543,4.41677354758653,4.38172528391077,4.81698595127503,3.55523853192633,3.95119011838648,2.73584085366028,7.33315449053077,6.19642787563911,4.73021993619207,8.25006176377924,4.80963634339588,7.97471228487346,3.95964621656001,4.42484450279445,5.2250858533988,4.99489228101703,4.25397269053217,6.80895778143185,3.79075250222887,3.89572642030888,7.76843792131066,7.65935321775416,4.70099451041067,5.6472313031769,3.93892583624096
2018-04-25,9.23126066024389,7.73020862240085,6.60412454515643,6.19266574243122,9.79097629154217,6.68726073521671,6.01336657760357,6.45663423925461,5.56987287547171,5.56932411414111,5.98043924086346,7.25488881331446,6.94684061592623,7.45770973327172,8.06276848827744,8.42616798681214,6.09735518929045,8.90034132242216,7.29597587100805,9.43357197585084,6.59538663956563,6.84115792250105,7.75114265058451,6.274926808517,6.06794292973271,8.74086973297433,6.00682967293128,6.45935397659631,9.55450810181457,9.32585594737129,5.88211323793392,7.72573461436009,6.9167637821286
2018-04-26,9.27756544324094,7.63179993250634,7.06748599290029,6.72364991183206,9.96206463925576,6.87302762549793,5.88393040250746,6.9588101094612,6.21868698345344,6.18764700127786,6.55318356656093,6.39072321313638,6.39236655048167,5.97799192010026,8.32576825195181,8.39024846047967,6.58674123905807,8.91969278400812,7.1137779253211,9.75944638482556,6.33691649929527,6.59408681076625,7.57282865478528,6.89701978645081,9.04697214483937,8.85149712325599,5.89422403291488,7.14700453073534,9.8399815174386,9.61575897553788,6.43713831043257,7.69977681963395,6.53799759115245
2018-04-27,8.96600480494723,4.30042307114708,4.56161192551425,5.09315490470868,8.19676985964082,4.71605176649718,3.56290216412705,5.47215161206596,4.43870099336218,4.60299361526191,4.87201807614966,4.63056535386802,4.39023540333666,4.14473884226696,7.50936173129366,5.70874065899706,4.96132472037411,8.22794661047356,5.25229435601503,8.4127585173427,4.63475636902127,4.51464239924632,4.44960318313574,4.70834492468909,6.67623631146186,6.71045725581586,3.63033603810088,3.82193413291675,8.20784644125178,8.06931318458827,4.91593072791129,5.58850707388413,4.45209117919838
2018-04-28,8.82861878780757,4.96090360300714,4.30434583516648,5.25487470073029,7.38000376054218,4.9312264421937,3.79755755152131,5.53036544187924,4.50156900552646,4.65044799061131,5.0116339325639,6.73460786558814,5.56771864600499,7.40148552074409,7.4086537103733,5.98600029881585,4.73992517051382,8.26722418357492,5.74274800344902,7.57639557731893,5.71051573322457,4.95308520536226,5.20368069944038,4.84856853644621,4.65372694490118,6.36857508634937,3.94484342427958,3.90485263426005,7.22649176075489,7.17572861187084,5.0615094181918,5.31915693209982,5.43495483234593
2018-04-29,10.0258086466674,10.2328425247773,10.4225004103121,10.3759501356877,13.5887123929596,11.126901872238,10.7436280362167,10.1920447493664,6.66322922704591,8.62493896367006,7.67682209257088,12.9259234045018,12.2901334105463,14.0653249897849,10.1087940386519,10.9348779820245,9.6623676463336,10.0230944232314,12.0971792441875,12.9160060100151,11.2689604405391,11.7900297398064,10.1174685095113,4.74971046366462,6.75618932746769,12.1110154834429,10.7533020129912,8.95386499575215,13.6720845281412,13.1928795347903,9.18153176804223,12.3328491012014,12.0916736602529
2018-04-30,8.3978177988332,4.27119988467327,3.15619330303057,4.80857335824096,4.9446654213482,3.79662632260741,2.55130060654998,4.96253402047253,3.44800748838648,3.96512415371904,4.21449798998404,6.00353661188027,4.44621827416502,7.08568102127263,6.84478159392849,4.94653557068346,3.49441893291959,7.80913530886496,4.24486271410185,5.36027159937344,4.7728500026872,3.51266674997346,4.52493862352564,3.22075611584106,4.5529866378084,4.72235316397028,2.77275757677602,3.52699924079175,4.51402540206793,4.68083136100677,4.60425678472645,3.36516288425284,4.35196835969324
2018-05-01,8.65683496597015,4.34448773054152,4.02338878894878,6.12025557197159,6.12914342470355,5.70824459730176,3.79168363486815,6.15346389136127,4.84616944012646,5.18814212500427,5.55325738279515,10.7807918309392,7.63026487660122,13.4490103898815,7.51369511524133,5.23467053910488,4.68180825964162,8.07297480743697,6.77628687799842,6.56355713802347,7.91436126821658,5.58619745221963,4.56231653963603,5.03444373595564,4.18913250531047,5.59034634198081,4.22063246029765,3.60184192682145,5.90961434603968,5.99370162054669,5.79441610230739,4.69270256223771,7.29345047211496
2018-05-02,8.55023834545069,4.16091724198945,3.99385295615705,5.97678773301227,5.52320320182706,4.36569919915794,3.50530846444051,5.90557205651276,4.05861783792552,4.63294930126457,5.03225601517606,5.03881268533283,4.39631272932894,5.51847428576526,7.29907110570517,4.97229216638902,3.94110778211042,7.96984766653346,4.36891879213637,5.91916538719535,4.40769601273042,4.01762794424555,4.40617318430181,4.1554422820922,5.69889352506412,5.15722085105845,3.64630759601914,3.88132626989293,5.14011907710498,5.25549519247384,5.46274119711437,4.20715460606764,4.46297084100997
2018-05-03,8.5792673508862,4.60607791030938,4.96344325787548,5.35419006304155,5.86929758254708,4.90071877935422,4.43915249613187,5.45312700202718,4.86890249994286,4.5980480449324,5.44278109360995,3.79913212361071,4.15340657998657,3.60668733626703,7.14082129973049,5.33391023378988,4.16784410970149,7.97725982086666,4.29240296747102,6.02048117144951,3.87598204568969,4.37686287491951,4.82006880957926,6.04043182153425,7.43152472528623,5.59446145732867,4.48920835029595,4.82578832201218,5.44337173856224,5.53925614436782,5.17552118493098,4.89306153029433,4.427965052407
2018-05-04,8.57206273443869,4.2341441442119,4.16654889218417,5.13690858609598,5.86151226975867,4.47353417542767,3.8581230642025,5.27031536343094,4.2779208095752,4.31239896217108,4.93465196486428,4.97024549085025,4.54876880502127,5.3545194489107,7.07119691483071,5.08548723163622,3.97109691029064,7.90902935552771,4.54026301749342,6.07113949074999,4.41798658480828,4.29256417675231,4.43681334681726,4.95595398802354,5.01752785182937,5.44388099309394,3.94958778899452,3.81347371886986,5.47094065090044,5.55483049815237,4.91322968685938,4.5863158281075,4.59184549855222
2018-05-05,9.16636259331079,6.18012258459977,6.0074005104102,13.5292839910928,7.47764320903616,6.23620618502202,5.8578161989072,11.9328930976285,6.04717167360339,8.60827667408862,8.80192551760407,6.37564275961896,6.26358167074235,6.77913945979605,10.0163030647898,6.79062391851202,5.95585936252445,9.20409602700542,6.16810799230092,8.17326258156267,5.78105830770848,6.13504184275233,6.36953274941234,5.46642279794223,6.19853313549095,7.0163922090521,5.90337351661936,5.68052361431886,7.12026145583595,7.09802501690367,10.8625916398277,6.50970155536871,6.34593957429028
2018-05-06,9.04503451517818,6.22371252580162,5.86209499034255,7.16132705317205,8.2831214747402,5.97946298024422,4.9601490660853,7.09050168940808,5.78099649469655,5.88744204782462,6.53733434574617,5.72426373650064,5.56179650460831,5.63429370186898,8.15542906028662,7.06431622944072,5.51528691656678,8.73355472793124,6.00395293166278,8.42391468223595,5.44780885992086,5.58477833422445,6.4597177121149,6.7732537702687,8.21304121780715,7.28133620661443,5.04309755845209,5.82386838268172,8.11293961469866,8.00098275730799,6.54782118261854,6.38421325905698,5.72994666035653
2018-05-07,8.646281031548,6.14075742025134,5.61292986661358,5.36938553410819,6.28267898212186,5.49748441292711,5.20793841201042,5.57396887327652,5.4047376392813,5.01316348061287,5.74696201109523,4.16278604391432,4.6941229892451,3.82203866042422,7.26057755781933,6.54780394008527,4.84090807476732,8.38974607712128,4.86330613818087,6.37091819341161,4.41769150686143,5.02868355759726,6.61050839082534,6.45999729653479,7.92611470850258,6.03187947793823,5.23301894471708,5.95558404967888,5.93415082594768,6.02121645439614,5.38707443289503,5.53369083133751,4.96638194241442
2018-05-08,8.47097872407801,5.34831798222507,4.60426857970743,3.70802594211077,5.6422978579194,4.46224848485209,3.73179727054902,4.1141964488332,4.19066629133705,3.56225924297946,4.46873877106312,3.24002250721092,3.52703258461792,3.00088972655572,6.54978001667977,5.8713823088007,3.54719977602486,8.01649095391059,3.75467319892735,5.66536196303718,3.32571209545207,3.74252266708833,5.75640575687568,5.52950921261193,8.13318634066339,5.35608372139603,3.80523236360512,5.25095077720489,5.15305775018621,5.25114271905754,3.89913193941789,4.35930819948931,3.86419553259843
2018-05-09,8.42445643739391,4.74904318088395,4.25644503615694,3.45570605616149,5.46437269431942,4.04072863124836,3.09347803095369,3.91836802631985,3.5538556796851,3.33600471750188,3.88756038966324,2.95103998193372,3.06402751992765,2.62065731055717,6.45787190672283,5.39006689677321,3.41486657020361,7.78028200261841,3.42958192092085,5.55560868000498,3.10808032017876,3.23660718361602,4.96801530775494,4.11131803342015,8.37467170416866,5.1986056117128,3.18194998872581,4.90285176852329,4.97640617391434,5.09143709635115,3.65832443610577,3.88875611421272,3.39231576916009
2018-05-10,8.48440638652237,4.73258086042734,4.45790616856697,3.78171611720843,5.73872139318791,4.22392070910976,3.35133404504943,4.18154639761561,3.88276108020344,3.53541825103485,4.24455680090142,2.97381064261213,3.21400478977596,2.59821315561157,6.59622046335971,5.43035233477821,3.53279026016779,7.82706786072219,3.59036765845632,5.80117134403926,3.15855342829018,3.45571809508314,4.92282062681308,4.79421448378362,8.36506930939953,5.40510877350097,3.42327435862901,4.92310152182396,5.2579989688256,5.34637340525301,3.90378068856154,4.17684946839394,3.55382422507141
2018-05-11,8.40980262488596,3.8367599500519,3.43650687321224,4.22896002615038,5.11765956869035,3.37216026327265,3.2239575803318,4.4992308938042,4.18589534119361,3.80836620124726,4.63165781379663,3.10255480730689,3.22578459165606,2.8877917263699,6.65700573462835,4.63988013804295,3.47019604038097,7.65782626580441,3.45338756321865,5.3496219519461,3.1990416647829,3.3597290916709,4.02189942931013,5.26529109921204,3.70963988987641,4.88598202692345,3.20890299562556,3.1926013177818,4.66074197401926,4.80732809268931,4.2794420181381,3.85859939785377,3.25616913872077
2018-05-12,9.15547987380674,6.92389844584719,6.80739743040097,7.48932869252003,8.94787738139338,6.55321521623209,7.00705993860618,7.5669517107249,5.90310716649229,6.72255503113558,6.47592598207999,5.85368630269398,6.55847653867954,5.19054691604512,8.45784160013891,7.60182112315072,7.02192377470321,8.76518819381228,7.03935647971979,8.8866339355994,6.29098123345138,7.08263954787366,6.92831160474798,5.1264018310105,4.67528823531728,8.2878135938572,6.84461434208229,5.95451309236433,8.83884759226828,8.74264167538279,7.09775197036438,7.90652830088461,6.48073474381031
2018-05-13,9.73167072737134,9.59120538419773,8.32356497290622,11.0338145214636,11.7507595031278,7.33387459146173,8.49095483243493,10.672245510104,6.46847047336896,9.06643924310742,7.69804169770556,5.55609098937492,7.19325605446255,3.65583725961907,10.1325638001393,10.0979220270095,9.33283790904512,9.74015993522863,8.46156178315428,11.6779618073357,7.06173504423925,8.49094570502937,9.40387641151852,3.46916748699552,3.98177268760568,10.7222776754676,8.07508349576214,7.62320902094502,11.8445619592514,11.5571737614026,9.76874229299329,10.1178844856479,6.98709897905202
2018-05-14,8.16502667795888,3.19181342841744,2.84180076176391,2.86723036060819,3.94291448828016,2.75872994701308,2.32432153428461,3.28280288740492,2.7682039568684,2.59523693332527,3.24742873649372,2.09576913739734,2.21682265158427,1.93516032949809,5.98613936447234,3.94439551364144,2.39832808988667,7.33990814964405,2.35688927742475,4.1844045439306,2.19198680490322,2.32478105586272,3.46827067541089,3.32784732969615,4.99102389029541,3.9090346589639,2.3734699006218,2.99927872537087,3.35592234563376,3.58143786117675,3.06872112573441,2.74739047036085,2.40328174040122
2018-05-15,7.99686022153417,2.06498252962769,1.6763135702567,1.94575304245014,3.0757912674045,1.67945941891565,1.24945670713306,2.42765689552933,2.22454328927864,1.74850401898483,2.67746720962752,1.23841074860718,1.2641087365952,1.12246204830937,5.51383121794454,2.98170807920202,1.44141426709797,7.03512513272938,1.40157040938335,3.41133868062771,1.2879537988904,1.31984196724115,2.41119343500866,3.27681562630138,3.53733324220307,2.99864332642705,1.3053137453598,1.68533450663312,2.44773270899516,2.71513424677807,2.24657097518531,1.73288546804132,1.40680206504681
2018-05-16,8.07110924239195,2.45343550941498,2.29634587252183,2.29984781356664,3.4714101312705,2.22741667464151,1.52180317797275,2.72948050955094,2.46633029454737,1.9787323464615,2.95852760932877,1.35416434513573,1.45255356230009,1.18991552959226,5.68380829844267,3.33870083152161,1.63750084862156,7.14909022965464,1.62864916707379,3.75230319639621,1.42427853219344,1.55737404187879,2.75670793327068,3.65516258809383,5.59347375795324,3.36127607058438,1.611118689964,2.50795047148434,2.83345713522383,3.06886566267604,2.51293188883931,2.05629027377455,1.72870311344039
2018-05-17,8.45139144635491,3.80304866415835,3.78369147366128,4.97293082338977,5.16604402153688,3.75646530169851,3.10085434355238,5.08058077060425,4.27320235061167,4.1455956057034,4.93114872168934,3.10435163058366,3.15706724947972,2.87264597693613,6.91043619257778,4.64382307283855,3.54319561078259,7.77113834684461,3.43787385285617,5.52294046018283,3.19603494395039,3.27030776841204,4.03871075382691,5.23127671124164,6.39599807178765,4.8377260035329,3.17052051384769,3.78254905429265,4.75222894172864,4.8905292642817,4.78370622427962,3.79006421032752,3.35519006928351
2018-05-18,8.44259795452638,3.69100594484717,3.32512317734396,4.71676449678544,5.17283065235904,3.59513287615745,3.12955627486167,4.87839336481253,4.19672531437767,4.00782537835397,4.79540645223284,4.29882862933753,3.83440458577612,4.60992772972066,6.8246393559224,4.55738782103028,3.50905129422625,7.71214190384243,3.86820315596971,5.48491164823131,3.84775736084094,3.57629402779343,3.89950134746433,5.17125543735644,3.51998643272007,4.8531247016767,3.19482259169525,2.99265893030708,4.74988620741167,4.88689164882222,4.59672894847875,3.84103303631546,3.79576501234804
2018-05-19,8.53231415359289,3.81874980731046,4.21473026665463,5.47170133140492,5.49944044520189,4.61754816589941,4.39952063448813,5.48823294913243,4.297297625349,4.41314941569745,5.08524147467722,5.17754120466936,4.89326220328649,5.75759888174933,7.09901775173822,4.67739674338478,3.91532431232566,7.81660673816143,4.62492115032546,5.69539796386258,4.51163430326642,4.62360443669559,4.0147428205829,4.99888202292627,3.80598681323502,5.25361484545047,4.46524341079443,3.41960991683623,5.05232009752957,5.17057102406866,5.13871627591931,4.73924232306459,4.89770223987383
2018-05-20,8.73003463691214,4.38808808133592,4.39108136534067,7.00298835544098,6.34313200805394,4.97537669641775,4.29980993353978,6.83338435960088,5.67780314344833,5.7084769060642,6.49078039765973,6.42261648793982,5.54456260246729,7.11054904149339,7.80811629919,5.29604798470442,4.83644101958004,8.17868188323716,5.45558423162663,6.76695772548282,5.55855357504082,5.01228114506202,4.5916232916301,6.74322975929379,4.29416208168157,5.8016117352076,4.42328196055521,3.75634057518241,6.10115783993362,6.16514263481957,6.47283694724771,5.09410316338425,5.43839841700844
2018-05-21,8.67035252030635,4.12807479356339,4.4582974198896,5.59726806237741,6.31455789035745,5.24413279060281,3.82641319883843,5.71176988194388,4.56489445067539,4.74629393812562,5.22296632814557,6.9451858686318,5.60403556500234,7.9748798501639,7.33953304425781,5.12420823773834,4.41789975654976,8.01093168562783,5.44629003242414,6.63855468797713,5.68853439568473,4.78960208980489,4.33452917336446,5.00555471531498,6.66105124826201,5.65381906815918,4.08104638880711,4.06748960276461,6.07172903489242,6.12115453266413,5.31994446455389,4.78654794259935,5.62764406670444
2018-05-22,8.42286116356675,3.76492564197222,3.57521558156352,4.39798226759971,5.12920162577419,3.86318082300855,3.0602275460396,4.61585634757457,4.67038162429996,3.92420450291406,5.08427217355136,4.30140767257278,3.79031392802928,4.65664361394858,6.70808999458919,4.61015616606677,3.38362983350063,7.70857267846472,3.81109834793344,5.41393539453793,3.79982943836451,3.50121077547363,4.00979086998055,6.47875785819627,5.37107604199207,4.7992708517375,3.18444818520746,3.48356741809098,4.69602540265117,4.83245793751499,4.42475622983718,3.76067122229242,3.87759065590292
2018-05-23,8.41684377067802,4.19540258568397,3.51592981145399,4.08478415371597,5.15145544344359,3.68288255343438,3.42100043216244,4.3517593594514,4.03931554266036,3.59449400470726,4.51666528607878,3.78472997469102,3.69813025965529,3.95155720432411,6.58636507200691,4.92987324281472,3.29862566561204,7.80518174167834,3.71164681221763,5.32257306390923,3.49303676280834,3.63631741100217,4.56086499457029,5.31116553872111,3.72801878627169,4.85763753338074,3.45294218280217,3.3627569370958,4.67712264907118,4.80769952324258,4.10294552330136,4.0015226206975,3.73309496543888
2018-05-24,8.45363118623923,3.81463633730041,3.90122011551188,4.30310237265011,5.33213866587197,4.16269164248748,3.94919012138889,4.52483797250766,4.36832026322662,3.75764198087955,4.84077709442137,4.45846726320488,4.30532002599665,4.88865459154571,6.667160611738,4.6492141522203,3.4245790852435,7.67864950038088,4.12864741280688,5.41005908017098,3.92001413079846,4.13730457649855,4.00254301150084,5.99332001067112,3.68670291864375,5.10267435942778,3.99206841282347,3.31049118804863,4.81575600638963,4.93448635004471,4.28936208305176,4.39180349225319,4.33921071060507
2018-05-25,8.48065557914803,3.86837257187685,3.35642262548311,4.32698625705715,5.49123491954225,3.77823368535429,3.13279281050022,4.55665086691835,4.19636727456617,3.71407029626856,4.71152730198347,4.8875567619535,4.18670235866806,5.48988182251039,6.71896130327049,4.76722879603085,3.3425181906393,7.76122395915184,4.12442638921027,5.69088998571325,4.0904818649295,3.75618583096962,4.10580770272033,5.6582263025451,3.44334262228098,5.03752530943633,3.23045039369406,3.01862472600327,5.05061157035444,5.14414480092619,4.25838621370957,4.00569556247903,4.13513257588175
2018-05-26,8.61156560337106,6.10278277117731,3.78541528461473,5.74962435513194,6.15400425713398,3.46658560768752,3.24025178688033,5.69363117286319,3.66975543610433,4.24735632562498,4.72146279777867,3.43540363396335,3.46684533723405,3.26502471477403,7.24890478703338,6.50586415674822,3.64997796856714,8.25971945165426,3.79786902785183,6.25163183161371,3.36548792213621,3.57140855211779,6.27110186553618,3.93152568761911,3.45575318300279,5.92326647673477,3.17081005326002,4.529927367122,5.54133945782706,5.59373831325849,5.13538950717131,4.33631361595154,3.45736869770107
2018-05-27,8.65609429729807,4.42452128720533,4.1032002136785,5.76562326971918,6.23591987920319,4.47247715501538,4.00189937947251,5.79213281353462,4.14611414264239,4.60529376453208,5.00058879418417,5.51482827592033,4.93713323030289,6.0273278610443,7.3350561721256,5.29660064301142,4.22087906408465,8.01587962899936,4.9080691377963,6.45313195015665,4.80345541354777,4.58447668723506,4.57391056412792,4.33107717963216,3.55671220763182,5.75373313612239,4.0638368477455,3.57631422430467,5.86218486806111,5.91621556891231,5.32502291309939,4.86616828260851,4.85274071939604
2018-05-28,8.08539132394301,2.39227734861496,1.80128326623605,2.82524391229546,3.41578377849931,2.18573181725811,1.42923908061853,3.11481914219253,2.90530812362677,2.23672312517481,3.49106443128529,3.04366304767082,2.3376996595288,3.68582204706203,5.83164174594798,3.2883328805214,1.58161294087575,7.20385608485018,2.16490047377321,3.75659765044401,2.29936906823329,1.87721207339552,2.72275385864388,4.64816828029348,3.11925256728731,3.28937781035462,1.56845603559681,1.79943667299052,2.76940581476409,3.00415701874449,2.89552669774005,2.00536416793235,2.38260634294022
2018-05-29,8.06371476116284,2.3910251073349,3.33064086662713,2.62373716586674,3.34952846603587,3.98327497627377,2.10802151451125,3.00278711206008,4.68775042358812,2.6997917623638,4.76177482788903,4.53219799172266,3.36137081601314,5.71925450492715,5.78324405517182,3.23691345413568,1.90610089260972,7.11789232673894,2.86736032525339,3.6341766560169,3.3069228190919,2.53941682200988,2.65365837138543,8.28627378875972,9.64399950816515,3.3926499235224,2.48929240847315,3.69907310590075,2.70756653210969,2.97089309674519,3.09083379709618,2.28817546450696,3.78025449694126
2018-05-30,8.13313158091733,2.98040336367208,3.08376137790305,3.66599622047775,3.56043557797069,3.15759013615186,1.72738482747444,3.81091965464924,3.62030170738685,2.88367718284861,4.26190883336609,2.3700371044161,2.05030966174678,2.58424364836235,6.14264606686985,3.72934681696392,1.93463492676423,7.36348273215327,2.06375749039429,3.94665342029827,2.07046464330411,1.87065703090966,3.27584436132991,5.63784773150716,9.12761312278069,3.5440947255407,1.95669052625922,3.82039106045169,2.90280050745934,3.14266328661125,3.61625770169212,2.16770008487769,2.50689637654685
2018-05-31,8.89121524844523,5.8585991875985,5.71266211293798,7.00134930996977,7.42958988526832,5.86762587191084,4.87307247004008,6.90302110879395,5.5026166923398,5.72575444652331,6.30709410256072,5.84609052630188,5.51891175096151,6.02807175655045,7.95924670896999,6.58085522822412,5.21403268091299,8.48854560994006,5.71458691546904,7.59526179555296,5.40354347896684,5.37645143197007,6.00364854933493,6.24004243515878,8.20119164072349,6.80951216053469,4.98566653448987,5.76523617959753,7.13924281275319,7.11352660168387,6.43081662084621,5.89478534754386,5.69665881369695
2018-06-01,5.07868767307823,3.13766445548749,3.14665446470406,2.15776130812106,4.29658878452975,3.37194376787662,2.63403428810825,2.53960812519662,3.6513069613259,2.62200505297702,3.41170144929733,3.95681250985583,3.41665107207597,4.31048578130015,4.01752831791068,3.62089756609795,2.84279387576415,4.65040694180326,3.46236863845466,4.21805698927189,3.43994616764341,3.11885730732497,3.14232126203739,5.22159469820943,4.41577236825179,3.92802138522681,2.73323877346278,3.0857217661285,4.13605112949072,4.12317210862788,2.52695726226437,3.30210513259036,3.45905068968395
2018-06-02,5.15256532269035,3.06294023844939,2.91392258340006,1.73890201213957,4.81504545386832,3.25130563816123,2.62341071096001,2.28955288084905,3.39305540888707,2.51729827654296,3.01311305792583,4.41475451885056,3.70621499437661,4.76149308121217,4.00098435132796,3.69495459333285,3.14535524425084,4.67569767033492,3.86211979822382,4.71852199591138,3.84388824629993,3.35097034465712,3.07189318149031,4.44197332380444,2.76039009673651,4.19133264433982,2.69360666945053,2.50913400779928,4.78086257593442,4.72301091386129,2.2477607241714,3.58270843390233,3.58869702083104
2018-06-03,6.1189718329895,6.30960879119837,7.81726498244655,3.62723765723881,10.2604412856424,8.31828599715673,8.2236422103682,4.55788488645527,6.22243798538162,5.65046339063194,5.0403320637889,9.55252676146751,9.2079404075524,9.73117887019639,5.71547193903531,7.07739852477266,8.11588996755582,5.79188678674157,9.50929613943781,9.53893913300335,9.00333502943983,9.0786707330076,6.02966871061017,5.77611240668326,4.65167495254379,8.8526603085008,8.18914420450644,5.85175658620162,10.8464340680746,10.4410762468598,4.50660668446832,9.49003639919092,8.92323089486764
2018-06-04,4.86326529372146,1.90392120479605,1.92946338582064,1.5880294311953,3.03504669970428,2.26260246239988,1.72729387700948,1.8977925354621,2.39721138042487,1.66895632691239,2.44884453519081,2.95073349286769,2.44469597302715,3.44496233821606,3.56652223601858,2.4887461336694,1.66937285110079,4.34026045882499,2.32936511102217,3.06903655437406,2.34544763526822,2.11160086439178,2.03412443161033,3.71313018279037,2.53688936566593,2.76355022759187,1.82306944995849,1.66313876439408,2.76311119493583,2.82246746468957,1.81420172545466,2.19697147703607,2.45936733130709
2018-06-05,4.87499654568112,1.6851462313083,1.77840182781892,3.18578924642976,2.69851207286696,2.17568727017359,1.59459597622341,3.09155223040709,3.04702994045924,2.41557723598252,3.49703601431587,2.95187470715751,2.36769799713196,3.56298541082698,4.01225182193617,2.2608745878808,1.62074561427318,4.44477073032641,2.16551325323107,2.94507281841994,2.25626998594203,1.9637892397033,1.84513925958284,4.87176663956156,2.58940844740429,2.49321380506742,1.7133722151038,1.53202658150524,2.40107801086216,2.48633782688068,2.94788291371226,1.95612836569073,2.39544615181248
2018-06-06,5.12555920851493,2.58807593732358,2.72999651892985,5.03350412819911,3.80793147934344,3.04243829508919,2.40934181033799,4.68403692475482,4.00179288119735,3.75178206509738,4.66880644818215,3.61862187366118,3.12787392346479,4.03238367175434,4.83187566497696,3.13523180602895,2.72144008719123,4.86052323857258,3.08950458686773,4.11294080144455,3.06927527743429,2.82857349739422,2.68880896169795,5.56279928410903,3.73755103412805,3.44183560966991,2.51173414022132,2.49561906147688,3.63088566827463,3.64544965193536,4.43120057741725,2.9547897272842,3.16646092256528
2018-06-07,5.02563087314283,2.29695593516233,2.46794453993755,4.20321792137126,3.38919744220433,2.80960874068341,2.22838842618428,4.03097719378783,3.69581051393783,3.36701135455636,4.16508361897097,3.48068234331656,2.94515148950499,3.89533035469103,4.51793994450344,2.83662090838105,2.57717883405697,4.69670352518912,2.88198766278003,3.69911654568771,2.97270217678842,2.61942352734365,2.42442981226255,5.01557835077558,3.39789898059947,3.10889411056715,2.33547859496347,2.21887370649281,3.22285282251709,3.27884099495753,3.87072240162926,2.64955815403841,2.95863707479441
2018-06-08,5.04113200064428,2.54444084716735,2.25882144585155,4.14161504575867,3.53971341326087,2.5047342170549,1.87176515149431,3.97014453656489,3.41528619009949,3.20580066121183,3.94994789150749,3.2280531221548,2.66360789815332,3.56502352845488,4.50670153455884,3.05730389600675,2.42998293557548,4.73309047346669,2.70937003506153,3.82510440573649,2.74997503780084,2.35655614787483,2.63819843175348,4.61269911623251,3.09329529227449,3.21603207032212,1.96000438899081,2.22046801281235,3.34097586107563,3.37613586865647,3.74675209975895,2.51164433945626,2.65594909248878
2018-06-09,5.32088330738944,3.52055838785588,3.72856816474211,5.89280523916185,4.82671660364994,4.1293372495381,3.55572969398423,5.52217943779369,4.37961566782218,4.60454413972482,5.0590987606215,5.1116870072471,4.47427013386431,5.67705826400804,5.32620441731126,3.99275826742804,3.83582145733913,5.15194117525302,4.37674271101634,5.05104674472827,4.40046013127413,4.07214261871018,3.55051979105973,5.0793326372429,3.94453904664443,4.409141926733,3.65345212555522,3.34571221931237,4.75182751572259,4.71277544467196,5.21444934307238,4.10762613282263,4.43798641877617
2018-06-10,6.83871121118061,12.8965693733153,13.3579483515361,10.8839121084482,13.3056710611451,13.8135772815819,13.7648287763705,10.4785469968006,8.50039887233743,9.92193870829599,8.80197495979639,15.1826390845777,14.7382345580479,16.785471702189,8.4491113023968,12.2686049637085,11.2057017082022,7.59827241257596,13.9077602748189,12.0144200085878,13.3270336347694,14.1381724961568,12.391293452297,6.85705270380076,10.1906779994757,12.831818571027,13.7762206514304,12.8315393691799,13.4678241578559,12.9125939479877,9.91584994836381,14.0024501495693,14.7066024640793
2018-06-11,6.13589531824915,8.4829474692034,8.86885458012898,9.43870115380369,9.43070161617652,8.98965496782186,8.11721565905556,9.00685411729602,9.13511136183558,8.8564049545339,9.14532686689845,10.8398950511167,9.65430173453157,11.7656150920072,7.40170852408484,8.32139278915465,8.53926144341979,6.19313771321374,9.51393872741876,9.0585226370686,9.70168832650148,8.93200282094526,7.61996109181652,10.2062965473439,8.74346664518727,9.30393781334051,8.2015036908834,8.9469182498078,9.49864588431446,9.23606347432897,8.89378704141548,8.82631688462471,9.54746521535718
2018-06-12,5.010936901432,2.95729693748852,2.78688012612896,4.40397769380759,3.29477647531087,3.38767147781376,2.24882581523703,4.16551215740671,5.21005458676816,3.73197058748609,5.43245135994541,4.76787533827225,3.61689939563009,5.81059867683626,4.5522600629768,3.29710005044407,2.51080495184221,4.83474460626045,3.2644676661416,3.58670090833204,3.64153452844416,2.85265205143749,3.15181945409176,8.50239948014024,5.06089594271865,3.1358547000436,2.47914534510047,3.07945332110012,3.06343503912979,3.13063664384492,4.19332593476032,2.58415102592008,3.68843518598289
2018-06-13,4.99257660211934,2.28726005398164,2.37889387922532,4.18710979545539,3.20037779915166,2.77058884173408,2.14127748882579,4.08084434506294,4.13245325291903,3.6834833546948,4.41870084432437,3.77192604555379,3.02956880253801,4.181773241281,4.54336127037916,2.78781569926348,2.90062624277121,4.67184938076673,2.9990666931061,3.62277400457774,3.30607812165894,2.61231624655399,2.42084180719685,5.37287423639625,3.34071503221696,2.98739579095884,2.26568996922574,2.20604152329184,3.11317223389311,3.20739571506119,4.03885649951464,2.50349135268811,2.98149697143281
2018-06-14,5.05482737474375,2.23124543033098,2.41816725019921,3.99235022233691,3.60600922764392,2.81017813667175,2.31845167544305,3.88338618157026,3.62509154687927,3.27079687531408,4.03404111564829,3.70272081144446,3.12851279741046,4.16243879725545,4.48525284386291,2.83575488907647,2.6375002807948,4.68490115825215,3.06288044178926,3.86941830497149,3.12797935539364,2.77757542560437,2.34152257284304,4.90789679318992,2.60724128086479,3.24200622254337,2.40945363515896,1.96542149290204,3.46419820580979,3.49874519807726,3.71424549992431,2.82165057789343,3.08153692516847
2018-06-15,4.87648226892698,1.8340051034367,1.95626649634683,2.6213887377641,2.85191701395232,2.29386912090681,1.79764039044726,2.69198271990534,2.50332763548536,2.15481558794092,2.85441173594327,2.89882580044967,2.43295340233189,3.38710523805511,3.87265685883972,2.39526268887141,1.77364076101673,4.42031189256309,2.2828041841827,3.01866026352034,2.32994073165638,2.11292055835604,1.98538356533387,3.55811093281279,2.67342239492306,2.64328769316083,1.8970066362779,1.68557680703568,2.5794743289875,2.65916786298563,2.53896221230138,2.14684795822117,2.46187082598041
2018-06-16,5.04217078900292,2.52269143791544,2.69826566964386,3.55112979609105,3.64696239001147,3.11173194380841,2.62973434968338,3.51231636590447,3.41550458782715,2.94791209422165,3.76610128076167,3.91175219341094,3.38433859192246,4.52865695394201,4.31758073715539,3.04607101133822,2.48677122034865,4.6931706417417,3.17822954390807,3.76311624407571,3.19072046485471,3.00592968425707,2.65582183312206,4.81567219537154,2.97955312236665,3.34994364940089,2.72980652312398,2.31735195571338,3.43400497616091,3.46059963187722,3.34915683466239,3.01410461235686,3.38718526716606
2018-06-17,5.174290751837,2.66763110984071,3.15105039074401,4.22789844593077,4.27612497389631,4.16826387414544,3.09546232604826,4.1405655548928,3.94431885296483,3.57685152552008,4.29069375109129,6.77632156425742,5.15302299596899,8.36414737858702,4.67643291085564,3.27697026557581,3.13669769510001,4.83173467883064,4.58992471691548,4.42274951967075,5.04704851915674,4.04572430815867,2.75186221126972,5.20901243457428,3.29619011615404,3.82712155774833,3.34336911660919,2.5344500060749,4.17582229435721,4.16194792261561,3.95494638925765,3.59488659920331,5.0275937974947
2018-06-18,4.96504833803596,2.209945683198,2.33485873035958,2.98698595513171,3.31757266312974,3.06864914666448,1.97543142543997,3.06603862800702,3.42418399266472,2.71454850047861,3.59863915398815,4.91818144130637,3.60036391024389,6.05195734871415,4.10771805630813,2.76911070581587,2.28615002681395,4.56447509973893,3.25930636741632,3.52076022220869,3.66861967256237,2.74611633500895,2.34879578096426,4.98761620567266,3.67887485320036,3.00475808682435,2.2008535859179,2.17256392636235,3.13823526738511,3.19202026355422,2.98612236137057,2.46647577509872,3.56975715769142
2018-06-19,4.83962608524999,1.98441422433223,1.97588218049262,2.70041686098151,2.6371506437036,2.40695019432149,1.63354968429991,2.76107696805631,2.56857961851316,2.26737616944586,2.91148866795932,3.37563848562579,2.58239960044208,4.07913565789876,3.8819625920691,2.45728493782332,1.80881827351411,4.42356833368427,2.35222318256361,2.86291449398789,2.61284944872069,2.06032327665821,2.13911052067645,3.49312633522462,3.45772816862662,2.52902114142544,1.79157667957217,1.98728673626212,2.3595347234479,2.46739212863268,2.6422870334015,1.92874156473129,2.62220787306347
2018-06-20,4.97393481519993,2.40813676887302,2.2582255034668,2.61645645107907,3.48057034759512,2.69138221195421,1.97950662896823,2.79140720995872,2.89893780013816,2.45553986542996,3.06298358119911,3.85175259417834,3.04670875839088,4.47328963894603,4.01372360307452,2.94684362613391,2.29758191752418,4.56771020346029,2.94355550899946,3.61285038844625,3.10060960793137,2.55566993850412,2.53156319871302,3.88877493177205,2.91058212765934,3.14840701686323,2.10506380541478,2.09559028739092,3.29582189536665,3.33560808088113,2.66647339001879,2.55331037562437,3.00790779717011
2018-06-21,4.8757683410709,2.27911776232652,2.45183381797465,1.38849559881107,3.17555233663879,2.79688552916535,2.28321704907108,1.79983099444323,2.78602664509178,1.83921620709564,2.62352557079319,3.40272150138527,2.92298355228264,3.94051686735111,3.55024262868701,2.77008039207903,2.02852960392255,4.38002223308413,2.73310741865878,3.13449930342661,2.79235458452958,2.58154718678062,2.4111213914877,4.18788880831976,3.27018329021627,2.99499272088647,2.38935962684942,2.22324180941231,2.92222262855026,2.98852603849091,1.81536968533026,2.57408771434487,2.96522608340229
2018-06-22,4.88800660090858,2.16746360310548,2.00721526778013,1.77973348984325,3.15157897196517,2.36160726538916,1.77526728539989,2.12314585129188,2.8117443934554,2.06426466797251,2.74486973500268,3.28426564472253,2.63332625874372,3.73274696151614,3.6995823315576,2.70652682110949,2.09135660086544,4.42154757452,2.58864753208853,3.26304918462217,2.73256918763431,2.25150638573635,2.31420537276839,3.98285653666531,2.61774616090417,2.87331197398352,1.87848585721971,1.84613991098476,2.96399198906171,3.03222442644595,2.10205272192176,2.2782925758171,2.59701075690923
2018-06-23,4.78560087373598,1.82754205810397,1.6336477060701,1.11664436731802,2.68159332678015,1.93054177448995,1.38632824412512,1.50315506647675,2.01374502414527,1.34627222534613,2.02386616661546,2.58644825893186,2.07498637923597,3.02635154123667,3.36046715593816,2.36774248725195,1.42923850697173,4.26240586097783,1.98586828864974,2.73721320927851,2.05316096947598,1.75206854239796,1.99590757538631,3.08494725776943,2.43279625212807,2.4756654314383,1.48280005138493,1.53635401932729,2.3903750711332,2.47871601645908,1.44311941602488,1.82489762540422,2.09126793971636
2018-06-24,4.8926713307072,2.5009187393847,2.20523367747434,1.81272017806307,3.20984255043213,2.51462158809915,1.99325880380346,2.15081246518206,2.87843001214528,2.10305177615344,2.80395993741914,3.42485116931719,2.8023567083047,3.92363694541864,3.70975979108623,2.94393541114417,2.1412176468589,4.45284968716964,2.6992801698558,3.25281421271592,2.8368681329374,2.41549706005337,2.61440212474622,4.09414737054852,2.63521024627677,3.03258615996857,2.08555438693307,2.14945352402014,2.97200139497297,3.04110338477764,2.13908984516735,2.42130802613463,2.76997000052757
2018-06-25,4.79712396264758,2.02033430851897,1.82126718876222,1.23185053951409,2.74107571862463,2.17729973987825,1.50432583274944,1.62531118598071,2.54299958910011,1.60755073366993,2.43546570978404,3.0435248656142,2.36171465018829,3.60051972826299,3.4262863938832,2.51374731481093,1.63189863229562,4.30012536901687,2.22831252957534,2.80886803093682,2.40295165822684,1.93242709030181,2.17889160153037,3.97974534939335,2.92308557258941,2.57134545270348,1.62964661405492,1.82142879543881,2.46872028370223,2.56240724441026,1.63796271446016,1.91214113642212,2.37678516128627
2018-06-26,4.80555801211631,1.97498245507593,1.7091658279207,1.28022029463928,2.77641893184649,1.98796668084842,1.48822651578769,1.64781446136495,2.40859187530856,1.54523963727182,2.36520217771101,2.68011990330526,2.1727202534513,3.10794199161356,3.43408417097186,2.48928327844138,1.55504199972406,4.30085643612088,2.0904570899478,2.82937227398601,2.15990959096459,1.85478383865619,2.12824178913138,3.8099464235253,2.29877176769993,2.58481540163686,1.57481869959758,1.62317230069191,2.48899977772607,2.57414128777193,1.62400321268942,1.92829604016573,2.17136348093214
2018-06-27,4.93508513186245,2.09969613162286,2.22294721807165,1.58210047144288,3.43584535443627,2.63938665024125,2.13576517315439,1.99221716761301,2.88524035039427,2.01399119581172,2.72554754206919,3.43562263103879,2.90421600072361,3.86716090559787,3.68220873019433,2.72349106723422,2.22600261922526,4.45716905485767,2.8483382215491,3.48857920129869,2.88710395143522,2.57955940448018,2.2971451838382,4.17509261260332,2.57727431285725,3.0244175961102,2.23231742567813,1.79064819302856,3.30031314274032,3.33989720655206,1.97563684062362,2.64242526985451,2.87428752593806
2018-06-28,4.84105408470786,2.25886239963946,1.88646590236229,1.33992236094616,3.02353020004935,2.04260129570128,1.36720549924269,1.72165356365389,2.83863017802904,1.70508095958396,2.69741962641781,2.51488887890037,2.02960023394084,2.79094850269316,3.50014428618455,2.74625996115823,1.66789136460881,4.34614355772278,2.08306910579098,3.06236905873667,2.11303116888392,1.77031731618517,2.35070482893039,4.66243420763877,3.27024066219144,2.80584405416517,1.45776604462107,2.0374602952601,2.73839406418659,2.80567081378543,1.73071906725465,1.95903409699255,2.07768165391944
2018-06-29,4.82873320776038,2.53335404987351,2.08989648036972,1.58385599858514,2.91783582032804,2.37619897178654,1.75974803691536,1.93201041908837,2.70415936935904,1.89025269001933,2.63335443037958,3.37724396555577,2.64778487728975,3.98547395725224,3.57266347096921,2.89673666681131,1.88128498457526,4.37081647272837,2.47993797320465,2.93872409083523,2.69754102849679,2.18178567909704,2.60489009832666,3.96935130548753,2.86326449211649,2.88125502846003,1.86923589251647,2.25526684365867,2.60230528371498,2.69592907192109,1.93927764481637,2.12709846312797,2.63636260328629
2018-06-30,4.93593435277783,2.74061864922543,2.24585967684587,1.57652984757636,3.55000468547021,2.51949773961927,1.80331547763104,1.9584008704106,2.31413005639743,1.78342676161275,2.3157327938807,3.37833430292137,2.71876708709471,3.86683744056645,3.66477401666142,3.2034979864576,2.00355750563648,4.50726175071045,2.69338249596144,3.5153568459322,2.7345297995406,2.33110966248878,2.84039618451903,3.17531902544573,3.14819818812919,3.24628123661787,1.90530801791679,2.3478403572654,3.29414226310366,3.32043702122344,1.84008077526933,2.47162432027725,2.72251094805211
2018-07-01,4.80673513640983,2.08063073975393,1.97672645837701,1.01019561840908,2.87267290179969,2.40958382373816,1.55839183345948,1.42722129637149,2.937007550456,1.49091552869875,2.71100085051058,3.47015506936695,2.62462966690543,4.27220108994709,3.34584164131927,2.57818645882346,1.47434586635168,4.27345842825818,2.3779116270601,2.84155701395771,2.56297183687655,2.06061814102399,2.19042377385456,5.23955825558589,3.38080679998822,2.70158301007411,1.71760191859325,2.00432525150656,2.54541513377544,2.61958417060339,1.48607972717128,1.99877344251088,2.67073394016612
2018-07-02,4.83012071192919,2.71000820761655,2.55781989157653,1.24598705696278,3.05246518624419,3.00754714173183,2.01145124056344,1.67222196436785,3.26203599734327,1.85781632915497,2.96423564822749,4.42254171431993,3.31048215425991,5.48179053026138,3.4717389376222,3.02969657835366,1.89096397031099,4.31692666039375,2.92232361580399,2.94723077940853,3.29284316352977,2.55539760906879,2.68881843421784,5.36456546687339,4.25524618896797,3.10004052093555,2.20351300683157,2.83797869426508,2.68122800400289,2.76737165319547,1.78227240536474,2.31166191058651,3.35787537610115
2018-07-03,4.8262387986828,2.46719445884816,2.26697561187229,1.24063771884281,2.99680686279968,2.64644835669379,1.65161605420425,1.64981723578857,3.37002445891477,1.81187493864737,3.07109250353912,3.76639454754417,2.80626313315396,4.58621928685984,3.46041223939509,2.86684128432261,1.73774532962943,4.31717733671872,2.57459994065422,2.96255292083713,2.84850558403057,2.1880905950377,2.49980815579115,5.79613354265438,4.20456382378241,2.92266371128181,1.82759685149609,2.53900445142891,2.66144078638811,2.74105697594087,1.75864887240334,2.087689239015,2.87067133006427
2018-07-04,4.81622455979736,2.97584337955367,2.63576717624275,1.01266397102291,3.03730850341005,2.9274717855939,1.97024970965508,1.47068963597601,3.79678047672081,1.80665016639606,3.33414062147586,3.79990357595821,2.95581241362774,4.63272796753009,3.37904868070853,3.22539433821034,1.75581398472212,4.35476196755963,2.65830013054377,2.88388939275702,2.89283457125713,2.37809872552224,2.9969946257444,6.83071563381605,4.83480980808835,3.10340710105461,2.14005355407571,3.13412550882535,2.63213061979333,2.71536275355232,1.66707746623012,2.27111467866731,3.07622397228009
2018-07-05,4.85474588723595,2.66592372887879,2.94132585452637,1.902981725265,3.03107361405472,3.6504706319224,2.33223862030703,2.25176117105611,3.74212999840435,2.48014243331944,3.457347264933,5.6482582186295,4.08142146261111,7.07327845801458,3.73132256168952,2.98043361691985,2.384284378292,4.36393032304178,3.52212072672069,3.04732260854798,4.19406857687761,3.02444192870477,2.63943215231318,5.58855899411667,5.39972386487504,3.12852077639545,2.61541892445907,3.18797813381449,2.74153510215277,2.85196396672157,2.40499757688857,2.47561282669573,4.12657826054008
2018-07-06,4.87043561007945,2.57224361487267,3.82971860483711,1.3918039282147,3.1524885569971,4.25159413568251,3.88435920855162,1.80239907856024,4.32515325068012,2.22789536183478,3.81456192791846,4.32426830384837,4.10379082865067,5.22754105802268,3.51680643485309,2.9023248797224,2.31595889287193,4.34510495788662,3.45031727842735,2.86054506018174,3.47660719965594,3.74301200545124,2.64767757405146,7.50242782873173,5.26216134011705,3.32197662751618,4.02759694033116,3.37960124026598,2.77914493951284,2.8695327702026,2.06889895299318,3.45698020172522,4.32319295343311
2018-07-07,5.05588536890027,2.51726194772064,5.40356256044069,1.62491578996737,4.09325667184903,5.87459351760694,6.60936921344291,2.04705200772174,3.80415711497168,2.31934598886119,3.42631293416674,4.9386872692077,5.74241013658934,5.81683447390595,3.69984589601067,2.98894077605617,3.07201062276553,4.43914080314236,4.72592577630372,3.41234381325454,4.19798025870318,5.80159295162784,2.59874524891445,5.99175495795304,4.01434949969812,4.22132283505535,6.62538499807727,3.52287891788581,3.72998032858228,3.74730117623964,2.17795658755635,5.54087926244112,5.99290334612885
2018-07-08,5.30729778158413,2.62429707861105,8.19091580983748,1.92513436574919,5.36374880195486,8.73778647019931,10.7899010838088,2.36339843792326,3.5227915049152,2.53181196955557,3.22771510018892,5.9174126058202,8.24169084305334,6.81987496453275,3.93197783660384,3.22412450923981,4.1608136252339,4.60145676448795,6.61922748959202,4.08724642904474,5.29779991358622,8.90245432559002,2.75054680755557,4.89660804092767,4.43956012292233,5.51132725088724,10.6814592159837,4.48191139273563,4.98726513761419,4.91006990204605,2.37849499311343,8.62275709892127,8.69564781050978
2018-07-09,4.98599050244609,2.80403964043449,5.59452227449137,1.34953064443648,3.79313232341368,6.08885390081243,6.82231420097574,1.77823233057501,3.01805634450757,1.93432066302109,2.77423831118153,5.31165528191897,6.01015659451738,6.51358936227711,3.52449225802089,3.10204956192479,2.80758954599254,4.36979756063665,4.73907334423726,2.98313863103995,4.29881026123032,5.92346642005376,2.83420917331939,4.54696793641572,4.23297010729139,4.19172591696828,6.85889370269564,3.92222874868444,3.28313643000361,3.32948248325638,1.8599492831204,5.49384752840281,6.29447208722875
2018-07-10,4.79826447895676,1.716164700118,3.35360620930752,1.00846512012199,2.69148627020783,3.75099046007693,3.77875785785735,1.38895321527251,2.15993219454224,1.30125509206847,2.12545231209852,3.18988630164333,3.46901192388443,3.90098999477734,3.26386294149118,2.20659026946732,1.667008466373,4.20762811642749,2.79180519591172,2.39391414673997,2.55206815837116,3.36860889697005,1.92312581540509,3.51502144677585,4.07699694384161,2.77798214434215,3.86896002249336,2.44606869923352,2.28082037211612,2.37902965100877,1.39345026895148,3.21157178919548,3.72399302133616
2018-07-11,4.88107299289949,1.99279078266021,4.37569173582269,1.11214229093082,3.13793467115364,4.7636113999207,5.53104408453755,1.52888415805967,2.00392508871011,1.47569908370693,1.97002153208239,3.73714490274705,4.57685077549824,4.47015433449946,3.3591639280721,2.43970168271335,2.25847175965385,4.26246924323978,3.63688948417358,2.59190602161892,3.16442039950453,4.68860110866176,2.17152868796943,2.6880361033635,3.13831559471699,3.36150667488325,5.53572479732913,2.77180483795962,2.70628732503358,2.78669423352989,1.51409052343007,4.45885137637524,4.81890806462158
2018-07-12,4.95634308558726,2.09901896882712,6.07803328628238,1.0088915752008,3.5441087249742,6.49655827702009,8.25042403692591,1.45250834006401,2.12519268241189,1.47590330677849,2.02643714785083,4.3989486779659,6.18671804603656,5.31270387575281,3.32452439877677,2.50607539725872,2.7073408967771,4.25064699377381,4.69427491612754,2.55002498224456,3.79424608778639,6.61578235381952,2.25792262099502,2.94335966526762,2.86755187787549,4.02377222985816,8.1662400883017,3.39208596184859,2.99439042304276,3.05385504692098,1.47234889802057,6.24662120737154,6.54342098701836
2018-07-13,4.93046465544185,2.01802637691955,5.95221860553028,1.10447441124092,3.36988652584334,6.57361033338333,8.00272870917757,1.50884469893223,2.72043724499002,1.61170258309897,2.53775038635997,5.12126822335718,6.44772982143089,6.41649006637896,3.32736990881703,2.41576013011015,2.60025312913267,4.2308824719689,4.81198498543114,2.43030981787607,4.1342579634582,6.57514347420829,2.17894331154035,4.34516654561503,3.2115383462418,3.87396938722221,7.99141155984552,3.39275361574205,2.81117014728152,2.88418634019804,1.60707112218952,6.01192091445874,6.78770664386939
2018-07-14,5.00499610894862,2.55031328759539,5.70966070753592,1.62716349903418,3.76198471568046,6.19070761040908,7.15780924370032,2.0397010078821,3.55488038012163,2.31827678636269,3.22444211623618,4.9598988949956,5.97151844820339,5.87639197694046,3.64857685835382,2.92137312973422,3.1402552696637,4.42094235395324,4.78637529108197,3.05366611058911,4.26787548006794,6.09100692053101,2.69232348257021,5.2640699814223,4.20533941127985,4.08080410920055,7.167170456242,3.74915583850699,3.36671578024965,3.42453078538712,2.19147828847202,5.6938349026707,6.26456134801096
2018-07-15,4.95978448884968,2.42259934558111,5.18074144457385,1.77587546716134,3.45811856588946,5.59039154533606,6.25434815744467,2.21548822879468,3.09657807943294,2.50386878429461,2.83317507855179,4.45113547579098,5.25163295269562,5.0420012771885,3.72948168700509,2.80000636990374,3.32883347240912,4.42527141738005,4.38131651939179,3.0281310509043,4.07407390266705,5.37828621293109,2.6123701920041,3.56838979795452,4.81741743388425,3.71552617722356,6.29045142587399,3.61452500581733,3.19862111423599,3.29691372911334,2.3426261228871,5.01503933975649,5.51635582404735
2018-07-16,5.05642809067418,3.532318990919,5.93925448797508,2.29409922871615,3.96639079814121,6.15803066469364,7.6284239129041,2.58886506302142,3.53172259353512,2.69437767308089,3.37825818194164,4.49142727439637,5.93741020915595,5.09299112840084,3.89429544610893,3.66141655848327,3.4521266365123,4.66954930717027,4.83071121954339,3.21391048868127,4.14166436285755,6.32353787592024,3.72103959739066,4.7405462941921,3.17464021688548,4.42547584152086,7.53403526132046,4.21479325889733,3.52469083646238,3.58019159368473,2.67782604224483,6.06100322295404,6.18705769076787
2018-07-17,5.41498574103056,4.87621033523781,5.7823572892604,2.39023711080739,6.20636577326771,5.85403191317839,6.39422656147493,2.87307516572712,4.19557251726541,3.0816574663883,3.78158789173559,4.74496928341357,5.65388534520866,4.84383835064607,4.34999687950487,5.20995356129553,4.17890319924955,5.19000982939724,5.40561582200073,5.4862289356008,4.53482212118331,6.02444561068394,5.02191977279533,5.77989390408825,4.23626770668899,5.75460278607534,6.31273018825549,4.73539793884456,6.05047542113214,5.89408039828777,2.81062001347849,6.43913701238632,5.80449269416592
2018-07-18,5.43501857944059,5.88324662146604,5.83692854340901,2.90889112982465,6.35353208749756,6.12630333280023,5.90039145412531,3.48642842889792,4.99919506376108,4.12591071113048,4.32224983724772,6.7856959970502,6.45220398795312,7.3002725957671,4.69574019268335,5.96369972889177,5.24162458538819,5.34445617692363,6.26424713377313,5.88289275339617,6.16624386139343,6.18416083391388,5.92075273271941,5.66353836970856,5.29626651797564,6.05226542857186,5.9449386279223,5.63378221238265,6.36065984651023,6.25394415946429,3.57524700760582,6.17444531043843,6.4239698472802
2018-07-19,5.01257522836884,2.97918106071352,3.2230363121508,1.61355383440382,3.97710719357199,3.74097745809747,3.02585048758136,2.1089124258657,3.83932641123284,2.4629890910843,3.38428264605881,4.88784315990978,4.07487474015763,5.68994512924506,3.79880096224805,3.43220576160441,2.82891493627538,4.57891960746597,3.81085378686339,3.8576792070141,3.98896340266206,3.52294689793496,3.081239287244,5.71152662761877,4.03735580203684,3.70255903563902,3.17519595054092,2.96586234263395,3.82433856600029,3.84506849114004,2.22181429150504,3.38600403412196,4.07653290210124
2018-07-20,4.96994793002025,2.69710211831318,3.0092693816324,1.26670829012764,3.78854357920889,3.66205355320231,2.74369434316126,1.78788854655182,3.26095133694038,2.04831190579999,2.88083214098559,5.12726390193192,4.07585440476563,6.18596403195756,3.63269221158717,3.19715795939952,2.47937738997638,4.48928349424672,3.70418421453036,3.65469310397698,3.95953473963688,3.3530686798715,2.80645000337402,4.89372174421191,4.14134381286411,3.49518133818239,2.93857058501535,2.75552627374452,3.60056312329158,3.62385203925145,1.84918515042978,3.13285727332295,4.08755846758753
2018-07-21,5.20276454797058,3.24571279350187,3.27318949612358,2.30887007323325,4.95159819553186,3.74362242490435,3.06505035151139,2.69927329105997,3.52346641509014,2.67566972318192,3.33538419948222,4.91034318240116,4.18742066488159,5.52733154881173,4.16713046846186,3.85492981860738,3.10778252047448,4.81134452938719,4.14555104295839,4.81088026420808,4.07094763384081,3.74839802373272,3.32367571817374,4.87085298172019,3.26969372990576,4.30946588612621,3.16626610429633,2.80306868419414,4.87554245399981,4.79621428352828,2.58750503364786,3.90723600992168,4.1268707234418
2018-07-22,5.47784776014069,4.37144366613335,5.08484443743964,3.24742749202046,6.38650870559741,5.65298345245714,5.24626746434711,3.60270931258043,4.37015727161477,3.62269983802064,4.12464779081263,6.57617265758306,6.12346539381082,7.35071226151128,4.71906017664,4.92247402308812,4.40062658579517,5.2061804885221,5.87837128516242,5.98756601967618,5.58464632682226,5.75104239240128,4.42985137013555,5.54867699344608,4.25985568695855,5.64981548104964,5.32664742105838,4.13344325572571,6.39407236074884,6.22116706524221,3.45405633112633,5.86789684700949,6.09663261780404
2018-07-23,4.9440707195877,2.66972487124089,3.00217481050003,1.48266823019604,3.58438446207889,3.55006013175984,2.62498874959737,1.93895348857867,3.44919295681271,2.16550367691732,3.1070642961984,4.63563269481524,3.73961335146117,5.5285320284274,3.66924189360285,3.13441782734594,2.41282979187631,4.48694668495041,3.42825742879804,3.50427515704461,3.65154984385199,3.12601822301382,2.78922914021182,5.28491141425864,4.72924680106073,3.3520007592465,2.8153575780265,2.88780022842804,3.37966719552173,3.42182907402029,2.02061369772881,2.95461210252834,3.80965727677141
2018-07-24,4.98881605832681,2.82578109505946,2.96045517454989,1.39792349897706,3.87962275425795,3.45207261914153,2.84063613661822,1.89733455284604,3.45218760489274,2.15839202348503,3.0648811133488,4.58656806864882,3.84077914743833,5.37430935044771,3.68767402645958,3.30549696941486,2.54881740629661,4.52592230534701,3.57733121620653,3.73027043623953,3.69063492209392,3.32301715739777,2.92750289392778,5.25326735166591,3.31515193507137,3.59346637429721,2.96748764921253,2.64612502752682,3.68613605243753,3.70342892987825,1.96586535926822,3.24028951210489,3.82307866202313
2018-07-25,4.93257222307307,2.52333640137818,2.59316818904945,1.67843753673987,3.45109680467974,3.193337308107,2.59099701055273,2.07030356135976,3.06565404232027,2.12820806824715,2.88724826595749,4.68453639611312,3.76350514427499,5.65595548408868,3.70270289584036,3.00005372840806,2.33523501021545,4.47718730063506,3.39035084660278,3.40035982600064,3.63435203621466,3.11476469198282,2.65841397107169,4.45326480978328,2.63158373937394,3.23819624420715,2.73529498840853,2.25343911733138,3.2342088142789,3.28492121792077,2.08709090507993,2.89487458326175,3.70183065079772
2018-07-26,5.11346204432233,3.48283198172429,2.94240242745039,2.14026016598471,4.49361712858649,3.26159658822668,2.74335741623624,2.51329125724464,3.13473414642121,2.42954604093785,3.0255887445314,4.27541264374028,3.67402456935678,4.78606273315947,4.02153934753711,3.92817783725561,2.77997351993451,4.78244548473324,3.64348871860089,4.35666269202754,3.5771011415037,3.31002632157965,3.58551329222262,4.2687001347055,2.70425631155071,4.0444967138219,2.80971936138393,2.8094467763164,4.3236345440548,4.28392243209703,2.40049011926927,3.48701474689921,3.60692728288723
2018-07-27,5.34332046187165,3.73590855290781,4.01291355164875,4.90338548057881,5.18438977443764,4.27946253774626,3.95969659898683,4.94133368312601,4.44652510816438,4.71962702448224,4.59166797604558,4.92922439401006,4.54930370650908,4.93902636440238,5.18912929150768,4.22599364804282,4.73333364326327,5.14905755703972,4.76323228279678,5.41795723059299,4.7996749339396,4.40923285017315,3.80641573019842,4.12739470775746,3.88362120344444,4.6724500522354,4.00131786331664,3.48641410170234,5.33773055131699,5.30721499034926,4.80047920768506,4.52565017748496,4.44145106458412
2018-07-28,5.05255818446091,2.8615930329217,3.16046231598329,2.45450428549671,4.00889016656462,3.80380005881984,2.86976589346779,2.75835481060735,4.09103916972773,2.86129727138234,3.84970979548646,5.32664724763877,4.24210676244906,6.32485509319467,4.0740647604122,3.36033319569165,2.88135069722547,4.64946280536374,3.93161087865753,4.00414309996588,4.21235000200024,3.52409291694372,2.95267639441361,6.06043469829376,4.26534689196377,3.68089304423795,3.06173618630189,2.90560651805508,3.87330467898306,3.88807759877854,2.80721680507884,3.31118237352124,4.23154484214694
2018-07-29,5.20499305900301,3.23662686885409,3.73124777790532,3.22134294780974,4.73115401193682,4.46423577267062,3.53494876787105,3.44532819763032,4.17090695413272,3.38794949583157,4.06714561123704,6.11326147191341,5.0008931188537,7.16777914214934,4.45935005620719,3.77997255820419,3.50769090401561,4.86975421635454,4.68543920576757,4.71149074330587,4.91072096476101,4.26078965414543,3.33044630694475,5.53246979105847,4.4855980347097,4.24242965066378,3.72835181682756,3.25429271019922,4.68661139218677,4.64867734896602,3.38816342254714,4.05637735559963,4.96574743773397
2018-07-30,5.06631182371225,2.81157407154755,2.57967868988352,3.64443012605281,3.80798827704297,3.22940615166617,2.27462912514858,3.68923452964886,4.04628927719583,3.41504762278325,4.17153111269703,5.18441269210493,3.88840507976082,6.11896248543368,4.45204816490708,3.30313615879961,2.97105860612346,4.76548594358284,3.69971988031873,4.06349004289334,4.12163513946008,3.10257425238107,2.93213699675724,5.42718382499971,3.24196670859131,3.45238388823123,2.45842173522784,2.47661862134918,3.72163289798446,3.75680024045913,3.62804892894986,2.87772793608367,3.77207465699782
2018-07-31,4.82430127854364,2.7643924150682,2.51591406401645,2.09847877937868,2.75001687743177,2.94314733346858,2.45316454021861,2.35657144006593,2.64211434823717,2.23677760463825,2.70182385146417,4.1161633847438,3.33013922584007,4.98142596255703,3.72739264420106,3.00527902062056,2.20128615306232,4.45337056602457,2.9145413761945,2.78665698655079,3.26254164551866,2.75212295057978,2.89901697742492,3.26838527863345,2.99860854171363,2.88874834318681,2.58448967587862,2.60934215836534,2.43245812597364,2.5597909579857,2.35691025494846,2.44358075489997,3.31509709368212
2018-08-01,4.88159526165109,2.82217175972499,2.61577165807066,1.7732100434428,3.15964639115768,2.9861355177301,2.6183346141683,2.10053968963478,2.52841227050728,1.9838010869554,2.53348400640511,3.89191584696906,3.3275153247759,4.63557235093072,3.66220072657221,3.14071768646041,2.14401905770258,4.48512268490292,2.97914598581414,3.07593782504999,3.11074454327324,2.88553023362623,2.95837883381734,3.37886846234025,2.66899796726382,3.14526993500974,2.71301446771262,2.53013636136669,2.84224743239283,2.92056399841456,2.06117440555163,2.75218275402382,3.32117821098925
2018-08-02,4.94284609114598,2.1683166672132,2.41586551158726,2.0227606213272,3.38558650713194,2.95584516715577,2.43513238536732,2.38778369960123,2.52077834998122,2.32227019283928,2.50752297142627,4.19209851695551,3.42211942178287,4.82725434658802,3.85357873816238,2.74365611387159,2.60625917172138,4.48077896083615,3.24707114329303,3.50253541569589,3.48483302637728,2.93161047310565,2.33998763671313,2.66133603139483,2.53743734890214,3.07732324633616,2.55799033684082,1.92990414724195,3.28724778486443,3.35201238001414,2.32293713998537,2.78610444846459,3.34001329686724
2018-08-03,4.93197722853662,2.47485104548643,2.67191920624794,2.89595717344239,3.12389921128909,3.1807017363496,2.77520908443524,3.01719230835682,3.07769916988742,2.73467736278791,3.25797595744727,4.18087076916325,3.54692600305155,4.92490917199884,4.0595287679989,2.89154302814578,2.53951781903669,4.58669659568218,3.19998983382929,3.25551407039343,3.4209269260107,3.07198825731199,2.68142717969066,3.84912113932688,2.89264186894783,3.01976616610409,2.89709280348937,2.34195157749108,2.92583716137767,3.01609814333085,2.95987712977721,2.84098374561874,3.52576625737855
2018-08-04,4.85078725971772,2.2302270348083,2.30034880296245,2.59693059372654,2.71009701466656,2.94714626483176,2.36949337565797,2.74622082259913,2.96428631677917,2.5222256018861,3.10786406855842,4.49972491750674,3.51140367956937,5.52235423108799,3.89551341523473,2.63094060965783,2.26325631364255,4.47179137112178,3.04904814281421,2.88803938163705,3.47857444173369,2.8056841079445,2.43626058389669,3.83426987900692,2.61294349712791,2.68788755126644,2.5363116389886,2.07530769903341,2.48241890945062,2.60599250507552,2.73259889159867,2.40234651185534,3.45122085911495
2018-08-05,4.92866014703005,2.31762271808359,2.40669822747969,2.61736796864496,3.16583868282622,3.13801877006851,2.43817339417576,2.81941917276826,2.97304918151497,2.6277088530425,3.07213904247651,4.96775492318798,3.82196661425145,6.02895271932433,3.99649815526782,2.80175000049787,2.54110302942475,4.54808624688763,3.42226833800306,3.33976326609175,3.85885334298619,3.04821985764505,2.51970321672271,3.61134625840731,2.61258782103327,2.96458735679118,2.6180784145222,2.07254293569317,3.02041230293367,3.10533540961173,2.77072553481191,2.67348997581095,3.72089509560224
2018-08-06,4.78406653280675,1.91083025185612,1.86701994574041,1.5580018473614,2.55127463088291,2.40841732708409,1.67152670343135,1.84573910850823,2.21645584620879,1.61499412718629,2.31216391300978,3.58449564235628,2.72107659700089,4.46590290884149,3.48422955430157,2.39320431766367,1.53886866853467,4.32232661467381,2.37742673896465,2.64378421130862,2.64670065862276,2.11820656519133,2.12609441811074,3.29574962305361,2.95103860381843,2.42477249746725,1.83873757900155,1.78882767386294,2.25479771042951,2.36096731457597,1.79167972030965,1.92144260990767,2.74024856626795
2018-08-07,5.55613172465198,5.33724352930562,6.71556247181662,6.68676307967055,5.98908090850063,8.2301496223355,7.4725250442999,6.40418577992402,7.11190734009764,6.2748461568018,7.14604946148155,11.2029790429457,9.50365904382991,13.6497077915339,5.84751688374958,5.46596154460564,5.9133160005354,5.70170765772848,8.16526348449778,5.87528479894646,8.79525586900101,8.0864297988023,5.59622376541644,9.00845842721711,6.02218807009023,5.79368516867169,7.79245647772597,5.74182664917943,6.05801074152793,5.99538981926058,6.44909600285848,6.93573825074017,9.41777962874334
2018-08-08,4.99655152922018,2.86203557628449,3.11403979056623,2.72523686474226,3.60795245632438,3.95788051640919,2.8687961185023,2.85467150679314,3.44320435884261,2.56101328603441,3.54595689379481,5.9242066955435,4.55024948446486,7.48955288838309,4.0265220054898,3.26776579174227,2.34660202829092,4.63708611554088,3.88168085559165,3.55583636048967,4.27015961107326,3.54406124376677,2.98239551731928,5.24331260763743,4.35320928952174,3.44053625469543,3.1217511430846,2.98089354085047,3.31892642217772,3.35143159242674,2.78715439750854,3.10713320540411,4.5768408464382
2018-08-09,5.00233609475368,2.61577907325863,2.66892174068232,2.30552772454269,3.7352475228283,3.91227003237938,2.32635228639635,2.60997859273026,3.74645195422324,2.65171196775353,3.56573536826488,7.44927623313286,5.12582505048752,9.51147614138575,3.98194636202996,3.14218830191695,2.61859673138456,4.58568185359991,4.41652009756917,3.80779590965674,5.25147293025457,3.58941741071094,2.72638580792169,5.51498622459879,3.73928353396592,3.38783731127745,2.67809398038551,2.501041108782,3.59913371582617,3.62964872834318,2.63470409716624,2.86953770346297,4.9727753821463
2018-08-10,4.99264867831909,2.77854604295541,2.61217540216543,2.44396981911591,3.66171565495197,3.69169867801486,2.33362773546613,2.73826940827213,4.03206376923626,2.85649494147919,3.80302052360013,6.92523919207653,4.83677365025998,8.70635393774078,4.03307169018418,3.23959613801622,2.75346697983659,4.61066728503285,4.24568790070337,3.76956035915109,5.03047831431085,3.47508123131379,2.88920186392435,5.88294123105432,3.31195160167,3.38366504419054,2.63400833239869,2.51995450294093,3.53352792877236,3.58070827758883,2.81124124526183,2.83590186413579,4.6633800958402
2018-08-11,5.33575755160866,3.84076093784551,4.10346796207118,4.45863536734122,5.25189933291106,5.31105626807738,4.17032211534132,4.50357992187828,4.46173973182175,4.23100911780357,4.57779756068675,8.71832000966828,6.70024522604242,10.639687643371,4.9748158528915,4.30756121207282,4.23655981104886,5.11871159756359,6.01529651926513,5.27518235611557,6.64799669942871,5.33397171941405,3.90406603274737,5.12949834605529,3.50725456107402,4.76852207645074,4.44398038752694,3.5079820406244,5.26422024041852,5.20439925666058,4.35805656143205,4.68300479130684,6.46852652103009
2018-08-12,5.64389013166962,4.99608076410933,5.84177663293729,4.19233921946704,7.18894938211738,7.25171520958553,6.08709893358835,4.53446364213328,4.92909575180313,4.66389586380025,4.644338893587,10.9339975038865,8.84385484892436,13.0973535036447,5.24753562805391,5.52174265624572,5.6287192723668,5.4481164656152,8.06848261184565,6.85042264655695,8.54596245204046,7.39157132084753,4.99687404215974,5.13232132522477,4.54408628063994,6.38127233018133,6.37114557006965,4.74356219570337,7.37356113070277,7.17366326099032,4.38061668665666,6.74142559956103,8.58657972893783
2018-08-13,5.51876062105335,5.77915218722794,5.55093766576315,4.56763832449328,6.47193598430783,6.52267886682986,5.54655781062461,4.66195800638166,4.76169175719108,4.41661061834454,4.79446145403812,9.40650429332174,7.73441975116704,11.3477460431523,5.15809180166675,5.92051725348307,4.78522523685318,5.48560349619219,6.96140833950035,6.0730138767946,7.2815121220526,6.51295517348279,5.75603036398996,5.61308845853493,4.69771744913248,6.09384586101284,5.76566789570853,5.34102768796481,6.35169625618256,6.20158866819278,4.46601571111771,6.03168486569726,7.59433598565679
2018-08-14,5.10078035538383,3.09823893519485,3.16016852433712,2.61871470149913,4.27070942335449,4.14851717571112,2.80925037515452,2.92837542417015,4.1575834316459,3.03148143891202,3.91328290530277,6.88738255494867,5.06259516704824,8.46491095716062,4.18917349285717,3.59752640594252,3.09244925594985,4.7441444911323,4.57700321351295,4.29511669943002,5.15816826440174,3.8760083997407,3.19962706866537,5.93823708209379,4.17896673689177,3.85285395516074,3.08986999634675,2.97790076186107,4.18684194765651,4.18274772376713,2.95427495698918,3.4058808548874,4.95320584988993
2018-08-15,5.31327965689772,3.59500543584766,4.10638776769393,3.46553775285672,5.33729704696648,5.41720847424439,3.95579767679897,3.75770176978882,4.42213025626578,3.83765999065112,4.21463974102113,8.97632595749964,6.74287526893225,10.963105764823,4.6913687277941,4.16256027253384,4.20336292809953,5.00350969235193,6.10058504949309,5.32048552314568,6.81109123830381,5.27323152686689,3.65978999306068,5.25369492761565,4.43298841789945,4.72867557100034,4.28369453045843,3.50429621727854,5.4152982799715,5.34540220859257,3.7005041063503,4.59942620607983,6.54064647281133
2018-08-16,5.21615881349285,3.83757181022467,3.82400842386355,3.06780813707832,4.90681297730354,5.12098342324353,3.56490896592202,3.37267628071697,4.05044201350976,3.42301508465961,3.87357855034042,8.96159104668922,6.53151571769413,11.174246115869,4.45782977055481,4.24149072056344,3.72494823330859,4.93140651908299,5.76388871456327,4.83550784383831,6.58953227316312,4.91171618569583,3.88463494482912,4.96712521953547,4.26672161054547,4.50329280301659,3.91057628621268,3.62435894623485,4.84974129818173,4.81162751042186,3.32547170850792,4.14361175534396,6.33040281965931
2018-08-17,5.06453009290304,3.51365253023683,3.18887064665105,2.41244058154456,4.1304721338795,4.20362785217235,2.93373612581772,2.7165656463823,3.44697068893653,2.66491920289009,3.34664624862211,7.10687630539022,5.23269470343494,8.91964132112671,4.06037846768216,3.86083640924487,2.82843821355094,4.77878830150323,4.56958497104211,4.04615628132103,5.16242763047136,3.95452020999637,3.65078526013556,4.72753438017814,3.81244993338306,3.85209465869164,3.21418754497362,3.20434157130145,3.938078018684,3.94128186479374,2.66941595694921,3.40248636030749,5.12188092507288
2018-08-18,5.69661761300493,6.26083451278008,5.2197445952597,8.5916687643358,6.59428296587274,5.78391226698182,5.04018822964763,7.68377864418118,5.21793595569009,5.91856528730468,6.53353654130052,7.65697645239329,6.60174689089015,9.02087221517679,6.39237795782092,6.3244437009112,4.6356623302365,6.02499725637807,6.133633580593,6.55920916254065,6.03932388804897,5.81553687814979,6.2974829908547,6.24603705387982,4.35521482974707,6.134169338934,5.15913935804182,5.39797461673528,6.37278646257551,6.18424002984467,7.05519379721617,5.79701145934235,6.53377406754463
2018-08-19,5.35204406836581,4.05560691322616,4.31073969862741,3.42684325715401,5.61529728389089,5.55799902926541,4.1928663428397,3.7335362739731,4.19641786988129,3.75355613524741,4.02774857077415,9.06174245464538,6.91265290449623,11.0512277751266,4.70493209050262,4.54684789288865,4.25008505449979,5.08706133893844,6.25712044791741,5.4903783906568,6.87786290144572,5.4802526375498,4.10417190454613,4.81694193286522,4.23117969967497,5.02156198420942,4.4947062074629,3.79244338191061,5.65061157892822,5.55649665382836,3.62501577186069,4.86717179552087,6.70554706667919
2018-08-20,5.15154765519575,3.552259572884,3.62024492817193,2.7486072526748,4.56292679208429,4.89770277537508,3.40787840807186,3.08492715068272,4.0589364964447,3.21290229119308,3.81650716894574,8.51327098894634,6.207171705242,10.6495013457271,4.29268264497836,3.96957116367533,3.47791705350991,4.84696542635381,5.43704410393634,4.51269923287263,6.24216305981299,4.65665171194023,3.65232231961641,5.27947515623045,4.21165656186036,4.19292128861413,3.74935389367332,3.39837919284172,4.4926281534622,4.47842175334254,3.09090762178349,3.89065973474838,6.03306750643636
2018-08-21,5.0543929990255,3.17308180780409,3.18856635484512,2.24761010813917,4.08739851804736,4.39419570933687,2.73964710797771,2.61702499416792,3.432575170321,2.67597283367947,3.25072386259448,7.72040530125393,5.4610174981847,9.74872677789913,4.03191703036823,3.61381497223732,2.92175311782653,4.70826531550062,4.76146706373532,4.07738793616583,5.55207586204466,3.96182814823811,3.30038753879192,4.51665456859474,4.76170366566946,3.73605261898971,3.09922515958258,3.17725646735327,3.96763618109004,3.97789723683944,2.59731254294529,3.26590361291724,5.36064230387997
2018-08-22,4.84246026375881,2.25010288548075,1.94590439682658,1.49681787438255,2.94788990372077,2.88400078064195,1.60377216380006,1.82422314028348,2.29709824977327,1.61397042405405,2.34201694852883,5.45747171653851,3.71632112509247,7.09242798802309,3.52655874637098,2.7310673637811,1.62716866461212,4.40780111379859,3.13116124485975,2.99025577720405,3.70645149663042,2.54184659790752,2.44325354949144,3.49615465977578,3.10913994519164,2.71528311262017,1.88212940551593,1.99149656575104,2.66455409753524,2.73342281150738,1.74627193647572,2.07177626614873,3.650120878903
2018-08-23,5.24154587702094,3.69015342182872,3.74573230119437,4.34438722518355,4.73399512976421,4.71927971388108,3.4816952992318,4.32874946585015,5.03401256457058,4.1067107498577,5.07593565070144,7.45658020080763,5.68198681563327,9.07394568098499,4.82613308488377,4.10135578073538,3.69898928946395,5.03085622804238,5.14566808598688,4.81831537327595,5.69429577132069,4.50371964130238,3.75913810333643,6.98430099854352,4.38884498520791,4.34933752741939,3.74721762103295,3.54861657048205,4.66076848497099,4.63307717210504,4.28308916795924,4.01194290354601,5.56378343585457
2018-08-24,5.27866099535673,3.8195697103456,3.82885752173573,3.61063786153913,5.12926023873584,4.63870960591986,3.59427554044711,3.77817901707332,4.44802249751352,3.64881233646846,4.38325566075431,6.85798129701793,5.44782228045115,8.14179625654692,4.64584525106914,4.28708001306825,3.69847675442913,5.03243968026654,5.08831295060303,5.07824435818971,5.38533394120443,4.52499171198348,3.89367394061057,5.95888545189323,4.12609443046398,4.60180572156089,3.79976495358736,3.5234286551607,5.07773237577827,5.00809439696326,3.68565746485066,4.28022828952242,5.34384011356435
2018-08-25,5.27968064766096,3.61093030240682,3.97715149167639,3.96520970161856,5.02502246098041,5.08176323842641,3.80061208177389,4.05820653071647,4.09602580116472,3.76827411983644,4.20684240296617,7.97917429386357,6.12970589316842,9.75100064040759,4.75055727948493,4.105586300186,3.80242138578263,5.02220859347654,5.5170890297501,5.02218488137891,6.04472629025233,4.87906223543865,3.68812243995894,4.92374614160678,4.47359136592336,4.53032755456476,4.08550353113037,3.53555330325362,4.98857373131233,4.93247080941518,3.90231695332149,4.34930015818625,6.0077352057572
2018-08-26,5.3483499361882,4.17203327258931,4.46004245505298,4.01292278182172,5.46662113615124,5.6366058851828,4.49391263018414,4.1678891050165,4.66515988204733,4.08675245013959,4.59170418993994,8.93158932470408,6.96560733839908,10.9067435165794,4.85339501125093,4.57784763700886,4.2800798769517,5.12107743604061,6.22579964169727,5.34454942781885,6.80661994149366,5.60579879749456,4.20091058016485,5.73115233362778,3.97649279477675,5.02703720109971,4.76692098146978,3.92401824197204,5.43964907839013,5.36424877837481,4.08241551255283,4.96291265966536,6.7700844882325
2018-08-27,4.9992337471941,3.17214424629122,3.02540205956986,2.62418208647071,3.67377373940024,4.16388556931425,2.61392538147425,2.86988875534857,3.45892484198127,2.79880244274565,3.41804338068587,7.3547505131963,5.18018742694834,9.34188745336436,4.07837144015507,3.52003001222903,2.77048388248204,4.70117913647625,4.44663821091605,3.73419509762992,5.2713803567303,3.72042971413311,3.31928221189891,4.55620876577607,4.59212035119069,3.47852303894496,2.96138539199151,3.16355853299658,3.49936217098749,3.54804600510566,2.85150877150943,2.98445488243677,5.09083208013951
2018-08-28,4.93519225575164,2.63045230953567,2.68101752458641,2.13979514720949,3.38624892099689,3.78518474494609,2.34505952644029,2.43917233256217,3.0262193544681,2.36458814379961,2.98488406812253,6.86793695438289,4.79681813092008,8.80023938895472,3.85489373726818,3.06565399996499,2.40277970275252,4.51739847144906,4.06784341826254,3.42769945655015,4.84494454267097,3.39495104537064,2.73708816428848,4.08509608899141,3.9615999401938,3.20837831842548,2.67320541319708,2.63945305273024,3.17295218982829,3.23487965266889,2.41546648271966,2.69781870363226,4.70286733662443
2018-08-29,5.16528636088036,3.90860473475443,3.70894942134055,3.64035303978818,4.44856299584864,4.86765752640134,3.4724762559269,3.76592747334699,3.82792320748001,3.54764054363067,3.91990884418553,8.15357480644135,6.02870457931884,10.154744843304,4.55478393331357,4.20118610383735,3.54051261481483,4.99434002146585,5.28320087456903,4.47589029995981,6.04108150595403,4.58832986643729,4.05138449526596,4.4572209527267,4.47143035465343,4.17765096558024,3.79312702294665,3.71970247102622,4.34221017238047,4.34257221052703,3.66475279457876,3.86154390799764,5.89088491190839
2018-08-30,5.25361588602,3.57571267272467,3.96430952223773,3.07302788881038,5.0774439116676,4.97408698251168,3.82637815122387,3.37742889138345,4.48379024305706,3.48551112519536,4.22127695560747,7.5684173693019,5.92717523624298,9.13116945918383,4.47908188669431,4.09332980916546,3.76435721428689,4.93767848109083,5.40956976495859,4.98361982797862,5.84011121584683,4.82385302974377,3.65878253382854,6.04607844435104,4.30569757570097,4.55080711109334,4.07857462331034,3.46072908227217,5.05887933722449,4.99820536046572,3.36279219354875,4.39472824368737,5.81025265269401
2018-08-31,5.76677851500244,6.77303564636248,6.79453016825679,4.34888755495373,8.05234317689373,7.27441025059613,6.91545189771654,4.62491014188437,4.59278968396792,4.45696447724222,4.49197417323648,8.49459026814844,7.95640699364438,9.57109452272957,5.33288026046344,6.95020901381691,5.56824403608483,5.74981070951778,7.55600942830529,7.29694166158678,7.15277685189957,7.47032886670169,6.67356580585486,4.90071209938828,5.10689750914587,7.41323981242587,6.96621122951669,6.24221004757279,7.98634062539861,7.70575098461066,4.314583208922,7.59791593765418,7.90939151116059
2018-09-01,8.73772431129346,5.82890999656052,6.5414334419328,4.3632886404001,7.63508118117345,7.5757658778931,6.646257489675,4.82929504432362,5.71691084062594,4.57115090956303,5.66643809904933,9.62693069323134,8.37968096582324,11.5009054210868,7.03421506344201,6.5313858148155,5.11504019326321,8.13357752224192,7.52211760240004,7.20705339050894,7.57639165272157,7.35345468837644,5.97451250405904,7.75844741570285,6.47315608048727,7.16964326821889,6.88127121827421,5.70667288113927,7.25050126104883,7.20183503720644,4.65765616232749,7.05743747162163,8.40148539754369
2018-09-02,8.65695709531471,5.35448738174337,5.24440880320189,5.59401809018341,6.84296323524952,7.24855157133557,4.89656393886712,5.795956854759,5.82387197035501,5.25650531839627,6.09874429318975,12.8739031251969,9.26834324114282,16.2613976394575,7.38998156777809,6.08306998422507,5.0714598941993,8.17473408300536,8.02576653586644,6.97442084807341,9.2791437593652,6.82985867043282,5.59035565903145,7.21444800257365,6.30467193334773,6.31181285322874,5.43731090855453,4.97987848699546,6.60432380987502,6.63063107172399,5.5836470419422,5.65896017747531,9.01570178687061
2018-09-03,8.33181913266188,4.188869997269,4.14249631256849,3.37472354595945,5.39148138256671,5.66456188462976,3.54043213095923,3.90716101967198,4.92150306620215,3.79165391694089,4.85077614844739,9.75594181024914,6.91339534113215,12.3062747523942,6.41749285097386,4.95289814535581,3.81418924912246,7.62702719350293,6.0055120962409,5.54449254776256,7.06190191822645,5.02193923512041,4.44910667299948,6.69522140905359,6.57243357483932,5.06979056850734,4.01001769426567,4.14887726963818,5.04162301062086,5.17110099049841,3.88070951748968,4.15789012653217,6.81925714515492
2018-09-04,9.07886178971419,7.29107611386881,7.33529578982195,6.31300270760682,9.33287793706505,8.89630310121008,7.19923353640858,6.80835540479379,7.02139019535396,6.8884597076,6.79868050066075,13.6959134464374,10.8201736764472,16.1293087508348,8.19313174157404,7.94615354865523,7.73780304165337,8.68576481746263,10.1086194927824,9.23840575880724,11.0070749561189,8.96820360447483,7.31206021169432,6.87975959391102,6.66694126387796,8.56679802691404,7.56346431295535,6.68796668220895,9.42241006383994,9.31900290343066,6.64505213807747,8.19259311146556,10.4548954826187
2018-09-05,9.33781267469132,8.77546178588701,8.35105896467419,9.25020745570346,10.2662303399093,9.16167548528308,8.42194346195574,9.17496654857574,6.82037861479296,8.28943020773432,7.47750445561853,11.9029524784235,10.448278153473,13.2058316514807,9.27348145519915,9.18060656087024,8.67286973511374,9.27398371070993,10.1430316831698,10.1897826533422,10.3495057479299,9.5123574900305,8.76675510169656,5.00905589360068,6.5031737742338,9.57913105451541,8.55537673592454,7.83259416135497,10.3143294403181,10.1529843698345,8.64193622337529,9.3389491652716,10.1700203729671
2018-09-06,8.48295949477216,4.74552649733622,4.1749659722624,4.12671986910971,6.14606499191714,5.3912699208701,3.60576214958976,4.56993196199281,5.40505636586083,4.33602231206366,5.39965558935471,8.93475694680624,6.55508488760221,10.8666787207705,6.79982267558732,5.53075879744977,4.27577174932869,7.88316476413301,6.03468563138446,6.32628503430295,6.7827379006301,5.047551134011,5.00013921715275,7.26359491921981,5.61248247241732,5.60663641542973,3.96069581851338,4.1722908670169,5.87841529794447,5.94517262416534,4.47041607671819,4.57726097194051,6.40044375491989
2018-09-07,8.71192006995108,5.25333852449722,5.51409723672456,4.97017210342756,7.31058342890611,6.98703060612148,5.21828323083805,5.39720059536684,5.13851833134726,5.0282312810082,5.28417052482194,10.9164431476096,8.38981870914562,13.1914171765924,7.3023866283188,6.10372504364511,5.45639494422965,8.12649893027503,7.66300419511033,7.36168194787846,8.41700021932465,6.72341260552511,5.43762695415629,5.37315378475501,6.32397530767963,6.63340453817859,5.60254508005599,4.94525066130476,7.17362135415065,7.16849827252766,5.14293828629034,6.08290626582033,8.20551535487686
2018-09-08,8.7793259932814,5.51040511717206,5.74552342776511,4.65063620798808,7.80274359476532,7.37087866725553,5.39919280402028,5.18452136556306,5.26423338308476,4.93981645528187,5.26078106351217,11.7687162398669,8.95995126760813,14.3056821236868,7.27657720470551,6.39833336202415,5.59911625220743,8.18791501109502,8.1692030929434,7.74902658051847,8.95624981822477,7.1097866247025,5.68065523282743,5.72458083685032,6.48968713577929,6.988908592858,5.81871230048238,5.1313769773687,7.69420184933525,7.6433330370168,4.93388618809169,6.43019072501773,8.74783447909648
2018-09-09,8.49699266974372,5.37081537211227,5.19434205416004,3.59540539324703,6.40448651749823,7.65067774698507,4.83043622273832,4.10501672725848,4.97044774529597,3.84828657519628,4.95694204863892,14.6281561974552,10.1647118579413,19.194168036411,6.58530921731562,5.98113664447382,4.13123531668282,7.88396925570793,8.28933469021576,6.19096684146903,9.87367207984472,7.02716392501366,5.56086332433958,6.90406926132975,6.40396777235585,6.1068006261654,5.50775405597472,5.11260814696641,5.93547364774859,5.97763987360775,3.97641024761164,5.38821977112073,9.91415506544439
2018-09-10,8.83489715551752,5.99866262878985,6.22511761366363,3.97530360666902,8.3138047447376,7.86367667205736,5.92495411611886,4.71412850594208,6.05713828378532,4.90378047944674,5.6245538878961,12.2223267610203,9.4654502205523,14.7892391450226,7.14613339280891,6.85366065462013,5.86034991942077,8.25456663417465,8.654438706263,8.07865567230869,9.36014932560699,7.63185137398119,6.17909837265702,7.5307348391237,6.7707905929675,7.43275298423134,6.33732458414258,5.57310683340946,8.2291087244115,8.13962496650063,4.60894831552469,6.98276463729126,9.25884416206454
2018-09-11,9.31604874237614,6.52797031449126,8.32447555069894,7.79214330936177,10.4280277179954,9.53390337567505,8.31825355487624,7.83913570058842,6.64493999810177,6.92120018927544,7.14368320612338,12.7766562121471,10.9419956689007,14.9620716924963,8.66829273048319,7.54665680386904,7.41410138979697,8.59365376199873,10.1848859483777,9.98579516181636,10.2412148023912,9.6121919806825,6.11318706420543,7.02105195356928,6.92128256866887,9.5266737734219,8.5613055413057,6.60683844824329,10.2779075713901,10.0339795875955,7.28903013325368,9.37346892544677,10.7835234611711
2018-09-12,8.58166771217527,5.49793937775392,5.42746517601296,4.93688149840238,6.55673037850313,6.53980243821652,5.18148428747332,5.11901283140789,4.6362914180544,4.25738882877375,5.1504769770318,9.06636520239952,7.36870678015852,11.1733205405983,7.00743703807177,6.10834651747099,4.19109785593346,8.09389741570347,6.47182526277646,6.40475284383848,6.78530074557606,6.08735884826189,5.7561076203205,5.9808478236414,6.51485552474312,6.21037276807926,5.49042686834254,5.24098330106467,6.06579593046384,6.08529997222164,4.7775941030943,5.67388010323966,7.40506745024041
2018-09-13,8.8068906616875,6.43062244329229,5.67439341793102,5.39419149253872,7.88208425208269,6.81461787190625,5.23572559059893,5.73308962248561,5.51119692916005,5.22374040182727,5.72051952323819,10.2946050446059,8.09832606531243,12.2369072620451,7.49519199479753,7.07879975147651,5.51052211297903,8.39983627331234,7.57630228888463,7.81354762059344,8.06331295741713,6.67653744212614,6.59546512022987,6.28735099101621,5.9777700227302,7.20089399100568,5.53263823864674,5.58884091338496,7.65965364384015,7.60192502653039,5.42123649134359,6.35433782572273,7.91558388941738
2018-09-14,8.91879934533019,7.22537061318739,6.33276155954258,4.75656069380901,8.82872054508087,7.06065736629706,5.65156796303094,5.28476217654601,6.11074527156344,5.07214154668647,5.9692998400439,9.67806670329141,8.00122258006914,11.1702788229712,7.40963574010395,7.82319690949592,5.68920542141634,8.44113018952601,7.72624421197943,8.43935825570093,7.81874579060777,6.93900541860699,7.18126158749966,7.90840765033343,6.58246705255447,8.10559095896938,5.85554554958846,6.37377480901589,8.52912353986948,8.3903396788205,5.03390757395556,7.0284820788585,7.89254120431652
2018-09-15,9.30961263942193,8.66576232356436,7.91956958749585,9.32952968825933,10.1254674984601,8.04722445832083,7.66694405753405,9.11639451032606,6.81994234893406,7.95236348271358,7.64468049918798,8.94911267462768,8.53879500445716,9.2500633901285,9.19875583308165,9.08168768820754,7.94140497008332,9.21228557527296,8.71196225225095,10.017426632487,8.34187579996048,8.33565259033277,8.57418838073568,5.99529678247828,6.63580813750534,9.43668458306842,7.6547623313717,7.68657926061502,10.0253106801841,9.8453432890453,8.51757164073473,8.81939136275682,8.42056880276504
2018-09-16,9.29687579540462,9.01972820398286,8.85768809433637,7.13092739686904,10.5853277114541,9.89953425706067,8.29804003427194,7.47281236762917,7.42377721594849,7.24804004855915,7.3734796381598,13.0390050521269,11.013002802434,14.993547711007,8.57979346023922,9.4256402663774,8.0855781270966,9.09518298252854,10.464108826985,10.1434931124643,10.7578105364622,9.66541718771377,8.93427364176212,7.78896175184221,9.39828121685715,9.83780138411155,8.58279926605882,8.70915959161048,10.5180671162484,10.3054621761424,7.1628030168041,9.38370751598753,10.9093642489026
2018-09-17,9.05457473551802,6.61350560122667,6.26488874124986,5.81993320375973,9.28851323135097,7.13722084121946,5.57408753913028,6.17799927038039,5.79779872479984,5.57732905921314,5.99867060401449,9.80369603270521,8.07683725886307,11.1434622363252,7.86713715559045,7.51373079934637,6.11014216653945,8.57061492866696,7.99104664982743,9.11997562949353,8.02838031678682,7.04959169653563,6.62703137638337,6.56918323925242,6.72905128749274,8.16877770310139,5.79868302526003,5.84196614666948,9.1903527671135,9.00406057047965,5.73106331542308,7.24250318492292,7.94236663541995
2018-09-18,10.8653138350673,14.3978589441543,17.5362837736499,15.7888450777186,18.1650818616501,18.1393841795141,18.8661021581535,15.203685715131,12.3786836585337,14.2527584322935,12.9650646972538,19.084310810297,19.3053101171139,20.4297185093993,12.751824228296,14.583174527001,15.646700445005,11.1261479743062,18.5134913290597,16.8546627716134,17.4320233671777,19.0662247694121,13.6136363285267,10.4214272105459,11.4178624763797,17.1608763792518,18.7634207747396,14.7001495180745,18.5316695193662,17.8644464969174,14.4335820429164,19.1657446517147,19.1682902401996
2018-09-19,8.55265423481568,7.02451574844874,6.65214027800483,4.5746125887155,6.4838744109293,7.32749957004461,6.07137362991017,4.8478024473409,4.93326765909923,4.23911036950858,5.24747848040879,7.68278303822578,6.97940442282968,9.13295831817556,6.87293741545298,7.20187260143518,4.35087254486788,8.4185179077782,6.19429618743302,6.17339130726394,6.14374733420358,6.28600675984962,7.57604694482061,6.55705044918358,10.4734941350351,6.36179917744294,6.35532590052134,7.34534276101302,5.93042750484292,5.9725936064802,4.62276442187535,6.10269943471272,7.37380002375048
2018-09-20,7.95698441752893,3.45065267862688,2.63048866043365,1.59781233982836,3.50449880068729,3.28219336233416,1.92252152664101,2.17419543741288,2.95364559671411,1.77273210206182,3.11619345944191,4.43071064803527,3.2782344348205,5.63860719457322,5.39818160544381,4.07295429445196,1.61632557658094,7.26861109653041,2.80164136750249,3.63036114834652,3.14146768106702,2.46560820329338,3.96532255581775,5.00978738460264,6.04341057010616,3.45361450123763,2.20204219079273,3.26370943179038,2.8429934742403,3.07168262645498,2.09920316988301,2.30443320686847,3.47101147036976
2018-09-21,8.81053838739581,6.94096951903151,6.49713177201858,4.25097447076481,8.09280709907539,8.10755261137027,5.55575515954586,4.94008524998118,6.87038971918879,5.25907462481467,6.32647010059875,11.9341257711803,9.09827939294632,14.363129327356,7.23062988662138,7.54409728748724,5.90269911041822,8.57638773306905,8.41187532494476,8.01412383101553,9.21160277171519,7.27096156003286,7.42277356039136,9.10760198773765,10.1948642948387,7.19266329999589,6.06708083485714,6.84256457462889,8.06343832310408,7.99748206753012,4.93982784132024,6.62662140445323,9.09292729228775
2018-09-22,8.76955828667279,7.8307812015195,7.20580619011819,4.64455027343644,7.82987950415186,8.2464602110193,6.20636085574594,5.18426478743917,6.62323961403569,5.27366032645361,6.30879163896004,10.2043335845971,8.4240483976397,12.0095601628166,7.25870545432667,8.08982841429401,5.758569708704,8.68475023003563,7.8028129706163,7.59721151236861,8.19491730842409,7.20006107739138,8.31300085363495,8.67435590970748,11.6246615561723,7.32519998766843,6.60842033317396,8.03730289717456,7.59500533333919,7.56130364143437,5.14396327451679,6.82912671438525,8.64735392506547
2018-09-23,10.4775362711649,12.9708808532609,14.9620705702369,14.8877331134158,15.9345433545767,15.5025182242303,15.1717483562648,14.11580559653,11.0278260340674,12.6166821103802,12.0324382968636,15.924346864341,15.8753460143925,17.0444503405044,11.9989271751827,13.2357828126317,13.0321462544601,10.8481291003438,15.402884780576,15.0901211857101,14.4179490842278,15.602292638951,12.5798436356795,10.2014823469728,13.3268060136458,14.7888185963139,15.2101773172308,13.4096881254497,16.154586671003,15.5866227222387,13.2551635754849,15.9382515403565,15.989988227202
2018-09-24,8.22348130485232,6.58999000720951,4.67368320079884,4.30983778472902,4.56226138629693,5.43946363589522,3.24869783331443,4.40572756978411,4.34394638588103,3.51603661446755,4.92726728675355,6.43012112482195,4.93314782622976,8.09852126123337,6.44982187159229,6.58109509315696,2.73749278148627,8.28882975869184,4.22923492857484,4.69349364736249,4.6684669310515,3.84690550329454,7.41450706896401,6.55672423418181,11.4881668100619,4.59004514511245,3.68206882150375,6.76070703825381,3.8911162817451,4.06076791784125,4.20169934543759,3.50772782006488,5.39287827017958
2018-09-25,8.11730164798426,4.17829747144591,2.9757684399332,2.84125871747008,4.21868531732921,4.11304197399264,2.25458494747229,3.29175300146271,4.34739629296808,2.97740183376808,4.43696386320289,7.19612816511956,4.9244596213187,9.20399813843036,5.98554039572357,4.74731469826103,2.56986702165975,7.56667901399701,4.22582619786752,4.46340927681608,5.06841728044678,3.42243435716122,4.65692703777514,6.78228420641633,5.79661483326911,4.06646962555643,2.64634748704551,3.68386857227105,3.69589679641903,3.89262014437425,3.26895901679049,2.84201817789351,4.91473758217052
2018-09-26,8.40757860840422,4.73450092201866,4.0685502519377,3.54075531283282,5.83118200348269,4.78949504468857,3.50537544331341,4.02187788673287,3.86659201870844,3.51679110127734,4.11253660821275,6.661536436668,5.28896108764999,7.83592197365532,6.50436329682419,5.4569907869617,3.71656289826405,7.80428378259481,5.00989186697111,5.8982543041058,5.28647190833732,4.41527997142388,5.02916142193482,4.60009215049079,5.68918864293136,5.38660716615464,3.73778371617764,4.18872238270329,5.44358445046572,5.52000149389282,3.77076400048937,4.3613379593836,5.28410750605995
2018-09-27,8.13151432877713,4.06505053722589,3.09508338667024,2.2119969307911,4.42243257125694,3.94930275479204,2.37211268239328,2.75633526482833,3.90609209344678,2.41856184669999,3.962188967968,5.80676459009525,4.26794928932213,7.29419894647624,5.76881451627166,4.71842513927133,2.2536451892127,7.53550827828589,3.76521122238016,4.51792467081729,4.16517539953969,3.22692695396376,4.57661754307192,6.52652439704739,6.11189468563009,4.14248495164969,2.68602877281168,3.65471347158546,3.8637997876993,4.02077822024869,2.68356659673148,3.01884910198693,4.38150427030949
2018-09-28,8.39257839504017,5.60169425411183,4.55964659364035,3.41859382424028,5.78127878864509,5.14160355034236,3.22586567733816,3.95362598000897,4.36939432341957,3.6517519769314,4.43641585068927,6.10582219371205,4.82217148607077,6.98085151444983,6.48734264982834,6.11725831562949,3.78708310543711,8.04643957501407,4.74815681795724,5.92376285180401,5.01924427905088,4.07333107989095,6.1138742895573,5.56188735655837,9.78089748949349,5.30411114600554,3.54607653810869,5.62699784846787,5.44333529156581,5.52938360346003,3.7948032073364,4.13030298930805,5.07504273960625
2018-09-29,10.3968019573094,12.9323524138771,13.4587766035274,15.5034268361433,15.3257025294232,13.1130250704542,12.9834278069765,15.1646603639368,12.50671606688,15.0461900971454,12.6835147014724,12.5960381596037,12.9304312730385,10.951556845533,12.6284031985818,13.1685511805587,15.7347491791777,10.9500100263398,14.3231842140185,15.6643473458049,13.9340013723313,13.5957008157789,12.676041703756,8.28878164872254,13.2590088918575,14.0162940323576,12.8550408635098,12.8380302828209,16.4125471421123,16.0419390932496,14.7718094973518,14.3705524959078,12.7192303767099
2018-09-30,9.68697934138438,10.6101379280202,9.70822634794341,10.4181617624581,12.2203501590293,9.63863509335809,8.25751277182387,10.0975639752952,9.4364408620544,9.04143373254493,9.95297196618174,9.39553044493158,9.13191633978021,9.39800050558925,9.86717163234632,10.9711508579446,8.73191969186738,9.90554910340292,9.68019437815324,11.9298510662231,8.8647120829638,9.11491152957582,10.5590781309511,11.50918746926,12.568985082497,10.9994392003179,8.33376435376068,10.2945780270022,12.2105193569886,11.8384280326384,9.53127986288556,10.1247736668908,9.3628041156728
2018-10-01,9.44933940984627,8.6543682722109,9.09682661868906,10.2483827161922,10.6609412541511,9.86031312132898,8.60329454720508,9.88399452378011,8.47059347994437,8.78807670372454,9.17692884786322,11.5173459286518,10.3488671700786,12.7543453847809,9.58745751357774,9.18887873381139,8.45410689055207,9.42021408877969,10.0663779371281,10.5683445726873,9.96226264716514,9.56319543485889,8.65691612103532,9.22567596331743,10.1596488311799,9.77461959985665,8.81215486055315,8.65035320103152,10.6645431333374,10.4391472834703,9.3744548889497,9.61287957231772,10.381695058398
2018-10-02,8.80883649931105,6.42607060698758,6.52799974853234,8.38753562747439,7.1721900124589,7.57343863343586,5.54413505094719,8.00920567742643,6.27611337623694,6.6929388266245,7.27294201937984,9.9285629245994,7.94288670990409,11.827887241089,8.3388070202384,6.89760212429791,5.70947221463324,8.61021211863765,7.2855097241191,7.45154016608463,7.85673198908856,6.60062368885972,6.61786920836783,6.96335113000146,10.5413654661461,6.82886761132576,5.94814397742539,6.94256631314334,6.8749049040441,6.8958562360749,7.57581600460183,6.12339738018625,8.09881101039138
2018-10-03,8.81247891188091,7.63032731209654,6.64347465394908,6.4699891992424,7.62009425836509,8.5642896665522,5.7809312403773,6.55317120140411,5.79472287242504,5.76884827839218,6.28068529713601,13.4109509533977,9.95722064677355,16.773769536443,7.79508456492718,7.92075143289509,5.65907550112216,8.85418172184745,8.70727071865677,7.64743802050818,9.81831986684165,7.59314656100411,8.16539302160919,6.50581105529677,10.2590327880524,7.06811174783524,6.38603106085292,7.44337918231702,7.38112799115148,7.35371340432549,6.2064089362224,6.50056656522413,9.94785113455324
2018-10-04,9.31318344271127,8.0672424977986,7.68907652451451,7.53426243366251,10.5310347587359,9.24839033456376,7.36932296628381,7.9336106474317,7.33446806696417,7.8418825601738,7.25824743154421,14.7272763585664,11.4996356633039,17.1037859917212,8.84468035344422,8.76073421328028,8.74601102240868,8.99748268487768,11.0315480926353,10.5042518591185,11.9884973688398,9.53611025150012,7.94788327024727,6.26180445655717,6.39548667251423,9.51226565921312,7.72108736150766,7.08015122830728,10.7727259321953,10.5882682019032,7.62545676138511,8.87112263417952,10.9915081154435
2018-10-05,9.18170528846769,8.53383380189829,7.61922780869795,6.78633274082885,9.91332461228333,8.45528582114992,7.47672316119123,6.99509418206462,5.78187396861644,6.17641103594283,6.2136100407825,11.0953387274498,9.63654908092533,12.7553896844964,8.24982708310956,8.97107512266638,6.85763745229091,9.00607448519993,9.15331819561583,9.45311663789984,9.08832557493871,8.61361149715958,8.59490421010496,5.71747439638484,6.22572781364048,9.14224295750376,7.63566884091789,7.37390528081174,9.67940666521901,9.4731584017119,6.45804436644849,8.62608150189765,9.47821456333499
2018-10-06,9.24494203799887,8.2728609511241,7.79469213220507,5.80836936021808,10.4799365742159,9.11023582457597,7.81335873739442,6.35866191192291,6.49381339214956,6.17958476225329,6.34366421284125,13.0992880771409,10.8949265039756,15.3183363542395,8.09304792666396,8.90957585065247,7.40248169262515,8.9419209439464,10.2553295087191,9.95880018114543,10.4953900535492,9.40742683585293,8.32728247708907,6.93511098149166,5.79607645867948,9.45085799352048,8.06099958043158,7.06710311083573,10.4340542053514,10.1906217457802,6.00232832724444,9.12430207197026,10.5850965643075
2018-10-07,9.16630342346009,8.534843400171,7.73914977820522,7.80579442747181,9.52329026873975,9.5413031880104,7.72215408176918,7.91426753268162,7.41858032470463,7.4467214444839,7.6402280759411,14.9814656539276,11.7620560476612,18.0736551492467,8.63870181227,8.89362952261047,7.71914032425454,9.13622210049608,10.6638879872968,9.39737874581031,11.6352558482673,9.57760734700098,8.73928614390339,7.7618043872233,6.7313483818445,8.84913657842985,8.1392327020454,7.53567842862023,9.49070927584938,9.36285366290602,7.61331621531679,8.58001499226445,11.3975756486096
2018-10-08,9.60740963309929,9.99556681023014,10.6533740053286,8.30751545495485,12.2496685810446,10.8747675738244,10.2581213397939,8.57288231744661,9.13101568197205,8.47939349271459,8.90501027533064,11.3982531919267,11.0854775488075,11.9915622743446,9.24014089378664,10.4091498820075,9.42290255626884,9.39102357690577,11.0500147796208,11.5326325809427,10.4562645249583,10.8467325159531,9.66500058682368,10.3578438357985,10.3841929460685,11.424555150024,10.2970051601144,9.99587560395985,12.2303957345911,11.9066947837596,8.29323132822923,11.3111693161846,11.1409382129954
2018-10-09,9.25677599341778,8.12717178897811,7.94297900598766,8.23360574870096,9.90101313354031,8.47683749789644,7.49663207852524,8.26674602813088,7.59711386731435,7.64236537829549,7.91023781647916,9.43026283502419,8.71583266177526,9.96054349087649,8.84559685450916,8.71349013237751,7.80068166395853,9.21032654678311,8.81822387615189,9.88250046175132,8.58499588801799,8.32162353086786,8.37164161466836,8.12589123635316,8.92924142992604,8.89667996297892,7.63121127079215,7.66209518040733,9.98389115640079,9.80703066906124,7.88645551055283,8.63584493118643,8.72528018164425
2018-10-10,8.17135921782054,4.72895100513803,3.24704329446827,3.95656331341888,4.31828223470498,4.03683818349245,2.49450569947896,4.14669009288791,3.96979314867653,3.35049677463826,4.50162628220093,6.15400514078421,4.47264668219082,7.70122973380029,6.33669975942988,5.1542804368486,2.6748844437857,7.7602933525304,3.92728773357334,4.58363782878185,4.49889752396149,3.34681537285888,5.20232993334876,5.63541812469884,6.08196063881656,4.27169728608474,2.80329710200241,4.18508377380952,3.72492844033468,3.91653191674007,3.95221156121652,3.01325787792517,4.54211923564165
2018-10-11,9.19627936497334,10.1106965194678,9.45886058686844,10.6984462967152,9.40897869801484,10.2868691728528,8.44733167187154,10.3100798679105,8.66517616667263,9.57362254010755,9.30584131818919,14.0807572813128,11.4343148791529,16.3947208611864,9.62196759195436,9.84009653269929,8.97573389547983,9.19466573134066,10.5915499682221,9.37510624807702,11.680557816502,9.68223844154039,9.64905641348898,7.93402942186976,11.4154055004377,9.75449053187183,8.79959062831793,10.5014298580265,9.13298881498242,9.11677084935042,10.0479220556999,8.76847313489142,11.3359556299669
2018-10-12,9.05149538148232,8.60113994218345,9.75157290629307,9.52644979552319,8.56232777727697,10.1176181982714,9.51502404423075,9.18817546652334,7.35902213695566,8.26770971942833,8.13904292003337,10.4762537481383,10.0007748708457,11.7120439995841,8.98858526318257,8.56657396059063,7.96726297468312,8.89697983281883,9.18708919293937,8.31059026006956,9.28518054549383,9.4402252723123,8.41667081085978,6.73913546966071,11.6381765196908,8.91999310640934,9.68727929968683,9.73399355281152,8.17498905842969,8.18447827430758,8.87481539660529,9.0282637973734,10.2629780761119
2018-10-13,10.1885846514314,11.3793492582602,11.8414790659447,11.4126565769106,15.1113315584355,12.1995450392417,10.6300438541226,11.3044213503297,8.58216918595209,10.2244848038875,9.17371198476072,13.7394040480966,12.6453277366577,14.3862223688471,10.785064703973,12.0408144722892,11.2949695453515,10.1531193750893,13.0725907066667,14.53222938877,12.4442797214506,12.1184303582805,10.8094991892422,6.80300745503117,12.5308496030417,13.4948040952448,10.7413721006772,11.2459272923359,15.4110378812136,14.8561577828824,10.4195052333429,12.9067466712244,12.6124504371689
2018-10-14,9.71390116029365,9.62759525410007,11.3025992495691,7.19529655038183,12.9982516542462,12.2461841029494,10.8626501114908,7.67115577003325,7.17773138481978,7.30601324253937,7.11227257840962,13.5516718457759,12.5996523061809,15.1423871596212,8.93666339411467,10.3472874559045,9.11683322058077,9.45466197215651,12.1103516637758,12.0305339411382,11.5070683334217,11.8269590281727,9.50417041275858,7.08699611977851,12.3939324976249,11.6658720651787,11.093429038917,10.1227597999025,13.0479805023533,12.6125433565599,7.11175748148283,12.061055876686,12.7775235100008
2018-10-15,9.53963335339319,9.47422608458882,9.79653451275961,7.69747023075644,11.8091712399988,11.573849833466,8.88459858814482,8.07740539202019,8.36139026118112,7.9806369722024,8.13938880220859,16.04543853182,12.9486185461341,18.835875642256,9.02584306884907,10.0695385063941,9.01339431713958,9.51418131098527,12.2055029683447,11.4361951812937,12.812323913159,10.9352630576072,9.60315097403801,9.0060797220943,12.3566871371764,10.4915394345322,9.39681472842038,9.55470289379389,12.0342190730265,11.7170840806164,7.74654789819247,10.3344571539641,12.8702690927951
2018-10-16,8.39455703089107,6.96671604540705,5.41712701403377,2.98235670704826,5.9530217407919,5.60604976787024,3.81612983274727,3.5133964224155,3.68740920938474,2.992418736831,3.89017869489192,4.89411917130417,4.44639777928731,5.45480741680392,6.26745351528761,7.13911862647378,3.28915205246385,8.2932907117825,4.35176910299459,5.76496182507852,4.12402272285478,4.13601605253232,7.62742081731318,5.04850323132385,12.1515939738562,5.63369821214443,4.09068350085605,7.19473272469356,5.38884433796547,5.44043636105967,3.25249975301719,4.51496408528845,4.99723169429312
2018-10-17,8.87134873471729,7.21969678654231,7.31226358564413,5.5667442007165,8.22639490857002,8.04726614364233,6.10433659070114,6.07000931434035,7.19047732199058,6.25581397177812,6.85306015426079,9.31211371101984,7.89008019009421,10.2760908810899,7.73539288550541,7.71886065013392,6.70138701900429,8.63104299020906,7.80084111664269,8.25255196668799,8.12640175262591,7.05981768178093,7.50335796776537,8.41341067730607,12.1906829171807,7.56134176329587,6.44211034893749,7.79911637377544,8.22114972085815,8.18601427853353,6.04187887663507,6.96138228450043,8.09306900051988
2018-10-18,9.14858445056528,8.57685255630948,8.44470214904689,6.89418108094085,9.70565526120873,9.08386039648549,7.21763800517291,7.1202603544306,6.96819886473076,6.63416737799851,7.11885756606335,10.3652190834211,9.04902745537055,11.6185938191707,8.30165870846005,8.96738619764436,7.04662833549291,9.00838146834096,8.80947738055478,9.38750065680826,8.78190403641867,8.19914197574203,8.65013653055891,7.93442464546986,12.3058809767137,8.9738823659024,7.5098013135254,8.9267954403715,9.53580679188169,9.3627918892455,6.77363359894203,8.30378534839085,9.27829177037516
2018-10-19,9.1936908193762,8.60342131431386,8.67334399480543,6.50306191217462,9.99737850635308,9.55033320105304,7.64314635883778,6.96072408244353,7.19318315895153,6.91138809999427,7.01240983547608,11.2798025030505,9.73440097563453,12.5642694498897,8.32121242642303,9.06743728551585,7.79857223938244,9.09200346838241,9.52660272827817,9.75657780505238,9.68141744588448,8.77714175603865,8.81587615934007,7.4992173871441,12.2965743156828,9.08474976682688,7.96851345461527,8.8974964334764,10.0581967008926,9.88478595369523,6.71997371684527,8.71703871468284,9.87382662935324
2018-10-20,9.96522005157475,10.976501107547,12.8851026825588,11.4266401107986,13.6956882123068,13.0492856850715,12.6939125577013,11.1417111460942,8.73545039695562,10.0491572903272,9.42922908158063,12.7757022436473,12.9669971784948,13.4409607920308,10.4628547523282,11.3360535804838,10.8571699516494,9.8790905260212,12.7046382485414,12.8537505219997,11.7859366976225,12.9136243240742,10.459431053993,7.64215549039164,12.5483858433983,12.9139555328067,12.706830635897,11.7050350851488,13.6723032669484,13.2567416422232,10.4333610366018,13.3973228092959,13.1704817642394
2018-10-21,10.3918883558749,12.7315737157024,14.2623402074709,13.5812025391877,15.7973960810493,14.5376954023752,14.1765740184857,12.8323700781232,7.9110243810472,10.5379549435885,9.51075565876683,14.4096177964433,14.6715480093083,15.5637449400838,11.3611535231159,13.0446815800598,11.3012971321986,10.6036485827343,14.1868327391682,14.6052871428343,12.7493732888426,14.5396970328548,12.2072515511124,5.88004138411511,12.6722657902504,14.6299424198925,14.1662630786087,12.9469023740775,15.6657172450972,15.0354241363522,11.5504832869855,15.2870211907407,14.9104469079678
2018-10-22,9.51415380653591,10.5047496473569,10.1054030513224,7.67431946750854,11.6230396348848,11.8936795157398,9.47282484718606,7.88009403655991,6.94727264308687,7.15583479917682,7.22975246471247,15.7363181915255,13.076623582779,18.8175017205853,8.84639861902711,10.7959857675001,8.18441421335655,9.81349624833235,11.965353781018,10.9938003270774,12.235563603869,11.1581789482691,10.9564178770994,7.19400610672852,12.425741390795,10.4222661757995,9.96809560827359,10.2424348434291,11.6063625092386,11.2667351363229,7.30627554227572,10.5890090251256,13.1480250129201
2018-10-23,9.13323504644606,7.33210113310142,8.02611439840567,6.78319787525725,9.52142565123419,9.96536359902861,6.85287789692465,7.12384255815857,6.35422082450039,6.74048808544278,6.49555647918482,14.9206266554425,11.3103768768396,18.0158500376597,8.3366843191743,8.05450182043558,7.43841949808359,8.82880562740191,10.403661546627,9.48035550155348,11.4862020443997,8.97711362571292,7.4360351704839,5.79686177699189,12.1999853450211,8.541429292502,7.47593468058562,7.95541455140513,9.60714033595051,9.46058194934451,6.75505617646181,8.03745620863065,11.2689793351829
2018-10-24,9.69925845819294,12.1215644988091,10.3252417048532,11.4603035887586,12.2121976567186,10.4745679890977,8.8968045167262,10.9698411803578,7.65570998137813,9.38043392305973,8.79360500244061,11.6922516932416,10.5943294597152,12.5639868530563,10.2196378002187,12.0029538793445,9.28056264128991,10.1370714336651,10.6736927943591,11.8702084177797,10.376669849937,9.96510015312533,11.9686242441291,6.3736045422608,12.5894750342523,11.4826607840701,9.04582193127978,11.5830429350858,12.0662812803907,11.7398901816186,10.1364286028418,10.4367150896944,10.7105124327083
2018-10-25,9.76787046994021,12.2737536203041,12.1476681055846,8.8267230921124,13.1333187062492,12.2224411667428,11.7178222789671,9.02478150366036,7.35949228339256,8.37874658634023,7.64646141872648,11.773929980674,11.9759900762442,12.3252280511163,9.50667170923944,12.2458771735302,9.90344291915711,10.0189524333789,11.8154207628856,12.1282315918595,10.8751626537817,11.9638484789211,12.2139782397517,6.05011069109315,12.6143370653892,12.3525182738058,11.7374829142033,12.1627260091031,13.0371416696543,12.6451061785251,8.40097505708499,12.5571415858115,12.2220757968907
2018-10-26,9.3994747953222,10.9355126650817,10.2543524951986,7.35279381892053,11.26817469202,10.2319699637917,9.28819395477814,7.6945905976686,7.15836038948089,7.3708570301194,7.19249559917781,9.95598267818182,9.80481272902631,10.3479070476011,8.73280991684164,10.9320761381923,8.48170596681492,9.48641312795109,9.83869112620353,10.5579840237385,9.25063547040829,9.68496512279382,10.8987346203152,6.90490310619057,12.5060388841138,10.6949323516241,9.36612791440836,10.9249973497194,11.0861367287538,10.8317446817699,7.29682939701692,10.2279987549402,10.0676567664984
2018-10-27,9.73091748488306,11.9035276723381,11.3134974027846,9.37945746703275,12.7069665633821,11.6733718017405,11.2731944321874,10.530811554862,12.5951262548735,13.1842967972837,10.6058050462618,14.0608273511205,12.74004915531,13.0670468464645,10.5143142792285,11.9228121590734,15.5425687878411,10.0700503566978,13.9180189214608,13.2599281130025,15.0072184311903,12.4823485195172,12.0047839759036,8.30048496121408,10.2707676858072,11.8546313225652,11.304527228282,11.1588857383969,14.1058552710196,14.0343723952317,11.1573252296033,12.1343454116383,12.0771519786716
2018-10-28,9.50794086178251,10.3914786157986,11.0304253337892,6.25473816414489,11.9974512153675,11.4271849887672,10.7930977009959,6.88240530440285,8.28418095696536,7.13324385922155,7.71193702288738,11.1314307959846,11.1989744031043,11.8550802018384,8.48002818839285,10.6970744075699,8.77627558464365,9.48125641496175,10.9247765244926,11.0139103784384,10.089795896835,11.0760808296168,10.5283982882593,9.8636987073552,11.966302492236,11.0585757531164,10.8822068692238,10.5270378923239,11.9525084402398,11.6190876583859,6.67817063649901,11.5199972819885,11.462950064693
2018-10-29,8.92491112595067,8.89059229461455,8.68060196052691,4.41951611604128,8.89796592675438,9.57354355671936,7.92702343982765,5.06825514554395,6.83903605503033,5.27726731287563,6.36698527416819,10.9053385134433,9.62499063918897,12.7719927276052,7.305615670983,9.01399592347662,6.25983479925342,8.83006934586204,8.80470019464991,8.20817177470251,8.83757784997702,8.59140663532838,9.2253665248059,9.12292815808388,12.2151533108244,8.49280301711622,8.26238564982928,9.26189419235621,8.54784961065418,8.43412460420881,5.01485197412825,8.32441327333639,9.93252125344408
2018-10-30,10.1728004865114,12.2139162789742,13.159824183565,12.4835017864139,14.7658550791763,12.7449763636501,13.0102184843732,12.3596305072699,11.711852226592,12.2170097608413,11.6501224595763,11.8006963452199,12.5819105896772,10.9783442951841,11.2222718593224,12.4673293190163,13.0467330200785,10.2992239379317,13.2550554759442,14.2445819777669,12.2881550444584,13.20293138701,11.6934728812638,11.1539060356035,11.4437247159756,13.7954894098848,12.8299605875324,12.1679402418693,15.1781469907889,14.7560857452468,12.0152132043456,14.1071098194471,12.5507724401145
2018-10-31,10.1637844634633,12.5144627819916,13.7853907766348,9.99441246893002,15.2525376531679,13.9658562298169,13.7157084234052,10.3045860168708,9.86917975836728,10.2687595247975,9.60089538998079,13.8984071791489,14.0976151383682,14.2868493619692,10.3676614934994,12.8013821462813,12.187518329964,10.2339263663378,14.1081468251143,14.1674568918358,13.1070715505455,14.140796408419,12.1380080111893,9.12527424743267,12.4777285153427,14.1020533512991,13.6845568898263,12.6271103191151,15.5086188309407,14.9946837729116,9.8455197861327,14.7649143386609,14.1725623541741
2018-11-01,8.33296404077521,7.12096991379973,5.45614405004073,2.80616522025474,5.60108844028872,5.77859500046875,4.44108855032205,3.45159508695059,4.62640033329697,3.43718366025848,4.45975813113895,5.57744014312223,5.05703881065165,6.26694442572397,6.22198055893078,7.15336411890043,3.80302883176388,8.28358573198772,4.78248218608564,5.45491032870889,4.7977861865928,4.65826488774352,7.8678381132106,6.33767973933556,10.4602395080757,5.50214940232636,4.68607632508336,7.02773537217725,5.10672229627342,5.2248409646874,3.43809524847208,4.72154107598772,5.45175399285936
2018-11-02,10.7536328479456,14.4454933635839,16.3729917386414,15.4842322077998,17.6462139632285,15.5442779759118,16.6912572494382,15.3265076054684,14.6130226097892,15.7599922351419,14.1783799677522,13.5190475793364,15.2059492568719,11.6092892569397,12.9220943471129,14.5785932136674,17.1479742742411,11.0881681975267,16.367733674881,17.109179918509,15.1448655447596,16.5074907475061,13.6810234815416,12.4051745595384,12.8828676487437,16.5471686516343,16.3297369221139,14.6489327996254,18.5552421458323,18.0246374006692,15.1000865884525,17.619553295602,15.0650502797469
2018-11-03,9.42945870582601,10.9760523902295,9.56112532808847,7.22828404232107,11.2516698898223,9.89900257484834,9.16263168140251,7.59058065947797,7.78013603171239,7.3819288134694,7.65909642632835,9.94502338438509,9.80394612869184,10.3347982499807,8.71095579094308,11.0694418910552,8.4135984195297,9.8446036198495,9.86827492525333,10.7205301138127,9.20601668990114,9.69527399579003,11.5242123242943,8.55396790167773,10.5293550048077,10.1977652770173,9.2388519501041,10.0071918969474,11.2938281254437,11.0123960405096,7.25289714288059,10.236053794878,9.94384067149034
2018-11-04,10.4340448273354,13.388927491776,14.2140125665512,11.7798915487881,16.5242366595389,13.6801224865176,14.2136917545282,11.8406303431067,11.4360541938889,11.6447453940201,11.2506209726231,12.0723983499636,13.4137256086663,11.1637122503879,11.1815364532192,13.6923466796351,13.1863131126964,10.6238330524984,14.1203463941139,15.4780801180632,12.4909801809527,14.3206776480933,12.8804188741531,11.4107656911273,11.3461335373408,15.1514861006496,13.9469790528224,12.9294996841176,16.8853723305472,16.27955669414,11.328785640957,15.6793124554948,13.4468250192379
2018-11-05,9.86040071058248,12.4728058242423,12.1769586557937,10.7859852234541,13.2491098865489,11.9219974354744,11.8897949669729,10.4360967846407,8.39595729437352,9.10033569818704,9.20087309858223,10.5658997070686,11.4398530869965,10.8024293683545,10.055651468961,12.3968344307693,9.59935136124394,10.2161027432482,11.3275239588008,12.2565229471689,9.96261633410827,11.8016601505158,12.3480977615258,8.70620691669118,11.7440072640085,12.5371014160513,11.7985532071539,12.1453873199234,12.9776801025731,12.5527858538288,9.68424290696943,12.7125496203256,11.7477470037758
2018-11-06,9.55741421575242,10.2236824328756,9.45937223100211,12.9764654539499,10.6803644332758,11.2815087550615,8.86965231181292,12.0051822954941,8.52128305780116,10.0173068145672,10.0577144256622,16.16649036786,12.9381853320005,19.4406876537013,10.4615425428052,10.3555358701919,8.83227837027215,10.0833605497197,11.7552918741664,10.8272351029826,12.5847484835219,10.707339156649,10.5089697486463,8.33000704915512,11.1231640513522,9.90862660596123,9.38192851187986,9.85252882828647,10.6522228721456,10.4357555346249,11.2333147740611,9.75606608903592,12.8292029712928
2018-11-07,9.26027529619148,10.8838260052206,9.50347413200318,10.573213492131,9.55284204940017,11.2380294537665,9.55924188990774,10.1966741210634,9.27713149767934,9.56063329606875,9.77371970149456,16.4474106925745,13.2802968194175,19.7965718928384,9.58931719799982,10.5267040192201,9.06384793387968,9.76654922872361,11.8043092240361,9.49939849694426,13.0365684812361,11.0098965433459,11.1980503706509,9.61859874927737,9.24568694378466,9.52009861004278,10.004665608487,10.1877515733524,9.44507222590553,9.39111892561281,9.99334516748852,9.58239534521886,13.0189553052859
2018-11-08,9.84218327448098,14.4309704398329,11.9398214357726,11.9557366365147,13.3209776135555,12.4608470151061,10.8617354372668,11.4662669502535,8.4187133077656,10.0394048577109,9.42693274015624,16.5057455473353,14.0559257754236,19.1533924293837,10.509436680469,13.7349242845943,10.2012675236157,10.2492151148015,13.1720654741711,12.380614836917,13.4734270511182,12.343129636158,13.6908610587712,7.18992113105167,10.9320460839077,13.3329194850969,11.0644614474053,13.46314007155,12.8236085773705,12.464310324598,10.6885941323689,12.0309342966508,13.8913309151542
2018-11-09,9.83744044552945,13.0970161431957,12.4558169618153,8.64486943973723,13.5947868501868,14.0211658652798,12.3537733295971,8.97718620765637,8.92481565405834,8.85920500301701,8.71757607922432,18.2630174221689,15.7577627426924,21.4405433230452,9.56047261447054,12.943695767272,10.460895808742,10.2410163845311,14.4748332455619,12.5103924743014,14.7260878571163,13.8654598447291,13.1601809861293,9.06491550591034,11.5990120733085,12.7647996384323,12.7137052549521,12.4624179905567,13.5816125238097,13.1681794904178,8.58069519502666,13.166005277372,15.6392886180198
2018-11-10,9.06393125470643,8.78256374195299,7.85310186992492,6.68234838896352,9.11296694807053,9.47627268037744,7.53960571430591,6.97499762821042,8.65287945772346,7.05968500542369,8.32457067938086,13.5972400220513,10.9142444784088,16.2662197609325,8.19191663205465,9.03131743710292,7.24112122466964,9.17937998250034,9.95090124317776,8.93797918725399,10.6939588640182,9.07139813639221,9.27183947313025,11.3694604444756,9.06048990320375,8.40985765834266,7.97173360006349,8.13414116643242,9.07048291313053,8.96189944433979,6.96056498926551,8.26482671835423,10.7880259045128
2018-11-11,10.6095948176452,13.9991649859415,15.2237671940027,14.4852344163777,16.874558571103,16.2177405083868,16.2640585723535,14.3314693953493,12.6089649402655,14.3138126403517,12.53866782329,19.411705222715,18.2089428570493,20.7352987372975,12.363701153604,14.1502541139524,15.8660586665683,11.0417998835411,17.8543314559894,16.2541991997393,17.790446193951,17.3805248409326,13.5846448364327,9.76222347049381,9.43162091248903,15.6973833660713,16.27849498484,13.2429501303778,17.6547436528519,17.134060047764,13.9055374811233,17.0659780303937,17.6833036574108
2018-11-12,9.27662364996596,8.9654735098774,8.4857351913415,8.18702862883854,10.0495074113447,9.32237041179172,8.08196718258058,8.27652668962213,7.614499820386,7.76648783492827,7.85503820959515,11.0689076771207,9.84511470655292,12.1988594472393,8.86965601113019,9.34598429242872,8.12191778009639,9.39670075810688,9.62654919976487,9.95210850360861,9.65702286396067,9.0606454434223,9.31991268423902,7.79742999952902,9.68071295001773,9.14185677652168,8.30275399869963,8.47872730924642,10.1335188791521,9.96032568575919,7.9244075458559,9.03355812684719,9.83756164548373
2018-11-13,8.61630520413122,8.39597410364322,6.39906180682242,5.47357516885369,6.77103644131651,7.25198166167248,5.18112876208871,5.6716615589269,5.33009942789305,5.0497315662756,5.7009134367237,9.11957687163797,7.31928200720637,10.9142008579181,7.29969400895183,8.29812658352361,4.9371216228285,8.80169786921965,6.67127512749879,6.71485662473338,7.16642348079032,6.08189116406021,9.01700641046177,6.25574976084652,11.3426275113455,6.60387977385249,5.57726443075328,8.19916901873552,6.33285058060529,6.37812005318949,5.42514676378156,5.69211580451158,7.57714713001103
2018-11-14,9.1655686153601,9.57967039149323,8.45688841009586,6.36136886642867,9.89530591916647,9.68610446260935,7.54573110381516,6.7453417992506,7.06589681901017,6.51191296190656,6.99044014661859,12.6985113771765,10.4683296215076,14.8834767751139,8.17885111344365,9.7737212886563,7.23098291904598,9.30567922518957,9.81608739600199,9.51334037874472,10.1800284728793,8.9707279418674,9.96544228624924,8.10192761162692,11.2850699817298,9.07402684918975,7.94375267532257,9.18983034776127,9.79150628525839,9.60518026391517,6.46326215962894,8.61138164649158,10.5272147168653
2018-11-15,9.50007554841702,10.7184551394622,10.6410933346055,7.64048646843716,11.5897240764993,11.5270817680263,10.6236789953762,7.90856312776221,7.5109818530037,7.49019208224648,7.58115887175621,12.8059191163573,12.0065111436589,14.4160982834158,8.84714316135328,10.8697888159907,8.67664673281018,9.72398495105086,11.310669196548,10.8052976683651,10.9058520117255,11.2628262583465,11.037472641541,7.84367393816041,10.8568486520697,10.7331244804756,10.8150285390901,10.3745218837383,11.5151280757372,11.2136028171527,7.48481833602495,11.236122692573,12.1320946511765
2018-11-16,9.20367283378812,9.61913770812323,8.68737631716451,6.40932900608428,10.1143702172709,9.79352179272739,8.32838350848259,6.91433963191773,8.38216079402674,7.21467928269456,7.87965005264055,12.7139809065629,10.8266481840358,14.5475155341486,8.30688011793619,9.81141169795226,8.05581801834823,9.28633692689325,10.2705483820915,9.73351243805646,10.6157767890495,9.56061160430369,9.93731404961306,9.97954575269716,9.38499124813269,9.37757963690064,8.6170818329661,8.93245704641095,10.1254185289547,9.9586845054344,6.86287590627553,9.19031079263958,10.7304346886278
2018-11-17,9.54495585283931,11.0912651901163,9.5405981070798,9.11833354581111,11.7204550159153,10.1960903462138,8.56433580027427,9.26513862286339,9.63329380249015,9.1874549149963,9.46327184258597,12.9082268259223,11.0698979321895,14.1015969631852,9.52432722335806,11.1868150535449,9.59231916941696,9.78744630768599,11.0845885970684,11.4892682864769,11.3262082230588,10.0298022387485,11.0867937358757,10.5324063659901,10.5798742731921,10.8410676780699,8.78014110010399,10.2543914475289,11.8615238571514,11.6013970094409,9.03822609624734,10.0594085004679,10.9215545925792
2018-11-18,9.79815145555095,12.6313236036076,11.7587545051514,12.313925962424,12.6190143974953,11.3625278938911,11.3783263579853,11.6822097342038,9.13844428374121,10.2409537264283,10.1556631278537,10.5775419746601,11.1295911036587,10.7212641461737,10.5254324085485,12.3444820552519,10.0567123555305,10.2113137113473,11.1066436667035,11.9547639802624,10.15299669823,11.3684787755558,12.3462910543219,8.9737007859732,10.9776498980906,12.288614200272,11.2713895094757,12.1600044221818,12.3478025587226,12.0219157175561,10.9970025818576,12.0759231718924,11.300368091186
2018-11-19,9.61549032184941,11.848589080334,10.4750493890314,11.0269312436772,11.8229139271558,12.097212025252,9.68370931987749,10.6855884160888,9.45617463790434,9.84093502140716,9.98054297107041,18.0534382555414,14.3110475569983,21.6492599621162,10.0630181880789,11.6605681500961,9.68693825803137,9.91155516902236,13.0610187604689,11.4209579236881,14.1314478241067,11.7768412560881,11.5862065492029,9.85357241292754,10.6936969204888,11.4301220249006,10.1540875422509,11.2511635567547,11.6727640484248,11.4172950350857,10.242475337013,10.7094702320441,14.0305266611253
2018-11-20,9.63549350327913,11.9687725761423,11.98557159748,10.0850109245032,12.0790090604931,12.8183999755884,11.8515893675974,9.90867856319837,8.61918783853129,9.11909900219275,9.08496116828222,14.9436845740308,13.6518976616444,17.1881098724958,9.7162407745098,11.7428215414481,9.68406505515318,9.87714407420892,12.559370717612,11.2062726712523,12.4928826443948,12.506180015117,11.7965395147074,8.63376323142139,11.7396890030971,11.8378604948405,12.0661273629546,12.0315520733125,11.801674451906,11.5188867343707,9.43565942136958,12.0979503011941,13.7365893594948
2018-11-21,9.45075322355701,11.7462589642947,11.4885807690028,8.2267948232197,11.336346778675,12.0477245865664,11.3654629668795,8.28556883346432,7.49785555586759,7.6067588276821,7.82183562815187,12.7383569115464,12.2482831640313,14.5103985496437,8.9120464167931,11.4678650433896,8.48975734907063,9.7200599363992,11.2500487105384,10.2966649723534,10.7763442137649,11.5695272222821,11.8263729780509,7.95782050800868,11.9700141229604,11.1111209135031,11.5205450918771,11.773287628008,10.9232516783295,10.6622628247747,7.84005071830066,11.4675421914945,12.5176604239893
2018-11-22,9.24824407927585,9.59684410223004,9.81522117814748,6.47393514458142,10.3590875851188,10.6776399784552,9.92209767404306,6.90402330039786,7.99936909192493,6.98056154523189,7.67079373633839,12.1502628991514,11.2655030107311,13.8166905486729,8.27399639767935,9.77197707695158,8.00410996646652,9.21466568342252,10.4630468842568,9.62579409698198,10.2956544942054,10.4520543887013,9.79579785181414,9.58025258487433,9.74116717807056,9.83953895645296,10.111102196833,9.44354117283549,10.186335128603,9.99399912888086,6.77006381028474,10.2255936194685,11.3471261640891
2018-11-23,9.79387558465423,11.2725563891134,11.1300802897848,13.5073232073461,12.1242877730706,11.5000424467909,10.9245534087229,12.4884771268681,8.73136795866614,10.3444979199616,10.3420464413196,12.1860180766607,11.8075585842664,13.3583897841439,10.7876676698266,11.305705401032,9.52249315093124,10.2000844215419,11.3210551551416,11.740789626404,10.7110676711367,11.3672380619831,11.1700502144677,8.53380521296099,10.6822295036147,11.5275123029627,10.9973269354333,10.9886048679033,11.9084524151014,11.5846233566617,11.5975031763124,11.6216416075075,11.9334334705965
2018-11-24,10.1600896452625,14.4424425687976,13.3008622522874,17.2825377968314,13.6382748900674,13.6379582236607,13.2249887695364,15.5844712750232,9.87693650211233,12.5980911004409,12.251405011938,14.7635866807259,14.2474165813553,16.5000748826997,12.2282031613358,13.8333427889559,11.1206720303956,11.127872343845,13.3569787078142,13.0930243976869,12.7545681077028,13.5826037956309,14.2555816508167,8.90025980031948,11.764536578957,13.3984833593957,13.2804160475633,13.8249843774829,13.2821661591227,12.8834671922436,14.4228889596411,13.6249579573832,14.3606754935671
2018-11-25,10.4529037710636,13.8623079084235,14.1422648408909,13.1243137163474,16.2967546383444,15.0142108350525,14.3191960178608,12.7227132231476,9.8903910040772,11.4434061301749,10.6427554394196,17.474567166763,16.3736941862329,19.373582473305,11.458828775565,13.9991143486591,12.528835396655,10.8881376455695,15.7488856767126,15.2305099352665,15.0672890738917,15.460163419389,13.512483389415,8.68477724192282,10.8333715140181,15.0115798825967,14.4058195206343,13.0835674516706,16.4554617667127,15.8351884261719,11.8162922846478,15.6345719384766,16.2276817340764
2018-11-26,10.0711111774318,14.6780691809792,14.060898066572,8.66215696106415,15.2782026421668,15.0078832397647,14.1353665032566,9.01502472228151,8.84800470624709,8.72127058461714,8.68144153098993,18.3534712348466,16.6964530611302,21.3704101061262,9.70169859536906,14.3051615900323,10.7882553112818,10.2946447258097,15.3314790567552,13.4480203524954,14.9159587841261,15.2148910696496,14.1543523446394,9.29313396135479,10.6610088817279,14.7463689979118,14.2901346220753,13.8694917318758,14.9052034938149,14.3550613907958,8.46561836008304,14.9620750321687,16.6114927260954
2018-11-27,9.95382644917056,13.860141061552,13.3136901978019,8.80266232575442,14.507422363507,13.8168086494886,13.2410352189679,9.26873106116648,9.22217500771294,9.42926179447721,8.8180771368138,16.1901241138325,15.0446233759171,17.9645357819087,9.8002471918643,13.5686876946181,11.4553257724741,10.110163830049,14.3733992728214,13.1557172945877,14.0784804205969,14.1178718865557,13.3436150996192,8.51431559939501,10.5921807710153,14.025633272671,13.3048517327094,13.1965062431659,14.408604832869,13.9723479688844,8.9134014592584,14.0709393805447,14.9055607952393
2018-11-28,10.6694842249556,16.2045503100158,16.8288883006418,14.1831492808113,17.7324826184855,16.3667877958328,17.1674174224168,13.67401188586,9.98897427292771,12.2364545384236,10.9166573894093,15.8460623336802,16.7805331489837,16.5492773743892,11.9594129208955,15.7776632772099,13.7214721160109,11.0074002064135,16.3341091267917,15.9487414413777,14.7418304235415,17.0398760175807,15.1348888844357,7.72625924795721,11.7017082093665,17.2787355346479,16.9067009651376,15.8868350368514,17.4854026907262,16.8116496483629,12.6655400369668,17.8667301901471,16.8461482070995
2018-11-29,10.3181453219523,13.9870859916813,13.7727432422431,11.9176210438182,16.0470864844038,14.0052870974506,13.3892206295587,12.3316432835798,11.5221509448575,13.0473777653811,10.872556791706,17.0690269609783,15.5451151135178,17.5501487074346,11.4700206378885,13.9613656330112,15.0909792347427,10.4275683175987,15.9746894810965,15.4777539037653,16.2205360306298,14.8365933265121,13.0947021779264,7.90752969781397,10.5354342144139,15.2132671966214,13.3767564538105,13.2899181665612,16.7032830737167,16.2727968555458,12.1023630559446,14.9005196848421,15.0152277796894
2018-11-30,9.58010465508594,11.3555403168111,10.7888195926252,9.483137049209,11.7205508801518,11.7192867254403,11.0389657330577,9.70829637764401,9.29300055574463,9.85048043938742,9.10154695100596,14.3759085164548,12.946341339486,15.7644251570056,9.73005130188846,11.3153949396518,10.8871803373043,9.9261669740056,12.4945226571418,11.4208140145969,12.8215185828227,11.9813286903514,11.5483462238875,8.04014761148956,9.30682956976521,11.1038722920888,11.2032653177373,10.5884846786116,12.0073655473391,11.8064678058878,9.53498293261418,11.5281986156444,12.7008925109908
2018-12-01,12.7127450634827,12.1190680052415,12.1636503940859,8.69313242136635,13.9855020376094,13.1135652215711,11.8808642486141,9.34427673589349,8.94507234990667,9.08245502821735,8.87133457266233,14.8139576737578,13.685878722035,16.3092449381826,11.3522172288112,12.6774924797064,10.7249661174373,12.5383860708406,13.2361624729701,13.3239810510637,12.9594401403947,12.8503122260635,12.3940398367085,8.55058830017468,12.8350831049336,12.9142872756322,12.1038995099514,11.7001657891163,13.9227314112046,13.6652609821462,8.89670953948906,12.9369866779696,13.7439338547007
2018-12-02,13.9892261294157,15.8031573503825,17.5206349973243,16.0092949356939,20.3110197574246,17.400555427858,17.7096266124825,16.278247364612,14.0862443869933,16.4139483400641,13.8731136308157,17.9944092547887,18.1556279958353,17.2538165109027,15.2299084326538,16.4243249245257,18.6767145172403,13.8694932533256,19.0474211688557,19.7331195588758,18.2963583486489,18.5129612552423,14.9651654206524,9.64958186974736,13.2479330490624,18.8576487735665,17.5076379097037,15.4435135275675,21.1436494798665,20.6023111626138,15.7385936401676,19.3347633976643,17.7709145185059
2018-12-03,13.2324021307303,15.1577683367716,14.639434260792,11.3420957675236,16.8500194193966,15.0702153859692,14.4946076443371,11.8294607736741,9.94256194580765,11.4253284980668,10.048177216022,17.0538925808511,16.131739966001,18.2549531435658,12.7632169533478,15.3261073741661,13.5210636118509,13.1754533309765,15.8852787597222,15.8290357891099,15.440880491203,15.4757736934347,14.7923984727346,7.34889840446596,12.0877042634994,15.9966613636198,14.5246272652269,14.1984067306168,16.8179537854328,16.4159393713171,11.18362200744,15.7737104689281,15.9602412907198
2018-12-04,12.6143803793437,12.1761080158442,10.9112454084705,11.4095064880363,12.8884470049148,11.201312558869,10.6105822445724,11.6075852418539,9.70818772521936,11.1186881678724,10.0811324011901,12.8077800076355,11.901722290401,13.1224820758726,12.2398287517587,12.4600783354265,11.7192982156569,12.5682077474305,12.1412711511496,12.9585654664453,12.2685904632865,11.4733264406805,12.2582575592969,7.42095899937188,10.162056287053,12.3128068058225,10.6602829665558,11.0751880783601,12.9616614838054,12.8796970466003,11.2106730176873,11.6385727754037,11.6748202911519
2018-12-05,13.0499865716771,13.8906502563284,14.7463150309831,10.0159981548846,15.990949518765,15.7115809815148,15.4261173739418,10.4769793875331,9.53294869665089,9.92067839000417,9.66171209826684,18.3784886428465,17.2808010718805,20.9871564472539,11.9751390421133,14.1571105417919,11.9182410321212,12.6634421768116,15.9515923859218,14.4790567290473,15.4599694688919,16.129984293784,13.4313493355375,9.11629946719071,10.4369527013931,15.4964083041898,15.5231050356323,13.3488405642526,15.538368334488,15.1537567034899,9.87890057718461,15.9169071907756,17.1769568722214
2018-12-06,12.6334965673971,13.2648615359012,11.2588472799615,10.4619058776804,13.3381895257596,12.8160832375348,10.3107709743795,10.7103393793786,9.73696445110094,10.1181058643315,10.0224940229554,18.3015793800178,14.751332207221,21.4578227361353,11.8513005378996,13.3584499671691,10.6863105218698,12.6891197140685,13.8055197630376,13.0080705319226,14.7788768161838,12.4304404725589,13.3397046332631,9.45392088172644,12.3014012065803,12.7326127797335,10.7757806726186,12.2289658086913,13.1254452361402,12.9550327410675,10.2690085720799,11.6402879190458,14.5028602088299
2018-12-07,12.5886719489488,12.3291677635656,11.6350066550538,8.80168238389418,13.2635347667514,13.6722526255198,10.8267114825159,9.33366409555658,9.54729735268428,9.06570510906104,9.46544101791673,18.9623734247012,15.3743947525723,22.6196680118496,11.2507395900422,12.7036596119251,10.1194807635051,12.5374210897875,14.0721837774162,12.7447369895101,14.9340125163414,12.8949425154882,12.6682612974099,10.3782145286208,14.1181404934738,12.3550228930176,11.4187419869392,11.999869242195,13.1002886112704,12.8957024118209,8.98570812224405,11.9407892314375,15.3126448769222
2018-12-08,13.9272971225411,15.6044218822383,16.3852664674012,18.1215680107882,19.3905552974565,16.7688583499514,16.5326117724811,17.6369573101821,13.2428354084229,16.4025428649071,14.1781607097706,18.8830811255203,18.1055687448845,19.2845617110281,15.6128973479024,16.137240992497,17.3263061608679,14.0693765084804,18.4648716698325,19.0636891876274,18.0068661287948,17.7502899188569,14.9587650993219,9.04015085482949,12.1315601040493,17.99046472685,16.467921103846,14.7596314150645,19.9778535985583,19.4554102392837,16.7158369060859,18.2177876332498,17.6837368402232
2018-12-09,13.8971726226996,15.0267146270652,16.9689674620269,16.5431369055155,19.5863305049952,17.0906167001805,17.8401307802293,16.1615053020166,13.3337702155912,14.9481349932826,14.057915583603,17.8153346459998,18.2072096701089,18.3033019406212,14.9005618616513,15.6777956874743,16.0681889230173,13.6822315667004,18.1374713553348,18.5427208388764,16.8664560694063,18.3125216405713,14.1461387523334,11.9302360945304,10.3400998522867,18.3716436903426,17.6189325162773,14.3532629956357,19.7555467531207,19.1589763764208,15.2886367656217,19.0866487618642,17.9418854205705
2018-12-10,12.5733976377632,10.6599113303018,11.4444540715817,7.63662813115749,13.4274654004023,12.2132883059032,11.4396200429832,8.29195956909083,8.73680706787154,7.93805055192768,8.63716201045363,13.6098144597369,12.8651044412959,15.184224084048,10.7727705627445,11.4520382289899,9.37150338195667,11.9480681638715,12.2458024685621,12.4994956669296,11.6708829941335,12.1677245629282,10.5938383406923,10.160372410359,10.4987855478275,12.5386561062247,11.5740242528456,10.318806145246,13.0592376535075,12.803151484124,7.87406045390383,12.4199462416318,12.9277376004619
2018-12-11,12.5279095193738,12.0875825751868,11.6383575184928,8.52091412942392,12.9997002993071,12.1939633058997,11.2419277291138,9.07333013025996,8.55072712322768,8.67203803060665,8.63216497134549,13.1696758667428,12.4522534441109,14.351576687524,11.0847251600526,12.4211363336074,9.95553691024641,12.3328865730866,12.0450234495693,12.3387046849835,11.7029809612574,11.8646424091244,12.2749459476565,8.35244486153203,12.4882143962929,12.3553172801757,11.3964286877281,11.6723372267292,12.708444569971,12.5324879778117,8.65402275701158,12.0530562068981,12.5805777102357
2018-12-12,12.8404041286074,9.54675671360133,12.4012499894308,10.2123777120565,14.01439953895,14.1731617558687,13.1780836536726,10.5466753583383,9.10542958756945,9.82966631754715,9.44723249736244,16.3577373615338,15.1608061784278,18.406529664314,11.8738919041693,10.8354049674732,11.2359936344639,12.4361727782909,14.2703910854734,13.6342111239664,14.0065726832439,14.1277618486082,10.0127692440175,8.26597028628234,11.729157251606,12.4433665621909,13.4859574770361,9.81071949436064,14.2618576913278,13.9830491837321,9.95793827062924,13.8146163594992,15.1617713718146
2018-12-13,13.1264156068788,12.9213699723164,13.7732043429525,12.9447219801035,15.6441327859004,14.7015841988907,13.7431802060806,13.0903241209078,11.3563909683072,12.6504695093744,11.5927760713692,17.6102029327048,16.0131200318274,19.0861442713327,13.196556999347,13.4745849975166,13.7571985667707,12.9078743643475,15.6775655228147,15.2778473731768,15.821719299795,14.9791667479088,12.6085337541467,9.3518868081601,12.1634332343926,14.7356946427226,13.9105922494206,12.6591453613858,15.8639284120366,15.5807288393323,12.6047519692784,14.7866382545096,15.7586722519403
2018-12-14,12.3005965076084,11.2619458134044,10.2508939954625,7.80806501717562,11.8055072156685,10.8710624745841,10.0300875719673,8.37925534905341,8.394530792189,8.06887818893447,8.41433814236751,12.6338191789477,11.5741133284612,14.033881034361,10.6378436808922,11.5812947165437,9.02755842915302,11.9909757354232,11.0669840608965,11.2669823952792,10.9951818835472,10.772976530607,11.4326291579166,8.89892946064413,9.97264893924948,11.3842039198603,10.1779135592708,10.382270742841,11.3995709101856,11.3117968459314,8.07713758384224,10.7832896120761,11.5553461463084
2018-12-15,12.9396864560712,12.4543813294939,11.4530599533201,14.6217383620487,14.0508680147867,12.1747088334219,10.8629617083439,13.8347924788931,9.54089238528093,11.431414918831,11.3202866305023,14.309449811293,12.9747406967636,15.8123308387077,13.1840511075985,12.9306604791005,10.6697784613774,13.0810953423853,12.662838149893,13.9525543230842,12.3562307100847,12.0669504229158,12.5132102948924,8.88462672297029,11.4255040776668,13.0488175890545,11.0386338923593,11.4591249486836,13.8095331746011,13.5267630993397,12.7828509863181,12.3583513103198,12.9462412394643
2018-12-16,13.0760910157245,12.0212009661984,12.73756622368,11.2112307516345,15.3884728498122,14.0000999946173,12.9147933792197,11.4772412624294,9.90002108614702,10.6879776849146,10.2479248429435,15.86364882753,14.8269481670697,17.2342778067369,12.4531474067409,12.9494888103945,12.0229279191192,13.0868259430468,14.5294022133583,14.9778747873098,14.0358998332828,14.0825937160043,12.4987937789186,9.10046162809776,12.1493760002677,13.6380816834195,13.1237845768532,11.3145171450291,15.6816281690777,15.302722843807,10.7968296866761,14.2934396515492,14.7771494456252
2018-12-17,12.6035753157623,12.6934689633981,12.0417842575322,8.02460512123413,13.6576966675348,13.5538415494656,11.7090486719433,8.63692317516427,8.54701133629073,8.19773602728555,8.55851453646171,17.7292238886306,15.1603670695694,21.0275862006603,10.9373579413055,12.9688439139843,9.67179333412247,12.3584253871009,13.809174732844,12.6346837167447,14.0689354057002,13.2073381319661,12.7344612817714,9.24150803136098,11.8814354275571,13.0253251816858,12.0930883511096,12.0369985112345,13.1896872367237,12.9378311213999,8.17065939670773,12.6345465055227,15.1125223278111
2018-12-18,12.652724413299,11.3649367950088,12.0837152908944,10.8670436459317,12.9355192731254,13.4571461702994,12.4594891229243,11.1444899601573,10.5058236846954,10.914729926748,10.5877376646181,15.8193772683917,14.3897031395929,17.5088088398747,12.0331108134144,11.9087229629306,11.7465746467907,12.6547670458225,13.698468123592,12.8540634515983,13.9821591362513,13.3351755435963,11.9052606330209,9.79289450792269,12.2283303614071,12.0636634867592,12.7457295672695,11.1694307703091,13.1366029679502,13.0243140557023,10.8857885444208,12.7936785107823,14.3143200484242
2018-12-19,13.0655103548588,13.1397342904991,13.0068520379403,12.5299039846156,15.3452023107512,13.5131169403559,12.6238767489524,12.9431951961201,12.324634793253,13.2358903209323,12.0085637463265,15.5433153014317,14.3476215881463,15.7248031432134,13.1971026261835,13.6460531019257,14.4476929162897,13.0305094534399,14.8500642311431,15.3990731205274,15.0512287224808,13.8518539912407,13.0717308076836,10.1569406283901,12.4995947972231,14.2494817297375,12.7150034049425,12.5013683644712,15.9021208075095,15.6815850464017,12.7290848329385,14.0013099370714,14.0373646250998
2018-12-20,12.6729746969628,12.3989882657396,11.113994009698,9.98175715861836,13.6601964683569,11.5643354135287,10.2793178457409,10.4009021892065,9.75708287449438,10.0434566134414,9.82867324487426,13.7139690456136,12.311245748875,14.6467944438084,11.7857630677185,12.7910692155429,10.930976567094,12.470418896708,12.3876724990561,13.3315020922985,12.3928496079089,11.5274999756076,12.3142924583196,9.32461092989328,11.4325922216227,12.8588593341383,10.4195826323507,11.4496427095505,13.563690862226,13.3674085127564,9.99394841743189,11.8026179075689,12.1806859639333
2018-12-21,12.6218657386167,13.274828121594,12.3877273234821,10.7141260140526,13.1855588941438,13.329233613062,12.4345239227927,10.8640797546261,10.3083587282397,10.3197345376288,10.5746774013085,16.300810835246,14.6302765854972,18.6074759566964,11.8409904280798,13.2301806093205,10.8853224166088,12.5944686890775,13.580317264683,12.5314203049857,13.8163062729464,13.3036544649087,13.269949941745,10.7200338274254,11.0647773164001,13.0378377643201,12.6450580050905,12.5309761179969,12.7840562794153,12.6456388031393,10.5277090452908,12.8005022111373,14.5281880995271
2018-12-22,13.2068436962725,15.102412679185,13.1462823345343,11.4084341740895,16.7138097673596,13.9053733682329,11.9572444687533,11.6771499248886,10.2460676262837,10.8127822853664,10.5661178129091,17.3843665875406,15.2077914399153,19.2995085602329,12.6568973471361,15.3689128978854,12.0468318029197,13.2704410109922,15.0192653941895,15.8583422029664,14.8218052136096,13.865557869137,14.8279881618979,9.96350422224764,12.932432484806,15.4568952817,12.171603545465,13.7064851527603,16.5726760806594,16.105654536817,10.9112424995383,14.2313636769804,15.0476356618077
2018-12-23,13.578655234692,15.8456785478448,14.8015640851384,11.8316470687232,18.9528729030399,14.6501493807896,13.8045600552332,12.5117515769456,11.9890305907895,12.621728221686,11.5321175048182,16.0624870732529,15.3839135195308,15.9686309168062,13.3907202386233,16.3022089188999,14.8915490871022,13.4465409375439,16.2610072439426,18.0299759782291,15.4795576235962,15.2477312276686,15.1701998046395,10.4414517529532,12.787829856114,17.4208012060809,13.7174296617236,14.5183175135351,19.2573900510277,18.6954402309024,11.9458697239336,16.3887860427298,15.1174222013357
2018-12-24,13.1874072878526,16.7320318177149,16.6073333268084,14.0695216854817,16.2454226263257,16.9911381315178,16.8709410115013,13.6920271817099,11.3785596213413,12.381213023644,12.2655761344484,19.2742339987223,18.3024640859259,22.0437785014644,13.2910129045705,16.106669008197,12.9975497905605,13.1809482309494,16.6826081130896,14.6748118211809,16.3444662036607,17.1315289823994,15.8201212489106,11.0860252006775,12.8265542195381,16.7955299272811,16.9171677135957,16.5681895806826,15.3961672452289,15.0702881492963,13.018262518749,16.7270651748594,18.3205772316223
2018-12-25,13.8928852793149,16.0458282630852,17.6156424816247,16.6982420216868,19.5745478679915,18.7988335380104,18.4823735854517,17.1142442964807,15.9470472265114,18.2336150790919,15.140513724595,24.0468180005317,21.6084079367002,25.3087217558477,15.5950141135819,16.3939079277003,20.523764642693,13.8743184041809,21.5875934474899,19.4171633249897,22.5821128978777,20.2653785394097,15.2539159668096,10.5223872700604,11.4305907904616,18.5925544154394,18.5633619600317,15.4409436894548,20.7242315958644,20.3609181873104,17.0398154094972,19.4237546464643,20.6898606739671
2018-12-26,12.6581556907877,12.0506108702567,11.7670143129453,9.04753262262766,13.688944997797,12.9632065618832,11.5148054438639,9.86109418859261,10.7396314711016,10.4466003806485,10.0794039766996,16.7905364129376,14.4857839715604,18.6191812558048,11.622407843992,12.5208563481732,11.9988134389845,12.3675525135243,14.0631956711066,13.3671424636611,14.6926846607713,13.04781810865,12.0677347433568,10.2239166019024,11.2904361608495,12.9034326176962,11.7947918649054,11.4012477888154,13.8472328652118,13.6980921895526,9.79312065292527,12.5595600409231,14.1824058031507
2018-12-27,12.4084604678111,11.1839003685917,10.3186821207328,8.66308783833728,12.2951935614272,10.7770043047379,9.87671996928868,9.09126483749718,8.9268688130767,8.61746912905486,9.05976846234607,12.3726675666413,11.3879103359129,13.5032728978754,11.0030044484022,11.6196129100098,9.32068361640086,12.0333197271771,11.1149736709036,11.8214654681792,10.9397238100584,10.7065904129152,11.1811840239981,9.67046033963256,10.1481243837734,11.7518945419387,9.99416734257071,10.3672344931136,11.9264759676099,11.7986092254001,8.72996228211172,10.9254466541599,11.3604948589808
2018-12-28,13.1172015565207,14.2114839986586,13.9396909932821,12.2922214292725,15.9177863250791,13.8195411293094,13.7852560455597,12.4658695803134,10.3954291095654,11.7697389761771,10.7844105971014,14.2474535593535,14.2591718077245,14.5040835721041,12.9029708547132,14.4341449034374,13.0580361809616,12.9712043206313,14.3748863073532,15.1454309559276,13.6431297521725,14.2521376437601,13.7629501838046,8.46807240157498,11.545771989345,15.2662934348115,13.6847639149591,13.4539560400621,15.8096332819937,15.4825455574186,11.8426589399183,14.905203852624,14.1763979193825
2018-12-29,12.7117245065118,11.9615382091078,12.5062774245224,10.6853932442023,13.6012324416401,13.492987536887,12.9874438327786,11.0189147979225,10.0474824969092,10.7290478195481,10.1674964158072,16.1894824865881,14.8446387339762,17.9706643808777,12.0194783197634,12.360687385104,11.859912408115,12.4162723508604,14.0738269956063,13.1075612423375,14.2446919810275,13.8020030122314,11.8857453242521,8.85375479356633,10.1110904408756,13.1372350398496,13.1400713153264,11.4845888810315,13.5213239169783,13.3720447335392,10.6827158052222,13.3751051995798,14.6335450062987
2018-12-30,12.5330606146705,11.8762045464169,10.3298912194952,9.36708765258403,12.9459230069852,11.5962085112546,9.53439440299563,9.79433044253249,9.26444968871038,9.36781862956653,9.38312049851396,16.342009101391,13.3656017010647,18.83613239281,11.4244788054136,12.2784211369124,10.1105674618943,12.2745162700263,12.7573150805928,12.6365023832224,13.4599836318643,11.4777118539333,11.8307381452615,9.21456422085196,10.4442575927974,12.2270476979647,9.88675808807369,10.7505907449737,12.7446075468864,12.5859825950204,9.39595749342269,11.0326061994558,13.0788944871539
2018-12-31,13.1042472289146,13.8524173090366,14.1325642503315,12.0081409895303,15.6581849111808,15.1218061470166,14.732750819077,12.0595712214238,10.3548982854329,11.0876853674939,10.879273891474,17.1893325675496,16.3250446698504,19.1830567456564,12.6419824281297,14.1692402051571,12.2404292969863,13.141945361153,15.3942174280167,14.7199570938798,14.8719069698583,15.4503376140234,13.8962437045911,9.96575031815412,11.0753320884321,14.7887979380615,14.8426476494088,13.0205175997456,15.4862190599,15.1241073309377,11.3902651311293,15.3967492841256,16.2512252077173
2019-01-01,13.4898157769454,11.1487682217837,12.5288489555485,9.63846822931513,14.0072768232737,13.8888517213252,11.473430035926,10.2296330788036,10.6561238859301,10.1583923800712,10.453380548224,17.9859618200979,15.1047075656621,20.7373091508007,12.1675081568564,11.9389885667744,11.1929877745112,12.6439877444423,14.2260565160217,13.4790321399731,14.9037055941221,13.1726693746257,10.6390569944769,11.2795379502209,14.9059138604074,13.4179343213813,11.9245232935341,11.9854777920142,13.7583376807608,13.6003911357499,9.97299380019847,12.5693310006415,15.0789396052549
2019-01-02,14.0172830248122,12.9544027816425,15.3579475879907,13.7818301831675,16.3304891241397,16.1533511743849,15.2012323413939,13.2681952108776,9.53710880334895,10.8955675801748,11.1450866464831,17.9785844761223,16.9779279769138,20.863272407264,13.5168603647389,13.5730803166272,11.2315147295508,13.2977118790984,15.4895579308517,14.9607808119259,14.6999032628935,15.803381079988,12.0224144370632,9.67705257591219,14.0004231035051,15.9434004762392,15.3803221791181,13.8082433874839,15.4699338024462,15.0622156602271,12.1345491587397,15.8388294961406,17.2250348654603
2019-01-03,14.612937453046,16.7333843142252,18.0988963730373,18.4388151278559,19.0742467982368,18.8973186711867,17.7157483906125,17.3281259591297,11.619639871136,14.3990477415208,13.7758124724869,21.7892732942909,20.1975153886435,25.0237256763791,15.5867337084147,16.805075902956,14.3333055739916,14.4905125181729,18.6781118811431,17.7064001919668,18.10429362838,18.6861340550002,15.5870301477262,10.1079200206033,16.0714784684804,18.7373343592976,17.9051536421244,17.2414291006431,18.3773191726602,17.8342117832388,15.9438680098878,18.5550255263355,20.3095702379225
2019-01-04,13.8453328245704,14.522025773762,14.2942043290008,15.4654573795574,15.1737802181842,15.180302357612,13.0831559335022,14.5730814222701,10.4040350487027,12.0074230961321,12.303471989041,19.2928465710865,16.5730330073968,22.9070781636538,13.9462541853386,14.4744704209087,11.1469138260972,13.5115057732434,15.0315307259808,14.2808649904698,15.3182411799258,14.4662034650495,13.5106066659884,10.4914396318056,14.973126242179,15.3880938694989,13.4358230869254,14.8884300182837,14.1775205265923,13.9139191354306,13.5281884719142,13.9478055330678,16.6617358815956
2019-01-05,14.1747123483517,12.2577177283932,16.079373662696,14.7916219492371,16.9478615214253,17.3551749458557,16.2137850399077,14.6275278729451,12.1493983529833,13.6107325707163,12.8328974521368,20.7837267902341,18.8585129387747,23.4501492693135,14.3564427652865,13.173991582379,14.4750038670414,13.3204098687378,17.7010620757748,16.2016433559652,17.8465799195748,17.3389822023057,11.2447555226587,10.5905485422603,14.381848730423,16.3502521309265,16.4810708164441,13.6172775200294,16.8575887126042,16.5324867568315,13.9696843736956,16.7512102834445,18.7472288497254
2019-01-06,14.6269932037379,14.2504147136839,17.9066963817634,15.4187933127302,19.5683273539977,18.6961859936224,18.9221885827427,15.2900989196882,12.1758529859422,14.0526336363934,12.9285194538345,20.6600238501703,20.1990698832851,22.5942264776778,14.9201001641029,15.1200113323555,15.7471288971901,13.9346070861655,19.2425224318053,18.2144355747762,18.3440834593914,19.5199750371021,13.175664714272,10.09742024642,11.979433011737,18.6284571539256,18.8967128885207,14.6253120578293,19.4869005343957,18.9407393977147,14.3709056740075,19.6341039569003,20.0245199954564
2019-01-07,13.6164781134364,9.90175069988845,12.8006519928312,10.3150476963778,14.4246423969297,13.6462204587682,13.033780014583,10.8900593654309,9.60154955991734,10.6067341905062,9.68784672083643,15.5751375959205,14.5753825132954,16.8355633906582,12.5224295915082,11.0875537896832,12.2067572396044,12.5602058288691,14.1559270371294,13.9526004234471,14.0737674264282,13.8397050680204,9.38162420107468,7.63498755237386,11.2661376115559,13.6390941811956,13.1678468895318,10.5045004516198,14.4154852765641,14.2438286479845,10.455746080271,13.7647820458672,14.4459849100026
2019-01-08,13.3559567145786,8.89854058772035,11.1002255666623,9.64090257768878,12.9812730107877,11.8874449009008,10.9559409630042,10.1223521740769,9.05245932440526,9.61753382888693,9.29768671020277,13.7953344448088,12.6413420969424,15.0048789770447,12.0009416614537,10.1209024659548,10.6038155421089,12.2699492966159,12.3223140063046,12.7258856873968,12.3266980383548,11.8591250036779,8.50123078237151,8.14734917934064,10.79228753926,12.2478415637546,11.1270042402402,9.34628017311497,12.8260735093796,12.7288626191908,9.69979266814816,11.8631329520442,12.5627994354993
2019-01-09,12.5913738311528,6.21859403544889,8.04621514051147,5.62955100700957,9.1965925679386,8.49744821865383,7.37310820965873,6.3629274899686,7.07329439806441,5.96834425087793,7.14754262454723,8.64460166069322,8.13860491441331,9.48806832725579,9.87551965897088,7.48015398333153,6.4269480786261,11.233680456475,7.81543476281798,9.00238753440351,7.63240300728969,7.71563617589362,6.1444172495735,8.91105978835844,11.1079498935417,8.86223639099774,7.57826321046096,7.13722465175611,8.55998995123648,8.67038185181279,6.16928163468617,7.94660866196727,8.43396409424609
2019-01-10,13.161727963434,11.726084210458,10.7634698482412,8.24487394864439,12.6742760806944,10.865481953392,9.36319493015011,8.96006052368393,9.61674350598748,8.97214229679034,9.37771901070307,13.535431015716,11.6825251647553,14.9325670950524,11.4353066498131,12.0372844718861,9.8011785989657,12.2155514591905,11.4687262506602,12.0526708054172,11.8413085323805,10.5616830304547,10.866313608484,10.3072416694336,11.6100694748545,12.8021466953192,9.51741233186723,11.5076019292881,12.0062846967023,11.9629283980087,8.78555270658295,10.6342264895287,11.5867670670773
2019-01-11,13.4337969681485,12.9088965085436,11.5329816085597,11.3017824002961,13.5713177705709,11.8560525756672,10.3854165572593,11.5738029876625,10.2851373925442,11.0802000075984,10.5921837734502,15.3441489610174,13.1255559789828,16.8504792208504,12.6865851268585,13.0852756375526,11.5206688713846,12.8735339479334,12.9300960644876,13.2761747756407,13.553026475309,11.8186948591683,12.1788118332422,9.08945528770704,11.4129686056129,13.5719783501225,10.5535116842311,12.2786840612242,13.163097139029,13.094374274236,11.202446859876,11.6732784469482,12.8602650449543
2019-01-12,13.4224939432185,12.0179770129675,12.3057460900562,9.49726679464495,13.7811970600441,11.8641192600261,11.7109129835023,9.96544708273843,9.31731314766757,9.40672753620991,9.52901046666064,11.3432419246539,11.6698998006313,11.51672023958,11.9525474821849,12.4639578800988,10.4369797238804,12.615243964435,11.6872444353187,12.9187025004244,10.8951960999101,11.8051213814814,11.3591849868047,9.37342382907128,11.8067099812934,13.6405460319351,11.6221013149453,12.0010207585429,13.1605897334769,13.0085086296359,9.52395824700407,12.5818274697356,11.8202814948696
2019-01-13,13.5603385183066,12.1332541027121,12.5510803406425,11.216429100163,14.1923271447894,12.1752221463318,12.3445033108293,11.7361374235938,11.6681278295012,11.9798231652396,11.3906195680369,12.6071290879655,12.5698954132615,12.2287721356576,12.885387469448,12.6122283029688,12.9978805194301,12.817335492454,13.012088756707,13.8835270101699,12.8169202810324,12.6927130528486,11.4242743632179,10.5227215844253,10.418041774158,14.0250046007745,12.2116217725682,11.8430085326379,14.1049367992868,14.0295186463299,11.6208755174046,13.1671696537254,12.3588505340186
2019-01-14,13.1661132152946,11.7895422019332,12.1604187175872,9.62506024531114,12.2367648489493,11.8085983053825,11.8226573004655,10.0733062103428,10.7937809019748,10.1077262349754,10.6426261611745,11.7587953982684,11.7921942654452,12.1943382221059,11.828907929675,11.9179920048156,10.6413650312696,12.3704939517382,11.487466389014,11.6003964193334,11.2911474421176,11.6869620336585,11.1332122391694,11.6956623760294,11.7439305106416,12.7771604070605,11.778227239564,12.1344358841857,11.5756067280333,11.6128905793657,10.0477667193585,11.8607629680937,11.8895072204351
2019-01-15,12.9915168036625,12.9193231711387,12.7673394658473,10.1168695138259,11.2374842840122,12.2473587271471,12.45550363376,10.3313593095588,9.52176224908551,9.91073828779093,9.89162715662642,12.0412288963034,12.120518480983,12.963565793628,11.749054784028,12.4348091399555,10.2309301569911,12.3490403442189,11.2751366172025,10.4220975267113,11.2726065614805,11.861935203035,12.1587364477694,8.95802469432341,12.6615881744332,12.6474252100467,12.4203673832706,13.5686189448746,10.1885023714097,10.3384485412003,10.2046639774135,11.6607399898904,12.3409578772487
2019-01-16,13.3162502902278,12.9806258269881,14.0555532484116,10.4250079802096,12.9423473810884,13.488788066448,14.2971013500216,10.5923124103788,9.14690868394931,9.74255178719193,9.73596170005045,11.6398051346802,12.9037332554775,12.1494496776735,12.0302853452594,12.8574397929412,10.5662023745805,12.7004500353527,12.1133982693629,11.768432919213,11.1650069485293,13.2787292665272,12.3886191176601,8.6896529892745,12.8561826811689,13.7121669377716,14.152556689107,13.6887914415765,11.9819421164795,11.9404258089655,10.1774258975844,13.6240059374269,13.2856912570824
2019-01-17,13.2591483182057,11.6281031224619,11.0841795435924,8.64667994918267,12.9700600384737,10.9656368164797,10.4973443958439,9.33281685978159,9.42217267606661,9.24977893033057,9.28862515918903,11.9608497543344,11.4030456071299,12.4382967884858,11.6410254754493,12.0601952500988,10.3340758747819,12.4773779831519,11.4400177866447,12.3901276726757,11.2328698523788,11.0778947078188,11.1169135104743,9.34842914952109,10.2275462478565,12.826019579111,10.4841563341091,11.0679995643221,12.4924121890648,12.4229988000365,9.08635586182085,11.5048872004417,11.3279608668242
2019-01-18,13.0243821124258,12.1464946070092,11.8106488304627,8.35967532054444,11.884057259228,11.9897228200525,10.4479245432199,8.83555765404717,8.68624647145881,8.35291717548161,8.89553185633416,14.1808770851259,12.4544098094277,16.4109396169434,11.1879157805968,12.0913617002974,8.94053972549425,12.107516443233,11.4504985075223,10.9196745019952,11.8040360309564,11.1209067111028,11.225950892914,9.3897699555527,13.9616205239335,12.6676651331055,10.6831282361713,12.8594240332992,10.789613968374,10.8036701838069,8.56295734630518,10.814591155827,12.6498342328073
2019-01-19,13.8671351412917,15.0259311028959,14.8992880281719,8.93086847772615,16.7950910798222,14.7559539646342,13.6524626116548,9.77859356669391,10.3136467982512,9.69281594021729,9.93860373911247,15.2515192476939,14.7678564656603,16.3297352471727,12.2395529802552,15.2474276949331,11.8021406578231,13.2666804788685,14.5494059604601,15.2464321741874,13.6838587513995,14.3437709412687,14.2139526117497,11.0782631428631,15.6353011597976,16.2819854980724,13.6963650148252,15.1134941438319,16.1999013905512,15.8055649828174,9.30760022591215,15.1141534706679,15.0002716681872
2019-01-20,14.0214340738117,14.9148773625119,14.2592424685984,10.4316397217305,17.4308148746935,13.5938019292466,12.7807459820178,11.2279641499026,11.9048096842988,11.4453922194642,11.3403576455281,13.8325157071247,13.6107677647963,13.5574710175443,13.0285251016462,15.3188981176095,13.2721145549264,13.387335581674,14.3803796201561,16.3740308575572,13.5477951404085,13.6963539253524,13.8988961609594,12.1410412181464,14.0507321068127,16.6447569810888,12.6704030433668,14.4407260303048,17.2110219087974,16.8162975308461,10.8610814461396,14.9297221849917,13.5922844860692
2019-01-21,13.6172667562913,14.0695343301795,13.4799524909777,10.9742964909654,14.8529977085755,12.5397857341145,12.3904231056913,11.1490974517734,9.94965621587135,10.1698453088125,10.4697398118915,11.369210749873,12.0096311281624,11.3753487964918,12.5336556128161,14.1120576835392,10.8503167571197,13.0085112715466,12.110469428692,13.7216164095631,11.0280124329666,12.334442306126,13.1292820508447,10.3854001641273,13.385858160883,14.9655093346393,12.2305203934304,14.003380007492,13.9973018524403,13.7688623774592,10.5593919207543,13.4185306758765,12.2757285772858
2019-01-22,13.3315532498533,12.4488761749063,12.0985577916298,9.74079205191928,13.220195688128,11.4328776145134,10.7966769273721,10.236772942984,10.2099251961877,10.0429295743596,10.1853173227385,10.4722163455903,10.6984347687873,10.1203867172347,12.0512587759744,12.6913636739097,10.7741704017448,12.7079899920252,11.1034411070535,12.6904489233752,10.5859620686956,10.9358779295655,11.9013772947665,10.3659278696794,14.3849138956894,13.1912952705243,10.7604907649105,12.7583526844383,12.7272928797585,12.6564381151133,9.9929776835212,11.7351172677156,10.9419193644084
2019-01-23,13.342007548166,14.3921760206705,13.6631924686726,8.25161481237615,13.9801481666913,13.0509902422905,11.8474676723999,9.08871156720841,9.50594431556811,9.21919511151164,9.17295325415196,13.2312572696566,12.626850730879,14.060082301352,11.6048019434175,14.1325635691956,10.7669974831555,12.6013420835946,12.4031039926606,12.7415308913584,12.1675907339725,12.1787467222237,13.3527664678449,9.35390729618134,16.5946012308184,14.5536793007083,11.9127444022413,15.1442801972094,13.0897131533207,12.9805074006953,8.87271745536043,12.5988459189146,12.945672943952
2019-01-24,13.9935725971815,15.4321181182953,15.8831294919107,12.3396728124026,16.88059939124,15.1655562215191,14.7275300078257,12.4180719907548,9.32860706889998,11.0099094084094,10.2233121350553,14.278303739959,14.6948293540186,14.8812091540982,13.3016383730119,15.4475210864263,12.3377511880993,13.4228693072326,14.4701118804638,15.3938952880162,13.2843602713606,14.7650869817482,14.2488183564589,7.55644308842523,16.1211986382366,16.876365686497,14.6345019057243,16.0332285241111,16.0616751631999,15.6904004920335,11.5016527243431,15.7223367230284,15.0511091129911
2019-01-25,13.3782823372962,15.9568652459585,13.1932341041095,11.1395258289393,13.7496061078089,11.9404627603803,11.2053657231445,10.9796190370423,8.49304238514628,9.23130646393801,9.68456131883937,11.4121875892887,11.394991908392,12.2900562455437,12.2152589934785,15.1792850115469,9.19871048914062,12.9674993421138,11.0157264426477,12.3363906882523,10.2344676388577,11.189322183927,14.7263094474879,8.8736667023287,14.6866403681332,14.8163339738231,11.1138120921001,15.7604708755516,12.2094905169118,12.0606454142281,10.1985846874653,12.0597834528588,11.8044820225215
2019-01-26,12.3298644659646,9.06109322682135,7.29134755877362,6.63995236256435,7.68661620915658,8.55751180758744,5.36645047885686,6.88003859927745,6.6723796704177,5.75442469493765,7.40640566413332,12.6036614279951,9.21196194034582,16.0306666608373,9.83419606499261,9.25341054540905,4.9217604683829,11.6768877279636,7.82758126111234,7.59560379909523,9.02328417852776,6.8418120757045,9.1908957703507,9.14048495309167,13.7544627250302,8.15464244178777,5.98753837637623,9.425959462462,6.53425217946025,6.76337692687877,6.59105628544238,5.91807663599655,9.4921857912282
2019-01-27,13.6095372592549,15.5526878686316,14.4683657443852,9.26512781958879,15.3469836445289,14.5475860829997,13.9395178686831,10.0029597476251,10.2668163896719,10.0440013900624,9.97244951043019,17.1680138984828,15.7899450340986,19.2875180434006,12.1358800830693,15.2121175750457,11.8301012881242,13.0133506977578,14.8449011329063,13.813030886859,14.8098514964271,14.6497677957906,14.5178021213909,10.1816631866989,11.9552716071768,15.8467372566896,13.9830268654753,15.0296577506366,14.4819112247516,14.2745255562037,9.71542400022672,14.5348343469922,15.6930919437351
2019-01-28,13.3408024361016,15.2466505339945,13.3627146114454,11.7585190126452,13.2735902023895,12.8928685133343,11.8774400373087,11.8699281829408,10.745328993914,11.371105353297,11.1232307026324,14.8278337998787,13.4007992406137,16.2448433934003,12.6868585162003,14.5435392167928,11.5586644113949,12.8938836054084,12.8591289435151,12.474178419956,13.3212225479388,12.4151521551995,14.089944894833,9.94831955862501,14.2369295460337,14.455404582602,11.9498942953017,15.3534816632307,12.3135951650816,12.3262423975344,11.6148761121591,12.2400323625373,13.4276176693148
2019-01-29,13.260440173165,13.3497575490444,12.2322823158085,8.86152731807032,13.2001636149408,12.4635233621923,10.735536683027,9.48821486607811,9.33002011375066,9.30100822952742,9.29409995684578,15.1977004928587,13.1797582040262,17.1493224561483,11.6940360743808,13.2830840045003,10.3207932865038,12.5798352970601,12.5613548304374,12.3457055561828,12.9971649837041,11.8225893428962,12.546197960703,9.12513731068838,14.0597371420529,13.5676424062032,10.9645195163294,13.470066145629,12.4258853923178,12.3602891634027,9.21073909904996,11.6364672708205,13.2197478601267
2019-01-30,13.0830672610418,9.79900804543264,11.029484444279,7.9810850518977,11.8869068828968,11.304212202561,9.5715368004707,8.52986347528203,8.66118163432817,8.02897141530773,8.79928635273807,11.4880700983969,10.6991850133453,12.5368992994471,11.1216180346788,10.5631873046915,8.66306718887405,12.1387967373486,10.4012508135977,11.3690929361681,10.1668104860992,10.1177175126594,9.46537611227432,9.9126109874668,15.8476790667064,11.5697753513461,9.82661674763635,11.0790358219319,11.282444204466,11.2304437293547,8.20052109019027,10.4232578990046,11.1251111821968
2019-01-31,13.205064989262,11.8041107265078,14.8204355737133,6.96098477289601,13.0510173757589,15.0076254947005,15.3462469892936,7.75604719029201,8.54329255043302,7.63567152568562,8.36314313407953,14.4021335433825,14.900108865849,16.4998254478834,10.7954852813597,11.9668110027366,9.56602895824938,12.0531694791773,13.1564718821464,11.1815167380243,12.3455473870823,14.4992145096019,11.0053738860822,9.77677496645411,13.6626250716617,13.855417935249,15.3843686936435,13.4635374533229,11.8719260868034,11.7802037871137,7.54128508168929,14.2905389068346,15.3774021655857
2019-02-01,13.6252033013725,15.509312768942,18.8077268781203,10.334347041088,15.0742147372695,18.3971950704008,19.6986403877158,10.8319823951257,10.4195872021991,10.7818636975196,10.3697331736525,16.4599441231719,17.9165671423941,18.1094429733192,12.3441269513707,14.8732161451943,12.9490769862614,12.8733895475069,16.0323060739226,12.8786685718833,15.0584100800901,18.0074011523842,14.3591558259954,9.44623157112295,16.543230926107,16.6309147906106,19.5778280187891,17.7378687637596,13.9018672132261,13.7865388375293,10.6334862435795,17.6825359424587,18.4739260899219
2019-02-02,14.2771253889703,17.3938688575711,15.1498199625448,16.1506998176089,17.9294090277525,14.4451360478749,13.2628038193294,15.6069629148438,11.8703967775005,13.7403078004669,13.1672151757644,16.0546995233961,14.9947431328885,16.8366430991444,14.8282728877075,17.1251462869215,13.6806215062742,14.1461031319154,15.2380003095673,17.0013314325244,14.7068842826874,14.4287276088207,16.0282480210483,10.6435840772725,14.5608420945935,17.7781624385043,13.2021242197162,16.5700463243699,17.2835811688649,16.8678052130029,14.6072067767577,15.3481463381946,14.9429510112906
2019-02-03,14.575519788938,19.3307241937102,16.5701134871492,13.0963263499179,20.4667003605832,15.9717701856379,14.8586062447248,13.5720347892652,12.1064680286238,13.0834489634082,12.0977057011488,17.8501940368819,16.8192367876527,18.4474422413277,14.3553810898753,19.0952003743885,15.1602332790461,14.526853781032,17.3399336128936,18.9541940040303,16.5196891607486,16.3479428339477,18.1152082747458,10.625805956523,14.5695615816633,19.6529078600312,14.7490786440386,17.746691738645,20.1531548940677,19.5428326990833,12.7741771338466,17.5421918550386,16.6347749511109
2019-02-04,13.5745145434197,13.6748291137231,13.0620888621185,10.6783035004703,14.6089984491226,12.7996322815367,11.6816618833057,11.0223251584409,9.84594474767314,10.3537311939665,10.1701821810525,13.6585707643299,12.8783345591089,14.4787749126669,12.514824218257,13.8215954981617,11.2374326837885,12.9823198886193,12.8129557049908,13.769935731045,12.4924287797734,12.3790480655431,12.8566768819234,9.33150441645138,14.3031593197353,14.5447219904649,11.7371809486255,13.7464695916387,13.9923226304881,13.8031579092595,10.5110876396357,12.8969587584656,13.0060536045758
2019-02-05,13.3218854605396,14.2209455439424,12.3399425664623,7.97360772794004,13.9535647621029,11.6188659240481,9.64533197690024,8.4859416614618,7.88893799888964,7.46226623968163,8.30362527688965,11.5625723447477,10.8401807118936,12.6434729611695,11.2461247454082,14.0974211426528,8.33923624830089,12.6242379796853,10.7034648310798,12.5505544411754,9.97902862255207,10.3180748612751,13.2240637379311,9.32798333179394,17.074354490186,14.1402006851011,9.75837846639733,14.5755957125305,12.6945120289687,12.4619705676112,7.82584352765667,11.3092691355267,11.3637363022012
2019-02-06,13.324885005745,14.7360574244068,12.1478332105417,9.25796414423764,13.6097796211181,12.2957671248163,9.42013639263887,10.080858004134,10.4028987034484,10.4944433759152,9.93873374524101,15.6687680474249,12.7686169194676,17.1593898364981,12.1094664839307,14.4456807102421,11.5854533679726,12.9673527930358,12.8312110407591,13.2069704555407,13.8474115812751,11.1900780144519,14.0416030659405,9.28852531851548,17.5466350569822,13.7755018169655,9.77510974721657,14.8490718713751,13.1949040361538,13.1526073654291,9.97633009038909,11.01778014305,12.7747080497469
2019-02-07,14.0206600566485,15.5465847922908,14.3343997203763,13.4525751429091,16.8097348160435,14.2617074425286,11.9233976079772,13.4220795544669,11.3657347731498,12.2867825929163,12.0142217148159,16.4090502066444,14.5333204294964,17.6940838952276,13.8193651264755,15.6476615683103,12.7262206622362,13.6936873775511,14.6542631106627,16.0557340143033,14.5523711763813,13.4837900092805,14.5048629578931,10.8472910495327,17.6139911000057,16.3231096130317,12.1227475312114,15.7116069362873,16.3521650069186,15.9966907655066,12.6744161384604,14.0526236809265,14.6480118848035
2019-02-08,13.74589817708,17.4054197974321,14.683234527407,15.3503492203571,14.9297873741525,13.1075419724258,13.133204872574,15.1631274824915,13.1079531599341,14.7840315308042,13.5400577547203,12.3931647971276,12.6574972603332,11.3242740806847,14.3903533331828,16.4542582471329,14.7073909800823,13.8061897631744,13.4387419900948,14.6150034332052,13.3861564305497,13.0876459239645,16.3184381213508,10.4840933010456,15.1271854866667,15.9144024728379,12.900008258432,17.0433924150114,14.4820827847496,14.4631912601225,14.9305263056371,13.7582210474652,12.6369010435853
2019-02-09,13.7200553536984,14.4343269677752,13.9879671561275,10.6214245993965,15.4434199410644,12.6318793942184,13.0942066729323,11.2251358695378,11.3080144163935,11.298662346319,11.0269776602976,9.84414209610182,11.4940995758512,8.2613268226394,12.7610684057224,14.5420673504569,12.7051704118931,13.265467459764,12.4243909356652,14.5867888213915,11.142989400152,12.686508824213,13.7716849377836,10.901983252147,14.0023918585991,15.2315266238741,12.7935248535259,14.2869162697185,15.1094775056553,14.8985495534647,10.9560743682282,14.1471643571928,11.7205887072821
2019-02-10,14.471144520687,20.4238034982285,17.567230490725,12.5630432407829,20.0521032546401,15.0518254523415,16.1714420187136,13.1789203421356,11.1245724607142,12.8517402385325,11.105045016325,10.9889745177482,13.666146542713,8.4749221582816,14.1192870453065,19.7237005119027,15.4546486837609,14.5356148366065,15.1966399851001,18.2910431193825,12.9735197307421,15.5975726410933,19.215345283535,7.96497651047366,15.2620551247485,19.8403544035729,15.5615642241301,19.0815629210059,19.5759728104911,19.0446629092728,12.4229165542428,18.0547716073639,13.8756500961169
2019-02-11,12.7516032581357,9.73151840174832,10.0056986989054,8.11995260894123,9.92851739146499,9.28761304858253,8.73367015872108,8.62213437917163,9.35364867429729,8.54684967799495,9.31937682104653,7.32829781446801,7.92579383808454,6.70893029003982,10.9515931770615,10.0731728590451,8.60774034939418,11.9020800076017,8.23158569077361,9.78627633136385,7.91821985330372,8.35782735872703,9.43875172680327,10.4937291566151,14.318680520806,10.3472830910138,8.74321486479774,10.7612498640622,9.27218371414892,9.44469082688754,8.63066433886107,8.95286047383972,8.3532318759667
2019-02-12,12.5309767529108,7.90722205351534,7.90362304801664,6.71091846063244,8.75195974226514,8.68167511405522,6.36970391506987,7.48761339478529,9.0991200302296,7.85214148318853,8.70674166082094,11.1938886180078,8.89551863867667,12.5480946837519,10.4062632324803,8.62993222077041,7.90295357380409,11.5800463075046,8.66782745638858,9.11622776265587,9.74482352763001,7.56531150696878,7.91171402952046,10.4385415003108,13.3806516337292,8.74674126964114,6.78900954695147,8.67048242876031,8.38321714192158,8.63015414062661,7.66368896191276,7.07115713280731,8.97995544427179
2019-02-13,12.8096640793108,10.7387285318332,10.1462528393215,7.79425165769431,10.4836697476312,9.9417500517932,8.76472634276844,8.47495334872151,9.24027653727115,8.63243333344692,9.02113624242353,10.4577995881918,9.62156481148297,10.9608530066772,10.9768899324237,10.9037216400099,9.08698668929516,12.0115908239362,9.5666456498465,10.2365049413148,9.8802686968962,9.14170563074221,10.3273225196813,9.68040214712328,13.6333015874817,10.9561852074338,8.9051493495467,11.2757658540335,9.83866865827616,9.98805567365415,8.49684831245023,9.22052521978854,9.80965079290778
2019-02-14,12.5428337406402,9.22384412604088,8.31208164564884,7.42575245929856,8.7329840847021,9.03853473619143,6.20124059923217,7.64307269960571,7.36036485106662,6.54729248187673,8.04671714260013,10.8030776462772,8.66728219171277,12.9505297945875,10.3109215192926,9.59601119952089,5.87165914381367,11.9138201000992,7.89737052158138,8.66168890432945,8.45351809812165,7.19651087202761,9.35565116505133,9.6528724458509,15.9693064734357,8.86775921322794,6.69932485901056,10.1215504708576,7.78204450809013,7.93420470367036,7.31157286111129,6.91308308835265,9.14990918278787
2019-02-15,12.8895904329101,12.1854028027379,11.1860373642518,7.95489356231873,11.1184106808515,11.354254641886,9.54775279776684,8.81681149474412,9.13363954182445,9.30848105531683,8.73958580652561,13.8843668106987,11.7610076004888,15.3510515684281,11.2343752549684,12.0181788318758,10.3197275228446,12.1538834951043,11.3446960105583,10.7742034791632,12.3816240664455,10.4611402079299,11.5415699085746,7.67938653266775,14.8745410936477,11.8982509316049,9.82828427565585,12.8420138838833,10.5130787557714,10.6762383191968,8.87955590991248,9.91965595943197,11.7972282484079
2019-02-16,14.0526052360343,16.8329247640534,16.0784814205769,12.8952627850318,17.1605077276884,14.9672021015337,15.3193084917123,13.7631514150844,14.0595711011323,15.1196718756047,13.0025263688287,14.7806370423912,15.0368394302037,13.3655201021815,14.2220771124104,16.5167707439536,17.2602495338778,13.7810011919125,16.1284264185771,16.6558471211303,16.0626865376775,15.572985347523,15.7890896913922,10.2925820478956,14.3764406906285,17.290484350375,15.062352038183,16.5582588082129,17.4304107064305,17.2816505712386,13.8875403507427,16.2054354096888,14.7547884810933
2019-02-17,14.4491067332786,18.1249152585096,17.1571813532076,17.7379361942458,18.4140039094548,15.3574759678898,16.3676085524594,17.1407990992688,13.4062096960222,15.7032511562964,14.5015625986029,12.2006308756616,14.3040965172449,10.3832678295224,15.5860704475192,17.7078289467955,15.9343925664306,14.6133524549803,15.2993852514359,17.5923347967771,13.7029995553332,15.7584353286606,17.0924768070173,11.0120250830174,15.2706714850126,18.3731327933597,15.9190031356861,17.7094156248871,18.1117827618061,17.7401918137136,16.3344554535083,17.4139245503823,14.4769479224414
2019-02-18,13.7452125143863,15.3859641368732,15.788711396712,10.9821170502619,15.6032423218542,15.5547054159361,15.0431000286279,11.6107133384236,11.3989263747277,11.8664549225386,11.0698625769847,15.8840875806327,15.5391569823741,16.6924380355964,12.9293547429798,15.1578428657723,13.615211228391,13.3159964795403,15.1620804279168,14.5065367340271,14.942269374943,15.1871949076843,14.5720015773845,9.90045408690679,16.3941898515321,15.9202684105733,15.071055883225,16.1233491875452,15.173910218186,15.0070996620712,11.414941597534,15.2918450079164,15.7013404049891
2019-02-19,13.2570169685051,12.5210511983049,13.0151754748761,12.0359023622013,12.1769911987278,12.3948572478265,11.9427699785292,11.828651375196,10.8365283134593,10.8153495763445,11.5632978678279,10.4132812360812,11.1086809883653,10.4997416549971,12.5072490693435,12.4666349285918,10.3303035984638,12.8485949494675,10.8762881839152,11.6910323851009,10.2803202977932,11.3822405928515,12.0950600506172,11.934525562481,16.6756528034808,12.7082584628079,11.960305238886,13.7857408028333,11.3967169976376,11.4118443878149,11.5068076561794,11.8534913902489,11.653704004961
2019-02-20,13.0223955954,11.9251495175224,11.0729331138748,10.5244121741155,11.1578610227958,10.9501344164717,9.70834165686301,10.5053326068811,9.80056245475237,9.58082446072535,10.4353018330738,11.444224616532,10.6283066758663,12.5025671512726,11.8329067641881,11.8827824081958,9.0636395750982,12.5380630361782,10.1909386694196,10.809432806255,10.2712051769104,10.0048651399921,11.533043442749,11.0348143681157,14.4961234081299,11.6833613977157,9.87149843138877,12.4197668613155,10.2969777795705,10.3658816234585,10.2111928407945,10.0747718613434,10.9319714298021
2019-02-21,12.8615444617615,9.63850080441485,11.2528459792181,8.94171208915176,10.2831503868036,11.4703315717109,10.852000997072,9.15193140861065,9.01920671294965,8.48438512363059,9.44572359856533,11.0740308414591,10.9477457285728,12.2923085614623,11.1356046992465,10.0233361450175,8.48020985997255,12.0146225539598,10.0499603305914,9.79275148647504,9.89129292536582,10.539517191087,9.40797643570816,10.4135419769073,13.9565587713128,10.7841246899758,11.0187098658938,11.0218317174819,9.44674706382684,9.56464198604709,8.96677602326174,10.3810330167916,11.3787919366499
2019-02-22,12.7204123616491,10.3229241990989,12.2006795941041,3.57677124720234,10.7643867161411,11.7534759266862,12.6189588408405,4.93445926894568,7.02610929233386,5.52325911781663,6.28695888806962,9.04108347075662,10.7157231685212,9.46262161167216,9.37847730507876,10.5489215075673,7.84367965517428,11.5575166676371,9.81073477919381,9.22256520087709,8.71751351999626,11.2761223788619,10.0341947107699,8.25947541689507,12.1282827440899,11.4989655717923,12.5102242836155,11.421593096229,9.67501593016772,9.74055287515263,4.98985793616127,11.6489897809899,11.2665037035265
2019-02-23,13.3207132716743,9.46788779223741,20.33577838608,11.2356700825455,11.9385899898994,20.4059112709845,25.6354325177491,10.7194708692584,7.86559861386151,8.69341900833077,9.48468854652669,11.9857264318014,18.2897622479832,13.5465168165499,11.6354678419574,9.7628136378765,10.0595749277557,12.2165063836041,14.4695026258872,9.26142134067129,11.2796500589196,20.3206519301434,9.38289443955176,8.47302117377809,13.0933574910169,13.7232449058139,25.2317450644613,13.9524734752242,10.3218440970418,10.3144234730554,10.1228475975175,19.8610192310808,19.6301155591288
2019-02-24,12.8444054147813,10.7095327424999,10.8771759797027,7.56765879805059,10.5811087143003,11.2855899518178,10.4188146757048,8.06232944974467,7.85256057499544,7.50378599457487,8.14708285962353,12.1035795746058,11.3395310174587,13.8532325622395,10.7081289229038,10.894450131056,8.10115849738638,12.1364144410644,10.3107824826501,9.8719506871261,10.3095891555883,10.527078160083,10.5785439660079,8.61181490128485,12.6746428739872,11.0198443227356,10.6179463983155,11.2060658553229,9.67161567397142,9.74885169698111,7.80631886151078,10.2770459493733,11.6330864216295
2019-02-25,12.3808172945602,8.51592799109181,7.67172874930303,5.66328559464369,8.17730022397853,7.91363260390128,6.35495568707658,6.22569593557317,6.81233282092992,5.61691180129591,7.10288507470155,8.65061394480125,7.58006990932093,10.0049734379177,9.64043045313317,8.92461032149404,5.48586960570348,11.4809774511362,6.99694590410021,7.9064018041727,7.18473951091977,6.7649855980794,8.53215746566822,9.10147457085927,12.0611969816651,8.55323471469458,6.61656418458724,8.84884201296946,7.13837739975523,7.34234357549839,6.06042054054359,6.76537715580711,7.93422882652286
2019-02-26,12.565419484172,11.4164441123059,9.88015023650163,6.56485361796704,9.35493860560513,9.67168418629529,8.25795027507559,7.20950002422823,7.13970803887022,6.87298704082668,7.3218927096492,9.87291428425415,9.03894672916673,10.9749988933147,10.2164617407374,11.1669290168046,7.30725097414573,11.9507540718966,8.4966816073859,8.81654079287512,8.74357500216534,8.37993597289855,11.2020721671239,7.39647435202397,14.8241440710328,10.2452209331988,8.4655545631024,11.9940419741127,8.28055225532032,8.47736693540396,7.06685864064203,8.3370535514128,9.46044069868866
2019-02-27,12.5631782506115,11.6055527787632,9.74384025645176,7.21613418801042,9.12357314990743,9.99987575895809,7.92098246477122,7.68901081328061,7.87636853720941,7.25164932718507,8.12757261346893,11.2168028143973,9.59480414250083,12.9934621183861,10.3942861533832,11.3036344208014,7.20765181376808,12.1670095968124,8.80059771983297,8.76964801094458,9.40036639578289,8.41588866577378,11.6315438341126,9.01236002354075,16.004602345633,9.9072451945631,8.28441272362854,12.2175604316074,8.10381611450352,8.31084771648963,7.57879718921692,8.03270649926145,10.0262909242573
2019-02-28,12.9031200439428,12.3224139294883,11.5242261722963,3.75637406327956,12.0918586484458,11.4773617777094,9.94926705416619,5.25677193837915,8.01411693173785,6.08331404818562,6.96668860506588,11.9187146803768,11.0735453989262,13.1882223947351,9.7542631815971,12.3852637196667,8.26044832036616,12.0338930872633,10.6027567920948,10.8041887339879,10.4060052638507,10.4001534101195,11.9229638944023,9.78150864646124,15.3824503910686,12.3067876991036,10.1394679323764,12.8174972564331,11.1868022104255,11.1415391694922,5.29455976819908,10.6730456229133,11.4611226939368
2019-03-01,10.5495676491018,11.4289659813631,9.57449829963324,7.68826713306277,10.6805774804011,8.98533743048539,8.71741138030544,8.00588814639216,6.96801064953782,7.44741403289964,7.27932331961959,8.82853362040231,8.86096894961783,8.9734108154949,9.46477499769148,11.2156576641975,8.1342692479604,10.2964586520395,8.93057509044623,9.98554503466039,8.47382593767666,8.87017064609816,11.0135011174432,6.38466153385665,9.57847009890079,10.8927243632942,8.63718640560007,10.7218429481457,10.0421007998382,9.95649046808559,7.61883370191015,9.47704133222934,8.95861105591051
2019-03-02,10.3782212240337,11.3871833155989,7.97175902634979,9.66774693590278,9.19208890509703,8.45280349166331,7.12200491982314,9.46143339069657,7.46640487992995,8.39804943088119,8.32791655821384,12.5003908616466,10.0126066119226,14.6045867557785,9.90568092293207,10.9119130606994,7.78786947887115,10.4148390000252,9.32822056839686,9.08240393060923,10.2532426655037,8.39690785765424,11.1397657723382,6.83087839304474,7.41792775297801,9.71237575693367,7.32750381518807,9.89644498693446,8.53266755102993,8.58686074799838,9.06921600879504,7.82866182196983,9.72878351999371
2019-03-03,10.933584851947,13.8598242956994,13.2098019359741,10.3975437300756,12.494980246577,12.8613292041171,13.5617450661426,10.4399759181719,8.89725586711239,9.94573564276348,9.2658067969755,13.2747514305083,13.4361933722191,14.3374704901096,10.6813911530828,13.1502488019807,10.8915333148536,10.8636680575673,12.5900158726582,11.3168194436786,12.2218699356425,13.1971474280013,13.1410572646432,7.40295548968514,9.66012338137763,13.3369730616121,13.4268802575758,13.5193290741061,11.8076492326542,11.678510787657,10.1008398434206,13.1201096223806,13.4350493730475
2019-03-04,10.1760543248737,9.65972297144038,8.28104843986492,8.6504882793245,8.05089256651518,7.96842146369703,7.77439952193639,8.43877680127812,6.93856354848214,7.31463939067676,7.83035324293943,7.88628122872719,7.80440789193017,8.54388354071862,9.27404254508041,9.3874070660594,6.64432718810104,9.93491072760159,7.33587346548782,7.76223608917535,7.23445838822314,7.58071250381876,9.47311717932702,7.36491483659326,8.98837267534714,8.78808288256471,7.78245687320957,9.4255178962455,7.19698462043559,7.31120122698224,8.11402645481166,7.66166064915067,7.99274184249553
2019-03-05,10.1210977636635,8.08104754380108,6.63387504610197,10.4689941837456,7.16363243559989,6.89910361706981,5.70029714069328,9.71988864228939,6.55302226298806,7.69210478692523,8.23386847983918,8.51697842010835,7.19459621754101,9.85929529963557,9.71324938036157,8.14552528305731,5.87840259643969,9.89450338092327,6.66738225786434,7.48177600061597,7.09564661230957,6.27214230834927,8.00881982878625,6.76241934508646,8.80021410887216,7.58559948257727,5.90101552853542,7.84549261553689,6.40470499016881,6.55226192829396,9.14370512789475,6.06036768310054,7.2915529280875
2019-03-06,9.99494949236228,9.64055819751243,7.12605393095188,3.23195943354094,8.31552567172685,7.10122533522221,6.00251786397701,4.3431704655594,6.00523083662229,4.98372758152913,5.30754593607528,8.83212817342722,7.52836199980587,9.74360898726697,7.67912678135101,9.50886217124661,6.25541185033047,9.46967419435431,7.38005547833506,7.76453837410517,7.76893663169254,6.750071232206,9.46446762901443,6.48835040961773,8.48320713232891,8.65561446537417,6.12097580471205,8.78645305687418,7.66866763205381,7.75553574673266,4.42743718544188,6.77433378946424,7.4975808885182
2019-03-07,9.8988054215333,8.19706538827238,6.20000897772744,6.13387678408439,6.95185599090387,6.02268432317694,5.18365049695592,6.40271800370352,6.28971829846836,5.92350410656948,6.61414354245619,6.98572633693555,6.11473134485804,7.60913730994305,8.33643450946561,8.17892482199624,5.55173896626627,9.39622531908473,5.97405981163896,6.89840163175506,6.2955872302024,5.58449423548468,8.03545977412898,7.14442860379946,7.91044210997141,7.49462496108164,5.27143582983264,7.67128800208112,6.19414043824693,6.37550566258439,6.28767880614227,5.64664968710216,6.16733136347792
2019-03-08,9.97362401366388,7.09190829258287,6.3845263621779,6.69123553864618,7.08066517265346,6.66217724600183,5.74953971617645,6.9529486870126,6.43280174333341,6.53148168772379,6.76662584992837,8.08824561486087,6.97329630691849,8.87947749671592,8.631017639639,7.42692537792719,6.30803384338852,9.39571703228328,6.75452936660423,7.27126622256633,7.26069190987737,6.28778807722946,7.07021540547717,6.37491090666013,7.99166323868892,7.30693441938227,5.90946515572234,6.94226633581149,6.62268630971552,6.80604974548394,6.83360106993276,6.08941124327323,6.96102427087425
2019-03-09,10.9549340429922,12.0165927166946,10.9690167345406,13.1320657836213,11.8182566481381,10.5949007492143,10.485727083301,12.7274102630697,9.63298328399363,11.8126809077817,10.4949724521121,11.4599038526991,11.0251969174156,11.4032426055469,11.6972127559022,11.820209606552,11.5782780848321,10.966077376822,11.2902227147806,11.8571771956643,11.4133739410631,10.8783884686704,11.4645268984187,6.72818121158043,9.81153757204521,12.0005835314023,10.4124279036458,11.5179573261928,11.7153483414922,11.6577332451284,12.287346219327,11.0544600739407,10.8388381587677
2019-03-10,11.9690880399099,15.3540258065706,15.7503313683214,18.0361172450562,16.8509525419786,15.2619767938492,16.4560430496815,17.4339734534969,13.1202989112227,16.8146994159415,13.8339714225791,15.9414057914873,16.2853166597469,15.1747445901851,14.4031988218414,15.1399015826324,17.5090235385313,12.2952881599199,16.8572953416046,16.6919911564192,16.5883434317771,16.6697927496563,14.4575488483425,7.37098670365126,9.6516520096755,16.5647996553364,16.1487069112932,14.6045878579415,17.4424695621589,17.1241873618181,16.8893531016767,16.9777368848153,15.7718194316098
2019-03-11,10.2901237732675,10.241473923027,9.04566474239681,6.92633595110908,9.21720615419525,8.1613851338964,8.55984650441814,7.16270356975055,6.44077356489069,6.46634500156452,6.87265287628107,6.42765347325709,7.45446011488499,6.20771864868472,8.8725149503093,10.0275629767854,6.8160996046347,9.88902201940179,7.37626743608382,8.45409541009196,6.57110788964931,7.95942317652925,9.8909684476698,6.84484161576617,8.98559915137259,9.78706427818599,8.392636772071,9.92671378190044,8.32961649715672,8.3373968117726,6.84398897130524,8.68161209131898,7.73717628512135
2019-03-12,10.0570600503822,8.44172569171377,8.1082475011244,3.74525125573188,8.38787455975693,8.29439588459065,7.5811243091314,4.69880834814693,6.6136016566765,5.2119195271987,5.99242976660657,9.07600842177019,8.39971026051664,10.1303017157894,7.80473870331145,8.61697577230742,6.35876080565453,9.35163324280367,7.88407342483365,7.72545819929131,7.9510254137822,7.82787601132277,8.29483665249118,8.03483213489974,9.37372325440689,8.65840650837244,7.7069337746762,8.53960546566033,7.75291597391478,7.82033625583594,4.79630102089492,7.7579271222767,8.54256815345356
2019-03-13,10.0928461266772,10.9237240306841,8.55638427575971,6.17045684787625,8.33686577924897,8.5664831654218,7.74598128541723,6.65706266739696,6.78781948341608,6.6268635516604,6.77385044005372,10.5788487319678,9.19076532035912,12.1210404408844,8.60274899604093,10.3293480789696,7.07642431957106,9.79509490038451,8.45542643352992,7.75612401326823,9.04698691330993,8.1677637138074,10.5727117479151,6.7082393160514,9.21107088260538,9.33091062363544,7.87555720303198,10.4179137979144,7.47709198592724,7.61254668843725,6.62578506602652,7.73389144911296,9.19049649136887
2019-03-14,10.2323391450532,10.732461481901,8.91880737261742,7.62252810607102,8.80829891750915,8.22505284780354,8.19617531241084,7.91466160429536,7.05084385711601,7.65431993782951,7.29183463063589,8.05894703720652,8.05481242451277,8.09930037884419,9.21725008003065,10.2755847016759,7.96508968850663,9.92138505413966,8.00871748506953,8.4142698391688,8.03811759890945,8.03805788677585,10.2967785221476,5.90645967044453,9.27052313999365,9.68252473237898,8.12178945360581,10.3854137374353,8.11209664622346,8.23196097296584,7.78136114630986,8.23273622219005,8.12556290613976
2019-03-15,10.0739952142166,9.25486473625013,7.64239189688679,5.90052793967712,8.09933231897847,7.20643189541412,6.66885890377679,6.3095074129613,6.05439438139385,5.88882278684496,6.28888702203997,6.95049800552018,6.81846673530842,7.23629211896443,8.42175354152192,9.15224072891525,6.14825879436855,9.62932058042775,6.72741789247659,7.68412038346811,6.5734774140061,6.69763255115484,9.06001024680175,6.41199957706699,9.46771080770408,8.57251576259299,6.68512285360392,8.98886748477671,7.32390535039251,7.41535179765718,6.11390120516488,7.04907107410349,7.02510950866995
2019-03-16,10.219302581536,8.90198628977523,8.06806382778412,7.62944037431979,8.470078036696,7.88568608013567,7.43184958990429,7.73058721497409,7.23434091844125,7.08632218022572,7.66833122394198,7.91928811156429,7.70482165488624,8.37370786259039,9.07477072110687,8.9682625782332,6.87169576612572,9.81332920317728,7.49879899469595,8.2327831394997,7.39011378221826,7.49833735553286,8.74047033667675,7.99259006338393,9.27590554980831,8.78669514076623,7.46983317169428,8.79278247192529,7.83986041143464,7.91101985749581,7.51257863397265,7.69945794780485,7.8604922169897
2019-03-17,10.3346566318646,9.53765637253679,8.9994812139021,7.85764243191946,9.14814088373341,9.4298084498286,8.64022073373413,7.9785822048906,7.21303614437936,7.3268857848367,7.65560310559647,11.2771821211414,10.0739424659924,12.9865549710504,9.24907585168572,9.52512369360018,7.42631180906586,9.94003296037052,9.22551296015451,8.69077860848262,9.50324297115171,9.09340539296532,9.29016691340149,7.48941540480284,9.2383760387864,9.53245494707479,8.80563683741929,9.46217806773488,8.49072405076696,8.52058832398084,7.71304224333814,8.72259451981767,10.1153988506858
2019-03-18,10.2531743806545,9.91396539858412,8.35220668484878,8.40193472996688,8.64493815148939,8.6098803028794,7.61804310440126,8.41934086871064,7.17623712625949,7.6972781812939,7.7549744618943,10.9439014095911,9.37150546952059,12.5256830251119,9.39264288570418,9.6923842776799,7.44731734029023,9.93981982249876,8.71622398324762,8.41466914607329,9.31196782007737,8.27098805343975,9.57631656716358,6.81321373171675,8.965876404509,9.26137715197192,7.78532928018063,9.55530886216175,7.96287984935168,8.05827515669904,8.16379111301286,7.8509517083775,9.32360099933813
2019-03-19,10.1954938501166,9.26543232672206,6.89072651717821,11.9730811537891,7.36478728046562,6.25016662102435,6.02359409827604,10.8502108187879,6.32153058031245,8.18062972205591,8.56609084596259,5.66042835601163,5.818327835149,5.78410005998527,10.1698481652307,9.01703541057002,5.90621815819655,10.1983765822956,5.73653860774667,7.62372930149629,5.47209204176427,5.86021083524335,9.14381123424207,6.04871806778414,8.06011147347449,8.02648383837455,5.97470011130913,8.55788370121496,6.42415121070722,6.5580564059612,10.0662132869399,6.31984308314232,6.02108855068595
2019-03-20,9.95118438889006,7.76968127139236,6.2322164266064,7.1004589111699,6.92177902970396,6.24841448729695,4.939673542304,7.07868295322425,5.89047676691425,6.00334742837928,6.69744027629113,6.89106302991289,5.9750620894544,7.6426498483138,8.60188946080886,7.91290303707296,5.22596471320085,9.55631890928077,5.79783233595193,7.02433866593916,6.02222445713138,5.39826327469349,7.79689930353095,6.61731093225278,9.88249152759143,7.19351423871135,5.12081050281372,7.69145882715423,6.20222238208552,6.35264525253257,6.75379312927307,5.50288485691509,6.19480838582949
2019-03-21,10.2311614321128,9.04697187775148,7.03270982694378,8.13847382160793,8.45611814288056,6.92965771459435,6.22083972920124,8.0432239492762,6.19432472372112,6.79642291363066,7.11964949679135,7.93560614272182,7.20254764071483,8.62945977787728,9.19084151057186,9.11755518026491,6.29285731685529,9.92254420819142,7.07255734632963,8.33361908037202,7.05765741950588,6.73046882876603,8.90564879459051,6.26072871536596,7.51728762784794,8.61663828601149,6.26858192023861,8.13025258620201,7.76723542802931,7.8083916850216,7.56658701521609,7.00505101453037,7.21816293621835
2019-03-22,9.88679830178568,7.81127567146902,6.80288018383397,4.51502115715052,7.05043985705369,7.75335584504477,6.51742100241875,5.29379280404479,6.51259817884967,5.71664490227653,6.11000689095482,10.8832220371152,8.80965084257761,12.8547601069684,7.93963260356954,7.94404398027563,6.34651031822407,9.39015225729118,7.95244494944907,6.94565384617037,8.93308755378281,7.37563892641205,8.0121179270006,6.96939366221557,7.85549699121491,7.36822401314365,6.82288687793677,7.44763670128402,6.60021746485357,6.79772203353566,5.44414797556122,6.52776408999645,8.6956849542421
2019-03-23,10.2248530880757,11.0659790809581,8.3589083315143,8.36838053752247,8.56341414493501,8.4441268460951,8.00896571378623,8.36703950743105,6.99134715427013,7.60679497209637,7.62072355974848,10.823711754411,9.47974987982203,12.4156252259234,9.3348246975573,10.4883628727405,7.38847337725129,10.1088785654548,8.70330608559273,8.17620526054587,9.23191263871572,8.46271192800372,10.7885163163178,6.4921800323785,7.0129106095448,9.46631290048639,8.07988681642239,9.92583483993604,7.7342145890813,7.84685634881853,8.11087833104167,8.03145892807918,9.33587203676382
2019-03-24,10.4045517747057,11.66458215092,9.45034489745646,10.1543065710554,9.24657228073991,9.50258877103751,8.30980280621167,9.95667231528018,7.8244646882467,9.09132477285494,8.61014461590858,11.4581476695161,9.92098971599184,12.7752686895332,10.1375372562535,11.0708869610785,8.64442925480441,10.4532715071847,9.42868080469771,9.13540142894098,10.1165082987067,8.90649827381517,11.3681071394474,6.36204171314735,11.5309685868606,10.0043578872596,8.48994785194164,11.4631568623125,8.64671027938221,8.74146636052399,9.64894113418601,8.48962689432371,9.95052368556245
2019-03-25,9.9343999681757,8.64730668792473,7.09285490783169,5.70211000534248,7.26464860929673,6.99069767606456,6.54222607975525,6.14145244409056,5.88510379816167,5.87115517221033,6.07688360302761,7.87160440499917,7.20456005834723,8.66249775685163,8.26256265185267,8.52495620228136,6.09311284240925,9.43114095348099,6.80822722214641,6.98942845426474,7.0924218139342,6.69748584519573,8.4906904016556,5.76812462568431,7.73099599624974,7.95347990349185,6.60375977524754,8.21551470624721,6.50902750687821,6.68850744732922,6.04753264304268,6.58711204090487,7.24645480308757
2019-03-26,9.86746096954732,8.75368770771354,6.94908065167717,3.97040705647795,7.26141000623096,6.62548653012932,6.2771073892523,4.80746131375102,5.81486336499012,5.11629849394265,5.47436269253241,6.74062669884842,6.48295535865902,7.02572255239744,7.72100643118597,8.62950047877726,5.89702812319046,9.33978608781862,6.35638067116166,6.86647678393061,6.44728961322554,6.29519473102573,8.69892186825628,6.16012144408395,8.08503260061194,7.84885591727795,6.29258083815862,8.24328493369705,6.55111517496942,6.72557693553554,4.87714469117388,6.43652436788131,6.58201304322623
2019-03-27,9.88846450622058,7.98951644463645,6.29231343969887,5.82441568710821,6.93133529137477,6.19019736442208,5.36177291175499,6.18740760173629,5.78182508050666,5.76395131774011,6.08940524519769,7.17904295298454,6.29525059407254,7.82913473082852,8.25393970891229,8.02320092141711,5.67075968342346,9.34349248257067,6.12245369626636,6.87422536996785,6.48038822402262,5.74880551354146,7.84983911248432,5.86669366937777,8.02354833582513,7.44932119571935,5.46216564171225,7.58854444472294,6.22281557250121,6.41084412818195,6.05307146645857,5.74704804744121,6.34583877674696
2019-03-28,10.5391125777274,14.8583518175044,9.65955125009831,11.3003968030537,10.2169848176972,7.75588042364144,8.35214613103169,10.7510978335935,8.20667047228091,9.27063450206396,9.40412747896527,6.21512971742399,7.18449328623577,5.36307904982157,10.4884137976546,13.5072635119466,8.25011138364716,10.8906030181854,7.62194392695175,9.59860712508188,6.95794984958123,7.85250856430334,14.1593737030726,7.96651898247574,8.60984855241765,11.5252495204141,7.99957062778365,13.0519469247157,9.06918143124297,9.07825964099311,10.2498395026042,8.90471876094697,7.29056346258296
2019-03-29,9.66408108968601,7.70077484426916,5.14871064170267,5.12196880458713,5.62471646828442,4.99367756106201,4.17540955472477,5.50261916629172,5.51130926039552,5.14260401515038,5.78445599049961,5.36824891671171,4.7407887319122,5.66206817596937,7.81270341450569,7.62532894605641,4.7499195254598,9.34820399165633,4.71120310347431,5.81593083836507,5.07518913726165,4.39466625335629,8.00587424575929,6.14625964718246,7.97208336551592,6.14298206903669,4.28328707171951,7.00571051786561,4.92973945008243,5.20458796405685,5.46801009150834,4.4474096685676,4.86474498079168
2019-03-30,9.43502701242601,5.45018722598737,3.9297969548624,3.91179118036169,4.36959735274956,4.13889742996474,2.94609452405236,4.33737954645976,4.46892429243764,3.84360490996082,4.82609086032819,4.82825726921726,3.88170683765881,5.54415019774989,7.14988101069604,5.77272221883695,3.30427105446814,8.80797724630881,3.63080042674253,4.68091750093335,4.11790275614738,3.28062550439249,5.82292839296152,5.64951018062328,7.78968951168624,4.76970575516617,3.16322446752488,5.27000347721673,3.61982114924798,3.94642708302158,4.29173373266918,3.16207277500024,4.07504044429351
2019-03-31,10.3910867820897,10.989542387543,9.13517270536012,10.9609107330304,8.56578802388981,9.53409073118357,9.58401008093028,10.7088049423226,9.96035793186974,10.3985064563936,10.3563347150808,10.9166601715251,10.2064634719559,11.652329366041,10.4394889132628,10.5218768516388,9.67628265801663,10.8191356019881,9.72479244692639,8.91943325092713,10.3491213149786,9.6694854952498,11.503008557215,9.54024646998887,8.24023598697084,9.02960315244509,9.66088709524366,10.0222019606916,8.43389978331703,8.61385422528133,10.7472112505703,9.03180295206461,10.0458621475753
2019-04-01,9.75286777237911,6.31574741582977,5.51134317733585,6.46535672103427,5.67128016202315,5.92633595861335,5.0285395142378,6.52607806029099,5.92314413077323,5.7495941146584,6.54943973490183,6.96784577720418,6.01258725901241,7.96924096785672,8.23400659639554,6.61524696473428,4.94894502079878,9.27967472045333,5.52764936213701,5.97622948883376,5.99978341984098,5.32110003607045,6.61529602111214,6.80806715782035,7.86961447149282,6.01735594726567,5.23275000654848,6.22370445118161,5.05797721378152,5.31639704472408,6.39267242618561,5.00766571278747,6.12873506806168
2019-04-02,9.99749063949972,8.86782641556058,7.17364072539404,6.45117601971928,7.30955826053171,7.28245902357814,6.85936546360219,6.71950440149254,6.06042504099592,6.20029454306041,6.45696405648384,7.89644750224782,7.38915121569543,8.67490028908372,8.51525120789402,8.75725623785576,6.2098637769607,9.79144112776109,6.95496924175644,7.18067549072382,7.12849622249231,6.95250005444533,9.11925415907721,6.01331810877169,8.07579011586725,7.73177818723373,6.94781380633066,8.2409631038229,6.68359024974935,6.84431800645536,6.55140033325618,6.83313460023796,7.47726104350307
2019-04-03,9.9044367987732,7.72005085679762,6.18620817283624,5.63555090741156,6.95732951956755,6.44132713771247,5.41817970471751,6.04616722731472,5.35528306981469,5.58408393689464,5.69600614800885,7.93995711896976,6.75154638737718,8.90971435583554,8.21079417473604,7.87557174903155,5.67698044120278,9.42553154442177,6.44733822623335,6.96513877036104,6.90591056888106,5.98917272764149,7.79652915605128,4.98709900851052,7.98373545542508,7.23826097435099,5.58796622085098,7.24822561520218,6.36515199356109,6.53852030228687,5.85936969242464,5.82706603902294,6.77411653612447
2019-04-04,10.8999644536561,14.6284372260462,10.7496453752849,12.9640830562994,11.569831222673,9.90137186101513,10.4967387872218,12.5703073836252,9.18550394177396,11.6172352760563,10.1114614131103,9.71327708189793,10.0832056216255,8.96156617618275,11.5895896308977,13.724311595258,11.4421918360799,11.6170669195425,10.5828771245437,11.5557778708578,10.4051758555754,10.4636274968759,14.6363632482835,5.82753187291152,8.53084047655425,11.9421315113561,10.2683383381693,12.6606476373289,11.3833029081924,11.3527677954919,12.1162800915397,10.9386195340053,9.88857863345307
2019-04-05,9.76753942903949,7.10347068699579,5.40917716965251,5.92759655690475,5.97059193148684,6.04184849889491,4.6354885972089,6.21167548601695,5.99091545258328,5.79678278344817,6.32447000377126,8.41996412648544,6.60326226926438,9.82668176124866,8.17522699377938,7.26494558295992,5.33270153909955,9.38266979931061,6.11629909128912,6.29162123352787,7.0026833345313,5.44399414979413,7.39956607646853,6.42929399392588,7.96728455587574,6.28329059987431,4.92027373676713,6.64656354149063,5.43973678362875,5.69343357026287,6.15440378415544,4.90881804119994,6.58119926886949
2019-04-06,9.80082314708941,6.10152009453029,5.15613837401844,4.51915772255471,6.32799235247269,6.69827325606394,4.48207157761092,5.04746854911535,5.36710518512579,4.71510041263838,5.5091026546008,10.8283794736151,7.91029005604276,13.4663429232489,7.72638574640094,6.68066019641851,4.7385599737248,9.28165797877102,6.94646228070233,6.52408862690332,8.06206624454374,5.95947567091744,6.59224954967033,6.43682663730826,8.02390407763566,6.08752232930317,4.97368677299022,5.72392008378473,5.8973191277886,6.06530686291109,4.93314077123003,5.05450306546429,7.8424111611987
2019-04-07,10.1668685569732,8.97135816558631,7.61278694535224,4.91263269906512,8.67835486802773,10.2446097586363,6.79224739070952,5.54827569170137,5.62064089239241,5.23444410311115,5.66988280448818,18.190843426213,12.9788065578607,23.4473694500825,8.19126206114724,9.16607420904533,6.03027772372949,9.83519942761722,10.8560815586045,8.22795627219548,12.7015376111573,9.33887261696509,9.19624672880713,6.16188160356609,9.87429017872353,8.49689419924574,7.57678660855037,8.52558224849901,8.12157619204072,8.12122513620456,5.2892151863736,7.47203424921642,12.7492058011601
2019-04-08,10.367962128567,14.1553044777376,7.8657308555572,5.78662431712316,10.2658292336123,7.31470453582211,6.20277991299425,6.30360889695955,6.03522522423654,5.73090160079206,6.2239058786906,9.02480609607006,7.84252959791363,9.93441846953229,8.65619256636391,13.218088132137,6.34233604183694,10.6872891360285,7.86562256816946,9.37218437812653,7.7315066170208,7.15658559575625,14.0851507200166,6.78996474540099,8.11661514194627,10.5700098714513,6.19797891012453,11.4511695456491,9.28636382204519,9.18141271058899,5.88901138560101,7.77997504722241,7.80105052539049
2019-04-09,10.5026197684268,13.3010804291087,8.18398421619903,10.0986046475003,9.91256370266615,6.90905800546494,6.3250543893425,9.84982803993747,6.66000832944555,8.43208589348715,7.80186786429787,5.73361803669366,6.05235516888257,4.65892761031169,10.1742998336047,12.5376064745586,7.91203769049496,11.0149669755773,6.99571999081892,9.87719785748461,6.53682993600739,6.54153850759875,13.3282237812585,4.84567186944093,10.686977559368,10.1363060894051,6.18320313056247,11.5422911557201,9.31743920187853,9.29927353303611,9.21910860301425,7.67810546631576,6.2066892482442
2019-04-10,10.1521867414757,9.87433486340433,6.98075649576447,9.43742597444309,7.64807423008481,6.40272716691777,6.31269826216216,9.3550643424757,7.10919364500952,8.67429073368177,7.83751599921104,6.33905769140188,6.24313974024673,5.62639783896754,9.76321055556424,9.56408018544338,8.09381152785057,10.2420078506,6.77682003883939,8.16331967302006,7.07884955145863,6.4026139403614,10.0464225631122,4.79972860598562,7.7975148142973,8.10431757558505,6.24609565223992,8.72764573362137,7.35889967934142,7.57528746322324,9.1439002206191,6.65381849679193,6.15529263654668
2019-04-11,9.81594999072775,7.43610628803929,4.95895036557852,4.48768314277307,6.6676012140498,4.83695254109181,4.27569134748483,5.06850323871977,4.8374205380443,4.70677639740299,5.03617137157315,5.59200719158278,5.01171757278669,5.77948279901194,7.7671627062957,7.66752599840136,4.92052502913527,9.33119567372652,5.1645228009187,6.6920851303071,5.27317695582699,4.73918261018621,7.63604195204404,4.92848880724124,5.60314417324988,6.75880784702843,4.30487831746442,6.12284859290839,6.06975050697666,6.23501406724114,4.89126863662639,5.0620548206901,4.96665873158866
2019-04-12,9.44763884877837,7.17466627399502,3.63036465355577,3.16556454726636,4.82649308547748,3.25089597463007,2.5637694767971,3.72849128371524,2.95508514384403,3.04046262046537,3.4597086098489,3.54078193442267,3.05332371603925,3.75891051524629,6.92095274820705,7.11078587310991,2.96494139887282,8.98522180417717,3.09962792037686,4.83780697306969,3.25390097266759,2.79962872741868,7.45732951550609,2.90776698343124,5.6620445782207,5.39085507560242,2.60496960432977,5.80888870195,3.86239661302676,4.14461363571608,3.49533594996811,3.13710660266098,3.15463916046591
2019-04-13,9.35887974658573,5.28699174982696,2.59033247897837,3.45144300256983,4.03126673748676,2.21069722114125,1.93252049913198,3.82788756232945,2.82147190423884,2.84600631605657,3.56933863538451,1.83266850169446,1.86638369142953,1.6330424831547,6.8613940625949,5.61594799902053,2.31035484856539,8.73279880326094,2.049589438545,4.30108997186,1.98154244814249,1.94667396543761,5.69285579231229,3.27646942590456,3.9378041583681,4.38657424483559,1.91734107503544,3.95604257975447,3.13572027429545,3.45029977605526,3.55411458215289,2.44861972154328,1.9643369056738
2019-04-14,9.56748947528507,4.89155633731669,3.78157577776403,4.22288449697254,4.99304173470698,3.91754748859658,3.60510913700523,4.62156719918946,3.57291323292934,3.81478493412146,4.19596836977178,4.29029315701378,3.97892465534111,4.59449604463848,7.34615686101017,5.49945401258431,3.62987472795291,8.83753709950773,3.87200196527056,5.25525370982673,3.95804051055023,3.7667977098597,5.2633647855053,3.46664720480405,4.39321800145556,5.09959301495725,3.66384892538668,4.0616966526574,4.34961779122981,4.61188046168274,4.3646634189497,3.91798296738143,4.00342288315117
2019-04-15,9.5497676343411,4.8009510474587,3.84808701979247,3.78393079327929,5.02557190185154,4.09973770180356,3.35908383779098,4.3036616036372,4.29157559447648,3.83576298382715,4.59686831483172,4.91684420543027,4.18785379553149,5.45584256045526,7.22928743996452,5.43717049289764,3.6562011063077,8.73789146443292,4.04894644464662,5.27945866048272,4.33141010661851,3.73745775078889,5.08708055511761,5.08850886395679,5.49063319638277,5.12978409792838,3.49170711832612,4.27302108308191,4.39894332076139,4.66345688429898,4.19166779432738,3.77226728629008,4.23018176847984
2019-04-16,9.5497967458722,4.86804377651659,3.83262479116119,3.54132405692609,5.09838171124932,4.23665154574444,2.96469983965773,4.19200721430504,4.94163563593723,4.08194279732801,4.94411609564982,5.62032666423195,4.36520276061255,6.29802210628123,7.22778572177956,5.52034468855143,3.9532435107819,8.74675751732316,4.30410452328195,5.46377003058275,4.87134674759088,3.6599641513274,5.16106856331903,6.07039393295447,6.78788876607749,5.11471738310097,3.18597785619481,4.53588892698069,4.58882683949147,4.86104354577252,4.21182690833164,3.56530855296437,4.39642415624359
2019-04-17,9.81571271328098,6.13550728634194,5.48871860152703,4.0474077698217,6.5594399973089,5.88607398072999,5.08043536325066,4.70396071355401,5.44115231056924,4.57841288878481,5.39708491721339,6.59596185056796,5.92815974734952,7.25974567560944,7.60240867261968,6.71538160709639,4.89207723091938,9.18222857507714,5.71731727276346,6.57446066319385,5.84181807518538,5.47530504529382,6.50480093255416,6.62453234481273,7.2574101812321,6.41056937517145,5.23506825839349,5.74298657707633,6.08676162913488,6.24367849344872,4.64699134558688,5.514227317064,6.01992015560286
2019-04-18,9.46968660306551,6.30557215270448,3.82580868094526,3.07541629552541,4.84928087315063,3.72439697738632,2.71990279682947,3.67722572533784,4.02112956448312,3.26047020382805,4.24915345596214,3.9381246841062,3.34560173494379,4.27074256191254,6.92114320256944,6.51137160851997,3.07744989554008,8.92377740231045,3.34405915113425,4.95805921840678,3.53063343835724,3.0163412437197,6.69316782208218,5.27749381016859,7.14102260659941,5.15831613160583,2.84804232935552,5.54431357942096,4.03400273894144,4.30523533370845,3.58673224335281,3.26117975754481,3.53408623814661
2019-04-19,9.70702715706119,6.18445847342182,5.11305097767923,4.43999716048075,5.88988450198573,5.04300551858796,4.00838893808914,4.95010677624453,4.7452403215707,4.52187973574155,5.02102971130864,4.65262903247437,4.33463843790467,4.66738259771753,7.62349933612911,6.61902765790303,4.48682786090327,9.12397175768404,4.49014626467125,6.09340233994908,4.55862701637469,4.21180312868437,6.50147183330707,5.10039282590634,9.2528460488212,5.93820561237667,4.14792331029445,6.18097532623229,5.33515705144945,5.55098963179895,4.80638903544543,4.51770372774359,4.5993083877186
2019-04-20,10.3722650795894,7.53110848427657,6.42623531402181,8.78582368342633,8.78562610297157,6.6284225897038,5.92765421305012,9.02731191827958,7.08101169755391,8.64955024709887,7.46725448637405,7.65340615489413,6.90899545304778,7.01726567822499,9.86202526198767,8.22637104332466,8.78052954097902,10.1628814817937,7.76060784890365,9.60541020982912,8.1154809178738,6.81167332885299,7.91213962013671,4.31092094015612,7.30930782000382,8.01016866474134,5.98583035483456,6.52231848399428,9.10717430659816,9.19107937764096,8.752881654261,7.11165479891316,6.65638609804448
2019-04-21,10.5411703867847,8.98003471142019,8.33652540119411,5.49095886263991,10.750142507586,8.29312120701714,7.56921455555454,6.23989711679741,5.31920035347904,5.81467242156463,5.40902884710933,7.95915646540552,7.99171374690205,7.88551588575115,8.78270867974121,9.62492388625721,7.33521831582094,10.0927106211967,8.3772045531012,10.2410344646134,7.65037647903956,8.09420903363471,9.06711533966731,4.30851055709771,9.49652248961932,9.84470150851051,7.58347621407676,8.34615837182935,10.5153044188981,10.34047953793,5.72916419000334,8.97586376912519,8.12985397806908
2019-04-22,9.77511463646771,7.74470338823299,5.23029033146414,3.49510325460571,6.6810230768514,4.82705584594701,3.75321741604808,4.16641242562095,3.88485462649908,3.63408263060057,4.14545580431738,4.15688952950228,4.01414155860379,4.04785136965371,7.35413472865868,7.92680243301813,4.01402689245998,9.33282703934494,4.32504733011097,6.51165561263652,4.056061117921,4.02305836971636,8.01556569444109,4.30427430375349,9.17104647575184,6.68283940005086,3.8257452552775,7.06950657145176,5.93170089924829,6.05413637728191,3.87915202759377,4.72645101193331,4.31502132949633
2019-04-23,9.62535895889271,6.15105298503325,4.0812343755361,3.17568408671946,5.67906706622848,3.77287225983166,3.09425345902635,3.8852879947075,3.62838805547925,3.47253173049615,3.85344909256864,3.0223414714135,3.0836286754771,2.56137531040792,7.14744294957169,6.6029593799953,3.76179984568209,9.06745539297374,3.53239482644876,5.83255800178391,3.34284997160805,3.26624452634159,6.60610036328306,3.7053045279247,7.01999033349858,5.57389194737676,3.12858937742602,5.29979562857218,5.09540108592193,5.29823068152914,3.68148836159501,3.91901335986786,3.2709405788062
2019-04-24,9.28771737820532,4.3551897932616,2.84350576221107,3.51125969321863,3.54610428590378,2.50190019343799,1.63802916893689,3.82010888205026,2.96617857503931,2.80371709046765,3.74966746250691,1.47891674022798,1.49503873519225,1.2889747234232,6.79680059003472,4.83587502785292,2.00978501941754,8.51463567108617,1.65467117487047,3.92459097912872,1.64245602319121,1.5608964028994,4.70484743694127,3.83665250689604,7.35055051656773,3.92851016425641,1.73691465178248,4.23749516550143,2.64405284515379,2.99232484502276,3.58464512660336,2.01153958765458,1.84395752956482
2019-04-25,9.42584120056196,4.26451906683113,3.58520364530368,3.02375003265798,4.43807310795121,3.54016165753477,2.67166636056915,3.59481254503549,3.75856637021072,3.09650063203833,4.06745294388129,3.03391103068287,2.84149576745152,3.08231069505577,6.84378281975606,4.94519023271793,2.8653968060793,8.5420144429245,2.90585771362041,4.69112707375647,2.93805149405119,2.75576544430434,4.58706266583701,4.91998675974872,7.33821502336559,4.56655769541042,2.79937759380382,4.28426986484754,3.72546347019917,4.01482794570954,3.48791388879762,3.07052093497956,3.11222608586968
2019-04-26,9.36814177635851,4.23813986269697,3.5429678087617,3.02769378123235,4.07428584419515,3.55686331303298,3.02579461193056,3.45560862576676,2.84139181272719,2.53609273700054,3.50340546946632,3.02041551744781,3.0041823172402,3.42035398978611,6.68565991563217,4.82934562038988,2.21257027854546,8.50040074308986,2.71513966800712,4.16306399649567,2.61722639372672,2.8833358809541,4.59731208096997,3.81755985680464,6.14639915542506,4.39102092291344,3.12786260194685,4.08931489919239,3.15977838328809,3.45739114041233,3.21140605832756,3.10743348978519,3.29342195042697
2019-04-27,9.59565947704379,5.75268103189346,4.27473440595846,3.87277243586512,5.34655717987925,4.35921792776326,4.05629899733274,4.45402977651894,4.77587022082889,4.21066090591464,4.9109155149973,5.06094216908828,4.57833357565215,5.43038281927413,7.33619932054921,6.16536203808649,4.19468012298883,8.90130367122185,4.45539295347022,5.49158376102491,4.68503185298402,4.27224228369193,6.03075466105842,5.52689572625261,4.58046516337759,5.60969495318514,4.10808689521567,4.82202208907011,4.7119221534545,4.97679819318251,4.42289844283589,4.32419151270103,4.5453390734291
2019-04-28,9.64265190187724,5.2735082247071,4.31480955682337,5.11315150882843,5.26336905885461,4.94475891415706,4.2844078888202,5.46425165792006,6.09241167836263,5.19394566654223,6.26696753859352,7.04148876299313,5.73143319638531,8.15960912824733,7.76685480859131,5.80070635560197,4.63945857248155,8.96508145358099,5.2750896086122,5.63511099059918,5.94742213940688,4.86011828535271,5.58532359662608,7.64775300732045,4.45516833111399,5.47357110114559,4.46009560481143,4.50485967469653,4.74601295595972,5.03061167801972,5.51518613462124,4.43320915726949,5.58772189805582
2019-04-29,9.52255308193875,4.55429822961625,3.34409005666977,5.77758304562518,4.33048122966218,3.88461381932749,2.4553209874698,5.89402795565897,4.89677436281857,5.06381969434416,5.61748913725391,5.50418012077876,4.02254348075922,6.24897703109789,7.85379301004659,5.16021629033984,4.00146442511839,8.93843605187597,3.92777182283223,5.15453439279463,4.74665277719506,3.19319265765685,5.02019293217205,5.13093401069325,6.997438853063,4.41803789576252,2.73055566223646,4.26356678264186,3.8766907481416,4.21980076121395,5.74882928287756,2.90179760576923,4.0469099063774
2019-04-30,9.55001417217873,4.868882502185,3.97829187465937,3.81053791250982,4.98310933060936,3.99206865254711,3.22642440311332,4.38840494099856,4.44660137694903,4.0781322121193,4.65032915424279,3.76966839669279,3.49038928266062,3.645578414868,7.29156272965388,5.50492671937516,3.96576354549078,8.82592433542459,3.69995806262893,5.38043091507171,3.85640328303833,3.41607806359073,5.28080978543461,4.89177305771115,7.12549300625378,4.99261681069725,3.33925986557127,4.62551979317979,4.48808008673067,4.76804586259549,4.32480971557007,3.66879331930618,3.64673150919418
2019-05-01,9.62601588672264,5.00261428579327,4.0986733151448,4.33869582318233,5.32524530580928,4.50598464046267,3.39700558408148,4.81005708000974,4.78102584018414,4.36001046523856,5.07545301488277,5.58062615217565,4.56299073257673,6.20480831873779,7.50308160776517,5.66936291689666,4.09707394114519,8.91627758537529,4.47240239479318,5.70418077666758,4.88247772801238,3.97264167915149,5.37137290448973,5.5404189187685,6.76120719506614,5.26616723280065,3.59696797121836,4.63539983880358,4.8269899937264,5.07431471959492,4.70047005244666,3.93873463788762,4.62264032996236
2019-05-02,9.24294065601862,3.19737532670981,2.7629156585118,2.23743166939533,3.45148775258536,2.98926628126934,1.79582184800381,3.19456318897515,4.8840069641468,3.79707794093712,4.41729171509506,3.57268866778303,2.61782274992109,3.44881490125624,6.67786585848632,3.99134872397063,3.78754676065465,8.24466386961978,2.93471375591628,4.22832327711504,3.7671899022545,2.24246895253149,3.60213286531922,5.50617637289069,7.28951193249809,3.61949909002204,2.01532862944007,3.43441426750119,3.13678385050989,3.57652649335689,3.53615119631429,2.09510244905778,2.68148637910868
2019-05-03,9.30394017476417,4.23288624130401,3.0078189606564,2.24107937249449,3.89793490912975,2.815999530354,2.00169157086751,3.0537086576325,3.89047340817573,3.07164937167353,3.82865838155985,2.25915801064265,2.06860200481102,1.86493283708389,6.59970643536454,4.83073753056252,3.04326042668466,8.44535694253471,2.42011871203899,4.3315889173854,2.65172439412986,2.10241452300143,4.63615171429316,4.67569210873955,6.98773465277337,4.10382650146891,2.10528309425784,4.0478727685009,3.30583812773825,3.66712307845766,3.13960955441258,2.41759061070838,2.26582107402639
2019-05-04,9.59975980232444,5.11179539969455,4.22346276114985,4.37893485881299,5.20370349698678,4.03372841775798,3.11172833212995,4.88252554348016,5.86328832333078,4.75620202818937,5.88066369940153,3.39248056271791,3.22244385335343,2.95386208326994,7.53817096431099,5.71955266381791,4.28042366822477,8.89079052675396,3.64995311281658,5.67150170911876,3.77417360904156,3.28734141423388,5.42679765231373,7.57371167588086,8.42189256404826,5.2203984506911,3.21882459043315,5.1259648453108,4.73736590734614,5.01156125242869,4.94941129926583,3.68305704930059,3.44144021308202
2019-05-05,9.42591669726357,3.84270974458514,3.52365741603188,3.43457731592892,4.28645699112135,3.54449738041425,2.77347070836437,4.11702358636009,5.4549161362044,4.30016981036134,5.27248828525179,3.32949246936436,2.99387569606816,3.01588108238344,7.12573744315807,4.60967501741053,4.00739950205234,8.52309366644545,3.30071613778283,4.88297667930242,3.67352612893227,2.93837546121712,4.20035106118071,6.81170477875973,7.08327378122665,4.38572809338942,2.9010289992669,3.95393475907036,3.88439302278046,4.24111170242039,4.31844381252962,3.07082554399533,3.12206409589758
2019-05-06,9.26170946903585,3.41047391181317,2.38715614907814,2.08795405038548,3.62397663324355,2.36895227897142,1.56563890459595,2.95244955623049,4.18001551660939,3.14836046366474,3.98015039227139,2.45334410077391,1.97245216720905,2.129926652335,6.54933774763914,4.19176075604129,3.06582860958489,8.28327119124312,2.35547962856246,4.21692403726913,2.77899197149402,1.86415680106911,3.80687737580489,5.15424136209989,5.59614081188332,3.73312578356345,1.68053763419144,3.06581469144714,3.13806078858066,3.52436837549969,3.12206375032669,2.06089301378525,2.03564369140829
2019-05-07,9.39521862202878,5.07644121485163,3.35407223064758,2.7721598983105,4.39275175075698,3.09624095499138,2.36624290068813,3.46699675508411,3.42408363944316,3.14166846441286,3.64322904245712,2.64891537196266,2.47155275389293,2.38470397672235,6.80929067591925,5.53003284808361,3.13711950580917,8.64642976086201,2.75291326769062,4.68918630441688,2.87743381083329,2.47963221619537,5.43013953433897,3.62418175217023,6.65896597115288,4.63845084545557,2.44055928552121,4.58532735206754,3.70795036257233,4.02502799377862,3.3865774654826,2.8572980172839,2.65172893046417
2019-05-08,9.23694976304254,3.44213127901764,2.24932141336122,2.10897542140433,3.46972717241715,2.14032985406148,1.39528179815973,2.78500652374509,2.65402572564316,2.27863698150813,3.0082282008234,1.70577475839172,1.52698824752277,1.50869452700379,6.39556956703357,4.18870641334659,2.08578507729594,8.29068573813388,1.75846421316356,3.89129697937959,1.8677114843609,1.51513173010826,3.86896587511371,3.19064430366575,5.57548296441763,3.60608982677852,1.49214495825353,3.04698390216573,2.75404531546387,3.10786021972025,2.67001297115129,1.88548891936537,1.71603827399902
2019-05-09,9.57836494586653,5.29595114120626,4.45315547768102,4.22671073889325,5.1474103749309,4.11523322678983,3.0322402917595,4.6706425247564,4.68562811211969,4.15864998559954,5.02135551532255,2.82281057474256,2.88100305343894,2.36948657390218,7.40618308713267,5.83511153038527,3.7540165576144,8.87473810222183,3.26768793448765,5.47973568872041,3.20005045407699,3.04872373700266,5.57852359316542,5.71452650987159,9.91727604774826,5.23852017993052,3.15214158276356,5.65055484224282,4.52829226261897,4.78673553064314,4.55721653925037,3.58274780410817,3.27101533113895
2019-05-10,9.38960424028088,3.92624851573755,3.06769395446482,2.72376617810774,4.26134740876365,3.01404930532203,2.62749292115217,3.33455092179977,3.80261846744548,2.91588060284046,4.03512620867621,2.71391287898048,2.66827014524797,2.69725413289582,6.70958041368449,4.66263424945362,2.70149067638989,8.44697025037558,2.72267154457478,4.50055401365195,2.69882693209874,2.6596331820607,4.2601211285088,5.27651198872996,4.77217981780947,4.39349576604899,2.67788291413281,3.40483587988626,3.54121203510137,3.84026508713783,3.27075485173802,2.99255708047681,2.79740118521287
2019-05-11,9.47210466596221,4.45359378174231,3.206964030468,3.32894478390964,4.63300427404938,3.20016283396506,2.81583000769885,3.84468988021806,3.34704528848732,3.15277279504399,3.83200661897894,3.2269139418748,3.04912725878083,3.30983252320374,6.96996821907408,5.12713837353559,2.98422990938742,8.64593925257983,3.0932207775607,4.8800955335116,3.08557711580941,2.96154689430019,4.81356999917928,3.86046505131015,4.3763919105032,4.70873533204059,2.86133056151606,3.63070069866556,3.93447967581737,4.20595379521095,3.63503522247071,3.2852801431394,3.11998666776408
2019-05-12,9.61204772939632,4.91154521385803,4.03339178419738,3.43005596852474,5.46226418204776,4.13471663166019,3.60024381032235,4.05647472706774,4.45868845666669,3.72312102685816,4.60305429825749,4.32983984852254,4.01964711291993,4.50520146618519,7.18230093574602,5.6199348865359,3.76878884440093,8.7955084218597,4.05934980761444,5.62309134989172,4.06877684258391,3.85516727923738,5.23023349827153,5.59320961523339,5.43092907484267,5.39662942167355,3.67487892978803,4.29187390981711,4.88134712288688,5.10158886678257,3.95812693070397,4.13824756376617,4.09130881461954
2019-05-13,9.25559630496119,3.81601944733358,2.92022406929485,2.24150518802301,3.5660211198983,2.99834794661751,2.40297818516919,3.05752270181169,4.07549018173261,3.19381580796197,3.95266329505092,3.20536811744809,2.74112776085172,3.23348744357548,6.56220769469072,4.43531330894737,3.15973641893344,8.33000231062395,2.79392138554016,4.02024371822754,3.25166947714149,2.52620432094163,4.21853019364101,4.85051650711161,5.47759402613174,3.90456876223864,2.52154212542592,3.53195966083135,2.98418354531543,3.3861539575244,3.22342913787664,2.50847032575327,2.81495656417423
2019-05-14,9.33518307363137,3.69770501184562,2.56427588486272,2.42487479639225,3.99483195936209,2.56116183953004,2.00011773868911,3.23316216487358,3.86459424942747,3.23751461721856,3.82716300375983,2.80949557671614,2.3910806840803,2.56054819594195,6.70249855785309,4.46605693457607,3.25355005637956,8.38678377298163,2.71125280199651,4.50878628031268,3.04804275964636,2.28973993316636,4.07283065818768,4.31162925484097,4.5348049246591,4.07655863452008,2.07463724528206,3.04880077706157,3.49510604346083,3.85002123233986,3.29724878499205,2.50473934476014,2.38709089751648
2019-05-15,9.32933334698722,3.65235426084355,2.42868744886204,2.70170565794046,3.89784106115364,2.72538082020847,1.94665792175797,3.44373238211952,4.1982969494666,3.43355185541568,4.17541001566647,4.03116073077764,3.0161455474251,4.34307741837642,6.77817935506738,4.40910291616103,3.26607334917284,8.38710208935413,3.09378593731923,4.45580397081666,3.71571432978597,2.50391871274955,4.01418906663382,4.95870382507938,3.97543092298407,4.0196420671454,2.08813009513212,2.88770761800917,3.39142206129504,3.75718964424694,3.53491860643175,2.42952287145746,2.91829143553021
2019-05-16,9.20734805716596,3.52139988592517,2.13403161940018,1.94785314286722,3.35088964049242,2.07528318447477,1.51815889134076,2.64354076745082,2.48199716832146,2.15182181514765,2.83583396459278,2.03391000674573,1.75611794544459,2.03105408114156,6.31261407456009,4.20480823360825,2.01503720392538,8.24570040275388,1.84999363148042,3.7132501394012,2.02777442542142,1.64264396794747,3.91811878350804,2.90079072286821,4.36402496891675,3.60476902872679,1.59596347658582,2.86513016733525,2.58069815495461,2.94806506022706,2.53728762912827,1.90301373890584,1.86439707595222
2019-05-17,9.5039314102643,4.85521113856771,3.99260773109192,2.96677519914984,4.98329857040848,3.6832002536569,2.71289245855971,3.57019830323758,3.15781893899088,2.91410735263088,3.57751267670158,2.45347774178681,2.57211338083041,2.16535418770643,6.89297479395683,5.48872733911207,2.92040906614862,8.65947174572859,2.84985727291245,5.11519864247248,2.62971482098062,2.72403875821232,5.11977000330068,3.68103757049394,8.68919335110462,5.03096200761437,2.81220473952228,4.99261299887827,4.23816647583714,4.47548662270702,3.33056587295252,3.33634421441004,2.95436302579303
2019-05-18,9.95849604669507,7.699936224735,6.03358646350485,6.54687661017046,6.98896640315011,5.61316779618703,5.18193033370827,6.66741566551584,4.60481594260439,5.52482049229549,5.50228741140758,4.53033051496915,4.85521260411319,4.17269118235262,8.45081231747005,7.91313225679318,5.28328695750202,9.64171383970336,5.11940479582605,7.08549902465193,4.77941566146638,5.11251542312472,7.96215950240554,3.79214325679569,8.48862899368353,7.06117845964812,5.17987334601087,7.16849247005709,6.37864633227592,6.5153395144306,6.22091255225874,5.72317553624257,5.09895765994224
2019-05-19,9.34972403452874,3.49372357387945,2.8656530245776,3.28668364891687,3.8511585185091,2.91489407597617,1.97681734278168,3.76384717203629,3.44362589314248,3.11064902354108,3.92723581012259,2.64885165775841,2.29961934467122,2.66112943451897,6.85741637271883,4.29116985630314,2.63327350142745,8.4382831910244,2.42431855012486,4.34369711911136,2.60454801709023,2.15608811616607,3.88680705453881,4.18634101191189,6.72494879311505,3.93327985710031,2.12614109428581,3.47599615612797,3.20135957510683,3.53476121255464,3.62631448921949,2.40189023932197,2.52234264241452
2019-05-20,9.47239042097805,4.41498310367223,4.00401908122285,3.46159241183507,4.59883695117999,3.91248309576349,2.90062967912733,4.03397634016555,4.24381007953111,3.67863811646047,4.46976449707067,3.03090908050362,2.92154888386709,2.81641075451,7.07863076591914,5.09194158174586,3.45669097314556,8.65136785435844,3.14033239435831,4.97491459356297,3.2155289311167,2.94271480982002,4.77904759878583,5.09232434661988,8.91907110892867,4.67925352043416,3.05024855701302,4.79234259139069,4.01762067434413,4.31573371413293,3.97992463515739,3.2699780209015,3.25376188037
2019-05-21,9.43998019910548,4.51621324007313,4.1091140656485,2.99991615226176,4.50088743721283,4.21694656478484,3.21070593278343,3.69466773324542,4.65898511026584,3.65154022527203,4.62182859474737,3.86827200066722,3.49967068057242,3.98305022041718,6.9300290859367,5.13731798382705,3.5669436390099,8.62861269745408,3.51673326036635,4.82610430224817,3.76345453561561,3.31123118044542,4.93130480592393,5.95023498639167,8.55091828524587,4.65217104753404,3.39248640676964,4.82752487473499,3.93372935418641,4.25014886426764,3.77366656115346,3.40709474760361,3.77661301949314
2019-05-22,9.31208918969205,3.47128051318054,2.98935939173409,2.48453570773101,3.81596502215127,3.04537670781114,2.01854126399484,3.15290122669738,3.72620499138934,2.86266843292154,3.88329360791538,2.67331156365096,2.32148486059367,2.67719218950412,6.60486029630393,4.2666389660131,2.61095380263993,8.3523832862308,2.44500671258315,4.23753733316456,2.64660135595594,2.17764805665981,3.87113111228354,4.98539650223409,7.37387280536578,3.90859299246864,2.1866144641714,3.63872001932095,3.17909284617422,3.51873659061767,3.14655273511559,2.40257059393802,2.58288910665232
2019-05-23,9.24855172691697,3.52371985391614,2.66751586724918,2.02718495123031,3.58303203426158,2.64804649845666,1.75352063714863,2.74798078362417,3.79263502710337,2.56111837390444,3.8433057313117,2.39698918647609,2.04773503140585,2.4265723489701,6.39396438898484,4.24825571921624,2.27559294370772,8.25764017264774,2.14549920799942,3.93855276751597,2.35120645567286,1.89642775619622,3.87988177189649,5.59856385916172,6.41699744109621,3.79314617620414,1.89151184392461,3.43740462871505,2.85709947424979,3.21185742284983,2.80270145344107,2.13230027901106,2.26668607337321
2019-05-24,9.10785335760884,2.53055508213453,1.57886241536528,1.01933068313258,2.88584099579113,1.62427904041983,1.08691612003926,1.94782892021874,3.04958593593898,2.00060857386999,2.94799857195466,1.70865373108993,1.36587689051926,1.54412967596262,6.00206140987812,3.41141102909062,1.99950640440347,7.99540226945733,1.57302218432797,3.39023453015441,1.89372316881996,1.26640183262525,2.98573469712839,4.12729332554307,3.78877729682604,3.04132836955277,1.17654859542909,1.96531451572036,2.26152654496396,2.67331511054479,2.06784818149931,1.45477935683496,1.41298537743944
2019-05-25,9.48715563857125,4.12574430763097,3.43457006859867,2.65710626998791,4.85801918310019,3.85564572885397,2.95422196232942,3.35269966842199,3.19225103665691,2.87488887842501,3.47669662945473,4.90643447788364,4.02221319637948,5.65749525049046,6.80205201771813,4.93709634497412,3.06173688321501,8.54064577342571,3.80630573581208,5.03404570778823,4.07122512386098,3.45295359205221,4.44932182471901,3.61807981777289,5.1890332674925,4.81145014375667,3.12418019050797,3.6297941518408,4.21610027812286,4.46613625357966,3.1741057493038,3.47775588683571,4.07277874973318
2019-05-26,9.39278197079628,3.4844611172988,3.55161802502954,3.12723483112849,4.11423174016273,3.87515423986729,3.33987576180505,3.73067569957288,3.97830453874317,3.43337075233031,4.18850958929606,4.19331719559777,3.74836387035904,4.62147374067632,6.8822387319912,4.28928118525778,3.30795646372774,8.40612081756045,3.51583549546974,4.46476582391819,3.82005011610793,3.43027023243556,3.84382992305267,4.69503919103424,5.51271554924968,4.30710058074038,3.48189557797104,3.47342223163391,3.51812173460194,3.8575944514974,3.72365690753832,3.33905042374731,3.85468257798262
2019-05-27,9.430488264253,3.80099900494945,3.17762073775312,3.09910634728004,4.39542208961465,3.27952256711486,2.36720175682464,3.79609231232749,4.07055450537716,3.63490902884073,4.16578697978992,3.43037802061609,2.89808895901072,3.31958015904217,6.98856552977601,4.6230821386311,3.56655851299394,8.5125386109543,3.17171796938743,4.9247562560403,3.5064588773261,2.71395105914676,4.16455266490832,4.40480242687533,6.48107279249217,4.37218205307399,2.50832958189318,3.64553338833545,3.94021364456415,4.26239803267311,3.7897639630343,2.8988812228947,2.99873529219695
2019-05-28,9.26090405976425,3.25984153190159,2.71541041313032,2.56851383211269,3.49087240030362,2.75644909998199,1.71908487136432,3.25729348321433,3.62245504571964,3.05408218917825,3.76875251634958,2.55608459628015,2.08808725812164,2.44383632061926,6.6334788171987,4.04548204369996,2.79459720542619,8.28469898943801,2.30133256613779,4.06393719250127,2.68085345216377,1.9228106437265,3.64875311403088,4.22324959989068,7.17223235835004,3.65543938184911,1.89029961297616,3.43266920533311,2.91879373150662,3.30360433824452,3.2884549986658,2.06829039026006,2.29630209503277
2019-05-29,9.50767414039886,3.66436449371824,3.81540120241957,4.72107240599456,4.46804746488185,4.65291953422165,2.89593196180629,5.10515964950195,5.57520546091284,4.82551359656937,5.78635117748302,6.73598059732633,4.87869165991317,7.94275850328525,7.54867534776751,4.50907269104926,4.10829433602458,8.60600326790619,4.54306310477901,5.14919618831364,5.5290747441331,3.75795854075844,3.94655398745748,6.82267613868622,8.15375397427596,4.52474952242841,3.26483546145236,4.15451020482579,4.05174621629727,4.38760685127739,5.16227025932012,3.22003074944509,4.94177697229183
2019-05-30,9.31981843900324,3.14413986064675,2.79567413677068,4.14380617744829,3.44480316183412,2.91655473922087,1.80938765204719,4.60000276598446,5.1963385966142,4.46390533899588,5.34384393059438,3.0112546812222,2.33762274312092,2.79181716896646,7.23190470860806,3.95096973742806,3.62916208903002,8.42786291206563,2.65320251150173,4.34959610055754,3.28723510215018,2.10948421380831,3.546807930699,6.19809834632191,7.47049379624036,3.60828918588492,2.00517157911119,3.44983021558981,3.05010632880445,3.47324118850903,4.74871131700902,2.09889713812588,2.47633900671551
2019-05-31,9.25168329083401,4.53060435196424,2.85734742417047,4.03775811830852,3.01964333098888,2.95324018175449,1.72388584010805,4.3880685893738,4.32768244189417,3.89485858453802,4.77081340576478,2.36174028920716,1.9407443842237,2.19543547119976,7.05448727144921,4.93037569491765,2.94861996377084,8.8514977888559,2.12641408157626,3.87131494349545,2.60065549826548,1.79991800799577,5.42124621195189,5.16684518480804,8.97272760921204,3.24220510283843,1.95309228982856,4.51236943540053,2.49899682473971,2.93175936338326,4.41595953795256,1.83288252742209,2.26580589095603
2019-06-01,3.71833252744077,2.08314965301964,1.62532954477399,2.31509234749188,1.89359912459102,1.73696654797254,1.1049208841955,2.39986959835892,3.30268091636274,2.44302558356022,3.23807458899675,2.17226940727462,1.63820580508965,2.3197500669747,3.12838975350738,2.26376047691451,1.87699908798505,3.50596721039931,1.69400943971684,2.20354271047216,2.0200091575016,1.37397879715421,2.20976140280098,4.75544923057827,3.59952435757298,1.9574611261863,1.21178483908384,2.13784074501908,1.74631909098609,1.8758038687993,2.53105139722051,1.29965253945601,1.67953351048776
2019-06-02,3.82278841078561,2.39835036222353,2.17211092337642,2.26164450455526,2.52832895100979,2.21292780895967,1.91667911136201,2.50787367780936,3.61612984969561,2.86492038020451,3.30839936980472,2.43941763076498,2.16813587762805,2.28218542364452,3.28299040026427,2.60935574152845,2.74277043983998,3.60596503658993,2.36204294237595,2.78878271498197,2.6017844273343,2.09912847143685,2.5075110671219,4.47522272900781,3.1713295114235,2.4999351371591,1.96183394864929,2.34539003726357,2.52841432609531,2.631786854596,2.69579807564009,2.09137862189323,2.14031829825821
2019-06-03,3.72129678082353,1.86194227241467,1.44222714936143,2.2715289970828,1.89545176577702,1.6659055274195,1.13491593284707,2.44839059051159,3.19898616816243,2.65911297984657,3.04494167329634,2.60673001441532,1.87829889058008,2.74933464445408,3.18173259321608,2.10619663371743,2.30415408879133,3.47591706470106,1.97818593907886,2.3127806649383,2.4797011111898,1.53077617627137,1.99705058186439,3.83220283405169,2.55953165874076,1.91362735895348,1.2362297505308,1.71864910210498,1.87631649388991,2.02450473847726,2.61143517639612,1.33654299447236,1.78881675341771
2019-06-04,3.68750794330242,1.73872428601753,1.34698738292933,1.84817801939473,1.78856803283479,1.3404829096484,1.06501327653018,2.083976177502,3.49550602708248,2.43961110715852,3.18464243448045,1.52728263806445,1.2714030705028,1.28418329637012,3.00776723672537,1.99488073276147,2.06857349575041,3.40284315789803,1.51219008958069,2.1488746020082,1.78922018098289,1.23100699430503,1.87477886276853,4.91341199648555,2.40579287051729,1.82017684033637,1.10326796850408,1.59505381873681,1.73222418444786,1.88165681966012,2.32330071289971,1.2462612437992,1.23524441811951
2019-06-05,3.75984055844588,2.07991837246765,1.53012792060354,2.79994203504356,2.0198066568702,1.53111002399319,1.33907188069536,2.80478749796252,3.47124648917225,2.76565789731975,3.48997539544075,1.83199286570177,1.57791773315004,1.73678995738185,3.31606842682353,2.27916501110828,2.11876893448264,3.55650081412593,1.71950829115447,2.36148937695845,1.93355557419028,1.49808920767699,2.18991457302355,4.7713606888085,2.02235573328924,2.07765897290003,1.36328473201342,1.7782776609905,1.90013749917722,2.02555020953014,2.91210667368393,1.51569243779876,1.52825303535482
2019-06-06,3.91249632216541,2.53175748239537,2.36832847168329,3.78683525906593,2.74374442181944,2.36800274358648,1.83104449449992,3.63081977645033,3.76909512246949,3.33618219193144,3.98424686633566,2.47735658830202,2.16589110808456,2.45738138533009,3.74593270806021,2.74315631737476,2.57402298514265,3.75122412591073,2.31304531621921,3.04693165608673,2.45418899126757,2.04933213013174,2.54330454180077,4.93244310643545,4.14054961999196,2.70838049691231,1.90131768332509,2.69449505370311,2.63772689413618,2.70589274733448,3.62309675580335,2.12644630625624,2.22782952056413
2019-06-07,3.80917327636718,3.15402790383112,2.22129128258407,2.4826347940477,2.4200186844443,2.17972475571521,1.82860618919714,2.63545111194107,3.51889328589666,2.82457467395885,3.34877847710401,2.16235417372448,1.9714116961379,1.99637500311558,3.30648322820383,3.15030393062856,2.53186761727495,3.80128414584189,2.14650816948341,2.66237182427885,2.33468313149248,1.93821157632457,3.39717356878815,4.49052765317673,3.75920188577622,2.47035896665377,1.87637888486172,2.92527439991828,2.34307262388981,2.44986664587961,2.78112119334869,1.97246704740979,2.00790041027405
2019-06-08,3.86430477918324,3.4402494093909,2.16664042172191,2.74269513161875,2.72605730968509,2.09169075442991,1.78839759273948,2.88072108007,3.48243008514038,3.01522022863212,3.36109333316883,2.35706538746978,2.07406728525911,2.15447073764037,3.45446527771187,3.42146719470488,2.76072437123654,3.88128571038189,2.33204356848934,2.97605890214868,2.53463062285176,2.01852429158246,3.63477478715778,4.10080854112782,3.03069781739136,2.72970934207419,1.81063693131238,2.90590264267783,2.67446927362903,2.76087406284591,2.97849320293106,2.10014688637003,2.02921297212197
2019-06-09,3.85733575840924,3.30662901050297,2.4490144229267,1.88368702162914,2.85749941766885,2.50048580412077,2.2796739576747,2.15272547885062,2.9894734517807,2.32745671033234,2.78518822849502,2.72508146268663,2.52358631066391,2.81986590591635,3.13686464200879,3.34124857134959,2.41492698353543,3.7903933620352,2.53886559736468,2.86607727866568,2.60236339126936,2.41730896964633,3.51103157612277,3.84708402489878,2.93344586954717,2.83845273454212,2.31154127215585,2.87922125049041,2.72236368630897,2.77820206408533,2.23028796843125,2.45945602741441,2.52645232758371
2019-06-10,3.72952039466665,2.25905239287263,1.72735111029017,1.99180414938192,2.02034008773009,1.7971070552025,1.37264661306681,2.27521139222781,3.04606323545548,2.62893001898482,2.78867083542983,2.19152290395211,1.7563894442758,2.03277682956816,3.13470557308846,2.42114024484071,2.52800766109801,3.54780835732623,1.97971213820008,2.39740845811765,2.379096129724,1.61526112970248,2.4473457693104,3.24381711370936,3.19663313691662,2.05157880785526,1.444447002593,2.15696015382106,2.03342480572675,2.18165521227211,2.45922762213026,1.52708800243267,1.71649476823027
2019-06-11,3.76632371514129,2.56471463953925,2.0365335424256,1.84090535141656,2.30078623067368,2.05759936363259,1.63830296369529,2.08558777298147,2.90529336217673,2.26337903898561,2.72834875462072,2.13732206612312,1.88044308732671,2.10532043066788,3.05117368557932,2.69353437865909,2.15979132347574,3.59440855931028,1.98877547727956,2.47044871432982,2.16130928072192,1.7838754399645,2.72948771315224,3.72434897570467,3.60038801422614,2.32280108872898,1.7021584640393,2.50431839033551,2.18193968744927,2.28386372398691,2.19774769081193,1.8098054816536,1.92980536204724
2019-06-12,3.69497421943864,2.51716472688535,1.83834076758645,1.32870222605161,2.01219801200396,1.88717876828182,1.36240855573353,1.63620899290971,3.52953964894675,2.05480314325221,3.10890291999616,2.13116916338023,1.7377026873013,2.25136061595652,2.81841254345897,2.59842848246034,1.81170606030108,3.49673898017839,1.76676217589068,2.13988461155633,2.01137552103764,1.53903383994577,2.67627542736716,5.62667451921066,3.64710288587685,2.12120283380813,1.44875444802626,2.47136205798406,1.82658004692167,1.94694260461004,1.89219067155877,1.501252992145,1.79926934683234
2019-06-13,3.99043182999056,3.45901812028525,3.65165094827155,3.36880145198624,3.32772615630409,3.66667435619161,3.16472419958893,3.52027768537585,5.5718028864132,4.14651349792504,5.02205936210458,3.49719676493372,3.28685191942726,3.34458600745491,3.81820326251496,3.50811293124813,3.83179562003717,3.92556190476254,3.43675587544215,3.53674815616889,3.67986684020896,3.23752168157312,3.52819040601101,7.52018856866086,6.05137707247182,3.35763885665939,3.25222063040285,4.01332456583804,3.39858589457207,3.47187990455732,3.86143543402119,3.16196291371924,3.38808073226018
2019-06-14,3.88054408830207,2.89711600507948,2.792401669171,2.44098855918646,2.87220473618238,3.01477459877693,2.18412586549256,2.65172733592036,4.42783321343523,3.07852709500825,4.00565556123681,3.57334947920951,2.89838940011314,3.88028332205149,3.37341725106267,3.03637122349307,2.81136011692118,3.72264982950484,2.8954260307045,3.03787761034423,3.24243716502506,2.5330777682361,2.98405943138811,6.37350586741911,5.27033615505355,2.83924563078719,2.33234333470807,3.24938014722206,2.82927602290197,2.90144343478225,2.89375945006899,2.3841880361792,2.97302826083065
2019-06-15,3.93445110354046,3.8941848415956,3.08168845759691,2.74089209875284,3.19151944599078,3.28696035229027,2.74294932863979,2.99570394709463,4.7118796627792,3.59373640145699,4.1936781016122,4.34128221496378,3.55614900852949,4.68914720077105,3.57416034822825,3.80470840378095,3.5035455226823,3.9267698192049,3.52426235482865,3.32766066135737,4.00509154122159,3.12682134529434,3.9896335685468,6.03768766074387,4.06776980936216,3.29402565914621,2.84543511187297,3.70924135326703,3.18761529042955,3.26677717444413,3.28306161806117,2.85856727050248,3.48337128500845
2019-06-16,3.88597331607699,3.10586825351318,2.58176419242547,2.45503499120036,2.86717484551448,2.62577345680728,2.46451892192949,2.63750994943079,3.1558338834138,2.74388928797615,3.04317448206706,2.68545587397438,2.57725825394951,2.64964881523431,3.35342779053148,3.19271304403876,2.72594693643901,3.81546057700937,2.64190406233268,2.97837638145217,2.71514306954151,2.54347120199781,3.30599080758626,3.66952099907824,3.16139188601238,2.83313131182866,2.49180895640832,2.84520501247476,2.79900771534899,2.86478876896171,2.70080739029612,2.57473872278989,2.58394550990531
2019-06-17,3.6782895181863,1.73453478948989,1.52334363727836,1.48353747431611,1.80950203898797,1.54637118789583,1.10981248793015,1.7919944840416,3.23304185444312,2.19096900281112,2.87784964524314,1.5713350668565,1.31389132174379,1.37129079615986,2.88613846345439,2.00082196091178,1.98047676007606,3.38409195319925,1.5281404883139,2.12003853999277,1.7846652606358,1.26148448908247,1.89652936721931,4.53524593618652,3.36622587299177,1.81319701167134,1.17933552134114,1.82731881801932,1.74953047673292,1.89254497329833,2.02517077344695,1.27598954653065,1.34892832908874
2019-06-18,3.84327434262587,2.52003036484067,2.15897376790192,1.95734541044107,2.72908617480465,2.16196184571614,1.76557208756264,2.27231287510413,3.63963483341834,2.69478214801533,3.24159497297163,2.27738930054021,2.03007776254788,2.04003163150233,3.21024716533895,2.75422022603571,2.66965289736913,3.63382785308636,2.31315332974978,2.94753773802969,2.4784275106625,2.00138943841744,2.64400432657138,4.76005399113067,3.47730334413242,2.59728070447145,1.81122245972783,2.42373734410364,2.73899121650259,2.81699907860002,2.46228203562285,2.10164479473611,2.02463637351748
2019-06-19,3.70037277347243,2.04464415445306,1.5153676822731,1.06997067043035,2.04709392437515,1.51701411038082,1.16146748517613,1.52418751943627,3.04825918708825,2.09638094635613,2.55045900054414,1.63840239908478,1.38573582320261,1.32882454194555,2.81935086146974,2.28562156133677,2.19959731574356,3.44351983704065,1.69449382749609,2.32514315220096,1.9448155369808,1.36963866646872,2.24809196300163,3.92563513952935,2.87694733792283,1.97916587518842,1.20734281812203,1.85787892681227,2.04719444507904,2.17679104972362,1.77162740768196,1.42938943458122,1.36232140631908
2019-06-20,3.8360886880605,2.21052853297699,1.75263896798533,1.31379227148766,2.81063272117973,1.95555821338966,1.35421885642995,1.7834400141543,3.58513530597354,2.39886333470473,2.99441323168581,2.77259700706727,2.13040210189795,2.74136247076367,3.03198774506254,2.57351082229121,2.57381480935305,3.56279925206576,2.42219988857072,3.04684869542221,2.71962201081974,1.88638111033497,2.35862263321592,4.87515600852499,2.78490800587386,2.49878873637311,1.43685280915453,1.89692943122255,2.89255952873424,2.9543028435551,2.0108690137149,1.92346569812993,2.03443292859388
2019-06-21,3.85623232038666,2.27020226024848,1.7797667680743,1.35126388028341,2.93856738035818,1.73044469198952,1.319840259915,1.73765122365823,2.73558718814372,1.97665643465748,2.43667030809025,1.72556834156906,1.58112543636822,1.40145837589363,2.99679514842043,2.64222740376425,2.16841662677188,3.5722856168696,1.97249730362827,3.05976230867636,1.92925078092083,1.63513257628071,2.38285897438556,3.64404052008958,2.84171535648363,2.60385082860101,1.33991070595215,1.94597063934989,2.91042070631149,2.93868518621514,1.79168221509319,1.96267418352257,1.57812860781813
2019-06-22,3.76445982509629,2.33717754133737,1.5323124409936,1.94320440484242,2.24796141199485,1.53144059688072,1.18604074685553,2.14320172865734,3.02970941011496,2.2567743537244,2.88582056662639,1.74636297475696,1.48346377379529,1.60391374506609,3.07173317462578,2.53882234912675,1.98858407038911,3.58869673301203,1.70533540685478,2.49402590074759,1.84739905056857,1.42196833633959,2.52213551962184,4.18697304961554,2.49669742436734,2.16697144716579,1.22225448387079,1.94628110790956,2.1496227539403,2.24492310072055,2.24333487659606,1.54037754497062,1.46463170078899
2019-06-23,3.72279104820923,2.04860432328527,1.44069451483986,1.41010072178063,2.11907241588696,1.4171168173857,1.11391800196179,1.69908790153629,2.82596766056091,1.90515848098723,2.59230206780036,1.50921733620249,1.3229390777348,1.34980215178695,2.86426426693931,2.29764044639728,1.76502066109705,3.45656640456846,1.53038367185441,2.30624993745306,1.63162000962873,1.29749111540924,2.19857470885743,4.10748173193953,2.39252032162894,2.05716231287155,1.14362979089464,1.74912287670911,1.98979611994793,2.08982856815781,1.82621859429213,1.43743610293562,1.32163728563358
2019-06-24,3.8762319976921,2.41799846052144,2.07259825370903,1.88867769632709,2.94718625675602,2.04599806114661,1.54483160948515,2.23542733896564,3.77732263070002,2.69602003384252,3.31976498186598,2.15290546831549,1.8804167387447,1.81208599772042,3.22922026293626,2.7368531504451,2.69371537017025,3.62711198298385,2.28798440426683,3.17744893482324,2.41237374640995,1.87886878004534,2.50553350540568,5.10430608753982,3.58734191805083,2.69084335998864,1.58948474777428,2.31184667505538,2.99417716807968,3.0483542007495,2.4224772324931,2.08274397758714,1.8703468924339
2019-06-25,3.82516939009935,2.51199818647963,2.20325734410526,1.72422663286006,2.68163324374706,2.30121779557804,1.81816124536448,2.05606418807156,3.95565001501285,2.55932449783712,3.45625791512908,2.6461660118377,2.25325427202179,2.66153037284434,3.10072796696,2.73250205305548,2.47550289768302,3.59309507805087,2.39168963296012,2.82760739573547,2.59556637527074,2.09118543158751,2.62332878598704,5.83048528230393,3.54883990906697,2.58817013862651,1.89103327762482,2.46712093868718,2.6368126840134,2.71223575137742,2.30192788825853,2.10580842837243,2.25880622252233
2019-06-26,3.65308728485452,1.79686120455509,1.25434657487919,1.18772954885431,1.73251071135979,1.24066862464518,1.04908919458455,1.498301025464,2.1189910767554,1.63818342848719,1.9878436453174,1.29963801394098,1.16078561571869,1.14569926473405,2.73127734642183,2.03081771608906,1.60396344256756,3.36283621034117,1.31216402198523,1.94569931896435,1.45889151031746,1.14604785349908,1.97530229810176,2.61256702894637,2.03338052703035,1.7654851306417,1.07415264713308,1.51654256930499,1.58441380838956,1.71881737434592,1.59045937150128,1.21555793004848,1.15340361706884
2019-06-27,3.62414415733069,1.93363029459528,1.24534844786829,1.0098113693672,1.58197056180179,1.242277163673,1.0310106440879,1.44461355373851,2.5973331542324,1.95239460740258,2.19951987183625,1.33199504333661,1.13775897393016,1,2.7277559878729,2.11079708630397,2.03023747743619,3.40387570004998,1.40250766758474,1.92116393007273,1.70913395903881,1.14389864785987,2.21133662290029,2.95974555423265,2.35400888125065,1.6267489194279,1.06618557079643,1.64704900613609,1.5622393400955,1.73375951295221,1.68151364405846,1.13213854404575,1.09795212688652
2019-06-28,3.61953906692179,2.82847531977765,1.36742283770256,1.00938096376579,1.55451705579165,1.42753270248075,1.04035810836714,1.37670184051045,2.67672575584274,1.76030128099417,2.34177128983456,1.48045135858938,1.22876032874178,1.37808391634434,2.67102046854123,2.78374867338026,1.6828353262735,3.66086409822378,1.3532975565641,1.81725050540283,1.61348562626093,1.14767063989506,3.3290220095682,3.71004700543253,3.13387508793752,1.60965982907387,1.11293965779491,2.31988117994246,1.44800474700629,1.60514477625248,1.59213177590338,1.11595008604864,1.26896326081055
2019-06-29,3.89973663145234,4.17209247625404,2.71416813809666,2.72460472546359,2.93884101938695,3.01560802468647,2.18294684130645,2.85635983927211,4.29285646366365,3.11664811600556,4.00889725451044,4.0060288873285,3.14046420594917,4.53791573147714,3.45711389920033,4.00920266771188,2.76059417392719,4.09470947023935,3.0382733684533,3.08873286825937,3.43863497571,2.63319431903248,4.51597021853544,6.12815061548848,4.6645149870449,2.92442769805604,2.33573651128797,3.7877170934102,2.85699980500087,2.92003707363858,3.03671165033921,2.41821866160555,3.15971194899042
2019-06-30,3.84927596836108,3.20188937551331,2.39097578559642,2.30437704748533,2.66875014644388,2.44968014098806,2.10704150510475,2.56653826716316,4.04045884703275,3.0315823598616,3.62821741847787,2.58351762836517,2.33368460870194,2.41235664527126,3.32972565354977,3.24611266469254,2.90445803712275,3.85768539385725,2.53217775662493,2.92183380572619,2.75901117490017,2.27776017216708,3.50624009853098,5.27245805928433,3.72439572786533,2.60501685484727,2.16283774744202,2.93036310674677,2.70007806818282,2.79509952288052,2.8034955335343,2.26848559270255,2.33132985270271
2019-07-01,3.74711373700485,3.64350248377428,1.76394226264622,1.57753164582371,2.23900229178055,1.77523082245847,1.25902792325349,1.9755758892046,3.15766860177853,2.49591933992298,2.73111027799096,2.0474800397373,1.63900269947504,1.76498854543655,3.04389490341032,3.52272676766209,2.55826141894549,3.91696649823027,1.97699694778059,2.57216380450344,2.32414963131157,1.55061200724373,4.1331185228329,3.58488307075461,3.65311028545575,2.18462535690197,1.32838290129772,2.9566864014632,2.27800234441134,2.40564458203099,2.19547958250925,1.56459938604032,1.61551980756285
2019-07-02,3.71987382188906,3.25427382492287,1.46368402075278,1.72155686338888,2.03177698842806,1.44861629293467,1.15300156641501,1.93793434896124,2.68667504621131,2.02248334183239,2.57911032937307,1.5830756934676,1.37076315560237,1.46633831158836,2.95115544361846,3.18779549263608,1.79791373551033,3.81767627422379,1.54004280856515,2.25236585082403,1.67889704884593,1.31936606518992,3.69113539813334,3.64936002762916,2.48841649493319,2.02464417739014,1.1868858428684,2.43615601393718,1.89005696502414,2.00109508357674,2.02754411988551,1.41382212529115,1.36891236009505
2019-07-03,3.78444105319643,3.9476632741481,1.7101729486598,2.26088256744831,2.30742074809407,1.66783847130257,1.22525963967987,2.37990707832967,2.81589981889617,2.31228985033117,2.83086979052958,1.68923566527142,1.46850415537758,1.53887273870576,3.17011445078995,3.76558055361584,1.97302165112701,4.06554766224645,1.68949224176447,2.54987259606666,1.7914998525504,1.4280538412852,4.48091613716449,3.69778426537405,3.33288006281687,2.24331158952067,1.27296476687694,3.0345789565583,2.17984220217904,2.26809467865346,2.40832717419988,1.5800114180665,1.50840910563821
2019-07-04,3.77108109716741,3.69887313060008,1.55713495598072,1.97631979254662,2.27506238039207,1.56539027909932,1.20651396583449,2.21577916801505,2.83373461360184,2.37294636689685,2.68747970895912,1.84188158687112,1.53536153706849,1.62793707956831,3.12254920881843,3.57968071775798,2.23413966839683,3.99553107966435,1.81552009438333,2.57732683116535,2.02331189057351,1.47458658096779,4.22765514873679,3.33961244371863,2.65840066591847,2.1778877484679,1.24558337941299,2.69311905130055,2.24014275785413,2.34413109856952,2.30741651659807,1.56631008478248,1.49254736034028
2019-07-05,3.74069743661118,4.86048983612309,1.53525509489058,1.63524597557389,2.1924737055149,1.48910104124605,1.1549882306802,1.9284767160597,2.75103055466764,2.15188247498014,2.5398965654032,1.65973072479827,1.40974979459458,1.43052080751031,2.98515057509722,4.43709560086638,2.07472229167035,4.26728754454899,1.6802332075246,2.4364835410608,1.86087208214463,1.37614927832974,5.64402181098568,3.41302341681732,2.75156558269517,2.15199276314746,1.18601058981984,3.34802671409787,2.11215168431599,2.22084726297742,2.04491345553336,1.48988771635088,1.38501050720299
2019-07-06,3.75650303668033,4.15223013819353,1.48343604579111,1.68373091753676,2.25913640459933,1.54634514345472,1.13500165558568,1.97368891735402,2.27342501356539,2.08009703344481,2.17583350403822,2.01454497880881,1.59981995667375,1.92227743267569,3.01570537880306,3.92328082190713,2.10690089920169,4.09944304878871,1.82959383112104,2.52231094615313,2.06610042873657,1.46047721759924,4.79701430224682,2.29228180629321,2.53183771076623,2.15565991260109,1.18630537998127,2.87955177588183,2.20602506683875,2.3066027545398,2.0135518704102,1.51868360038854,1.54486908064517
2019-07-07,3.7089923344858,3.05042330253084,1.69580575359476,1.23901315800785,2.09826574498576,1.62391588732259,1.39861875727982,1.55486042516527,2.23184766314573,1.68701126515916,2.0836539637231,1.51608955881059,1.44742511757814,1.38689913083002,2.78955196071242,3.02908412842219,1.73114460095855,3.67706364263409,1.57494939318947,2.19297025524967,1.6329991758053,1.45799280196031,3.3779578811695,2.85824326328496,2.73820725501116,2.14505840476495,1.42061983286892,2.48417317895803,1.9104679341598,2.01537838443015,1.6280822056805,1.58100583054008,1.48681808001839
2019-07-08,3.65858559816664,2.59884061358874,1.40426175627142,1.2414351549189,1.75831710341893,1.37823906671164,1.18054961311733,1.49577718113264,1.99511842537576,1.49647945192587,1.96070263587638,1.26225621848844,1.20798571713779,1.19250508561682,2.71291311017499,2.63612523059791,1.40054803931083,3.5856508106126,1.2753372553411,1.89516668519861,1.33288122193249,1.20518631059525,2.9491815013488,2.69234090098512,2.40108440847191,1.81952094516638,1.20884635441878,2.07561603156466,1.5387141307536,1.66081731540879,1.54303406585003,1.29877673267068,1.25624067022762
2019-07-09,3.71368374659057,2.74507902882073,1.63310178348993,1.52825084932378,2.0340484230694,1.60179497842024,1.3964100905264,1.82875449080561,2.55245681743281,2.04578321549855,2.36307917238402,1.61871947374888,1.48885977794828,1.41564527023893,2.91743874365011,2.79294845619004,2.02690760984113,3.64645944728035,1.67202770337375,2.24902172540097,1.82931716641878,1.49156761377542,3.05837575452396,3.0359700628397,2.57682134758007,2.06006828701311,1.42163585903595,2.25166206224449,1.93328480824882,2.05657260077731,1.94728150801439,1.55551687512053,1.48454156368612
2019-07-10,3.66664125471634,3.37477226779113,1.40459735384753,1.21418336307968,1.79808738925626,1.42260378108494,1.18611766734803,1.55522455230842,2.48174372308157,1.83158751944697,2.23839586686962,1.48408832240244,1.31615172553942,1.31510950895339,2.77443131160696,3.24124954704317,1.81602270197355,3.83573908390858,1.47971287352004,2.03563481155851,1.66707992839954,1.29205026744907,3.95211015483361,3.14374498306299,2.50866426362144,1.81221402965265,1.2240298501209,2.47732668262105,1.6987411535378,1.83563388779271,1.70492055861461,1.32603701050398,1.31365800910825
2019-07-11,3.74929379535364,4.07019369443666,1.81984638722035,1.52768474747784,2.26352588049104,1.77494822113389,1.62904386701489,1.83592488384132,2.65069371465014,2.05743703918772,2.43826390139962,1.77707900957303,1.69374541685571,1.60533535059309,2.94187168107705,3.83209123339156,2.09176230044643,4.01250488692827,1.84988849824834,2.40245767828653,1.94483387010692,1.70892216434962,4.6362703447973,3.29272570403185,2.53821363884201,2.27983570526482,1.64129593630115,3.00149829724965,2.14350112707031,2.24650365761913,1.94710839495267,1.80119598906153,1.68692076174008
2019-07-12,3.84401294757352,4.07107685416186,2.39543639797946,1.89652465459397,2.7553138461723,2.35813797767575,2.36096736765475,2.10938422033795,2.39535924221211,2.05888266698883,2.38386081673933,2.17367614477587,2.27494541373294,2.15474896895964,3.08720025690171,3.90201633583965,2.15744579979255,4.02726355586841,2.2767788099232,2.71657697499239,2.17204183254268,2.32626344396322,4.51292417518694,2.89220991534352,2.57211660566176,2.75629600778082,2.35345611488187,3.19021951807142,2.56106452600767,2.61374547389139,2.09302632438063,2.46441118142423,2.30974500189
2019-07-13,3.90687482897295,6.09257933690732,2.67714396492809,2.23124965977467,3.05414874211059,2.68863864385668,2.64150251537478,2.41455541576736,2.68269935029443,2.36239248679821,2.66913816717811,2.59530240415655,2.63803039932499,2.62409935987292,3.25770184025749,5.48956111899269,2.45960314418505,4.65313474669945,2.63157139338778,3.01605378001225,2.53530197332292,2.65313237970059,6.98260713672559,3.1798028344839,2.99220308702252,2.99990353538796,2.64465201546035,4.40375007794585,2.90233518346821,2.93590848669121,2.39097867754801,2.77193722948259,2.66805768507047
2019-07-14,3.95604167568587,7.03148168714097,2.84365060265104,2.66241023171829,3.2491702704782,3.01202810675761,2.827948623174,2.80893735626329,3.31429351626873,2.84311510098508,3.23258249541865,3.44955825520074,3.1793726329461,3.69252116648161,3.46128407803841,6.23545479377636,2.84231835188197,4.96828863271529,3.10799633691555,3.26941711198216,3.17572789474505,3.00248129852834,8.1134269221553,4.0425771203098,3.10609520370018,3.16532263071697,2.86755873392589,4.96167428756336,3.16297074934447,3.19275309074949,2.83427043140198,2.97525480174544,3.15365604466601
2019-07-15,3.83004041391037,6.56165883102407,2.43636468970702,2.06474515110014,2.61823871889688,2.44618658632831,2.39217137612947,2.26660531052632,2.81342864956356,2.32995218396178,2.72545533537572,2.33000706397016,2.35274116175165,2.32150511178227,3.14871075109135,5.76532163960068,2.33229663395789,4.77186337492348,2.34597937096882,2.65842915073882,2.34548967543065,2.36342477491381,7.65909664197723,3.48032142497893,3.07259782844822,2.6521978053126,2.40550475654865,4.62244199932054,2.46881992638315,2.54386340101288,2.32128516324491,2.41329474676153,2.38706867175157
2019-07-16,3.955147058991,6.29928815175771,3.00876919039213,2.32541631193414,3.29908362959284,3.1144994867179,3.16377253587509,2.56575472373257,3.65343346806269,2.82282131378699,3.37160489197285,3.17485024406114,3.18810106983057,3.23838202651298,3.36897497722217,5.6862697231296,2.95577890612527,4.74589753167394,3.14491110413766,3.26419608206126,3.10238496414372,3.17700011487068,7.2401570057875,4.77916015413176,2.8905536359362,3.20996285307533,3.16749488923621,4.57078678579152,3.23814605131343,3.26776737104297,2.67875119912342,3.20274581866486,3.17417861672812
2019-07-17,3.71292320223587,4.36069089280693,1.71567634259113,1.44288852028389,2.119400555498,1.60784774109747,1.40099827490637,1.7318180757717,2.682931455384,1.93531796081695,2.47644559018132,1.69912892043328,1.53649088043896,1.60485212225083,2.86762636227027,4.00620649710924,1.85684289297373,4.00605396949841,1.65906215355553,2.21804606695405,1.78939944772847,1.49637968766089,4.89226293770071,3.63864272804218,2.55935326136673,2.25600398721193,1.41489048822555,3.20285771369988,1.91089371736805,2.02411653582259,1.85751947274492,1.58185112903796,1.53742744110164
2019-07-18,3.84640694045276,4.3740640218459,2.10285374695392,2.13504989276085,2.67464875536391,2.14414497800543,2.01084846540316,2.31186418766319,2.63958772674765,2.26560688073652,2.62923406782819,2.16376951770489,2.11040787402424,2.10757735504483,3.18018080994038,4.14879065227994,2.22107642867307,4.21298631159444,2.20077106107945,2.78241177323994,2.18339728229915,2.11073841385332,5.01458044326345,3.2280114779237,2.55608450359986,2.55846243106613,2.02594832951741,3.18484027429685,2.56605769150117,2.62450549298435,2.30964789477201,2.23444215400773,2.11299284718398
2019-07-19,3.69119425355235,4.60815221524492,1.55996360847758,1.42854950973275,2.00987092825602,1.49969061471606,1.14044570783894,1.696610125564,2.28188916321812,1.78328356734339,2.1836486928626,1.86184876977001,1.50013717908171,1.91578551037624,2.83522329521721,4.17408538555942,1.69012483536626,4.0559510131423,1.58131597542974,2.12151981948666,1.7942561621195,1.33620056049332,5.18382621549948,2.89397286618503,2.63063405966312,2.17209852426999,1.18004657124736,3.31745947435042,1.76930832677497,1.88770621959565,1.768845643425,1.37142032584025,1.49437302548802
2019-07-20,3.76375319676292,4.43974783254509,1.72988331902818,1.54674660103249,2.36298122133793,1.72028628140262,1.43469654810591,1.90646636724106,2.81539729808794,2.25369455124552,2.5113001998356,2.06436935228878,1.75402147122258,1.8867726857089,3.00547109894744,4.13752845822119,2.34345110593553,4.11712235992897,1.99570120638248,2.57347588345472,2.22365928265476,1.67871081631988,5.05958011978513,3.24825849595938,2.56145023832155,2.33536974257419,1.46329180772391,3.16017053498518,2.31359818295025,2.41904723584073,2.04993224173993,1.73481288547881,1.69260350695627
2019-07-21,4.32350727205442,5.04766493347465,4.38419061518317,4.28172577083352,5.11679829544016,4.45676059226544,4.21875173070456,4.20356392603163,4.77439021262427,3.99496925019697,4.78287144417823,4.31989514726619,4.37324592972092,4.43878516564865,4.26210329455985,5.06377479971761,3.85838486605839,4.55587673467135,4.40664894133461,4.93887060491669,4.04639093102423,4.38883293983628,5.25411937972799,6.51883995950435,4.64730821370466,4.69231703346939,4.23067831532104,4.5968760759546,5.09369658515924,4.96521119459112,4.10570517455383,4.68005514451777,4.44593978329715
2019-07-22,3.99291722638761,3.40475545418355,3.96844129184165,2.35050445823105,3.57120865123037,3.96990081935735,3.90930912349431,2.59628245051601,4.4405019914557,3.01709687094887,3.98618042879589,3.37657260689492,3.6198727987843,3.46631329613124,3.39617669784793,3.49188490221395,3.12715569355284,3.80754312810549,3.46498999085853,3.35812403423654,3.3035920394518,3.69267305357364,3.43248093907697,6.51965087316369,4.93631684847367,3.62579514007407,3.93579041138693,3.85960864657419,3.42802878794242,3.44356440824936,2.80405273818685,3.72868749776142,3.78115836575718
2019-07-23,3.81354278226861,4.22616862680431,2.33248172911959,1.9695965942833,2.57795833370064,2.29333499194883,2.06515642557559,2.27241852651543,3.62158688857837,2.71244812874855,3.23194941157399,2.36656406248241,2.19446732777956,2.1959380644848,3.18088897091607,3.98453420439737,2.68663295601392,4.04828718565752,2.36263852842992,2.73639803949515,2.54880790794327,2.16952720050598,4.68672439589959,4.65839224991922,3.36587233232922,2.63077957930451,2.09369062025897,3.44719939057784,2.52109368524119,2.62175561504417,2.48790037875055,2.19051445865174,2.18878543283144
2019-07-24,3.85052175791947,4.35518722184042,2.20518510140935,1.80523639842588,2.82390183882342,2.17814970377407,1.76460832341899,2.14079326844501,2.97676325636,2.43035024332934,2.69531577513519,2.23164864652223,2.01397742456093,2.00517422955709,3.15896874909486,4.16210639414511,2.56958133246016,4.13704887152671,2.29448046644117,2.98178947081235,2.4055921971645,1.99740853994096,4.88740112889878,3.46645989080306,3.67349763194854,2.68473740616447,1.80635105105616,3.44569091679257,2.80101948827246,2.86551328731974,2.23958350218631,2.14361564634318,2.02597177403566
2019-07-25,3.82878165493393,3.78710929605318,2.41856169435523,2.01339283882884,2.65921009438604,2.42146277704425,2.08886198616508,2.23365765230157,2.64358233248819,2.28072513272536,2.57120119647431,2.43955593357716,2.26602757331481,2.47336520947346,3.14479279428237,3.66855150662886,2.30372557519195,3.93029300555862,2.30987054896497,2.71698668272853,2.38708645388506,2.18725281786551,4.12845509417948,3.08999065100547,3.68027242695576,2.68611646170399,2.1367368898425,3.29727103013676,2.50576718068266,2.57781471465091,2.26517530393978,2.24109958136077,2.32524191995358
2019-07-26,3.78378895453238,4.72683672526769,1.8935371706194,2.02935773203983,2.41074421240053,1.80325804148929,1.58397001331721,2.21956181588967,2.26261133466786,2.15876030661927,2.30174590119374,1.97582215828511,1.78235386986078,1.89896736472377,3.10887184697779,4.33759018409761,2.09999363328611,4.17319955813548,1.91832076312555,2.53240981988738,2.02955060501768,1.72777676630642,5.28989989812906,2.34076094175438,2.59584428537925,2.48868114796041,1.59607471063394,3.43694198099887,2.22851762726153,2.31967116713225,2.21093213775983,1.83081974128413,1.76786107283477
2019-07-27,3.73840644762267,5.95732143130195,1.94241981094141,1.32591626600644,2.37584479341555,1.71108080303923,1.54643913844473,1.64910899467017,2.40202272644282,1.8201953426741,2.21750758969846,1.754694087549,1.63789147074213,1.65254731754047,2.85328668120597,5.23444117459492,1.89165040542908,4.35443454676035,1.7657014882107,2.34710948978266,1.83799826561685,1.62178805480916,6.66357543984727,3.06040103506615,2.65086184136556,2.59687098828798,1.53503474002036,4.20317174613676,2.09453093889914,2.18983512392047,1.73124522293855,1.77220955213743,1.64160702813388
2019-07-28,3.9155166260567,5.33310855972725,2.55810705017573,2.20063592667462,3.09297336061177,2.6967502024626,2.36412461268831,2.51272570468442,3.31902326782138,2.84686635831592,3.01580336942176,3.09377580424474,2.75662553678789,3.05529353886408,3.35755134353106,4.94672861188323,3.03929407890512,4.48514524040026,2.91534091796957,3.25635971073657,3.10024931643336,2.63268298737274,6.10527201267764,3.64995709783744,3.4402607661485,2.92073811675589,2.41740238974242,3.99718937070495,3.14147437434633,3.19652227819228,2.62523154245654,2.63353109951253,2.71285003117756
2019-07-29,3.7911265762209,4.04308212040708,2.18732759311647,1.67388626599867,2.615922456666,2.05776351681417,1.73136319598167,2.02137605304088,3.69994836693262,2.53060104249611,3.2274354429203,2.47935036823406,2.09918730185976,2.42723594560343,3.06910095146044,3.82435282522594,2.48568442878653,3.83338629593523,2.26467112036239,2.68068903629486,2.5177731916741,1.95796138198757,4.22673062932895,5.12758405898711,3.00421203674134,2.79395999796837,1.75368854668,3.33196774114989,2.45409755449399,2.55182742603903,2.26560741342299,1.99208872525378,2.05589555331264
2019-07-30,3.81038761107732,4.37419831752152,2.19695067982987,2.07664537922549,2.63576880003545,2.00455493138204,1.55851805163179,2.33434785324394,3.56844266973672,2.67029849197825,3.251679826722,2.18421791036061,1.86003125126391,1.99930606227706,3.20460963578282,4.08875900332426,2.49938842139699,3.98090133746812,2.12155904345346,2.77072062985448,2.33931981189518,1.78308401105064,4.64512803761545,4.71622949469209,3.72757025716296,2.7723715840851,1.58886125887581,3.63963618051464,2.48801240940212,2.58183286692755,2.51242705694736,1.89489526909445,1.86544471383225
2019-07-31,3.91375426317693,4.7932409779753,2.64743801500948,2.03816245824686,3.25401078727526,2.47710152713355,1.87826173884846,2.30837717891666,3.75666501526831,2.5949383226586,3.40802768919127,2.3834994947497,2.15847505730648,2.2266152708112,3.25764349506374,4.53887092054248,2.52436183179977,4.15478266587825,2.43009526838223,3.2561285359888,2.44233083304202,2.12696013394469,5.12442562419606,5.45626150116617,4.7209219509607,3.18581902238519,1.92332490268381,4.10972241323898,3.11026012898611,3.13472705099036,2.43514618049085,2.38303238347969,2.24704779640461
2019-08-01,4.37915038681734,6.31451115926663,4.25330486946374,5.6921773708072,5.27002825238316,4.22588779259165,3.76836094321582,5.36805589887746,5.01294874912052,4.86782142029095,5.32782725153877,4.91363246322706,4.45908867747438,5.12923188144626,4.78042819093347,6.00795425183083,4.30153073430987,4.85681091844078,4.59100250326576,5.250889047543,4.52414144493358,4.23849074001631,6.4469154218995,6.01834265975358,4.35248834746613,5.02820960102926,3.78431593179605,5.31446282086829,5.21802835625287,5.10447663961702,5.18244431554258,4.45486825774096,4.40752974149057
2019-08-02,3.81622122943351,4.55103191012796,2.08171131530647,1.97176281377377,2.661744268624,1.9434630566307,1.57045519179907,2.27404066017396,3.47485713337718,2.66079956881849,3.12285041414368,2.22881073134817,1.89762427790332,2.01000275208064,3.19355007208683,4.24393506304162,2.59621959763661,4.07658039087197,2.18762117546392,2.83070477166257,2.41646011563538,1.82771307485946,4.94825125348374,4.38859726312258,3.22921343740714,2.72123355074748,1.59328409290951,3.54433914361583,2.57352506014064,2.66591868188944,2.45376742759419,1.93046800187158,1.85853524408554
2019-08-03,3.89077318487715,6.90189986877698,2.24192690791444,2.27734365534173,3.06360457096047,2.11191491793312,1.76158514078942,2.5259277516026,3.386413208392,2.75752843454055,3.14604852764469,2.57573504012359,2.19850860393711,2.44344266444179,3.34010061078264,6.0969919319897,2.71309686884798,4.76925097782069,2.47091157277806,3.16779982303609,2.64011686456445,2.09110540820729,7.76024725951332,4.14951190896197,2.99591211149419,3.06528984615874,1.77125547422493,4.76934111272655,2.95861756293157,3.01358160214344,2.62194279230637,2.23802673443677,2.12742568446758
2019-08-04,4.00463846282164,7.34244546002975,2.69453191945605,2.29055594624625,3.70241837140171,2.94301157704657,2.28199098324479,2.70447884443902,4.34548063052453,3.38529868797948,3.72413275391839,4.38005126607723,3.41770339484149,4.58784418475934,3.54210762399578,6.5715587635438,3.63520844841659,4.99013693563685,3.63177871752574,3.86663750700996,4.08449560645527,2.97223152664062,8.32668891081604,5.21021306154051,3.42353417466916,3.47138597460489,2.3729245310482,5.10939028997657,3.8298513284453,3.85545973179739,2.93208676676622,2.86668588521291,3.2397637667663
2019-08-05,3.9847625956272,5.2163310261672,2.10403767186465,2.68513464711197,3.46494835150787,2.36622001605321,1.74009962878128,2.92838175288799,3.89018259836553,3.22447264654729,3.58443380968047,3.95352583216894,2.95990303884427,4.19390482405781,3.59044281953007,4.94040806445898,3.17672684339195,4.45983446372466,3.18574016106024,3.71113196237956,3.59561394858559,2.49732090209795,5.78637484411434,4.68125258288726,2.24593864254326,3.17457662171005,1.81776365637054,3.5289091412131,3.544334465776,3.56763829781021,3.02829815035012,2.45384228279195,2.74444308711753
2019-08-06,4.34548273008004,5.68973100409291,3.5551057871752,2.52232081213061,5.6055185289875,3.49567497437885,3.20258199021542,2.8851470104603,3.15715754987895,2.88930425663523,2.94648738153847,3.1045993924175,3.33129531017522,2.58085558460235,3.81337708887609,5.74781143690237,3.67374921287501,4.78642727947008,3.92136185840245,5.42607369219801,3.32558473707994,3.62968719325651,6.25893081497761,3.46741893050684,3.7453742746864,4.63795344521584,3.15912846106488,4.21526616946945,5.77958865883091,5.58241615962456,2.67110490257341,4.37455581953962,3.32985281745673
2019-08-07,4.27664569493903,6.21246745721704,4.09337130940119,4.43980042454714,5.04022964125498,3.63511718140584,3.26111630212564,4.33950692123372,4.09694276071836,3.98809067969128,4.28008984540565,3.36538175536588,3.3791501793272,3.07626715448805,4.30918584951807,5.86645709163868,3.78542451539187,4.58622582494969,3.7524117148581,4.86337702744342,3.4716968046824,3.50018487336696,6.17111813114234,4.7327135838158,4.98393427219348,4.94998734628574,3.21338514238757,5.4433666805336,4.85969969527645,4.75947673840048,4.16090603473447,4.01728463017986,3.43732856917668
2019-08-08,3.96361270308701,4.8488909843281,2.94970967746783,2.56215925801465,3.53605924468712,2.67405661809173,2.24499417896305,2.79981675421446,3.88053029031559,3.09833630568815,3.57051923807226,2.94108753746856,2.60868073373169,2.80375461926035,3.50509998033061,4.57516377760528,3.07307004803029,4.05333829241662,2.87662904111433,3.50597887810448,3.00454188437468,2.52247810176035,4.86931194215763,4.88469879821342,4.01861808479213,3.66230028013908,2.25041227394669,4.22658643077269,3.37093136760964,3.40231819865783,2.9191972836917,2.7102210064659,2.59719834934414
2019-08-09,3.89259442373657,5.74950977636454,2.74765989733651,1.69541926353862,3.38116192945122,2.36126503193106,2.10974923694835,2.07220480566489,3.14451107117801,2.42700217671622,2.78245393474706,2.70938521486663,2.42100899499168,2.63027453167462,3.16132929381482,5.20061931427479,2.67516760945194,4.12482897694,2.62680807907058,3.17950715104447,2.72097471923195,2.33535687601142,5.86037723025246,3.87225209956506,3.07469124514642,3.67035873187442,2.07493272041418,4.54215763750146,3.08425195966061,3.12378847323338,2.18115128438871,2.54701112329984,2.3749797220967
2019-08-10,4.06241673809267,7.77643197509003,3.27072425650303,1.77690418531568,4.42265465181945,2.88959178293139,2.52964607810221,2.19663114680211,2.53736215428647,2.35039310819977,2.3002311750333,3.34846067901677,3.02036739365502,3.33145057480156,3.33599376484816,6.93742923587641,2.99385014906989,4.72546361916284,3.28230739575059,4.04223294686214,3.19662421421467,2.91830889257018,8.16658989151095,2.46644872113474,3.40975125426272,4.47544942647721,2.48595339764854,5.75531093506905,4.14622398476949,4.08884710297903,2.11652139277887,3.29785986427847,2.96733350780656
2019-08-11,4.46182181297442,7.78047203644653,4.85063672237633,3.68762669479471,6.45038913066328,4.301457930215,3.92197235055061,3.87915862531872,4.29822432506622,3.86497135432628,4.10763232622187,4.29023860572624,4.24698006394463,4.02100225010332,4.29308842824466,7.29286123232821,4.35614237403942,4.87293360620095,4.72201504793245,5.92232612240609,4.26516012553876,4.35829775565661,7.67458926186348,5.06336821224092,4.86294694774428,6.18114144513971,3.83099060741048,6.45476246964687,6.28168820267584,6.06829743314318,3.70115615195089,5.07486763908063,4.24024528962692
2019-08-12,3.86753890175477,5.20564221785719,2.53728373130505,2.55812737859086,3.03100816298521,2.24398136106319,1.6961920494587,2.70850391488836,3.54058274516649,2.83681642977487,3.38834779330243,2.92535701071262,2.32118948129548,3.04790751993794,3.38232613041717,4.72461478742749,2.55826900431287,4.03415042445267,2.46307689016612,3.00037520534468,2.74588533846244,2.04410851642485,5.21615849194836,4.6023319955114,3.6542933251204,3.39064285239754,1.72048485593954,4.34418426960745,2.71319183965981,2.78230635692938,2.80399249391188,2.12402717496361,2.29214086590494
2019-08-13,3.77917901899786,5.98390292036038,1.9188529672131,1.95134954621007,2.60571146588675,1.59219127366661,1.20881945637069,2.20172326346409,3.39582973332516,2.48444099955056,3.11622505646964,2.24743634340576,1.73010109180497,2.19788796450152,3.12632170739824,5.26128737985272,2.24994155339807,4.25581349221203,1.96295999621962,2.63796864075675,2.25194289934783,1.53647362166745,6.35995997547058,4.6206819454576,2.60239634849922,2.94874894572087,1.20299100873029,4.31545066379679,2.3082593662007,2.40666164669575,2.36382935006926,1.65445922134687,1.64690205320604
2019-08-14,3.89008114232659,6.0240990565189,2.4565780044209,2.30708579099938,3.21400177710596,2.40957421467922,1.52455760726851,2.62104466051037,3.78109917546491,3.07305011153735,3.37938405696095,3.97987071305172,2.80276736495856,4.31044707379503,3.4120035371617,5.40327274256838,3.04302662405629,4.29624834213155,2.97921327308793,3.29579748627131,3.57415329994404,2.23026941992308,6.26779408658577,4.44022102224882,3.82353142019977,3.43747311983608,1.61656838713517,4.7166861225999,3.06220841897367,3.13383227467294,2.79832512514404,2.12067482376421,2.66855854132381
2019-08-15,3.9842135649979,4.62933060964861,2.25417274408935,2.45711656826664,3.61430614162095,2.18867338377831,1.48281092182917,2.64242634550848,2.85779175125066,2.54163052423122,2.84164402659424,2.97554859632031,2.33536831516259,3.05023295218996,3.44144118133434,4.49786213766078,2.52190441147755,4.14602717961656,2.62921163731211,3.64394895082856,2.72542472107177,2.07799886308751,4.81640150974208,3.4145356338035,3.2560496603726,3.41059316266556,1.52740874716256,3.55751294319532,3.47484874579323,3.45917493869019,2.55531457718337,2.34142602257971,2.27990991092515
2019-08-16,4.02825398669958,4.83350124537908,2.42634120090383,2.64738310002621,3.8818744473791,2.21191838819765,1.48974842309426,2.86084599773817,3.32886942517515,2.90536018403392,3.19417790780735,2.82620044073369,2.25328860528539,2.64622443075925,3.58321384762162,4.69153586150235,2.89626867025054,4.17283914035723,2.72806620561641,3.93817381075152,2.81703384685254,2.09941489059977,4.92618538759263,3.93732360395244,3.66258150799517,3.67421027073563,1.5120781998445,3.82285823422475,3.79037521870685,3.76769884614084,2.82257601947404,2.46151202070356,2.19199258305228
2019-08-17,3.94888489434019,5.33665252195156,2.59302168573453,2.62959259127449,3.4345595388429,2.43144235917452,1.81120261043186,2.86607369213388,3.70544015198352,3.13967808459809,3.43659082449531,3.29030608152775,2.59335785713559,3.29484358480843,3.53513064060223,4.94247514978543,3.0846975315482,4.21524391304352,2.88051593728782,3.50960958767851,3.19549298559478,2.31731605297201,5.50706165760585,4.32822008825439,3.67238250889388,3.51961476743971,1.84918465742751,4.28233360670811,3.31359902412769,3.355609483629,2.96615489508272,2.41333296430611,2.50732004262469
2019-08-18,3.76705568703124,3.84472484215669,1.5739111655214,1.97785187255864,2.34927317360742,1.41344026455826,1.15057023608717,2.19671119132405,2.58075221957328,2.25848459125261,2.51384138382705,1.7272836719606,1.44568503256781,1.51515373504606,3.10550986040358,3.66378329856437,2.11689982438507,3.89359451460725,1.72326533826777,2.54292144773801,1.89984752764472,1.39603667813225,4.1594092694692,2.93156339537284,2.17933623133505,2.4174738242099,1.15091442184498,2.79485904563586,2.19360584245155,2.29422834422579,2.24551257206499,1.54739689803537,1.38140814177615
2019-08-19,3.66770288477924,3.23911145915223,1.49489262339091,1.77417619154393,1.73690165607107,1.36673489004428,1.07175038696562,1.94981255478658,2.19804460765653,1.91040519476238,2.23411254407094,1.21155716547252,1.1052758338008,1.02439085854855,2.91128721617831,3.09853430131989,1.65606289582443,3.74803453476854,1.26480165090697,1.96196400854607,1.41155372909895,1.11231867055901,3.62456213147335,2.59060640630353,3.03843127420936,1.89165813706633,1.10347725032946,2.63640044007482,1.52812722881854,1.66865411972517,1.9980427332885,1.2034827295111,1.16129442317543
2019-08-20,3.95686056180287,6.28592158855129,2.47738895190222,3.02761572424625,3.44189330075727,2.10327975466018,1.49866039521595,3.18467086657962,3.98463744577623,3.40083715950027,3.76783975829087,2.68855344720491,2.11919785802451,2.40745469678045,3.67249567623151,5.65473302562192,3.13005559119992,4.46480182276574,2.59237784940796,3.57754993564159,2.86535516985206,1.9807536419021,6.57165395405435,4.75045420678679,3.83657012848357,3.57496536425407,1.50240254598682,4.82446234564721,3.30339829502081,3.35016243803517,3.28421603734553,2.22006030128371,2.0396262821184
2019-08-21,3.80604664845732,4.17728039771528,1.82762665127129,1.88831983598011,2.66617704226446,1.53565318758847,1.2121260591583,2.15258441027826,2.26403698364803,2.18485709488126,2.21868725358632,1.66972328438053,1.44924684353977,1.35500340465998,3.12366367023786,3.95789525725122,2.22288343236211,3.91175187873155,1.80965894372481,2.77330746867799,1.91668052035452,1.45950568999003,4.3911685301555,2.16575242546555,2.73392973825996,2.74686469443315,1.19908281719024,3.1964994689647,2.48163818736033,2.55895883894682,2.14627506490817,1.71856864733569,1.41544871748335
2019-08-22,3.94459421235245,5.94187472846638,2.26089725856523,4.24074982606117,3.06234280202678,1.99532457868304,1.43813713333808,4.08007215077245,4.30741948012628,3.92350093152353,4.43725496959778,2.93455198066721,2.2058425619897,2.88622630744398,3.98717865359597,5.31392817375185,3.05288724871956,4.47245344792902,2.51921463984927,3.35381765274704,2.91796863017535,1.92720777509767,6.20499893622433,5.2572433379234,3.18515823645514,3.31187671770294,1.45701071501914,4.48849781866606,2.88110903781116,2.96023761923598,4.1252362043533,2.00399292148301,2.08685700849835
2019-08-23,4.03799121789489,6.0422675502686,2.7196475299439,2.81146148815395,4.01973414662391,2.54877884226688,1.84841463023379,3.08484165117917,4.19251343104352,3.47362535321955,3.80266309337893,4.04594945295917,3.03604847187164,4.16474717131684,3.7084916972355,5.56626669006325,3.48088109112569,4.34286510188643,3.37914393528794,4.03580523048319,3.78479327199014,2.60593090754813,6.09969375105531,4.9846764637692,3.07980133486334,4.07914363447733,1.8755208986479,4.60294384034226,3.91171812393146,3.91687915804012,3.2022534704612,2.70833161469769,2.83855625331855
2019-08-24,4.01097178805557,6.92930333732368,3.08835954455432,3.10962571941578,3.75593679231387,3.16161189517298,2.42120179213635,3.53578807634532,5.16055951547828,4.56852828137453,4.3731697579336,5.38861202675668,3.93318216493805,5.576751453034,3.94250907745187,6.16371016099257,4.7749301941635,4.61480470093595,4.23911838399557,4.04564570181416,5.19283839503191,3.27343804034051,7.26364785338868,4.98822702521162,3.57998388453607,3.97316253510268,2.50821184652842,5.34393856549156,3.91825737837458,4.01617414051124,3.91686816980333,2.9080455908898,3.60671463039839
2019-08-25,4.07946805024512,4.93396706568435,3.69924545177105,3.17569201649784,3.97353674476171,4.23606522258263,3.57427250253099,3.37398003239825,4.36787193400516,3.72375769234917,4.03768177411354,6.23795470231233,5.00064197986622,7.2590603151014,3.8121595950473,4.72232823810398,3.85117080193041,4.26297344299389,4.64200357114599,3.93855145271608,5.18743098749212,4.19696510125007,5.1191990081559,5.10236105289986,3.72237262512115,3.97770685923881,3.72435520514232,4.34447234959773,3.95650544193502,3.96700346203682,3.50554244556202,3.72843709188927,4.85473155518993
2019-08-26,3.95329215115206,4.14707420881639,2.90728813100458,2.59080711964234,3.39065342909726,3.16565655596868,2.67316059319377,2.82995375010337,3.78847991697852,3.14692457692093,3.4907807076811,4.78218681131394,3.79279671114745,5.44209335933204,3.50341082440491,4.02139767928889,3.20245947963953,3.9284958954159,3.62798637847517,3.38504466854936,4.09231211758154,3.19618883861934,4.16611360794832,4.50538425280129,2.74199028197819,3.50921038030081,2.76049097259276,3.54536610055401,3.2767421399479,3.3241779106219,2.96104643801007,2.91816236066701,3.6396758496586
2019-08-27,4.0660170529618,5.12478920710319,3.47228516379946,3.28600608085668,3.96495580963622,3.53594070784787,3.12318035527611,3.42838546772108,4.35288920872873,3.67384792743032,4.09702543750521,4.72284488636069,3.98030882707877,5.15942534606555,3.82074192390834,4.8420115565197,3.62908503966451,4.20350893474593,3.92847381332966,3.89716644769372,4.23199874335612,3.55501040212392,5.14122293533745,5.28919738535108,3.40662280830892,4.08519906314628,3.17006628548511,4.40437866479412,3.8420624190147,3.85135828422109,3.53280516245432,3.43951523877201,3.86679155002752
2019-08-28,4.0308748061414,5.06980560244564,3.76891509460273,2.80400843254045,3.93498183586914,3.67191710242285,3.26337759233002,3.02301562884521,4.14797760129101,3.34283848578268,3.81927349076666,4.45807620953702,3.88698610260456,4.86030130192892,3.62819994589694,4.75711966703444,3.43577296904776,4.02782407468019,3.79579289745098,3.70792445559765,4.01637070443418,3.54043728187234,4.90673273907256,5.19319045058838,4.19316462108286,4.22486503608872,3.29947803772345,4.7342370158395,3.69535970732086,3.70830153666114,3.14957880878357,3.47745932703811,3.86087510352816
2019-08-29,4.32010668389783,6.00544830550383,5.29597821660998,3.47731777564692,5.52867976196377,4.8595114177818,4.66737391881989,4.02290313153227,6.25629751109939,5.3374869047799,5.16273201728498,4.64432028050586,4.61982804830338,3.82789753373376,4.36889837754795,5.7544463668579,6.12336233277663,4.3956244949768,5.26520930550557,5.47676752464433,5.4247595898744,4.8500351093068,5.79840786547655,6.39465350848175,6.30423146691353,5.51334012353209,4.61894180200582,6.01454541874977,5.81467246907722,5.78538093424389,4.42438816280326,5.05822555330356,4.55137671216761
2019-08-30,4.15280709493132,5.18949881877268,4.32926995413304,3.60920927905198,4.39968455365334,4.17527464404426,4.10800596339378,3.73219756141582,4.26418691546504,3.91427565755662,4.07590902178093,4.26154775914517,4.19026730858458,4.30547088429332,3.9949146417888,4.94475890422481,4.0753914779069,4.24354422950327,4.20224269744913,4.21630086344498,4.19170807085115,4.15253464214161,5.13779454819499,4.66725858819435,4.35769648524724,4.53274472761545,4.09183435746246,4.90637723420789,4.28969157671818,4.27313803129566,3.78258460643865,4.21551284627139,4.19227310785212
2019-08-31,4.26259277465573,7.35353862045726,4.84731538572357,4.3084727392376,5.07461036364871,4.57834233811582,4.41953505532945,4.35272454886283,4.58040385945674,4.44868638504433,4.46678150452452,5.26698899359553,4.87364471896611,5.52535066268075,4.32954706451244,6.6397550015029,4.57297707098092,4.69446616177696,4.85248984384172,4.75980403846282,4.95023172428275,4.6458414623854,7.29406270899184,4.72635531544132,4.36974256678668,5.3903685171186,4.38873600712537,6.37402671119083,4.87091834581575,4.82134139592665,4.35169160340159,4.68037889964298,4.79890291887187
2019-09-01,11.8221116837641,10.1608680528674,6.67535690618143,5.55455600019465,7.33313125304406,6.90105355427921,5.36537346186652,6.09341849560132,5.50000754187865,5.3897514601589,5.99546232104869,8.68327015458638,7.09264405391464,10.1671480525067,9.27781021061928,9.94527443484893,5.30248407725834,11.4679284506928,6.53148879438524,7.21751104514831,7.13131571042737,6.01576569663777,10.4880121602783,5.85180224684434,10.1118577009734,7.97990585897371,5.61655338118961,9.1917492057466,6.2934853502029,6.56189781820136,5.86652206009182,5.79468654595416,7.24314329697051
2019-09-02,11.5524903168554,6.084836499923,5.10585490210866,4.00327060924646,5.85502312388127,5.34512204777483,3.47134746702616,4.89437712644684,5.9345639415874,4.98917069369136,5.80725273642933,6.4482639178429,4.96013610845535,7.06981880962356,8.68643310281438,6.72112611679972,4.92025917354195,10.487426920071,4.9715974320112,6.2976760791699,5.79960173238212,4.16595626437425,6.25498444612506,6.81931452549829,11.0041732824604,6.19788183032517,3.78065571688401,6.49534317421841,5.168884955016,5.5599399374333,5.01473612717737,4.02230776011067,5.16017633292443
2019-09-03,11.4457450523718,6.48286949346635,5.59714623647173,2.99164084828071,5.53179438988489,5.36596463297715,3.25187862027427,4.36540770841603,6.94239261128332,5.63377630005945,5.95760402854494,5.28390405727483,4.10736441915524,4.81336254786559,8.52887161112238,6.9308926726073,6.11322165983526,10.3788763822652,4.74238050531263,6.20957851356432,5.83180683150248,3.73772039281957,6.62237402816776,7.05197811746789,14.6389548842399,6.08773487638703,3.56307968073455,7.72962678921191,5.11682624858805,5.61660434591162,4.90775539288336,3.67459125620294,4.42857060457053
2019-09-04,11.8307517905546,9.42274552307954,5.57070851855855,4.92849156801032,7.49483953870259,5.01757139470705,4.24838383324556,5.66954124226473,5.39019944540227,5.21030688760792,5.65827229033722,4.97264862907273,4.63977601139277,4.66954741663594,9.16979901989659,9.49773784425389,5.35034516615365,11.3435827424774,5.10444910475687,7.56580784329913,5.11930032528045,4.61553974160439,9.73542462968413,5.51665869212648,7.95782428270051,7.76798873200887,4.25264553241877,7.82935359156104,6.65464665385088,6.90101607064609,5.46683372164902,5.27066362698828,4.72218878477831
2019-09-05,12.5118254632009,10.0406315555244,8.62370032785238,9.05891901029738,10.6207647984946,8.17106358721426,6.63731429238145,9.7676986682122,9.34172920364003,10.1614835205172,9.07952430671531,8.29016442320318,7.48796493270426,7.00493582128586,11.499626798676,10.5502294565603,10.6491272832111,12.0215913946365,8.86150647131616,11.3600060744546,9.37577893660113,7.55713940066721,9.99255071412135,6.90602261728406,13.8039891430503,10.2147257078076,6.73802665589742,10.0333003646787,10.7991127891152,10.9494494185887,9.7576586216351,8.142995916308,7.47308902366958
2019-09-06,12.3631942161104,10.18517243021,9.75500790870112,4.40886606482519,10.8772985917716,8.919273026823,8.26062315564303,5.94812355979811,7.97922078272962,7.185370321476,6.81752330444563,7.04555195090435,7.61488915955784,5.70110557798832,9.82798985693606,10.6263360818288,9.27445277311484,11.4801038945539,8.58531036362904,10.525510709105,8.22809414136754,8.26651945245878,9.99133256654032,7.1922113464512,13.8713098439092,10.7442035623567,8.2204504564063,10.6102509964758,10.6224963305922,10.7042272372619,6.13220934567178,9.19671679466222,7.88789574171
2019-09-07,13.0677676659915,13.4163512114532,12.2804989619227,7.91990384337994,14.4132940095702,11.9910125871874,11.4256749122091,9.39584650284185,10.91194597178,11.090143699522,9.45876406650153,12.940064919963,12.3019766674102,12.1394923615576,11.8362806138757,13.6537185970787,13.7475823160534,12.6452668590965,13.294372103207,14.1484590106895,13.509547484535,12.3062574563024,13.1107092284699,8.01536314035937,12.3576512996164,13.8748600829595,11.3837981845866,12.6886902458243,14.7736317934718,14.6907252249743,9.59307991744979,12.7646341819963,12.0157866332517
2019-09-08,13.0090124353717,13.8243397151004,14.1620276045196,7.67658701873668,14.0077716072298,14.3956667326889,13.5404585946455,8.81653783655211,9.29082973052843,9.53921857956526,8.55405981307323,14.4177597897003,14.0708875716413,15.1858005039256,11.3719383099064,13.8162410681378,12.064000744843,12.7385615297635,13.7213742414435,13.0681223666442,13.5195515844184,13.7290860091195,13.7868232248713,7.38946531113717,16.6263132140416,13.8213000147886,13.686561731354,14.4776357157584,13.8171379518643,13.6919884921626,8.71469760918885,13.760666554532,14.3423855121816
2019-09-09,11.8119818647912,9.78096076259166,6.98964453286891,4.05121469970026,7.25454899775534,6.8990766590557,5.9420225200354,5.1135721272641,6.7851814745956,5.55694048080645,6.31700707517887,5.48131102174113,5.63853104784857,5.05767071241116,8.96428360475531,9.79069797303393,6.19253218704095,11.7633989725712,5.90990515436005,7.43647622387064,5.90007004380228,5.82642955125453,10.9449875805159,7.78992092622948,12.666073158196,7.2474852936255,6.09460570090854,9.15133981925886,6.7930651065717,7.08081972786553,5.28355591554827,6.17272780495066,6.04248353930348
2019-09-10,11.8377522828871,8.46195197086935,6.91136268785336,4.31769341141515,7.55213684011475,6.62481321589956,5.10878009591254,5.25042608959531,5.82235130986566,5.19952061073405,5.7422270223942,5.61726311115333,5.33806733113523,5.44142041575143,9.02187158174008,8.80493000093842,5.69050575515723,11.1668408703721,5.65027877473174,7.59990955314324,5.68361433258534,5.2914165703528,8.81422376415041,6.26081026836276,13.5543690323609,7.68284754050082,5.29514603009328,8.77083783805212,6.85887593652307,7.10644656629304,5.1908579466298,5.77281861567396,5.78987947659067
2019-09-11,12.3781744688186,7.67568773165033,11.574870021644,5.97072278456577,10.1819566641062,11.2431808249307,12.2828677942909,6.95852536622215,8.69651444487778,7.58891829390808,8.0597975539436,7.54749394751205,9.73328209025798,6.79815959718517,10.0539163739207,8.54181077185308,9.1551370657972,11.2095971069545,9.48673549609804,9.55078399135408,8.45819765185527,10.8313319522141,7.65226582663708,9.41105465626289,12.5578801840745,10.3193741453248,12.1696960746094,9.53570794568103,9.77714979545944,9.89441163528526,7.12459210220619,11.2850364043291,10.2503899686138
2019-09-12,11.5113510533337,6.37692389866783,5.01649635817831,3.53158173438207,5.83102878290303,4.9193849055881,3.24642739113988,4.43839277188435,5.31562011125231,4.38468473846642,5.28053300000074,5.52426819413938,4.36845970749544,5.97046211220657,8.45333667319145,6.89780310215738,4.36298144697776,10.36684397384,4.42886065961614,6.06188777074015,5.02966776727405,3.7669611679771,6.36439978849118,6.30022758740087,10.5771193828701,6.36316648241947,3.48154661892222,6.66595821471566,4.9324551877709,5.31184276558293,4.48974937258463,3.85364465439002,4.61508027452409
2019-09-13,12.1629863606453,10.5537668948376,7.66599418302322,5.11049351167421,9.60525305649511,6.91901538255831,6.57006161554393,6.13892694522262,6.68853746951412,6.30801471844526,6.40387761058954,6.74277093707357,6.69627402011472,6.2445144664804,9.65536839046149,10.648023403125,7.33408887065118,11.4855630259867,7.24077067265105,9.27095315967922,7.06064951342266,6.85169328899549,10.4122739034294,6.45225207195851,8.36740297833484,9.85470509006868,6.4762848485908,9.23166470839829,8.89334208918663,9.02470235662822,6.04552981519238,7.6144962517089,6.69716081278643
2019-09-14,13.2961616092334,16.7728313969565,12.3536865134215,9.35109579512329,15.6377318343176,10.9605527047172,11.8133513125608,10.2982590752532,9.01317322125002,10.4757226861817,8.71118400419767,9.63211228247607,10.8560346407048,7.76129768676735,12.232199374655,16.3645746145271,12.8154427959982,13.5316956656667,12.2250937793741,14.8537301394304,11.1105380699174,11.9724981972889,16.6541767979372,5.54684401620837,8.80773790069504,15.131802152903,11.3870723623328,13.8544509985326,15.516509571499,15.2647706925464,9.85031218147864,13.5832559330863,10.6216632904328
2019-09-15,14.2696282730723,20.3183915754086,17.6709247000737,17.108926855965,19.732623287701,17.3157646571156,18.28095770592,17.2434365462804,14.6432098152725,17.4511594852821,14.5403695807243,18.9447968645244,18.8073954665551,18.4820354614811,15.7653483115565,19.6032470365149,19.3643918166878,15.0923900567709,19.4050606814709,19.1740203275847,19.1686833657364,18.9250880400724,19.9547870982437,9.2851817874819,10.8282317527336,19.2194106892253,17.9854396932441,17.86967126365,20.310700681722,19.9249268386955,16.8423117644037,19.2963873632046,18.1638429933399
2019-09-16,12.2718545052524,10.1049356097159,8.44122017558713,6.66374810497381,9.72645801290728,8.12373249737858,6.98327695275858,7.61675078109436,8.4444028767336,8.1795114809131,7.94238987470547,8.1410471585779,7.56865969959642,7.56462750993509,10.3952157995716,10.3905688523154,8.98217198516079,11.7447786510585,8.27735449533261,9.95071035068763,8.59586431971148,7.51667883860729,10.2092894394463,7.67761835207082,12.4487809937566,9.67559839017375,7.07699135029097,9.87306673294903,9.50950710085377,9.68650616691232,7.71200044400683,7.91548380348016,7.64938014644736
2019-09-17,12.2007376214648,9.5873739922624,8.7640053145452,6.61239946389823,9.21288718439214,8.34380594185547,7.1828414193847,7.29724229471513,6.70294195698995,6.99243176678724,6.8802133888727,6.66154947572128,6.88466531821565,6.12322687453053,10.1062437243304,9.91700122749102,7.57508583070042,11.6839097418462,7.31967418286306,9.22437632934575,7.08454305787886,7.15251199782959,9.83950782123364,5.8887663232773,14.7934081894733,9.19467699456062,7.29960617786329,10.1535066534801,8.71121141609506,8.86564766537369,7.08277170238996,7.77496238871692,7.35519725531755
2019-09-18,12.9254574073755,12.8843086320124,11.515246905687,7.48489127185427,13.4575204116645,11.014389943959,11.6002104840662,8.34235721631958,7.66578350430864,8.10652821206883,7.60935498606938,9.56419250252074,10.7193262485549,9.02660151462565,11.0375143853973,13.1132368370502,10.0679678345606,12.6619129659909,11.0169051055953,12.5517793716171,9.8246955464135,11.404453967943,13.0201537747294,6.50219613262164,9.43897856946055,12.9209333988676,11.3891226044487,11.4784622230705,13.0623000392043,12.8826999639438,7.88869757931285,12.4740558829979,10.8075979687016
2019-09-19,13.6219984647951,17.7440433751734,15.3758230185439,13.2985988011828,16.599877231115,14.3256137535999,14.7165874466241,13.1526866708687,9.55917400011536,11.5670133120558,10.6395197400827,11.6082914809251,13.2877023869784,10.9344204043781,13.386657940061,17.1945313319378,12.6065084040255,14.1703025274877,13.6123163556335,15.4401607750998,11.9108376121476,14.2473191360003,17.6747372130139,7.50868245309043,15.034792165827,16.2222683441554,14.4620833930948,16.6367721346843,16.0772855295464,15.6934652203677,12.1939629462291,15.6774482817472,13.6662070779142
2019-09-20,12.4765179414211,12.927975084007,9.55920231858489,9.08779851558886,10.5339635824459,9.16235280927,7.90813641737195,9.14295155815338,6.87895583478199,7.69638015447773,7.92032415427173,8.7131341150245,8.3982320017553,9.15599383316929,10.9429368681294,12.5928213862478,7.51522214260012,12.5594316068832,8.37786294247145,10.1930491582693,8.03072467207762,8.18238073783037,13.1733134991254,6.62316744489999,13.6998493933819,10.7040365426191,8.01015608001563,12.1401793064672,9.64738130923236,9.6695300259679,8.52502432933192,8.7906990508598,8.78445504597403
2019-09-21,11.8815920136824,9.3175510265371,6.1144957782569,5.71823278364128,7.60184374201927,6.56123614717673,4.67937887669967,6.35529657885663,6.84616050543001,6.08577912132354,6.95742985672754,9.29432359399387,7.12251163283355,10.7179608996326,9.48685319429052,9.42503193359484,5.89319774612761,11.3869708188634,6.84024245715975,7.77651400743845,7.73641521013945,5.83218466177322,9.58515757734436,7.95144732533323,9.49133232482506,7.90132986962437,4.97727034635416,8.2684328655488,6.84211181908045,7.10069263325047,6.2980439441255,5.557540190756,7.09836777024444
2019-09-22,12.5016298580748,13.2794102372764,9.34208021481952,7.68669856043342,11.1043296344541,9.99559189107685,8.56723147944575,8.31177528839782,9.30886012103308,8.33664729158687,9.09356649953268,14.1758799536401,11.6305936841306,16.4015052065742,10.7362328066288,12.9161526367159,8.79244090441579,12.4023284440995,10.9282701065328,10.6494502593197,11.7457251763151,9.9670140344292,13.3198914772735,10.6293425793611,8.70359466941193,11.363883188856,8.79433736873148,11.3079647813867,10.4210107221011,10.460587450051,8.24511719788048,9.48617327857289,11.3452963019167
2019-09-23,12.7997207545437,15.2488078337365,10.2383816998204,5.64168576915675,13.4673983127607,9.22879532176978,8.82910012017279,6.73320103696242,6.46082791368546,6.4355800969309,6.31868149762953,8.21751348779605,8.74971415041195,7.62732076064932,10.3270991015043,14.9060646382441,8.44780281616127,12.851844927068,9.47896683796537,12.3259417769654,8.30066545076582,9.23082182398726,15.3677002228814,6.0757955499732,10.3996853152959,13.0075178809288,8.63970731219151,12.6902406216259,12.7171992869717,12.48873443777,6.1802486421573,10.7873606277156,8.88920824004502
2019-09-24,12.0875609825208,9.99808468902543,6.45254214630033,5.1454541106083,9.0115087372779,6.38287210286949,4.85593412143576,6.03922850418476,5.61542669327539,5.72322922913768,5.72136991142043,7.81840695599973,6.50685958150474,8.1868600290342,9.54975906697211,10.2404159406374,6.41117546382952,11.5931132607159,6.88384685367078,9.00136404335154,7.16362336224962,5.90486093465062,10.217839301842,5.01243416361667,9.2954977176046,8.86550664991974,4.99456370489722,8.51139626138848,8.38378692794296,8.51473935465765,5.75265589957166,6.36143875757977,6.49621996351571
2019-09-25,12.1422649625223,9.30154330478865,6.44868587403336,4.94522830944055,9.25805454203847,6.51685809700553,5.48219765919344,6.03280226593912,6.5860747647491,6.26342403795345,6.25040513592494,8.04403140488008,6.93179619868535,8.11065194028545,9.63139284899032,9.79571506000628,7.25937100036504,11.5551454854123,7.4386501027632,9.36970161831463,7.72932201580253,6.49269128883869,9.611577652964,6.14651672951564,7.51428851625311,8.87966623477457,5.56301542692515,7.61770108033241,8.909171197135,9.04330494126762,5.93910478588643,6.90213941843979,6.75658308387135
2019-09-26,12.2956348013226,14.6677220948525,7.68947291631592,5.11911415110192,10.6620890304137,6.25984562064723,5.76995001682249,6.08674936435519,7.10766356588988,6.02881171532498,6.84858261054876,5.34563206522153,5.65186528254581,4.32994464966263,9.71574902268604,13.9327619335085,6.82746066416167,12.4223865584578,6.65039271041407,10.0134915827794,5.98298475179037,6.13786337337444,14.853326741356,8.46892879328264,8.95390035172291,10.8720355651952,5.56325493465896,11.6209789986936,9.68840409201839,9.70015568925398,5.87898356635343,7.60682178806553,5.73278712660937
2019-09-27,12.7604554849509,13.8480974371823,9.78567579762259,7.92951180856437,12.6098914758524,8.81286990346544,8.14791791933621,8.91239639468664,9.75262698076371,9.53445391314673,9.09081457533703,8.31079883436608,8.3232358788663,6.83212981055713,11.3146268405928,13.7138820260261,10.766060022119,12.7487272874993,9.71585273481709,12.5156773191143,9.4539098305108,8.81180976867487,13.9120499181499,8.90773890046804,11.5784909806209,12.2008366030706,8.01966220092759,12.0441804076177,12.5046349348259,12.4699964693356,8.87076936833055,9.97158963862071,8.2489136312429
2019-09-28,12.1819555527824,10.3884876577412,7.33210642712126,6.00061845316408,9.37214074041638,6.91299502995626,5.74480992387685,6.74695731733883,6.11532281052714,6.30437384369221,6.33436856126106,6.82900272095409,6.3803163041296,6.59030960704281,9.8814967695761,10.5744085207109,6.86539182484058,11.7668276797941,6.91901132705175,9.31704553041992,6.81367881040048,6.30660051307127,10.6106535531652,5.58820698339279,10.7807909464645,9.26556488753679,5.80545963400596,9.31688084000126,8.74752678523635,8.85966686955241,6.43419433972669,7.03688617466511,6.53812471238995
2019-09-29,12.862860116751,13.8694478287904,10.032051800768,8.73667434363216,13.0051479108867,10.4525650169818,8.69471259663021,9.37233769144286,8.6722931780094,9.07382697359749,8.71086476785043,13.8069772736969,11.5922336471313,15.1384837784204,11.4747889776448,13.8022372353175,10.0566631549197,12.8712769622824,11.6396943289343,12.6661903310488,12.0623318999136,10.3598509683837,13.9219177993355,7.78920352610279,10.7082202755487,12.5112681718692,8.88575598837174,11.9077902349725,12.6751132827113,12.5553878427089,8.97152231065126,10.5000388215214,11.3541048571003
2019-09-30,12.7758100579703,13.6798980754968,9.70944747926691,7.77010312825127,12.7270302905635,9.08148082179755,7.8355570051665,8.89582862469225,9.71983534118895,9.75964962610381,8.89505087229569,9.71024828479008,8.91589129132791,8.60339791369243,11.3694166062823,13.6365617550581,11.2359869262608,12.7382940142562,10.2953858952013,12.7894420014223,10.4595222896166,8.9652080866687,13.7503411899284,8.07214656634496,12.3322206658382,12.1756704447824,7.82376465167186,12.016707563524,12.7978257153026,12.7714292432378,8.89549547912179,9.84763365324652,8.75481515967254
2019-10-01,12.9472959791412,14.3033144375777,10.4935522402728,8.98401060674487,13.4834341934578,10.1814204690925,8.76298093230129,10.1544334992529,11.0703713247195,11.4683493610884,9.97348534047518,12.060791315771,10.5709833294921,11.1555979216653,12.0735267455371,14.2263474376107,13.1308347055274,13.0185943175839,11.9724192301907,13.7843503360992,12.6511231988948,10.2647954460202,14.3486477119544,8.31532966697483,12.5877403488694,12.8682033293685,8.81094146054692,12.6257096835664,13.8929948243241,13.8759932165142,10.2961555107624,10.7520764813682,10.2006748932157
2019-10-02,13.0085819755583,14.5605343393378,10.5176959425517,8.06882572097725,14.0613345267874,9.86501106819865,8.82467303798536,9.12545023938179,8.92526568579513,9.49684196686797,8.41971303239608,10.1488803938313,9.71241227801838,9.12635092004629,11.5866386711565,14.5557077071007,11.3284630355909,13.0673955980662,11.0265428775648,13.7809074528289,10.6958326319987,9.90777909677706,14.6427054493678,6.83714967976983,12.0415622846304,13.2120750819212,8.75565280946739,12.5484390860421,14.0659291082876,13.8953242218666,8.8244752409835,11.0877507933248,9.59176047386176
2019-10-03,12.3789482499435,13.9200061356838,9.58840582336916,6.03104433878784,10.829573972409,8.34711131688414,7.90437558580207,6.85274787128184,6.30217172837397,6.46550422552442,6.42627408038685,6.27531244749404,7.0857983505995,5.45475306593645,10.0420527483385,13.3486047361764,7.56830738300519,12.3490280802115,7.66267638459685,10.0844561314587,6.85764917887128,7.70137693818529,14.0397300292664,5.74709206035633,12.6423060056322,11.1716999624944,7.77483175296151,12.5924656221736,9.89539378897367,9.91644260601686,6.49243135873733,8.9083472344004,7.46531451117984
2019-10-04,11.94506998998,12.0332483575165,7.50491495676988,5.80479431256019,8.19378523097262,6.68243609578959,5.41079195760048,6.47852354980294,6.08080495199193,6.0930159775099,6.32864083781526,5.98238458951173,5.64420122285477,5.75080510980252,9.58510282310338,11.4794015206866,6.26697905309902,11.8317624576024,6.0180957441865,8.05771317070278,6.10162965321333,5.58942470257673,12.2946882276227,5.83402064394019,12.8827070811321,8.87872171139217,5.48385232921817,11.1041120383576,7.23247415586243,7.47076450172621,6.30571639356095,6.17214175244589,5.98775675164052
2019-10-05,12.0580433406965,10.6531467548266,6.73875731386566,6.62726074076067,8.51463398133057,6.48745519130414,5.10893817520041,7.20512022347436,6.62936393766338,6.74758320784824,6.93076347943195,7.40413912082368,6.33054924788541,7.56001581486192,9.97671443450602,10.5924034577998,6.75118343190154,11.8079001630013,6.69966021302392,8.69721199105053,7.06735898075768,5.87006702013906,10.9592404547407,6.33665091770853,10.2363104398344,8.69535948746,5.23296173291344,9.3010730899443,7.85323458776502,8.05661658227316,6.99288767880034,6.23467991385441,6.38621036382795
2019-10-06,12.0764380671628,7.65697265519171,7.10910325236246,6.1178784961749,8.49461771583809,8.15191152791216,5.21723778046694,6.85652617918133,7.66621344411467,6.84896214360259,7.53726322845379,11.1981471294417,8.41471730326379,12.9223528222613,9.87425736048885,8.43058657585334,6.9439723763598,11.2807629282635,8.15943252643548,8.88158270975006,9.26593820075098,6.79614931354314,7.85993317121661,8.59493827886738,13.7885697105399,8.16494440390259,5.73680112520616,8.23067668692635,8.14403439807299,8.33306734382667,6.82784696220558,6.32299077039721,8.54108536876371
2019-10-07,11.9032718598558,8.00621103658594,5.98080616778659,5.59348732508205,7.66493871356331,6.11666225328378,3.93091777214415,6.54244829293424,9.00984866694867,7.32538450665684,8.28382222731403,7.63360081040932,5.83727418480841,7.63699188339514,9.70764993262422,8.53187872189389,7.22074480057441,11.2073300675038,6.50075072708022,8.37023104691101,7.49049919639269,5.11169668301479,8.24872384798807,10.644073095766,12.2332635462673,7.56959341640561,4.22614688492478,7.87907317725468,7.43231011378265,7.73696832058433,6.89148260384929,5.15991265257291,5.87024259146767
2019-10-08,11.9507251510561,10.5328509238201,6.76591947854654,7.27733602266231,7.86729206253024,6.27814817876588,4.09465976413673,7.82861075979868,9.81052278762496,8.19198761166324,9.45310358408477,7.19537915418608,5.62100438180187,7.0378616013148,10.2186531320627,10.3368244272129,7.33475218213913,11.6101919527549,6.31776701527025,8.42048245121248,7.23477081209778,5.03031971956316,10.5563683987209,11.9864827203789,13.8531384597238,8.3948549906622,4.32339272468761,10.209058008174,7.28652552992675,7.60349653073914,8.11967734320069,5.24327086490144,5.77460188452528
2019-10-09,11.7570773538579,8.31511139511705,5.91387983011333,5.55641086848904,6.92851831293358,6.13966481433345,3.68815769357861,6.44249925936023,9.02998711837784,7.24570640938404,8.33720999109448,8.54932699236616,6.14087326675463,9.20005423548163,9.55048448935405,8.54809299425141,6.86286384274319,11.0339522470203,6.43334948245524,7.58948823846679,7.84318717709491,4.95941550119484,8.38182957474907,10.8457354353645,12.5081215162296,7.3444609080186,4.05587036686624,8.36220260926321,6.47964724008811,6.86458871534107,6.87753201716387,4.60762769448851,6.15761635397951
2019-10-10,11.8225507191881,10.4615516394573,5.84653682497064,3.69982360168479,7.98217846001548,5.80098029497382,3.60604137434105,5.08633696193673,8.2057726030093,6.36144572303119,7.05106081189663,8.95790910087096,6.38304948672205,9.55631319045861,9.11351192289785,10.3237295574398,7.00450046502209,11.2428976991664,6.86524867107085,8.21007840397419,8.19101972255939,5.16721914835208,10.4495213252798,9.37462379238679,9.9992680307675,8.40937211863283,3.85611970397367,9.05444911520786,7.43885203883382,7.74286350973745,5.52385240918283,5.05722378821848,6.17096767389552
2019-10-11,11.7165981781347,9.29272352149767,4.7048057596794,3.3148358995929,7.29509551969096,4.06685570639176,2.45664261119064,4.76178753945135,7.24689752763812,5.9740158984801,6.19682958641137,5.12641325836134,3.8017824302744,4.14690555800055,8.93221240500599,9.40445146108602,6.66596149196493,11.1012989829663,5.08136599822732,7.85113716557502,5.93386968411205,3.56048538481497,9.48847792492202,7.35286925803788,9.28106559527343,7.4601980311803,2.54273575129885,7.75126804453424,6.93112658278272,7.27767379396548,5.14594097502041,4.10161857189734,3.66037436721343
2019-10-12,11.5750374210966,5.86042690769722,3.46175302413901,2.80100681569039,6.19732966708929,3.21293662999757,2.05688188886984,4.30850294798716,6.08937012527649,5.46295651589757,5.1664342223704,4.03090217080347,3.0415836335765,2.75892869355126,8.64958507678334,6.73896826278201,6.3189037086055,10.5562960867549,4.37177418067567,7.15527771904706,5.20421234536272,3.01099909529998,6.25556155762054,4.97508473495673,6.95238284513801,5.95108896061353,2.13800249919191,4.72859232639124,6.13934284208087,6.55260440852044,4.6597090559529,3.45213861269982,2.81580905266996
2019-10-13,12.1628208655093,9.22513772413476,5.72842343250595,6.83153189982535,9.03726959669538,5.60470379599204,4.22285906872548,7.60380740908028,7.9288252709523,7.72828940717724,7.75501480647527,7.71224261162545,6.12709049839605,7.4067280429368,10.3142789967064,9.69901990187372,7.84414367641891,11.6088835863061,7.07220339855626,9.63489284468081,7.74778734450959,5.60125803494018,9.33832991781762,7.57398293340105,7.47600042461739,8.72049212353452,4.30942651296258,7.42042148557708,8.81481439971946,9.00295237940966,7.56477595738647,6.03546818472962,5.81624664236687
2019-10-14,12.5732173106938,12.2713097204971,6.48217437017935,8.40601756435349,11.4190146391899,5.99754036485727,2.99615637362201,9.02315823214134,8.19565849009479,8.64605783137053,8.32087641884281,8.29699782108749,5.96958713913321,7.65882158326372,11.2324759342209,12.4867578703473,8.65914570930809,12.4930175789809,7.712686903041,12.0335092161655,8.2977521329427,5.2946189695718,12.2784232458973,7.28797724815534,12.5557720746234,10.5154290966142,3.18518838959442,10.174832333695,11.2908671379792,11.2697864837601,8.62592948215206,6.39145061067406,5.80116240617678
2019-10-15,12.1388941313677,9.84733120601235,6.50254970551657,5.35871763987104,9.29694912879221,5.91084645976243,3.19003515341374,6.50653806527791,7.43850694259767,7.04010654433445,6.87769722870542,5.83378278720507,4.6047056704724,4.61328692002113,9.92441625656718,10.2709806523685,7.68455024589192,11.6726379316547,6.22084117799804,9.89686827815185,6.67286039330323,4.50947571573015,10.0615546306487,6.82471460713216,15.6736825042721,8.72755991806534,3.41680241390482,9.57847045554345,9.16906711529691,9.32700987347707,6.51456909416876,5.47457756855266,4.83640267805279
2019-10-16,12.607596782157,12.5691828776436,7.14634239277481,7.74576575385837,11.8009134817178,6.35495317121405,3.54927714472582,9.21667700172896,10.5108507308407,11.0256428435111,9.08895502114833,8.52078678820727,6.18861308054519,6.25259553962388,11.6124371534983,12.767870348065,12.3184456763571,12.4934976336354,8.98886537121806,13.0421506665425,10.3245196847463,5.94826965549534,12.5515403537538,6.83578609676948,13.959101868396,10.8807557556589,3.67979472635453,10.8267022090908,12.5349033380369,12.6612785466996,9.53059468912057,6.8828539894955,5.73286555026575
2019-10-17,12.9887793354944,16.2479618459184,8.80767123479413,7.68719110671449,14.4584574869046,8.14687867485033,4.84973727523898,9.21596075707741,10.2252175543775,10.6816881574458,8.88619516473884,12.0748213287433,8.83225629272521,11.10130668459,11.8539964914138,15.9383515762672,12.5866818214176,13.1625706753771,11.1619270104585,14.8427299293119,12.341546399489,7.88394258838486,15.9388004048193,7.01877459863829,13.9414130372215,13.4965901734288,5.00844354789843,13.4231408075784,14.8383689548159,14.7202234019163,9.22393885388689,8.86473822782757,8.28786460766251
2019-10-18,12.4079253165095,13.3318212758281,7.17289747409506,5.9637831928027,11.1978330449597,5.93119854121037,4.10444384735216,7.1402133327731,7.77109552427681,7.64356799573267,7.18673862019762,6.67710780351307,5.54878614406212,5.30913986594001,10.390819768599,13.0997517958334,8.65569132128731,12.1807915783753,7.33633575636248,11.2621478414096,7.55999915325678,5.55624293088767,13.0976241991193,6.70578720524212,11.3126227538461,10.980434228392,4.06528716049996,11.0794770875529,10.8080797729276,10.8478902299499,7.0307792178184,6.87658399440836,5.41436033902978
2019-10-19,12.8311967630658,13.7494348676586,9.69245324681565,8.2365527804654,13.3515356237638,8.41818091160943,7.53895259675446,9.72621395194521,10.7070464202859,11.5984370325977,9.26115458369546,10.3444171229953,9.01183069979163,8.38691644425336,11.9236032689713,13.6577804738013,13.6449684513486,12.2493130226856,11.1298023853674,13.64872175656,12.0062338393569,9.06949692670356,12.7936300094365,6.27123164927642,9.79446368796234,13.3368046632993,7.36221374383048,11.9484583498973,13.6524729992873,13.7189218200479,10.0168370071679,9.89918208043578,8.36093467327774
2019-10-20,15.2193399563921,23.4242184593445,24.5395964251426,20.6740311290341,24.745054486938,24.0834704050103,26.0073855449288,21.2840106908738,19.2785175306512,23.3609127415417,17.8950238164296,24.942050203998,25.5144710921971,23.5240870181297,18.2978394034128,22.6386449750078,27.3701012347873,16.0448746524014,26.4137202909296,23.995564766866,26.3382189653163,26.1636216513648,22.4473984461536,9.55994264024614,16.0725808771572,24.1941331964087,25.5978438307915,22.8093451220887,26.330545978679,25.8081242826456,21.3196856068216,26.1473865877298,24.7183921566688
2019-10-21,14.1079366629602,19.6459482313379,18.2156609932444,10.9978906979896,20.2035905927419,17.7418106915855,19.6134286877625,12.722383752049,13.4236155374395,15.1711866331174,11.4291379814868,19.0043590565375,19.4521891771533,18.0345615496778,14.0027485340503,19.1512490087288,19.9971391334108,14.3017802459239,20.1736436187394,18.9695458522202,19.8207118686285,19.9442293926828,19.0935909756686,6.84599182519087,8.72127906494168,19.6958683951494,19.1788331596752,17.2400113936007,20.9802134126143,20.6012801460819,12.8675843202409,20.332746845659,18.64512491814
2019-10-22,13.5730064871456,19.2493440853064,14.8642527979888,10.7690300496786,16.8960557109966,15.1508344422162,15.033410564053,12.1420899079457,14.4227039014553,14.4490913564591,12.5225553303727,18.5730967731438,16.9984349393602,18.7112527424495,13.3609647602344,18.398586073256,17.3315436718099,14.3972079093342,17.5129519398975,16.523301526204,18.2751488218717,16.3302568566386,19.5742407770525,11.3589659001583,10.7357600788094,16.422073639626,14.9890249681203,16.3295085082127,17.5975726015897,17.4282802329603,12.5584859227521,16.0636474670355,16.2611217449402
2019-10-23,13.2073445672936,17.8058034849604,14.4137000820165,8.42613151951637,15.6801381892154,13.9369091576156,13.4408323838973,10.2241819818842,13.8815914213599,13.2453349027444,11.4319154650961,17.1701916460118,15.3642138677054,17.1032599371078,12.3864716477322,16.916241460835,16.3609456775821,13.095121679879,16.0315191023436,15.0387831348372,17.1549740362659,14.6445641461806,16.9648470738935,11.0435195735234,12.2774822622472,16.1948697035958,13.3776290729161,16.3666934502608,15.9314121287729,15.9032571436599,10.9432384200079,14.3989035487053,14.7275766920549
2019-10-24,14.0998734392558,16.4314731069496,17.8142597056457,12.7945443145545,19.8704944174792,17.0085938421641,18.1046986746716,14.3990106228128,16.0512516840638,17.4390738606143,13.6963444344715,18.5289141644326,18.378666969004,16.7177916046141,14.7871703886666,16.6455253332859,21.4465470683303,13.3879107751571,19.8848762932829,19.3612262800803,20.209017106905,18.8584140262107,14.8470164752263,9.66200063939864,11.2308703549527,19.4820366746606,17.7317198126227,16.0590002599324,20.9845553030205,20.7195065297322,14.8846713363891,19.2267075401985,17.5030566103622
2019-10-25,13.2474155158148,21.121266496202,13.6363086724326,8.91668462968062,15.4686357521047,13.2964532321983,13.4807749437306,10.3809611299528,12.5500133231937,12.453868983502,10.8162009344537,15.2732087587949,14.4829402209182,14.8807510060504,12.375067808684,19.5341402104727,15.2660200793643,14.5997455052136,15.1371694132171,14.8981977064322,15.5256701733733,14.2905903031671,21.938246878451,9.83186652170815,10.3053195502333,15.3989100876202,13.3294339237445,17.0499962968381,15.7540594392224,15.65525924496,10.7410478231435,14.4366395016602,13.9283233718543
2019-10-26,13.3966748165449,14.8244693285642,14.2872238998122,10.2664369181265,16.0068847045725,13.6706276177167,13.142225384523,11.6267979776925,14.1725184460246,13.8885078467548,12.2961397899715,14.2407294781444,13.7468294579362,12.8635146087477,13.0385601488636,14.9155134785848,16.3476645365675,13.0362474188238,15.096296986764,15.8405810592764,15.4176588549131,13.97110644404,14.1500662148567,11.7211797354306,14.9068808311236,15.5733324400343,13.0552355136361,14.7159638795681,16.6281740083424,16.5110406818658,12.0757319752173,14.4702627130306,13.4397161581176
2019-10-27,13.2690549702865,13.3673795062256,13.9221446087858,9.47607993197433,15.2907998041347,13.1264285276578,13.4418290583194,10.7474617650458,12.0755872481755,12.3839623343519,10.7006029864886,12.2060988901254,12.8304195806363,10.6009340776767,12.5014059207662,13.6932865021722,14.9664050171341,12.664552878675,13.9681847356552,14.8826291525363,13.660118502254,13.5778202555034,12.7209101989326,9.14643615787623,13.1567044057961,14.9168400576137,13.2348539180738,13.4398742933771,15.6670423791356,15.5510306475806,10.950577327724,14.3404200601986,12.6694950293101
2019-10-28,13.6394156356516,16.9513293421906,15.4324170994218,10.6063730641648,17.4346574176923,14.8796386314497,14.6053723499342,12.0500022628235,13.3854093134503,14.1639992171289,11.6429687731611,15.7501747345821,15.2898841434075,14.5336885428085,13.3933602506764,16.7571293605108,17.3578798417102,13.6402947147827,16.5532868473287,16.9984598631162,16.7176993176891,15.4907359901437,16.4470048857841,9.06800036495177,14.4500293487521,16.8544796025485,14.4725752679399,16.0612457231863,18.1204163418103,17.901226138279,12.2864578145176,16.0189697349164,14.8937564525307
2019-10-29,12.7189520083742,11.6847101844996,12.8335418669904,5.82801461030244,12.5667421301028,12.8931108372493,13.1753420226856,7.52773361162277,10.5949184663868,9.70568238538243,8.7682324526243,12.7155554289462,12.8957742813597,12.481959826515,10.759254637005,11.9459893445416,12.6657608496669,12.0495900636826,12.941112690466,11.9871123234187,13.0318924892851,13.0232515275847,11.6355440322153,9.01527753316576,12.39103808256,12.5758166704497,13.158026936445,12.0851557842033,12.7059532158006,12.7662440241355,8.04471281838315,12.9132172639935,12.8493136188908
2019-10-30,13.2252816728475,15.517506631502,14.3318784762256,7.88813849470467,15.4212660894749,13.6152225270206,14.2143064700864,9.28315614719412,11.2016764168305,10.7760184040539,9.80099629664566,12.4593403292477,13.3809785628386,11.5125317389786,11.8028057503918,15.3108118017136,13.7033718712716,13.0755032995837,13.9575044999849,14.4023497525294,13.2358943494379,14.0670680346577,15.3159505284163,9.69652565105339,12.5391936275067,15.1748023958701,13.9868656501744,14.632360473113,15.4255966494778,15.2422803900247,9.41370539995717,14.8545808204247,13.343401068303
2019-10-31,13.948934008692,20.2153850438344,17.3380643625145,9.32736992391214,19.7468192604513,16.4378561130351,17.0913977420427,10.9384752126625,12.0971309255335,12.6287567262701,10.456323420885,16.1215061759122,16.8156286654541,15.1585401855867,13.0710889941587,19.5692901217999,16.8576766120529,14.2829694784601,17.6814936954294,18.1483976965599,16.6798624770153,17.4529878404186,19.7892741561161,8.589281187634,13.1180715275751,19.0743435454703,16.7571612474824,18.1304028469175,19.9765059128585,19.4998456158908,10.8277367702309,18.5828367487353,16.5531179740684
2019-11-01,13.420844653504,18.0664288674389,14.1417266606065,10.5067340499163,16.2351705658422,13.483349773642,13.285407907089,11.4707825763025,12.4214608672387,12.530891401246,11.4155607325708,14.4693570768584,14.0291076350449,14.0081489165364,12.848217378201,17.3517222599907,14.6100012082445,13.7862898416056,14.763741948538,15.4984325843066,14.6391275231879,14.0293347541873,17.8010271557646,10.6461647022146,12.3758131685048,16.0479477743419,13.1310078078235,16.0283604731421,16.2605707703252,16.0455525553665,11.4728712582113,14.6536085392256,13.7362158847851
2019-11-02,12.7708264326742,15.0319347457106,12.239456236517,9.61168238194831,12.3629137517456,12.2847579713656,11.3970506714277,10.3583082823242,11.1603834775994,11.1949498091623,10.5040644722101,14.4153841144275,12.9366793468799,15.2466398197957,11.8650367517916,14.3432291286142,12.2770957474003,12.870551308799,12.7723244889396,12.0705153608967,13.5764835365806,12.0828647267451,14.9380194655507,9.76709089019115,13.1736491860323,12.9190486428283,11.5192908385301,14.2401952781713,12.1125147040283,12.1978946501355,10.542200620303,11.6645509712437,12.7821853120154
2019-11-03,13.8006488828738,18.3688177691749,14.2730319463455,13.2214632702255,17.9038417937808,14.2844901769505,13.2875965953855,13.8114148831714,12.4020831210375,14.1426675714935,12.0356998039387,18.084748386719,16.0597889914681,18.5434537731405,14.0830377049245,17.9412105466489,16.0168676627367,14.2276626965691,16.7550522003743,17.4533344711472,17.1486576423119,15.1681764091788,17.9162135731592,8.57938096317616,11.244579463772,17.1661789083947,13.2648379368763,15.7759280827413,18.218676867226,17.8769387929076,13.4240233062287,15.4934753102786,15.4219248504011
2019-11-04,12.9896810422847,14.7493978121812,12.6019301981846,10.1629060188628,13.4302119033814,12.2624077068264,12.0012043401229,11.0390892664259,10.692512435521,11.9336965624274,10.0519548575394,12.8817622745048,12.4465826291713,12.3201437696979,12.3582714544692,14.3952444839278,13.6697183065734,13.0798338617635,13.0470335521282,13.3326903516377,13.3845261718255,12.4364727463892,14.7360379936838,6.93567618602854,12.8044987862412,13.4604492078735,11.9606156080783,13.8475684810704,13.5897781273227,13.610476195265,11.0864476972916,12.5859632105848,12.2495181368404
2019-11-05,12.6947894840759,15.5477591087885,10.6776802385648,9.43056266747533,11.9965670969747,10.1371488141729,9.75532416595796,10.1787890641201,10.6347478831173,10.9030885934811,10.0782880033031,11.6465465136005,10.720080561719,11.4074778759135,11.7634256459836,14.7107706549748,11.80302205966,13.0005288629709,11.245189604739,11.908756752721,11.8088619706908,10.415727851799,15.6058300604581,8.90550184254317,10.2337298776711,12.4651503568253,9.69469990243186,13.3975342930665,11.7583090061082,11.8616899142607,10.3067182877663,10.5562661999948,10.4130016111531
2019-11-06,12.5408271242444,14.1040918072194,10.5404396564043,7.85230513425479,11.3829518854534,10.4807538010545,9.37626295022486,8.81473088549844,9.71461588146466,9.66806803184658,9.0139761656075,12.7161584153728,11.1025786306219,13.3567358053584,11.0937789249753,13.5289548935842,10.8635666698772,12.5052820737727,11.1767678476278,11.1679280847433,12.0046624169498,10.2583783201101,14.0666174788145,8.28898450251797,11.9279270821358,11.858127617902,9.49684682223739,12.9127457242544,11.0485488521846,11.1722178642177,8.97559623859349,10.0324077394114,10.9211888087323
2019-11-07,13.067800921319,17.8049784396853,13.1435901003694,9.35147668784039,14.3826176755679,12.7892148149108,12.3799629234856,10.1508953920708,10.8748191125632,10.6828537533218,10.2807917126905,14.4117628980728,13.5364335967561,15.105594292547,11.957352637454,16.77912017418,12.2519848266053,13.4992872516357,13.4673346240244,13.4415911307778,13.5136471212321,13.008589405723,17.7223386663231,10.2172251996133,11.7330164298573,14.7131472204816,12.333053067926,15.6668470359223,13.9054343384435,13.783634046816,10.0817062520478,13.2112315849799,13.3664795693169
2019-11-08,12.8329686846201,13.0826181629236,11.9829924184448,7.9186692285837,12.8830233386621,12.310441443487,11.8837153458246,9.10837277617754,9.9516244818227,10.2717265938852,8.98442250804808,14.2219316532681,13.1512561377187,14.7669538436797,11.4437007338751,13.0794425083886,12.4466529467575,12.5606256228242,13.1244168172975,12.5260603008974,13.6152843824769,12.5592850700248,13.0880655050847,7.4350775428823,11.0740361606046,12.7975200891927,11.9536675782063,12.3025439888001,12.9354144024494,12.9498969066069,9.24271185594897,12.3050429312772,12.8930686552925
2019-11-09,12.8625121099958,13.7414510276574,11.2588072904954,8.54332516856944,13.0564706612558,11.2895210250494,10.3839868701923,9.79293235017385,11.2833466000965,11.3962883496336,9.99457557800633,13.7742069477895,12.1849302662587,13.6689302242065,11.838917680846,13.6286792188344,13.2954464473599,12.7013351259164,12.8615401303135,13.1078364209688,13.7454978961001,11.5758649642029,13.632794509468,8.70765719504949,11.3842722247863,12.8955042165856,10.4481235303644,12.5159017655518,13.3378218874533,13.3833279540798,10.1003567102276,11.4861498505867,11.7586471017283
2019-11-10,13.1935491709514,17.8028801468601,12.9309925522565,8.47450679122647,15.4284059871795,12.4510948259028,11.6214928608118,9.83780256346631,12.2185403263963,11.5289657228721,10.6669445545181,14.8312406490976,13.4190649814809,14.7922910959768,12.0898024783443,17.0219759953398,13.8589994979238,13.4391597159681,14.1546554527768,14.7339268243955,14.5547899193478,12.8970316380258,17.4957095343756,11.0470131715299,11.8821506526938,15.3479976021241,11.5663212136849,15.4817369914806,15.4161245513192,15.2657858782105,10.0715365956202,13.2792299654154,13.0042066230355
2019-11-11,12.9949544911757,17.0301075847794,12.0542863639251,7.57517416471392,14.3753462671796,12.0010532583901,11.0115956825263,9.23686890848952,11.6409120104912,11.4877958299351,9.77925488405633,15.9024191132116,13.6297798885367,16.2049451810174,11.7831660726317,16.2605699712387,14.2233603819301,13.1884310762632,14.2653061857129,14.0153000086722,15.4035228021281,12.6297908261725,16.859393058978,8.69994197489438,10.5271031859704,14.4235519493252,11.0458850658975,14.5419945564989,14.5877432975452,14.5690185774546,9.66234719168723,12.436328762547,12.9779253512844
2019-11-12,14.1553586542032,19.4332148483889,18.8415070052261,12.9643441637916,19.8884860694578,17.8524972470895,19.9798396371587,14.553429203274,17.3280834982198,17.8675887639478,14.7180823121649,16.7514754143398,18.2996190239578,14.0111549104597,14.8529446413624,18.9597526488029,21.9069018273241,14.5827293959824,19.8728726625918,19.3496258857027,19.4849192467634,19.7322496357946,19.1445871316274,12.2742667256994,12.2728633027164,19.3097190153481,19.4811164898093,17.9654017868469,21.173729496256,20.905016256308,15.2133508836428,20.38335642687,17.6618421723441
2019-11-13,13.6933591556375,15.374798863577,17.1803226647786,10.5904019312364,17.3719432389381,17.9465847835433,18.716452080594,12.4427927915459,16.432178745057,16.1717987229901,13.5131520634902,20.7436604157517,19.7756486158113,20.6424980910819,13.661068597305,15.5145279485918,20.1911842534607,13.5121997355388,20.021498242598,17.0886983117069,20.9807284872159,19.3767262623739,15.179920065536,12.2312449768085,11.7227088426274,16.8628292310758,18.6757056516275,15.0819289435264,18.6713768068878,18.5736410800442,13.3685694875401,18.4889371764923,18.9992682350248
2019-11-14,12.6887210377472,14.4013955088857,11.7474852873291,9.4515335691366,11.856649017694,12.0031616834014,10.4286388349555,10.1688100121492,10.241118158085,10.7766776037718,9.80129672197471,14.4542607145199,12.4945558347621,15.5224070720859,11.7319392605548,13.8239194156986,11.774661072172,12.7713303461297,12.3262662846811,11.7456413998017,13.3482979902645,11.3775214764257,14.3925665364384,8.13784085017208,14.8392480522507,12.2988224658849,10.6763062014813,14.0204307399077,11.6367644736004,11.7457062543814,10.2510158145191,10.8515559226876,12.4276357655332
2019-11-15,13.1893164868393,15.012012446583,11.750002108124,14.523215326017,13.6519122193118,11.8311110496953,11.0999711580422,14.1867695088042,11.5936652936728,13.2261334717458,12.4120553952468,14.4771569634869,12.9761104213644,15.1594313824695,13.6064833246021,14.6506780838099,12.7971153815271,13.5439080582363,13.1108888953351,13.7953677985185,13.5831176347974,12.1918743012848,14.8948124336197,9.70416040455263,10.3870225231562,13.5916661231791,11.1378299982297,13.2191646763718,13.5170988449566,13.4543308095778,13.7371499011305,12.1817445664247,12.6227158586259
2019-11-16,12.8172809345036,13.0095692167076,11.1923274893058,7.04187579446113,13.0328929329767,10.984577276106,10.2249493703914,8.29166358018033,10.191003851533,9.42251986935282,9.08295738981447,11.4527172885655,10.9653338139322,11.1297621019512,11.1011990548952,13.1310189697966,11.3422086342092,12.5283212274014,11.5683678455743,12.636185761404,11.5327311290262,10.8976665066734,13.0241790564763,9.71655863880462,12.4522900915278,12.6050594861524,10.2397355821559,12.1586743015767,13.0008080852999,12.9436685023948,8.41220406378047,11.4057452021131,10.9080373953484
2019-11-17,13.9772364124631,19.306608588089,17.1717328988623,12.2009642437593,19.1141460542718,16.0276146265397,17.3195635710922,13.3112377445998,13.6477723782004,14.775865015828,12.3661152122206,14.7428294447788,16.1082199506553,12.8143639179411,14.0471210874984,18.7706023309439,18.0235381957649,14.3983092191068,17.358878933306,18.1555736291438,16.4119810133173,17.2766327933032,18.9543467785593,9.56008095623091,12.5388776517972,18.5228405571081,16.8881839897008,17.4704145887083,19.6241938855442,19.2542103751905,13.2702498232848,18.4314980974576,15.7861473346909
2019-11-18,13.0717269720298,17.797625403522,11.4271182936886,12.3383263716533,13.7107629070507,11.5939065122874,10.3726383745915,12.3351554073236,11.2125472539073,11.701797613834,11.620717548072,15.7713998699444,13.3529349997491,17.4628074146805,12.7761630014451,16.7061566211121,11.615744679615,13.8185396797005,13.089892685804,13.3369467203546,13.7845070649432,11.9115326453265,17.8279335481017,10.9226217136022,9.66760969663122,13.963465080742,10.4710939702132,14.6768233145922,13.1824356350593,13.087364810176,11.9805862796551,11.7343337726379,12.9292966738013
2019-11-19,12.685649077876,16.2281889233649,11.194657026418,9.14761407738469,12.0391311677259,11.3622462618232,10.4210700349333,10.1882187638444,11.2849353243554,11.6617209869582,10.2182643017243,15.3168890078685,12.9205649822692,16.1544503986017,11.8431339768517,15.1899451113528,13.0727242676924,13.0857325717496,13.0018579725631,12.0614697105919,14.5012176961937,11.6769017865283,16.3354835981313,8.4386130117347,10.5297455909095,12.6844916941419,10.5421383010466,14.069730161628,12.0191354241816,12.188689530442,10.5688195973397,10.9484989448269,12.3748296958495
2019-11-20,12.3758311497931,11.2736288388248,9.68806313533048,5.87923462813908,10.6584894484028,10.0523225411876,7.87072401835801,7.7269939717618,11.9320179754121,10.7172775230629,9.59127801237752,13.2263475417824,10.5562088801253,13.1217367634022,10.7892141295635,11.3955145607889,12.7246851264633,11.8571185902742,11.441969541619,11.2965050568723,13.3274264788313,9.47291876116189,11.2469009730149,10.0526290110044,14.8324319580757,10.6497013997472,8.19687868839346,11.4390834837845,11.2063777056369,11.4854893355732,8.65214864216895,8.83588581563744,10.2141084435731
2019-11-21,12.545717971384,12.2858926078875,9.5848826581386,7.46702301660383,11.3617765931148,10.0901077323052,8.81057637796514,10.40132092576,17.008975054038,16.9576711713527,12.340948258675,16.9959838205207,12.7413344621865,15.0213154484076,12.4985447085722,12.2423059954226,20.5415536814098,12.2067294733472,15.1726571548662,13.5956701418539,19.3264376464882,11.4694166657567,12.2197948799967,8.84468925415922,9.43490866107096,11.4220899705371,8.99779432946473,10.8927769991328,13.6507032726195,14.2475992976169,12.5394352164938,9.76796926593499,11.0995840610234
2019-11-22,12.7914427107841,13.5944112205753,12.6384485933164,7.63652266748236,12.7450036256473,12.2205026510221,11.8028826462033,9.02815222092376,11.1623133998712,10.8706769343378,9.67040520127293,11.6370590344726,11.6454533747332,10.7079797953196,11.4480163626705,13.4248201602385,13.1268546658609,12.6125677899552,12.335242227282,12.5381556761879,12.5630375117497,11.9158450559757,13.6445526761275,9.00309345657218,15.2017065085295,12.7673410421503,11.8044430823308,13.6898844866059,12.944469454438,13.0144843341064,9.4471191315347,12.1335375799935,11.6807928506617
2019-11-23,13.3641907343979,15.9683177323124,14.1697308995347,9.16226252916088,15.9842952122172,13.5240474205416,14.0043981737055,11.7741415951601,17.1770060155055,17.2346158900541,13.0893645075615,15.443765135799,14.5793069168128,12.1718798309846,13.4730070924629,15.7774648102553,21.5986934189956,13.3477954819585,17.1569403423479,16.8444803013467,18.8406562189327,15.1344709121938,15.764302950325,10.194144267975,11.6437123103579,15.5431580462041,13.7737501961757,14.563043163299,17.9264173371063,18.0741116648175,13.2832844307199,15.0181704753177,13.4746892731616
2019-11-24,13.8300910266604,19.3839272576596,17.4518754750665,10.089624762878,18.7400597926086,16.6267262921231,17.608922211286,11.7353522822695,13.7724158500277,14.1574307628366,11.7124488328742,16.1635466395668,16.9424023998648,14.7603925531547,13.3721886082962,18.7313207700212,18.1794491388246,14.1609367414976,17.9033142649783,17.6382157879495,17.3934780956979,17.7002743607984,19.0743919864568,9.78597799978743,13.4828398690081,18.342379417417,17.2849010200151,17.8763536698097,19.2981348335483,18.98913452764,12.021388253722,18.4003234409323,16.5983066754326
2019-11-25,12.8642443649097,15.2727444702351,11.3583112691129,7.45693665146546,13.4724900835514,10.6660778029793,9.78691124812716,8.82655016400681,9.49662939031191,10.0778166713381,8.42454276068258,11.3449698469853,10.6504347849261,10.4652767888548,11.4334412785655,14.8523369562747,12.3830902413868,12.8937464517913,11.7388727308771,13.1713633773215,11.97078086531,10.657890138056,15.1941490484993,6.31057049247801,12.971510872789,13.3138257396478,9.74032455493468,13.7419628505844,13.4950159997508,13.4658397416991,8.88567565109939,11.2953165576815,10.472310461847
2019-11-26,13.3710524845912,16.6979086325101,14.4565405928472,11.5851130098702,15.5192206971982,13.8380245274186,14.0749345751967,12.3375547726414,12.7186410541195,13.2980059987868,11.9155392376792,13.9153212992317,14.0329891859775,13.1386332218868,13.1413515110643,16.1804225245115,15.0724964036625,13.6216330887903,14.6914542004267,15.0502062184097,14.5601183843988,14.3281148852093,16.4876336414919,10.2779316254164,12.9177332693378,15.4537698673841,13.9077981858402,15.5038664515976,15.6767391109172,15.5471755057622,12.387114122421,14.7849128034153,13.8230051925097
2019-11-27,13.5841746917731,20.1873255708936,15.797444436692,13.0696181863707,16.7523931663069,15.1700944733486,15.4897702936086,13.686162819948,13.1128030537629,14.524882349847,12.4786918332452,16.7961867976645,16.2122745346117,16.7222018301461,13.8472596571617,18.8920347240455,16.4324348153886,14.3135209916999,16.545017767558,16.0138029961904,16.7558907207617,16.010154338253,19.8507854514383,9.34602707824483,12.1501044698588,17.1466085584528,15.3007793411531,17.9490569328635,16.771016940477,16.6033290639606,13.6449935748243,16.1345497020424,15.7833463049623
2019-11-28,13.8425025186212,16.9843506110962,15.2916218359055,12.4501892477532,18.1069666231021,14.8157451038478,14.2696346631071,13.3093952510554,13.6612307478877,14.3259655096406,12.6765087813147,15.1374757685058,14.9284372296285,13.9924613585384,13.9405441008848,17.0003866953368,16.5745390857463,14.0758410419461,16.2241558622335,17.7032479344686,15.8526662637721,15.2456820037353,16.7012436231933,11.0267490899017,15.023649422147,16.9888839017533,14.1542288648304,15.8692873338588,18.7167991374744,18.3602533202554,13.1825367329115,16.1883698691239,14.6892042334722
2019-11-29,13.1357581214269,15.4770227754033,12.629072224393,8.16831085003837,14.9516879653905,11.8160995969618,11.3972003113545,9.68381705861164,11.9988000241917,11.6587318775573,10.2883205849146,12.2041036467558,11.8825984173237,10.8175192922733,12.032101975698,15.2548480355985,14.2398239914116,13.0240754913601,13.2408059834318,14.6005128383621,13.3300523806704,12.1921795248631,15.1631103254351,9.79179145951497,12.7755264845169,14.5865757365557,11.2559837506267,14.1292197312843,15.2590793153025,15.1597469029896,9.99810560976782,12.960160932566,11.5914531907929
2019-11-30,12.816138628387,15.7654503527333,12.9600043087653,7.00096826433679,13.3162651886522,12.0425792736493,11.5913782488696,8.32824266123635,11.0690928329572,9.85044529650524,9.66476082047986,10.9264924696912,11.2194593520482,10.1672024196709,11.1177668828404,15.0898003209678,11.9144700921969,12.8260366279322,11.8042811806414,12.5189176649711,11.5627407550195,11.5811582922542,15.6467494792511,11.0046752242355,15.5611797673932,13.6248508880437,11.5177001176092,15.2535950866332,13.0028472750792,12.9790860515519,8.63917174062555,12.2178717317426,11.4081751022198
2019-12-01,13.8113335092715,17.5445483191663,14.0111571892869,9.4524434157902,16.4970843562282,13.7375591725923,11.8762483821562,10.7973772845629,12.5514869016729,12.35680314419,11.1073187101039,16.1134613228521,14.2320307291873,16.1756569978105,12.8847467580171,17.1077597658015,14.7739957567069,13.8882251243649,15.11658522105,15.9512682512918,15.6431751354996,13.5016761704853,17.1005972851714,10.6149250752397,16.4951670651395,16.0645296383697,11.9866565982139,16.4395584915705,16.6631345593205,16.4618045526039,10.912421756148,13.8903192276995,14.0034904491061
2019-12-02,13.7432877779305,15.286005855235,13.5340390121299,11.466856665515,15.3534965693437,13.0452278513618,12.3454339296105,12.5096652724282,12.8586894637747,13.9682985831523,11.7498266328742,13.9982010986377,13.2281143933511,12.7817771480696,13.5422541401506,15.2190619331754,15.9401630354736,13.679810913302,14.5248557321877,15.5063838433748,15.0330319772176,13.2877659928412,14.9588303075184,8.74834023637511,14.540931188882,14.966761272458,12.3027526412423,14.6116358481517,15.9138677296335,15.8666349235955,12.6823018713992,13.6751746111813,12.8970664227825
2019-12-03,14.0546845233739,17.8812520596974,15.8409388072968,11.4613693884055,17.2822696660458,15.4129480405521,15.4086055943194,12.3202324401239,11.8588262016359,12.920281821702,11.2466546835284,15.5610901008341,15.6328084811922,15.2802080222547,13.5328633965925,17.4462835690228,15.3678211175166,14.3171148532443,16.0570806261112,16.3747826491931,15.5754352799804,15.7905047393716,17.6727023887319,8.82430826853274,14.3150132040515,16.8932469712603,15.2784411580165,16.6842316360962,17.3477391977094,17.0697226463682,12.0766557491608,16.3898479034671,15.5222749466103
2019-12-04,14.0781695417961,16.8620213385264,14.9055665268065,15.0208320111065,16.5744257290243,14.7223878721681,14.0577644738037,14.8795997250117,12.3934110443719,14.0389156892578,12.9960666407207,15.8202430611658,15.1476332950979,16.1879466269262,14.4658203251375,16.5718867061011,14.5496635722196,14.3785769722957,15.3613249933514,16.1337740145234,15.133911011312,14.8181223250536,16.5122360763304,10.2996850927881,14.4597531574571,16.2194263805528,14.0454154725008,15.9053330701178,16.472098268516,16.2138088792945,14.3011510723014,15.2513845966727,15.0563140167238
2019-12-05,13.63759756441,15.2863328712317,11.8327383776574,22.9376975943458,12.0722483134181,12.0742649287021,10.2226165488858,20.3696601732083,12.1546565257868,16.1266798525008,15.8877461222678,15.1735819568907,12.8210046836717,17.1519431554387,16.0745368762585,14.5062049781729,11.7382140145205,14.4471072256269,12.16331917438,12.9790401835568,13.0813803377137,11.2926220498325,15.0148190029687,10.4572466807146,14.620073313184,12.8379537945226,10.5006521382523,14.665044602085,11.3192136777232,11.3896118528107,19.1522705749012,10.760328590461,12.8255448313926
2019-12-06,14.094868533953,17.8658139229855,14.9958500264368,17.9725840139207,16.182815208941,14.7962783591489,13.3502610662061,16.8993802637483,11.1347449412669,14.2990462024547,13.2347140733296,16.4649171429063,15.1442298420098,17.8078656361876,15.1479883510264,17.1761223933751,13.3831633015045,14.6264432164926,14.8680505471489,15.7392951791105,14.7600375051105,14.2724626375983,17.2796979512809,8.48848994774099,16.5203149242503,16.2976513624618,13.4577519513075,17.1933065473577,15.568105012144,15.304831015255,15.7744108705147,14.5597279612217,15.2483696594475
2019-12-07,14.0105670132291,17.3910980837512,14.2548550950896,11.4033510683151,17.1650411958785,13.607834493379,12.9621180777588,12.2435859943574,12.3101192907294,12.8483192891698,11.6296117489968,14.5995763559112,14.0133033547149,14.0464932904843,13.5127566947076,17.1107511092388,14.7936313797875,14.1111878682301,14.9859123862291,16.5133714072442,14.7200370692831,14.0039833722984,16.9072395169852,10.2706165472255,13.4510022893959,16.5958132485115,12.8408600578481,15.7287103286987,17.2338150193259,16.9463685329691,12.0180908266511,14.8973294713158,13.7619389628235
2019-12-08,14.3904427433052,17.9356545725739,16.4860604146136,14.0384418303005,18.8194781282677,15.6404628092832,15.9838254217728,14.719328157434,13.7074473016744,15.4522358776995,13.0719364918025,15.8178877754483,16.0473909081991,14.5528038110393,14.820004140833,17.7423221798243,17.7416459551002,14.4688410555651,17.2015546982513,18.2349597755862,16.7636827036667,16.5624054297074,17.2054014216306,9.43605827460139,13.4071222744107,18.2511547728648,15.7111399779071,16.718255583368,19.248656742139,18.9216457104116,14.483918066811,17.4603821168719,15.683134923793
2019-12-09,13.9858597623355,16.463523656571,15.8783791990542,10.7828154176722,17.0349615107001,15.4270970383054,15.3338046833665,11.95411481537,13.0626013982182,13.4288766660219,11.7740230292541,15.6771385633281,15.5952139277805,15.0856779578579,13.4180510715398,16.3181171187324,16.1329660812222,13.8198411939588,16.2330066112583,16.2991823516727,16.0731333144801,15.7652477662091,15.9326700822928,10.2776152893735,14.9836380643157,16.7241927312961,15.2240497988793,16.1228078680369,17.308398255194,17.1000453279576,12.0582701317376,16.2144422330978,15.4285359806338
2019-12-10,13.078472038761,12.0959676041045,11.0704315565142,7.07921437135837,12.2290453491814,10.9827919788623,10.0797350817926,8.2116280387501,9.76243107594181,9.0557317670195,8.92483148718043,11.7765141362987,11.0171168111081,12.0189869245243,11.145860682698,12.2865871875928,10.6209725649485,12.4751955012762,11.2078772902415,11.8076891157575,11.3748706564901,10.6590289158034,11.8893910983677,9.48213092705439,12.8002934789608,12.2016010766168,10.1599702336251,11.8700903715195,11.9266978750077,11.957642202599,8.31044633784077,10.8765006794973,11.0303670906611
2019-12-11,12.906188109343,11.70610311862,10.1526397861409,7.82228137343507,11.0266015715149,9.7265410801148,9.22855232499955,8.46794508268824,8.22507856393436,8.24817775603783,8.2912535015306,9.53697997173395,9.41398027938616,9.64782047134313,11.0140040346744,11.7503825354218,8.97916469264436,12.3582350940136,9.47845391939239,10.6058839723598,9.30303548499126,9.35271977564523,11.5257586784128,7.88318147812471,11.6107313716312,11.3295379017632,9.22675056521439,11.2838738456553,10.3427459119822,10.4231597284523,8.26858499504933,9.79065271193039,9.56069287365804
2019-12-12,13.8686115109154,20.9011024707234,15.4531562339653,6.48312366743046,17.8204288339874,13.4087169348873,14.0563675785593,8.20931385982604,9.79339771675123,9.45301812658638,8.39596811734856,10.906148263985,12.5781132143667,9.22666649025905,11.7730845205527,19.7232589786943,13.2404969596948,14.1325450769689,13.7236624581795,15.8248121658985,12.1331039496417,13.8372999787672,20.3714151361922,8.19092937762398,13.6408896165529,17.8649598711618,13.5895868997544,18.4029361683255,17.1968083819236,16.8187349550598,8.01853317054579,15.7623521172007,12.6856174032073
2019-12-13,12.9672783195509,15.0256799644207,10.7792392210682,13.9796312796115,10.3365958856065,12.047403046243,9.01648025031071,13.2777970872543,9.04026227494453,11.4195410376371,10.7592551135868,19.1525233240963,14.2845762266832,23.5117569306908,12.9043095390977,13.9187856765697,9.87762001850493,13.2080272577672,12.5169476138227,10.4332314618276,14.7930441998307,11.0041862939722,14.6388093569781,6.72744797125753,13.7912550855312,11.7683182665284,9.61756479847711,14.3699062499259,9.2975240728636,9.52225492988187,12.7244969799282,9.16966058685031,14.0608016025946
2019-12-14,12.9026673613656,10.8499937965821,9.49491266686352,6.34185058525328,11.3072952288898,9.07931666861302,7.91430882276955,7.3060480973266,8.58868060497897,7.52176124452729,8.15743767444254,8.76396683888006,8.44943738845427,8.58630641377419,10.5918715865877,11.2615828333185,8.4911955648275,12.1665474935685,8.92762095618368,10.9248621866121,8.65928511325669,8.41921374288975,10.6741166688758,9.67644338942317,12.932582556945,11.1030839242217,7.97316482076357,10.6459983587606,10.7599048358984,10.7788566059502,7.21509292300867,9.18144944974576,8.66557628562302
2019-12-15,13.9000667891111,15.9156147940916,14.8572992106553,8.33625826088248,17.1110356969914,14.4494622733469,14.219824202244,9.50214943238857,10.7319576803412,10.0624424825376,9.8681781809252,14.5319181622786,14.6460781934705,14.8098191719604,12.2202039231471,15.9761772460351,12.7770113562308,13.4953632403304,14.7969720433876,15.5941031576585,13.8144370512766,14.6919733547063,15.3216808237837,10.7655063393793,13.1071600264473,16.5448260213543,14.0966387952497,15.0144068067947,16.7374542730142,16.3582689042622,9.21356421067193,15.6339599915944,14.6737683133223
2019-12-16,13.9305521338343,17.7924187636437,15.0164357800562,9.37698001393669,17.202682664464,14.4818789609951,14.4001163188828,10.192424657888,10.2907732416823,10.0732401886193,9.98355500412016,14.9137573487387,14.9422529160726,15.6347748815915,12.4502817730989,17.3357611962914,12.318837334134,13.8871640684678,14.7969704207605,15.4828030389391,13.7454396863959,14.8267514330199,17.2345349864544,10.3589857705685,12.1738795586867,16.9766543944383,14.2393404467216,16.0832399746445,16.5081034679031,16.1096185979779,9.69069882558278,15.7463688833593,14.9539923089786
2019-12-17,14.3339219270466,18.2108375013963,16.4262760098301,13.4779431069359,18.6746143269259,15.5327306306184,15.560905659905,13.7712718804239,12.2092666476653,13.2911433993377,12.337970741395,14.98396766848,15.5033271067698,14.6107426739172,14.2178056068862,17.9126130328738,14.9466528301619,14.4145410427962,16.0328601736109,17.4516948130341,14.8979290593114,15.9084086077245,17.4408965229036,10.58907820564,14.4147000969343,18.1963730075988,15.328138593737,17.1170648150977,18.40935000627,17.9656290356753,13.1390268985971,17.1165772045373,15.5094959958225
2019-12-18,13.3052327232326,12.9055086052319,11.4724169990373,10.389901394979,12.935771835265,10.9762618782249,9.95621657693219,10.5914351743445,9.57379413993708,9.75188949510127,10.0619464446091,10.8024258210816,10.5092034485052,10.9952795667991,12.1239039560655,13.0004931984568,9.94955487367137,12.8847868236874,10.7205748141553,12.4489896042665,10.3108342428655,10.384559783814,12.471761520092,9.89209757437598,13.9673425258111,12.9133718390002,9.98369185143326,12.7319828758334,12.2783582089013,12.1958312942886,10.1400938597256,11.1050705454642,10.7394455684002
2019-12-19,12.6880539382789,9.70474987808342,8.12496151844073,4.26465640323562,10.4972078930523,7.54841977435574,6.73419444714664,5.40311291700823,7.36585432254524,5.54505841751015,6.87906980996866,6.95561893631444,6.98341336392267,6.77499616803479,9.62951432273485,10.2764029818283,6.59852366461171,11.6638448289976,7.40340996745735,9.85616254541925,6.80583394516254,7.10536860380865,9.45638920093804,9.79442643929082,10.1886272059729,10.3250339777809,6.71066900950213,9.05204134573556,9.65871887511637,9.67721093377029,5.29064768931625,8.13247462080112,7.19549636123711
2019-12-20,13.1642187872434,13.1401372930975,10.8038744417108,7.73505843175535,12.715048387401,10.1558552314053,9.58585742484109,8.51985530004846,9.0113437079367,8.46275576077856,8.80310549524092,9.86872108312012,9.85308602016908,9.72307075524093,11.2455077391358,13.1539524859678,9.53891902632282,12.7161480039653,10.2316260447133,12.0190090472594,9.7160627251348,9.94120701308424,12.8545809796194,9.54340309100892,11.7565388058738,12.6708920489413,9.51870063380271,12.1727253189483,12.067577992045,11.9984779960831,8.28038425739496,10.8108314916458,9.96710722274178
2019-12-21,13.384221740521,15.3978182575402,12.5920852288291,8.9899466081289,13.9757210828455,11.5750715993871,10.6270784292261,9.80069700569219,10.518414625247,10.1377012653674,10.0409880313089,10.9041225560436,10.8316927257764,10.3740566584789,11.9859128706087,14.9936553601497,11.3699023620461,13.170418084756,11.5101078298255,13.2458958769918,11.1387515046981,11.0058121993392,14.8880190073684,10.3750999001518,15.5877144482376,14.1399906727004,10.571370925344,14.9106801482412,13.4367468998463,13.3414881245005,9.6742456722914,11.9317205695339,11.0341645188049
2019-12-22,13.3855739170082,17.4124661210487,13.2481390975112,10.8911899135339,13.6749497446552,12.6620681382074,11.754263970088,11.1790614076932,10.1656609983033,10.7168778587409,10.4435106840384,13.8291892259032,12.8695740487353,14.8232079190619,12.4476011685028,16.3223035594341,11.3090946417882,13.6022203889937,12.573965397726,12.7773454933016,12.6635792920058,12.2147167729417,16.960043661377,9.37040499530863,14.3679438256445,14.5127611038588,11.7788271987612,16.2941210002968,12.7787702567035,12.7277296860761,10.8548680843572,12.3948522708001,12.957404919288
2019-12-23,13.2117065308646,12.7396948468038,11.7287051041126,4.75752094042652,13.6779637443223,11.7536662879532,10.4990806451651,6.42468620238808,9.32210105162609,7.74479762304506,7.89792494322201,13.0690613701901,12.0073982504497,13.7763357649106,10.5507547414389,13.0476495627814,10.396701991372,12.4032799683518,12.0987013895537,12.657095569059,12.0292939434006,11.4206984624567,12.3311908960443,9.89942137967525,13.1676472768265,13.3412971722007,10.6050240256701,12.3932911134266,13.287532520748,13.1636881817797,6.52570761095827,11.8184765728499,12.0311198223776
2019-12-24,13.504756407471,11.6136238187182,11.1312101259403,13.9743833586753,13.1011652690413,10.5920870021898,9.77720596089245,13.4367164134636,10.3127475262464,11.6093881552826,11.6947096085531,9.70827135604369,9.87486216035585,9.20068284680301,13.3660453157764,12.1419997946286,10.6501557287317,13.1511196827668,10.4981581086335,13.2260635015827,9.88267871239706,10.1489425672475,11.2616698748914,9.99304748015494,13.5800245854553,12.6457128615607,9.75585462379129,11.6020190422032,12.7225805090856,12.6208450052631,12.6987543566085,11.1368647071904,10.0870559236972
2019-12-25,14.6872749331877,18.3331052175657,17.9983469738225,17.5238393446804,19.7254034103856,17.3310596724765,18.279122987239,17.2962202161664,13.975558216788,16.5334829836075,14.5426263751774,17.0656673301874,17.8503230081944,16.5010953477779,15.8933904401764,18.1463473633907,17.8165647177093,14.9125685371325,18.3045576317766,18.8921726075939,17.325151316531,18.3935969583767,17.5353170491285,10.2400311008195,12.8849996318246,19.2188835328792,17.961599984771,17.3134141939392,19.8831202380801,19.4457061020364,16.5993337010373,19.2469633521496,17.6078919754411
2019-12-26,14.1393394771483,16.9906605173814,15.7031109725294,9.53322601051619,18.3324387936248,15.3097235121523,15.181362673009,10.665657643643,10.5747368366574,11.1090939838429,9.87808627764448,15.9187631677686,15.857769624116,16.1406914663926,12.8965190780782,16.9877077272802,14.2084789148225,13.8600402627925,16.1336888823386,16.8275843115777,15.2228141476149,15.8527477747943,16.3037005415421,8.52384168712993,12.7794826826929,17.6426476135217,15.0247930262271,15.7592950495283,18.1375607644832,17.697755274861,10.2192025296305,16.7823923792211,15.7353363633115
2019-12-27,13.607689472953,15.0013562942789,12.8538448889905,8.51434102922096,15.2810921287544,12.1372383787392,11.3735144863463,9.49021835762549,9.56716072476587,9.66310277258019,9.1363262367753,11.6644737995374,11.7173671275568,11.2219435870355,12.0205343354552,15.0235695671005,11.6448483840722,13.3149274946708,12.4163724041227,14.3653411925067,11.673103052927,11.9432233880102,14.6094339616991,8.62095393755752,14.1077935869926,14.779721762647,11.2901499415932,14.119805124787,14.9261979860334,14.6837158194442,9.1300320975519,13.0778139393757,11.8333305054195
2019-12-28,13.217892763937,14.399454612595,13.3944831165175,8.26071820998678,12.9567759309993,13.1253403315203,12.8285662045255,9.07711051161288,10.0779367921814,9.46852293392886,9.60320847459191,13.0961260896243,12.9725367340595,13.9280864280568,11.4897211937356,13.9784586116402,10.9192570245494,12.871907802519,12.4286337909842,11.9139834980796,12.2233982738767,12.6897079551714,14.066226244084,10.2625214459206,14.1393793652179,13.5734715013385,12.8491475836064,14.4546609672101,12.2293363188702,12.2172347379576,9.06323056465708,12.7536674025781,13.1935899008409
2019-12-29,14.1322722506264,16.6426809244055,15.3542826568825,10.9751242799328,18.0088784353232,15.1056190723065,14.1821580356055,11.8092168648111,12.0124142824015,12.1581467495921,11.4136179906862,16.6186563668778,15.725829904357,17.1291536478367,13.3596713043555,16.6703204294973,14.361901372688,13.8353420396071,16.0558015990737,16.8564955199219,15.6145463247388,15.294540541842,15.7966823252832,10.9755396122769,14.3763973588658,17.3757390696321,14.1529822138853,15.8490380221277,17.8588090660525,17.4608473154456,11.4465964905711,16.0089721221338,15.5945679388895
2019-12-30,13.2953568105011,12.6285396384767,12.8628921521539,8.72385820924754,13.2329095238684,12.6010927752332,12.0685143148606,9.63421232187367,10.7280172846413,10.338205757456,10.0400314666342,12.7444376878286,12.4403691405901,12.9348495740306,11.849971798602,12.7731498124087,11.846422604744,12.6015484591622,12.4787511010484,12.6229934156195,12.4551945231611,12.2764575812261,12.0808339306548,10.1586998977389,14.1283882626189,13.4249763406872,12.0948505119144,13.1315926419387,12.8997611506766,12.8891084402765,9.69309751982323,12.4789120919774,12.5339439786445
2019-12-31,13.1397581927465,14.3879624563388,12.1723850268504,9.65819799680877,12.2905906533217,11.9860621294384,10.6096813900404,10.4081850852597,11.6934744025123,11.2733688968557,10.9883372464453,13.9095072023955,12.2691725040021,14.6115576281707,12.0952594266985,13.8661675533674,12.0348245338674,12.8747487369485,12.2776774188538,12.0496322754424,13.1681120855655,11.3905902595441,13.9098089115811,11.1067736974695,15.0646701140653,12.9993653749945,10.7716101958447,14.3557934746804,11.9036072873905,12.0248682732905,10.650683442504,11.0940630206389,12.2246091257015
2020-01-01,14.2530769833189,17.8567561164821,15.2421537825626,10.1737305399371,18.6535079095086,14.8848724809483,13.0131502529499,11.456242913216,12.7332601285132,12.6568248046283,11.449076759188,17.4753346794495,15.6105200239346,17.7532703007547,13.431656732884,17.7209233622791,15.3810270860738,14.0102684334874,16.4947506996377,17.6715683371136,16.6042936982673,14.8580536894512,16.8628584249022,11.0197181419176,16.3466543049972,17.9241489891352,13.0683354197905,16.8920673900377,18.7330482831823,18.3395958572433,11.3116213096072,15.5813475243347,15.3551948151592
2020-01-02,13.5737073460629,13.1828337918267,12.1413747712372,8.92641539478718,14.4455832108181,11.9250211848034,10.1088444742248,9.93933924382494,10.7059185876147,10.5740898913341,9.99004930954221,12.9924208043321,11.7565844920759,12.9325289768397,12.239815556438,13.5562231652105,12.1670240381833,13.0000310479855,12.5228018569345,14.1182453226883,12.6602990906146,11.3277018453287,12.6636080981483,9.70124565660039,15.9481249616942,13.8816347619348,10.2442895970435,13.252767581189,14.3892548136752,14.2602467770382,9.82894228376768,11.9248255781032,11.7860547134995
2020-01-03,13.3759832714814,11.7812183517854,11.5449906347004,7.58736841034243,13.4863304187973,10.8853893625938,9.86875675882263,8.85045928884438,10.6323056974465,9.97423717434116,9.53878795730118,10.2966303545972,10.1604254381843,9.22754179105116,11.6800670735766,12.3288398903683,11.7828262180292,12.5355996978391,11.2500151987033,13.2108848837908,11.0793879721258,10.4608474414365,11.2559541744894,9.94812884759858,14.8402772678689,13.0515082647957,9.85798813209469,12.1140130149757,13.4583195637523,13.4138180668677,8.95973807364641,11.3436457911859,10.2450075203509
2020-01-04,13.3677952169433,12.5266647639763,11.7636126758906,8.6191315763906,13.1650952635257,11.5289406290849,10.3552623549676,9.46761952701479,10.3828161624727,9.86865510816176,9.86802289567147,11.7359930122422,11.163650412488,11.7474784605958,11.8229770926277,12.8050359597814,11.057333870855,12.8260193815873,11.5540440250515,12.771435734515,11.4703773777285,10.9666499459427,12.2294147136496,10.384226146159,14.7471800787388,12.914905348764,10.4403307397651,12.6279456444396,12.8868104941822,12.8371007070852,9.39705625957358,11.4682663097053,11.3013543315904
2020-01-05,13.4649428811124,13.3400829594467,12.5572540622635,8.9917457708739,13.8566319133563,12.2186745385771,10.5945346434476,10.0712445324332,12.4963718865362,11.3820570572283,11.2800844535617,13.2307729152463,12.0047877427235,13.1082908168961,12.2447361378462,13.4789529029318,12.7379456488705,12.8421597873476,12.6746105837726,13.5882192127158,13.1182721298525,11.5701161747577,12.6793097033808,12.6167442931897,16.5243615096907,13.7842719183499,10.7242275929062,13.8377239537497,13.7870783178407,13.7645676815183,10.3432716228314,11.8771683024715,12.024668957891
2020-01-06,14.393654847773,17.4900532796508,17.3747647830274,13.5030109251156,18.4577525426444,17.1457335035279,16.8399075588357,14.1653266101207,14.6893168196991,15.0574974729602,13.8333534691465,18.0780397803644,17.6215727606762,18.1753210169677,14.5275070313822,17.3074528073464,17.1003033812491,14.3286801542936,17.9096077193996,17.606368752206,17.7308361712499,17.4475710573118,16.7335340377019,12.8358634119625,16.0517350182183,18.1182289520202,16.7803805437627,17.381743904577,18.6686083786053,18.3570493083853,14.1058330901679,17.7482771760428,17.4613263543346
2020-01-07,13.5021468196581,13.811408050681,11.9867109000463,7.69689337466029,14.3936370412532,11.8026377784887,10.1285754592711,8.82011609635071,10.3251408264996,9.45998494768693,9.50229017651512,13.3365012831956,11.9821982879004,13.8476235853946,11.698013664998,13.9819661315506,11.1833953203576,12.9264441002311,12.382028937902,13.6656591249233,12.4090019550091,11.3445211874572,13.2504662031827,10.6073308257089,14.4319023684593,14.0234566699723,10.2438970709168,13.3451292104713,14.0346742287797,13.8768782320741,8.71730983069495,11.9028644867498,11.9890066111642
2020-01-08,13.5474591112644,13.1639917177789,11.1896572017161,8.96022788058226,14.266059937755,10.7794926323505,10.1198187273816,9.92872605690999,10.9222760552733,10.5540555320318,10.2059120782684,12.0352556809916,11.2890886247315,11.6419755628252,12.2011514393814,13.5012316167197,12.0143339996047,12.9951720593425,12.1306829471363,13.919228717076,12.0639593178211,11.1551901171403,12.6816488246687,10.3925634740765,10.4273231325259,13.7674269750917,10.0468010473219,11.8345955592185,14.1660131617957,14.0485176596654,9.85096443031279,11.9030254319976,11.0155228524672
2020-01-09,12.9690591978808,10.1307115060855,9.51191382038549,6.17279899489289,11.2681358521051,9.03036793682599,7.76106248360892,7.17512996515816,8.62659452672608,7.43581668192164,8.14810335138006,8.36191949593658,8.15843103297975,8.03062625728108,10.5785723435717,10.7283518272134,8.40961919093025,12.0281938749499,8.72371387921738,10.9052177886036,8.40351782035258,8.21987620219393,9.82038471118812,9.87479344025188,13.7213336570218,11.0322365223062,7.82891768835794,10.4097583755128,10.7237186072532,10.7477899390805,7.10256984633233,9.06293338041125,8.44234605042855
2020-01-10,13.7183591201042,14.0121243379503,12.7934019711294,8.40194823958154,15.4763185316479,11.9147319368391,10.7908248411858,9.19393365426162,9.57524379896224,8.86852954119385,9.38865411434121,10.2970966418566,10.7850116970328,9.76365462381237,11.8954856378385,14.3705915455374,10.391959730077,13.1828333150941,11.5382222563789,14.3847280225205,10.2643055031681,11.2418706463919,13.4736827830716,10.7384293281582,16.0103107872174,14.7229992173575,10.7278838706377,13.8400944466197,14.9097040619679,14.5825644441621,8.68281693146912,12.8243467929134,11.1869315895167
2020-01-11,14.298152053439,16.8669594974007,16.3306087615581,9.43533198269468,18.8183137847297,15.4139192166753,15.434003605766,10.3174568885967,10.5445905975482,10.0879775018558,10.1869468511885,13.3258929182681,14.6755136216683,13.017530721501,12.7399461318695,17.0133861423241,12.7524700706904,13.9446834811744,15.0273668368712,16.8821934514435,13.0394220033465,15.4323983137662,16.1521461684358,11.1710307963873,15.2877879277808,17.9436210234147,15.1939815691671,16.3078758412441,18.2693107354045,17.7050769986054,9.66132549615667,17.1468902628966,15.0177448068251
2020-01-12,14.063708296103,19.5720186778685,14.8591337489885,10.6668354596499,17.5107198211489,14.1485292641187,12.4338104320419,11.8434234491425,13.2859829835682,13.2234930240027,11.978466912167,16.4392761438408,14.6691514934032,16.3378459032139,13.4702473586136,18.7370853058139,15.4508252295772,14.3117675018496,15.6797228045783,16.7669620384861,16.0898101285746,14.0397267844471,18.8532001220577,11.4080926603701,16.6464986708824,17.3444393787041,12.4531442495297,18.0332646660718,17.5124500800988,17.2613998107317,11.8880172628767,14.6375201724095,14.4076929070199
2020-01-13,14.0249106428814,14.4035015700316,14.1715918832869,10.38912702035,16.8602929996239,13.4757618392102,12.7613531288534,11.2635194634127,11.4182820485407,11.6050462894516,10.8579340750883,12.90914981084,13.0570069066294,12.1086791854532,13.0622075561642,14.8717610942397,13.6098193690048,13.4555406141624,14.0291312834086,16.0783536812516,13.2352078858033,13.4322731044983,13.6463108121887,10.2562123468525,15.1113456017796,16.0245070343716,12.6564456484452,14.2726567572085,16.8356581626065,16.5138748355914,10.93179313884,14.6539097000575,13.1100281931372
2020-01-14,13.8757740655916,14.3794072921656,14.5071120816307,11.099674874354,15.7946652241657,13.5790250536204,13.2889827714821,11.2930000816171,9.24097845584667,10.0315287274759,9.95147501287349,11.1990307210401,12.3924683162649,10.9424606786042,12.7474212553863,14.5797015055661,11.1380128531894,13.3799346026698,12.585701494986,14.5378606433947,11.0485426430784,13.0360583124627,13.6571803739245,8.89328219435689,16.0256096451631,15.4929777711322,13.1500745004153,14.7915660639948,15.0414695619073,14.7158520806742,10.489906790008,14.4082826538772,12.8900943966992
2020-01-15,14.8487247309742,19.1347044358435,17.3769592395676,18.4251169327277,20.232461861212,16.3617903754507,16.3852657125246,17.5005188286474,11.4335757183563,14.6800327807149,13.4732108281706,15.651434822724,16.3626906512482,15.6926007290312,15.8992085726941,18.8724395039052,14.937699971751,15.1198191329189,16.6794552363249,18.9418312992615,14.9796469245153,16.7594136135638,18.0579674996972,8.85791674907732,14.4661982443192,19.6105246651169,16.106147754057,17.906966206109,19.6560432308512,19.0355890783885,16.0131849248336,18.3274977137251,16.4651680361241
2020-01-16,13.4324727490543,13.462695817869,10.0690168034988,11.6245862481668,13.1203971130332,9.35699123748724,7.18880213191845,11.7169484713105,9.61188280469494,10.7071174791586,10.3117800047063,10.4518362932031,9.02980501077777,10.1708167571365,12.7522200184166,13.5295536987599,10.430761644699,13.1415086021447,10.0932269098028,13.2339788516086,10.2544543381473,8.60195454214851,12.8738283458626,8.46652458177184,14.8449180878087,12.8511416014681,7.2890990792303,12.7299455775437,12.6833892367735,12.6149342136797,11.1529186805794,9.54114527322837,9.07502125023699
2020-01-17,14.135903673749,17.4706684551769,12.9737296711477,9.4174164519757,18.1964692527016,12.0277243353916,9.67736664345365,10.6026501255417,10.0867560241882,10.9037477504436,9.46864107871097,13.8338775637895,12.2017768523557,13.2650729348944,12.9864886615842,17.4643660470873,13.3503572618604,13.8997094263137,13.8686837457713,17.3543576654399,13.5576755140568,11.8337897399055,16.4892454660987,7.62466010002221,15.7031114609693,17.0942415162533,9.66402131701235,15.704089470074,18.0957054834193,17.6502028087677,10.0269642532645,13.4258902798269,12.0238002805922
2020-01-18,13.7338500549952,14.9250875270021,11.9898188036282,11.7323541273376,15.0965147816168,10.4119716871263,9.42691274471228,12.1146823452367,10.1632189215632,11.6002353511917,10.4596404341692,9.62215096978493,9.65024143768429,8.03353816289763,13.1855671058565,14.8884227103448,12.3253753839021,13.3121276794618,11.247683836907,14.7826454167993,10.731572286523,10.2023292173025,13.8963962645911,7.75901279545339,14.4271127892203,14.9111256070901,9.2381915745523,14.1443853713745,14.7373229923837,14.5685609961879,11.5830537926659,11.7684367741134,9.67213604056572
2020-01-19,14.9637609970843,18.2804882128903,14.8967593941333,19.1729039987352,20.8519025423436,14.9377724819057,12.1240446474486,19.1018434660724,15.8114616453365,18.9034385578354,15.9614248032606,20.9285993261595,17.0897682044118,20.945604129171,17.0986332202237,18.5377195243979,19.5626685472403,15.1218814041159,18.9451049676657,21.3843054365405,20.1137983570558,15.6248916033096,16.9735191256555,10.5023983323785,14.8358568206401,19.3247163433209,12.2577191464767,16.3968404708992,21.8150184290516,21.3494650299213,18.4705988541128,16.1606496341228,16.1631901160296
2020-01-20,13.9552285073416,11.5360387387553,12.783241396309,9.66277879929655,16.1878850809466,12.527967489518,11.3997156081704,10.6875191347355,10.3622795764408,11.026012953771,9.82021734149299,11.4475340495667,11.6920903072442,10.0856681754617,12.8179752427271,12.8122643911473,13.2492615969094,13.2507526696478,13.1110950779216,15.9795235980425,12.2683396115282,12.2804489049349,11.2975530599547,8.20769734079305,15.7597365984817,14.4444850771488,11.3949392747107,11.8642469880704,16.6608983150851,16.3471311531491,10.2837862599242,13.6534520590149,11.8036053084476
2020-01-21,13.4644560444411,14.5866538441374,11.4779375529349,8.39940275476848,14.2309992925453,10.3292529948062,8.84047158488186,9.31593669799777,9.02206935128432,9.36447971813229,8.753997379843,10.3391724756491,9.75617342467488,9.68914056627847,11.8682977945124,14.4901900705513,10.7917596264157,12.9259097800032,10.8322443763042,13.5616011354724,10.5201036068651,9.78247924013967,13.7325233640669,7.74174554585546,14.8715108035391,14.1433403456246,8.7933499273039,13.9125680571555,13.6670710842252,13.5265465813665,8.96243287144432,11.008343274905,9.86172869505763
2020-01-22,13.7923764511601,13.9999205407235,12.3666668126258,9.41915157898219,15.7391792874265,11.754680008527,10.0230319174989,10.5723707985973,10.9883671522701,11.4080614880119,10.1167789582044,12.531561437791,11.5140256647693,11.5810512915598,12.7295909279643,14.4314650077264,13.4184104765545,13.2570158154156,12.979413297545,15.5026766125223,12.9733394422334,11.4522202158694,13.3302568778622,8.70847214846417,15.7307347026384,14.8569385203928,10.0512283911251,13.6132944104458,15.9328959160257,15.728000294122,10.4076322794416,12.5006107428678,11.4160755907615
2020-01-23,13.5403825413781,14.9815073424068,11.3470363834263,9.91338387924066,14.172306613224,10.350232464089,8.72283727624064,10.6785757166207,11.3334016278803,11.0867743340474,10.8127317717264,10.314213738125,9.66061465122979,9.17516122195706,12.5178288819891,14.8521716020969,11.9342634473907,13.4274762916671,11.0931307352903,14.0526151620862,11.0153599189228,9.79212543083772,14.6086243243891,10.921746072194,15.7300178862349,13.7748172170155,8.71459122782284,14.0502715182837,14.0194152291683,13.9188990516296,10.5606226794483,10.9464732355677,9.70713613865772
2020-01-24,13.7750221402592,16.447899018746,13.0267403403075,8.14589692875072,15.9373148545196,11.9237082983094,11.0995378499444,9.14863756508486,9.34770005313181,9.12745502475978,8.96144789572704,10.152474975679,10.8449386338368,9.15532715190934,11.972379748283,16.2815157838602,11.1778820003722,13.7942145866474,11.8756027250927,14.8317929949424,10.5890482950748,11.5190571058121,16.3039453360981,9.18030948292363,15.4834329945256,15.1895821663755,10.9555415108181,15.1141983098876,15.4905886095865,15.159472143783,8.66560114992628,13.2234625659768,11.1449003900977
2020-01-25,14.1077315630972,20.0999059521243,15.0250756261965,10.3938899204552,17.7417197204663,14.0561152688467,13.0638172017348,11.5569700709592,12.7164667177366,12.7087678444207,11.546857913858,14.8783496088706,14.1793779407921,14.2211908462649,13.3448061529916,19.2036079982853,15.1207154513564,14.5710425041856,15.2883358360658,16.817716302356,15.074675804734,14.1578804282065,19.694799249924,10.9689152075049,15.7244916483591,17.4136167428615,12.9494441174024,18.057960211748,17.6998760143072,17.3982822390138,11.4851131895804,15.1546604601481,14.012007126039
2020-01-26,13.8660201486911,18.2622673495114,13.7353918269124,10.765256167009,15.8836960602617,14.6065640325645,11.916007413317,11.7586861425057,12.9590386937819,12.9064553430209,11.8965652494669,19.6679347999207,16.1376447045746,21.4914059208121,13.250583438932,17.5891317464358,14.6405749081232,14.4732481548969,16.1679701798929,15.6250590087119,17.4858871689566,14.2057479997065,18.4303477994188,11.3678688872908,16.458268204356,15.391901872054,12.3035627510278,16.61922417153,16.1071151090089,15.9514719023657,11.8269509707134,13.6453936552562,15.7789083536312
2020-01-27,13.5758696660018,14.4050544607652,11.9001958734165,6.94634045766928,14.912426363228,12.0836665677467,9.99272302824065,8.29252054176271,10.4740553195877,9.21148702801329,9.34827040025116,14.2622884928357,12.4710659440886,15.0240125609387,11.5706938023291,14.6087872455278,11.3170346836618,13.2471035563217,12.8979352908102,14.1961948288494,12.992901893977,11.5954631114589,14.2233622187735,11.1057085333727,14.7886540987032,14.089351603093,10.1901897568259,13.4541389818663,14.7443824731383,14.5249741571437,8.22254827260732,12.1146702200101,12.4359022047446
2020-01-28,13.4707511847201,14.3038549715841,11.3747093089965,9.13903025141571,13.785908996822,10.9124466271514,9.30054177598224,9.93621895545124,10.5752017483395,10.2080786867604,10.1331718854099,11.4318622537801,10.5482114457809,11.1411968000856,12.1179335258328,14.2912675434545,11.2317421693223,13.3212020748983,11.382831484813,13.4992840331276,11.3268117953942,10.3330630033035,14.144764271608,10.4839105872667,15.1110940126097,13.3395789884321,9.37685911876559,13.4843275677205,13.5524847843822,13.4488300982448,9.77209232620711,11.1354039683346,10.6239285284205
2020-01-29,12.9648385177197,11.0103087443267,8.60128768131204,5.53659119384525,11.2952589479026,8.46695348047553,7.1762267953857,6.67704499952659,9.30150669051263,7.24179211110638,8.4938962674056,8.9247485820235,8.24471109092208,8.86445661470703,10.3956634267528,11.477855255135,8.2216185960841,12.4175917095246,8.80961826458291,11.0226167686233,8.63125127177461,8.04102934629987,11.2086933221406,11.8008675474928,11.3197943305759,10.725512143375,7.26077248865469,9.8980619778359,10.8856474974774,10.8864336660168,6.7243070872244,8.79772088099694,8.31797671731636
2020-01-30,13.8869470086721,17.0241549021098,13.8867315235225,10.0754081093675,16.1772720242462,13.0177434357234,12.140647740208,11.0887430926594,11.3148910173034,11.7845572847324,10.5684215446944,12.4603354777294,12.4431740966357,11.3677114144072,12.9475810375515,16.7044690143223,13.8689035965572,14.0548337126749,13.6125438876774,15.5935396680661,13.1563868829938,12.8195503125216,16.8428344627874,9.17018796503022,16.1247413024145,15.6204193415752,12.052481927291,15.9205468509576,16.2065743647294,15.9827123191582,10.9023476784457,13.9244229931735,12.4821253030454
2020-01-31,14.2792843167107,18.9987169186475,15.8638533984188,12.7172819639497,18.0554234489056,15.1010564523447,14.3456359878492,13.3190702215753,11.8743717589911,13.3766956428726,11.6697141674782,15.1973244469558,14.9761498284,14.6935134632662,14.0825719346598,18.444673705884,15.3602109691848,14.6672343428934,15.8036730139987,17.2113467665393,15.2667722371181,15.1053221821744,18.5835464148586,8.73061453212472,16.505275545743,17.5548449816278,14.2434965211365,17.7606043821912,18.0339766303511,17.6855274452577,12.8439700642554,16.0833652474419,14.9543853146429
2020-02-01,13.9480677802404,17.9908624864108,14.0879194509622,11.8696481999444,16.1729752628357,14.1485030287426,12.3651592128436,12.4243391871765,12.3190491834764,12.6225427503169,11.9761835477483,16.6525366196941,14.7845593659347,17.5481039936596,13.4683055692011,17.3952664177219,13.8324231943355,14.4000096235785,15.0353682566349,15.6354629368001,15.3614138519187,13.818691223625,17.8707990913886,11.2670133434115,16.035095678631,15.7983700730457,12.5248169202824,16.5834224405716,16.0603720105339,15.8349849403099,12.1725698807352,14.0333108501446,14.6668727593823
2020-02-02,13.5768331605945,13.1342204398618,12.3934770556725,9.19627006489834,14.1237685926107,13.2214404645522,11.53872765794,10.031247375576,11.6090914136258,10.5752544346983,10.9075212069441,15.7914072703509,13.9520153479013,17.2201853245869,12.1973761155591,13.4979989542875,11.8664150029152,13.3157529651318,13.7148804933103,13.724974565922,14.0609024030281,12.8285804699183,13.2156932537121,12.4880103272098,14.1985565328682,13.4197747723245,11.8141333321052,12.7625968458657,14.0832176743453,13.948915665855,9.99875440395406,12.6826378453429,13.896558797069
2020-02-03,13.4281644927848,14.6080556505419,11.7605936897228,8.15774242833479,13.8404081731316,11.3883858507443,10.8257755011711,9.13326122898258,10.5124151767801,9.6955297270642,9.81443713818858,12.6951691498514,11.9354420822972,13.0374579337368,11.7348763521274,14.418526922787,11.1800708797893,13.0969620670891,12.1613605767735,13.0708880135673,12.0711853500457,11.5703256958791,14.2292547409095,10.8540074687704,10.8687789433788,13.8511633219633,10.7787413648081,13.1325377326633,13.3603436150795,13.2666516677279,9.08509833978594,12.0610647044463,11.7849561495333
2020-02-04,13.3376837237599,13.0843050586458,10.3132342139491,7.07730161048329,13.3280146194105,9.87932452997872,9.04906569114421,8.25146159010473,10.348904404596,9.04209639006248,9.40464517450898,10.250598548309,9.84723238779827,9.68035690246488,11.3579207109921,13.344389516073,10.5507948281023,12.9783474691125,10.7342719289356,12.9373260320825,10.4366736038472,9.91054360595394,13.0754292214626,11.2563958498353,11.2443193774022,12.6933068778015,9.00659445716416,11.5608870728923,13.1403923712796,13.0454701840852,8.26269600273153,10.8481218804216,9.76331708949654
2020-02-05,13.8270095212619,15.4982744627771,12.2794963071264,10.3824826267621,15.6388183293677,11.6131766755011,11.2526980751394,11.1273409832418,10.8583856579584,11.2467793038437,10.5343691307544,11.944879995893,11.8323561967048,11.1485149013048,12.8558333754636,15.5117825988287,12.7649411687494,13.8072543651854,12.8538657149638,15.1421540609601,12.2960940630528,12.0926339919988,15.298575756858,9.5855675559242,11.0981238247353,14.9160149649772,11.0878251675708,13.4618877346894,15.5659949330272,15.3317710870116,10.7842931195159,13.2267409033344,11.6278909340039
2020-02-06,13.3413262361492,14.8140943271183,12.8259266538307,8.49859005802928,13.1324192485092,12.6320997757956,11.7957928503706,9.33152238305285,9.90342206875073,9.6571533497715,9.48871432437433,12.9287801784651,12.4270933143,13.5496407305774,11.7068029022943,14.413943568703,11.0736442111297,13.2269514114185,12.2390308706154,12.3688577155779,12.1715302984908,12.0640029298754,14.7409159951083,9.47153950339619,14.9359236109864,13.3927270942238,11.8751798801739,14.4737114584501,12.5949197891485,12.5668163196871,9.24433468549311,12.2483025448962,12.6168669753283
2020-02-07,13.6199016029714,17.5674140367005,12.9083365797719,8.84930751470452,15.0311442124241,11.6133009248544,10.9034124968337,9.57338501344674,9.83299010491903,9.35851079478296,9.65862511930924,10.2396336818828,10.7152760087678,9.64346117775642,11.9876415692291,16.8410171174964,10.6760198919959,13.811224793252,11.4128274352194,13.8694991031051,10.3884777550744,11.1639164719904,17.2981546539319,10.47794491177,14.9964492862191,15.0057362140686,10.7478514491411,15.972991119777,14.238631822787,14.0039286684208,9.1703831562688,12.6019953507273,11.0046301501635
2020-02-08,13.6712035155193,19.0387944841179,13.6316798263527,8.67761813008604,15.4908017457019,12.9959364389487,11.1637204150045,9.65776522439202,10.5915808783995,10.0710765926241,9.95075712463727,14.1091321201757,12.8529703284156,14.6937526773066,12.1400523685919,18.0012462932787,11.7971897836403,14.0784387508722,13.1885581018805,14.3789390022641,13.0858011721674,12.2391247833292,18.8066160831141,10.563090582285,17.183276647939,15.5555066662562,11.2500303532867,17.5112746012304,14.8600275450918,14.6433904745779,9.4435948372239,12.928362824289,13.0040366216416
2020-02-09,13.869019017746,23.4043990469525,14.7631187395924,10.7801401193763,16.6768823998274,13.8611485256582,11.7180371579055,11.4786219378117,11.6378466257892,11.6955570724323,11.2224159568397,16.854677678415,14.5318090216992,18.1313042946186,13.0319413538319,21.3214113353145,13.0544411879075,14.8362808119124,14.6941296871049,15.3465102191905,15.1182878801078,13.2783185903101,22.8402100778283,10.927590807015,17.1806179985157,17.4415406176704,11.7952942139473,20.7011785611769,15.7716158431361,15.5329222922338,11.2026947353549,13.6955468217869,14.4605196138292
2020-02-10,13.5497606601755,15.2682105499104,11.7680462185491,10.4548692573045,14.0048825809562,11.4389957803197,9.97911262828055,11.0331681167953,10.4285129925476,10.9880068183669,10.3375097241875,12.768110292998,11.5597000996282,12.8523711390502,12.6040531509205,15.0074475488796,11.8804441071392,13.6073689068307,12.1703151462881,13.7588542351977,12.3371277410735,11.0929042680778,15.1188941976511,9.05471391875238,14.1847852292559,13.7496778846877,10.0547844017777,14.0394487790935,13.7633369395461,13.6712171897105,10.7511906706141,11.6259993921499,11.5047113929286
2020-02-11,13.6174048767228,15.4680200712879,11.4359013886654,12.5485489087696,13.9039785713632,11.3733050943277,9.43454212317522,13.116474592934,12.1481329312827,13.7165184223117,11.7823434462648,14.4356148320047,12.0885085199718,14.1629823179053,13.6434886952045,15.1641195874465,14.4198076843395,13.903013964357,13.2278501517618,14.5500528187919,14.4507099957778,11.2331800473819,15.4139558759609,8.28228190596724,14.4283083421663,13.5756873512651,9.60245876189965,14.0568928439241,14.3044236029206,14.3401029069237,13.0911031569643,11.2604214511337,11.6725413872277
2020-02-12,13.5597347681209,15.0455030745489,11.6711709118237,9.54178664295735,14.2283914917016,11.0525389919715,9.61414734857047,10.4369666173751,11.124369108303,11.0223781773908,10.4784727286368,11.298867609896,10.609604864354,10.4539559501401,12.4385764630992,14.9372457188541,12.2784500531364,13.5889557414313,11.7871281973048,14.091969416703,11.7591239874061,10.6324747985401,14.9970726421585,10.1861886494742,15.2545143616724,13.6839774437215,9.63921450863852,13.9561463525949,14.2180272274636,14.1165726946357,10.3500010233787,11.5355071876432,10.6137523980794
2020-02-13,13.9627360390056,14.6819442198591,13.9200011968931,12.0083332154085,15.9196634555218,13.1894042113838,12.7303103839836,12.124832897411,9.42832008315157,10.7924640639004,10.2460283321577,10.9379222088032,12.0218295066771,10.244854890143,13.1838384971714,14.9489431288857,11.7883469963901,13.8837278212643,12.6171971691488,15.1298961799928,11.1732470839726,12.7538439728525,14.5032490166339,8.14139678640411,15.8988051486294,15.0901188782705,12.6179518248083,14.4255626115209,15.5528995990044,15.2194616142401,11.2633313631839,14.2049006330995,12.42515414624
2020-02-14,13.2519822240205,15.0725388893086,10.660986207099,10.3690011869617,12.1782152381522,10.7408540120359,8.75986097198652,10.6093922530843,9.10533925432352,9.83899864402113,9.63648497575287,12.8638429404851,10.9974549632966,14.0052499974993,12.1243105190046,14.5292218449767,9.92929031102259,13.5438457359704,10.9603236543325,12.0138075081584,11.4447557674245,9.94087557697858,15.257999697121,8.2695834665941,14.4434524179952,12.2674571362157,8.99500733838854,13.7650430781102,11.5959078590861,11.6031042735517,10.192209780819,10.020948406014,11.0618306674589
2020-02-15,13.47782314124,16.1953285812978,11.9175977576656,10.981988914053,13.5504361925342,12.3121643932665,9.71886667130569,11.4894829898443,10.5904850924517,11.498883144663,10.5488737731179,16.3233874659447,13.2595929400712,17.9266701196901,12.7568865678505,15.5724031961508,12.1726809013535,13.7415377980757,13.2496455487738,13.4511276419167,14.4323206595722,11.5728750328013,16.0693720740703,8.54279714313392,15.8096356254876,13.6316381665962,10.0630071977384,15.1025366278389,13.2820222249247,13.2649326840882,11.2719857219528,11.1999217069783,13.0953162441413
2020-02-16,13.6870041783744,16.2015981836748,12.7156403169108,11.5957817332637,14.6294048125688,13.1634308081224,10.7710717655082,12.2580770086812,13.0099465284095,13.0263598999147,12.3220789984348,17.3246237334344,14.2961683171113,18.5558066014609,13.2869951870296,15.7846357161911,13.8807754272358,13.8818758342294,14.5544549013616,14.6446133363385,15.8026061605477,12.7314039356074,15.9878528241286,11.8382549882636,15.6920874297007,14.4433286599226,11.0790109626829,15.2028648290493,14.7131409585107,14.6568042046422,12.3233962095272,12.3569199953218,13.9895546063507
2020-02-17,13.2404465233948,12.9582593768936,9.88216283009318,11.3548729984192,11.7926588747337,10.237445123359,8.15603449282187,11.688858465157,12.0273601963364,11.9190330682209,11.8424019402277,13.7781111357545,11.1340361229618,14.5905182074191,12.6716059783705,12.9025322862795,11.6200865704934,13.1548312431482,11.502012276465,12.3379024274561,12.7705652589174,9.83270830272133,12.8915900243365,11.7473928812584,12.9401534526003,11.7511003545526,8.43012542438734,12.0070498003521,11.7411794763388,11.8619871370369,11.7541317935719,9.51841310577037,10.843839424329
2020-02-18,13.7799840426782,16.7664963414643,12.4089262323902,9.16388213017817,15.7968571931657,12.0723904123072,9.92755606105128,9.9054569405759,9.32488119998761,9.46151771206804,9.30067938329591,13.2974429441112,11.9840917913738,13.8242301358935,12.2743253392834,16.5158610299438,10.9314051943344,13.9339039211055,12.5615763299645,14.9131090999669,12.1279293598595,11.3991394259761,16.6012990451035,9.06955579651112,15.9388701285773,15.0208084186644,10.0451698191392,15.2017130562075,15.3201057376153,14.9921319474697,9.29604998244371,12.4531349678934,12.1195258236432
2020-02-19,13.6505529584615,16.7827346730803,12.7470028683998,10.0929372850249,14.7637026045558,12.2726018617698,10.9189132526044,10.6550607756157,9.23243846521382,10.1696560910217,9.42928174024516,12.8295870204119,12.0809338294215,13.1107406512933,12.4660832819384,16.2528163189353,11.4322012471083,13.9163274320103,12.4569272104651,14.040141656755,12.1454515109299,11.7594668349337,16.7133667414535,7.59880757996635,15.277574221451,14.538047654733,10.9634406666769,15.4115015162486,14.2699899337897,14.0813231588969,10.1249660270281,12.5168509215618,12.2116310041909
2020-02-20,13.1950090030176,14.0639500787812,9.54274111039295,6.96088320630344,12.6980807406012,9.52849942843261,7.40072580940184,8.20969420485234,9.11974282500838,8.9835214235388,8.32512377330182,12.6500912532231,10.2863009087309,13.1474669277846,11.3033854040877,13.9364148078383,10.540300878901,12.9919926082921,10.9818245629659,12.5527538900589,11.7574911883421,9.22768509329874,13.9682602024496,7.78385005939136,12.2473521096093,12.3776136502865,7.58493039059861,12.2656074552492,12.4833741155302,12.4766043160478,8.16821363927536,9.51662299636966,10.0191439190386
2020-02-21,13.8434281500499,14.3457185892586,12.3831019416259,21.5561659650096,12.8893115070483,12.2896016488358,11.0156420404264,19.6852478081789,12.1443338323786,16.5435097441471,15.0388421687387,12.9908297028224,12.0324872631707,13.0005501481511,16.0819033985364,14.0826296417944,13.6111060332435,14.5719427698648,12.4050962027712,14.0891183845634,12.8790523663016,11.6480023088119,14.4400925919493,8.15770696566983,16.1528200738748,12.908390275671,11.1640675231542,14.1924651232561,12.8497337385382,12.9039209721995,18.6743907340626,11.6899770981461,12.0954028710994
2020-02-22,13.419125185026,16.4237029884847,12.8639061792949,9.59413543073675,13.5042349623703,11.7530791428622,11.4259006211168,10.3359827205003,10.9031708492025,10.7813043590418,10.438670754964,10.4354739206679,10.8920890339685,9.55336665477346,12.2128418886422,15.6609092869253,11.9208422089103,13.5978251061924,11.5415699905251,12.915277045578,11.1688984673028,11.3618115576522,16.3169454967977,10.1973735401393,15.0969025582215,13.8935305501486,11.3028174262285,15.4980751452661,13.0356550582512,13.020605962534,10.3108630786593,12.1723486451883,11.0812630395556
2020-02-23,13.9911062357691,20.7085603493743,15.818149098865,13.8449641995315,16.2643200846282,14.9543462500042,14.3976825424693,13.9034611464058,12.1769069882469,13.4013039248701,12.5177198854232,15.4787358463629,15.0136632331167,15.9199721320969,13.9963016241918,19.2278637269875,14.13505019425,14.7720549924384,15.0162492352514,15.289445326313,14.8243561955521,14.7309487234185,20.3266667264347,10.3842196391194,16.2190633577413,16.9203287529562,14.3211986379943,19.1933608665454,15.6330037616659,15.4464795217377,13.4867953115487,15.1513076206561,15.0762780445663
2020-02-24,13.4475389168336,18.9873145134146,13.6673275876483,11.5880008653897,13.4660678800434,12.8168962440705,11.6973577939659,11.8077084005034,10.9915732469892,11.5004337015751,11.2037036044814,13.2065348457591,12.4386652110009,13.7412696346164,12.7562876986747,17.4567257586797,11.8128312061449,14.0922022068848,12.3755800116404,12.7532898597292,12.5569555542863,11.9854009014856,18.8091923865025,10.1640690649572,17.0079210144671,14.4900946144275,11.7398165401002,17.8953210696023,12.6179396436975,12.6247073500748,11.599525037216,12.2081424916981,12.6623015864917
2020-02-25,13.3359997644635,11.9681527699126,12.1058893160109,9.13351910875385,12.9773786170881,11.7331479730768,10.233820922263,9.71155483482456,9.25726470258041,9.42009347132516,9.32151822893401,11.6664955297733,11.0525236338893,12.0443067253714,11.8335185057715,12.285693280589,10.2943151909084,12.5071243774841,11.1911669726763,12.4011420641792,11.0260395613783,10.7346512907765,11.2364622918459,8.82347148665882,16.4686127717063,13.0360389628975,10.3629430406873,12.9902141450713,12.3796806891871,12.3245674711251,9.39694664646182,11.2471041596387,11.381713035963
2020-02-26,13.2502633818122,12.6648895150822,10.6069411277555,7.2826887490936,12.7449032996601,10.727412468266,8.5348627521923,8.56472536844877,10.4260743681049,9.72425154473037,9.3227467928725,12.4775799049857,10.686611065045,12.5892634735696,11.4961761187673,12.9267898603452,11.3091346806553,12.8758765099271,11.4229521215576,12.7541845538654,12.0523439176799,9.96304631976389,12.6643876649837,9.76164493119706,15.6319088061286,12.1983008960033,8.78310307569222,12.366360213658,12.799595877504,12.805313228683,8.71334352317056,10.2154735121885,10.6670504853826
2020-02-27,13.0752416084602,13.1861513383765,8.71525058489012,6.44042454806963,11.9884437208067,8.89934892157876,5.73531671115477,7.54246010548404,8.39812945514566,7.82329695857226,7.90353140278381,11.6477960741846,9.00838554122756,12.4211514107989,10.8964796813573,13.25006432851,8.86149628678016,12.9145282357572,9.68515632394159,11.9455443618334,10.3636024854174,7.77617173990109,13.3430080098517,8.44094944775125,15.2898273384093,11.3515682130716,6.08939017060449,11.9728447771056,11.662971339745,11.6352684951175,7.3579118197,8.20601557005546,9.04054522482893
2020-02-28,13.1357421441439,12.9071365792955,9.58070953396945,8.92333179171304,11.7051018315077,9.07462576060969,7.40501664555118,9.37558572538002,8.3448377738036,8.71056115475144,8.72204801837687,8.9740773611207,8.3247725751739,8.72004869745554,11.5594799650815,12.9059134557143,8.97236181195915,13.0127310846377,9.02257701079181,11.6351992564875,8.87614434121805,8.18912628822109,13.0075551732164,7.94919923907116,14.5094681152254,11.4393902280383,7.5078330083637,12.0854304121526,11.187896577149,11.1881352821877,8.96010122831017,9.0411615012235,8.56178449926444
2020-02-29,13.3356222501014,13.7122363567664,10.2843554309572,10.9952547090154,12.3970771331759,10.5426799386081,8.49199037294213,11.3039482027069,10.0209350551909,10.889623270036,10.3142972266085,13.0482767979229,10.976831912432,13.7454623656585,12.5350074316815,13.6220023822204,11.023164031104,13.4560121499676,11.3444612814969,12.6701386152767,12.0585443025724,9.96468994260038,13.8914371323604,8.56230971810062,13.919825008942,12.0745265316639,8.74020479302558,12.5826142086214,12.2416731960971,12.2602013140699,10.9981503855501,10.0214880085124,10.8769524171597
2020-03-01,10.973699235436,14.4906009286198,11.1308959654328,10.9996182524007,11.2099765091873,10.5159280682307,10.0952943956919,11.115613692306,9.97697386747416,11.1461650281475,10.0608091837561,10.7654502154669,10.3819269868824,10.4275067408372,11.0948131298959,13.5692388603353,11.4248850530213,11.5038598203685,10.7716184576004,11.1572529138292,11.077292741537,10.3234383567656,14.45261474079,7.6817708875599,12.5375395059387,11.7179045380405,10.0645922498358,13.5849520153315,11.0489066950204,11.085880498225,11.0380383812342,10.4605100754715,10.3497430087185
2020-03-02,10.7053025332283,11.0025380140858,8.98284618108341,7.67362126109729,10.1719119599308,8.70542194875439,7.41761210292927,8.01416731842119,7.11318711661015,7.50078746172598,7.39782170932264,8.76430897708155,8.20167174602102,8.94762144199076,9.57594595632879,10.9302593354102,7.9287374972374,10.6013816671431,8.46157048077047,9.89324033892455,8.32691114394339,7.95945431779555,10.9589180002213,6.6312632050557,12.6114172364549,10.0532986278876,7.52149067005893,10.706041900466,9.73194180042053,9.69002451142847,7.66566289812815,8.46837147554411,8.42663293207232
2020-03-03,10.8327466423451,11.3983393085846,10.0300551279836,10.301266681824,10.3925692391977,9.55737161559305,8.85146149827326,10.3593358242201,9.72123434749102,10.1949703927865,9.88160336486497,9.59383345214325,9.20784837785599,9.33135931128998,10.6509899398997,11.1640631058275,10.0729166072735,10.7618765643269,9.58761890078845,10.4418941360393,9.77929609627554,9.13572424877214,11.1029713714386,8.93573012678149,12.4159407940193,10.6748064374752,8.87570973371424,11.4243741997556,10.1713730601601,10.2161129316224,10.2699492735895,9.37647680745505,9.27740741445496
2020-03-04,10.4640667588793,9.90110269560943,7.90256258710559,7.51604782137892,8.75501089087594,7.29232976032885,6.51125498462746,7.71194429376902,7.18585480222863,7.11800208949519,7.56669839727239,6.60538401440152,6.57196611497373,6.37420315953099,9.24703974385606,9.81686408817541,6.93062458258764,10.2019827567394,6.89292751642436,8.60556202071825,6.68017763270899,6.65202523508933,9.78149311436832,7.68716859597118,10.9720020502212,8.99808123220028,6.52322767233781,9.60703689058437,8.133524025574,8.19972575182805,7.47257495036108,7.25331053378633,6.81361169549637
2020-03-05,10.3566473012692,9.12503552073568,6.56930501830459,8.25219566832316,7.82622435911472,7.29783406827583,5.10388723785999,8.46259673425561,8.42584453225883,8.37761330531663,8.52478012870998,11.1217490253982,8.26388234912618,12.5636465562577,9.56599356147165,9.13549318663047,7.77646717792666,10.2218597372501,8.15413180602951,8.42828540074803,9.56888068809471,6.67798726271816,9.25285801009261,8.37800435551855,10.0799361792961,7.92821503945704,5.47287931641593,8.48462761977213,7.63558448015024,7.82980464180075,8.48865585640015,6.01879198725502,8.05368385507119
2020-03-06,11.1543864699032,10.3802602795391,9.22151893801187,13.1963986206636,11.4296249873457,9.2465421933596,8.35304711516861,13.1816854917244,11.7383788254752,13.455713908233,11.7260515862033,11.334288452951,9.93177518147363,10.3632175515222,12.1831169678135,10.7427473727517,13.2413373339969,11.1858121308476,11.2014710905415,12.5680152466876,12.163737031414,9.65017421491955,10.2585354905113,8.30685273131352,9.8912228810785,10.8147559975995,8.40078601018881,9.63380438222085,12.2073523169099,12.256485376651,13.1809089511905,9.69635510603074,9.42359055701775
2020-03-07,10.6099640087672,12.3266468910988,9.40133926268807,8.39173391122516,9.71663097170346,8.43721997326762,7.68805810694637,8.75882790818708,8.35963491382418,8.82183600655364,8.33578260422599,8.14595078536071,7.84866836528142,7.63726427747273,9.87146125785444,11.6809282653105,9.08104570305201,10.542856747602,8.38199465120692,9.53646708549343,8.58036530651005,7.88364466169334,11.9026897067673,7.14566042611805,12.4122403600528,10.4333267804445,7.65808207144548,11.9937669413024,9.20703286781238,9.30587576314148,8.71448746957214,8.31066359043168,7.96444032554967
2020-03-08,10.7163177592942,10.3619417287063,9.49856838878299,8.48703588740373,9.93673040394981,9.52818558834321,8.71823664780798,9.24082240452315,10.3321977902936,10.4921072789997,9.43566869808452,10.7663536306955,9.71261573839621,10.3724572146308,10.271662630727,10.3715921595341,11.3720817617044,10.553577704611,10.299792953121,10.3824429738219,11.1858944630879,9.38139848678345,10.3548428908121,8.30712912060372,11.5855319585734,9.96222094304259,8.82399761745601,10.3383196208747,10.278827608833,10.4266294703627,9.6073855981144,9.13766422225101,9.51058747164928
2020-03-09,10.8328630332299,12.3619693246258,10.0120477030538,5.9341178067431,11.5553236127149,9.81178671475544,8.30678718825416,6.87830442257012,7.8029610347788,7.3631981374256,7.18475524292304,11.0849903401837,9.87736910201014,11.7057429751418,9.29908736719934,12.144050580903,8.90269843489205,10.5874275667362,10.0613293254674,10.8295374866936,10.1492140029446,9.25148576300145,11.9929601954553,7.54630471235769,12.6597803287949,11.4765427597577,8.42660124441949,11.8608441344715,11.144042651506,11.0267246788835,6.76547267996424,9.61815000582008,9.94679206560612
2020-03-10,10.4004807009061,11.1338265687471,7.84799918404166,5.49568320274823,8.97697126963253,7.59919538883451,6.22833434856133,6.6440397886352,9.0991047962895,8.18574233694462,7.84066299407406,9.50971449457586,7.88471734565474,9.39631974993412,9.01456466349387,10.766662513421,9.24032287763276,10.2217107188635,8.52714140189851,9.12797043541932,9.54635424501497,7.25293074232566,11.0445319579307,8.51213798560773,10.800991002002,9.30237947947974,6.3543453463794,10.2883087142976,8.90391380799279,9.08215699212226,7.10717080003838,7.17290034720611,7.68180861024337
2020-03-11,10.469556944719,10.8072504160646,8.43855801175422,6.40714851062988,9.11639536981901,8.51289036152634,7.2001958087071,7.25512232736775,8.66228131156927,8.18693004475655,7.89861848687185,10.6887765461559,8.99060762600452,11.2858144741803,9.23155434899809,10.5254082075672,8.99996117608937,10.2508334188785,9.10792854622075,9.11872205165891,10.037304921307,8.1206779015032,10.6908098185896,8.0397243327316,10.7868543348438,9.4779517195646,7.37449310478063,10.2927853963471,8.90782319584326,9.05142827725308,7.51470433624697,7.81605654765626,8.84975695770148
2020-03-12,10.4838842628049,10.3547290209545,8.33269633341589,7.72410070119934,8.89187245410104,7.67955446188104,7.07586042384552,8.67407215977131,10.2354817307528,10.3906191579903,9.05193615721782,8.37684000244842,7.58080495505831,6.9892916207506,9.94915808010656,10.1330347497195,11.2128912904975,10.2268461455969,8.77564995551381,9.56976022939062,9.84854919025814,7.63157021326726,10.1340886373038,7.61217454627571,10.7610984333654,9.33240221444522,7.0659745286011,10.0548668697466,9.2010900542563,9.4762654490469,9.24819218327977,7.62924136436841,7.29645655688665
2020-03-13,10.0284446497295,7.31739503591176,6.25477304836268,4.32101178652177,6.66756111063889,6.18090191357733,5.03835289344577,5.38971210740487,7.85459971168986,6.66112599962666,6.83609201417546,6.73759742239193,5.81612834639434,6.38374091949014,8.17433200465734,7.56818113311104,7.27053189351097,9.42152634889641,6.32126553627809,7.1084789763917,7.131071840687,5.52613408198694,7.46148276948241,8.04048441054605,10.497310851367,6.91126441062233,5.19950578038031,7.51849333469284,6.55786237349183,6.86063166947753,5.87634291938436,5.43462723006792,5.83621554937395
2020-03-14,10.4912562235194,10.7854604446826,7.92381069661366,6.4876959688659,9.18304773133132,7.33641845538083,6.48287036921119,7.2109512145763,7.926792372346,7.68279524682012,7.48750976339728,7.30409346521215,6.90271848184544,6.6552760920939,9.19859478884698,10.5814026162498,8.32064932544145,10.3745048483566,7.63421386626869,9.20437170757958,7.80815664407363,6.94693821085188,10.8161447910123,7.4013961727808,10.7619128893851,9.2811342282277,6.49113668834561,9.97726898533788,8.93306780296479,9.02677059442307,7.27295203658626,7.45149887064568,6.9333977015879
2020-03-15,11.074273206879,15.1126279872513,10.1593928058424,9.32823988186937,12.2816884308557,9.5947016762075,8.60657682020448,9.53923021929199,8.72925176465468,9.01966927872313,8.9586711965121,10.4883079071892,9.74167970437196,10.6875163139784,10.4742452083295,14.3340287520206,9.44923375683914,11.61515010005,10.1477933372643,11.7227062213447,9.91989561582721,9.43855999545803,15.0834608181104,8.58055056699046,11.0903491224343,12.1969217264601,8.58349395261609,13.0744857044269,11.8104003696382,11.6346703641811,9.13395358884355,10.1440689439071,9.72408895232479
2020-03-16,10.5797823626387,12.4838303439266,8.68122184099561,8.29863029036047,9.53998291981398,8.50674691085927,7.04158417317072,8.96381881150528,9.1067896279693,9.82350198078922,8.55562597187235,11.4616501094396,9.27044955399163,11.7994264218184,10.0580037837505,11.8004958317377,10.4155257280282,10.6331154317199,9.71431475241909,9.82595501238678,11.0857334229589,8.26627517846605,12.2043095631848,6.45594326132098,10.9275252132842,10.1587914922799,7.19272759673413,11.4926411780855,9.44895626506235,9.63121341919375,9.18142929655982,7.87248243934255,8.9437758650775
2020-03-17,10.8686739315961,12.023255592476,10.5352006176854,7.7271416781972,11.1971930365363,10.3663472931639,9.41595580622282,9.03823275841223,10.8904693102454,11.3127971344568,9.2136068778359,11.9668056883411,10.6482949347363,11.0975090189575,10.4419003881808,11.812981295794,13.3230082073389,10.7816979154716,11.6805732621264,11.5935542789596,12.84778140406,10.345381540486,11.8748180723518,7.05785679304623,12.8199367455921,11.1970388810741,9.49806482707801,11.8524549000325,11.8425099452015,11.9690124837918,9.62170420774195,10.1134419528362,10.3033044335978
2020-03-18,10.7542610077941,11.3386715881279,10.5513790898987,6.4181647463482,10.7637739076396,10.7493916445035,9.6916288122381,7.38069848038799,7.95962694061223,8.17500065524364,7.26661263191144,12.0459985586677,10.9398269151133,12.7898043834859,9.4622418091011,11.2081613258548,9.90505262552969,10.4893877953303,10.7942298931906,10.3083039928965,11.2202737265296,10.2796604745842,11.1925076925372,6.14071853282032,12.6604193565573,10.8636114827721,9.85376498927375,11.4816397132257,10.607020333481,10.6107374061071,7.42998436888429,10.0726800431558,10.968860092581
2020-03-19,10.6798478700893,12.3581149919309,10.1225206108605,6.04984133251207,10.5791691622571,9.90759943716178,8.60729991937599,7.04631039645305,8.25398863033793,7.94963470717915,7.43455481255519,10.9696018448782,9.84068424386382,11.4054422816891,9.28991598149728,11.9156202935839,9.44359812180776,10.5338437542941,9.97329510038411,10.0887236928503,10.4038162967722,9.26782854860677,12.1240954462082,7.27587830091884,13.28654583686,10.8816572382826,8.74024722949432,12.1770080840993,10.264110322875,10.2827420847274,7.16711635238862,9.30079972416666,9.91007152959737
2020-03-20,10.7365551328276,12.4879326835663,9.73972994775917,7.80015632141537,10.4723364691065,9.8474813656075,8.31717173467891,8.627103896785,9.15870173663139,9.61648323066624,8.41759362629081,12.4144567120581,10.4325006167144,12.9562903401308,10.0267270092012,12.014199294984,10.7629603802494,10.7915884713864,10.7016640165926,10.5254131845664,11.7897689785896,9.46504740528884,12.3701501855089,6.7878844710706,12.3938794499759,10.7138459194541,8.51416856771384,11.9042194668288,10.4952647603437,10.5808881479736,8.81139450906257,9.09682972741165,10.2287570063002
2020-03-21,11.8526561643033,17.0774043829099,14.8789321704965,11.3277047163015,16.5452515693972,14.1375914911112,14.1518587330558,12.5404225405946,12.8140158963764,14.7321448509675,11.1724321705764,14.9904901480414,14.6189866307583,13.2655227637844,12.6153298326622,16.4881967606621,17.860180261313,12.3074144031425,16.1684708718421,16.3677505173107,16.5389537197806,14.989798009254,16.6166885773438,6.47644174587927,13.3340198954704,16.0691334575817,13.9578897542164,15.9185704112111,17.5422473517738,17.3235978577485,12.7887918203767,15.4282059218098,14.0923381980607
2020-03-22,12.388051807391,18.1502525324962,17.7227523227138,12.6045476248344,19.3694413328085,16.8457416310662,17.8922187134682,13.7923369900731,14.0698526390046,15.9575743042043,12.336549536039,15.9590688983774,17.0011148370813,13.7242808116252,13.4728873538438,17.7967596413003,19.8090648253094,12.8899950908578,18.5563855762906,18.6856477135894,17.9572408117056,18.1184271042223,17.6608761396553,7.909518392695,13.7924083976516,18.3877671033732,17.5248318382267,17.2159764695127,20.5602142851954,20.1164199980113,13.8993958681281,19.0156311475873,16.5719347623113
2020-03-23,11.0721610810768,13.0703809619702,12.153529609161,6.85333589072575,12.7108185596068,11.4068148985593,11.2934685247326,8.34815150118549,10.6202134482732,10.6264892301097,8.79327546898872,10.8880256437489,11.0265353849879,9.42621054453999,10.2688807072958,12.822097487635,13.3758894745318,10.8902150536443,12.1160907408772,12.3983854835628,12.2977947777827,11.5126053045515,12.7250763541296,7.47529602029705,13.2451910901072,12.6665738891463,11.1807333785927,13.0181834913421,13.14131078646,13.1178321880244,8.82326500868101,11.9251384872836,10.8930563082577
2020-03-24,10.3546172682865,9.14111160656774,8.12645875135352,4.40246419142871,8.68436157495385,8.4731519123027,6.99028453086471,5.7335444665799,8.07718904239416,7.32710209640416,6.76821643063366,10.2871107917303,8.6734302236875,10.6646113540237,8.59515809548389,9.28021655813589,8.92469542844635,9.89779360158713,8.90723010355237,8.79096098307306,9.87873979983175,7.89750386330096,9.23862290397012,7.00468092006851,11.7479638650436,8.69478971725616,7.23321964824254,9.25667063693876,8.74642249598305,8.91807240592901,6.16369915315546,7.53490840063792,8.59651715119515
2020-03-25,10.6069377877031,9.7650980121051,9.77892655955074,5.56533188864328,9.98476603903034,9.85876281730242,8.90337382700174,6.81066296441045,8.43011254313823,8.29393513895705,7.23501905798116,10.716790148377,9.80777536276002,10.7200286693341,9.20347214711521,9.92312633702956,10.2024102156677,10.0858153578765,10.0932024971197,9.8736232661281,10.6980730689965,9.43037643430166,9.60647523251256,6.4033850956712,12.5021177429418,10.0165609221287,9.04317290392037,10.3018918205822,10.0905089554353,10.1875803970521,7.13517989161256,9.25930179179801,9.78508993379502
2020-03-26,10.6593137988251,11.3810492504598,9.57290185676433,7.04240538445237,10.1319483921324,9.68199963756604,8.1183743735171,8.24143999113413,10.53709712768,10.2619161193362,9.00598915513471,12.2594699727015,10.1902798477866,12.2742882231669,9.91869557407531,11.1356484176566,11.7211989664159,10.4725470617064,10.8064648802641,10.4823589145229,12.2408579565485,9.32349780746457,11.1886934243093,8.29704668170186,12.8873278140447,10.3354357688275,8.32915582661335,11.3260925834007,10.4858743473373,10.6544199222573,8.82861678959628,8.82390001358155,9.8994478406597
2020-03-27,10.8785516328378,12.0974483236817,11.1207591650852,6.34873271490066,11.5474771738055,11.1239739831872,10.6930157290018,7.88981884151747,12.0799120777977,10.6826591556585,9.81720169205867,12.7247566201185,11.6913748119414,12.3290580711871,9.95273832966754,11.9033721938397,12.9678987516565,10.6797018113264,12.2655527814195,11.4709701506741,13.1553050416291,11.3675340369645,11.95946429693,11.0083439837457,11.3383075126717,11.5862867425912,10.7321788870899,11.7705114633642,12.0415178141289,12.1164359334679,8.70966733167102,11.0511414261148,11.3433126482245
2020-03-28,11.2583471004081,15.0468254301838,14.8979549916338,8.59365239345806,13.4671473102985,14.2827631011596,15.7345213803756,9.99936943821381,12.5315533809993,12.7704135867138,10.461723171584,13.9149303034903,14.6119509637853,12.8941538260407,11.0528676693925,14.2367924806374,15.8709579521361,11.3184453645694,14.9132555858566,12.8326551808198,15.2120703885382,15.1463560117865,14.6647456726158,8.5401534320328,11.2955490498002,14.1737659518524,15.4850915991144,14.8848796605389,13.9207610720753,13.9524877826958,10.7306181234719,14.8564754516678,14.2917530434192
2020-03-29,11.4324517868504,14.2930962113475,12.6446903039121,12.4530271895152,13.5004514590947,12.7283424614267,12.4436656119885,12.347069137664,10.0476216394396,11.7490607081165,10.5308436288669,14.1510254853628,13.4502752320497,14.8360008519556,11.8561139949878,13.8748346408243,12.371176298886,11.8226554359406,13.3047673232832,13.0928335346955,13.2958384301126,12.9917581255577,14.1258348687144,7.57360958662586,11.0891592439749,13.371180484,12.4447859395016,13.3324999758391,13.4504312572237,13.2632825527029,11.9048539987007,13.0090189161494,13.2934364868145
2020-03-30,10.9608343527304,14.0743829469624,11.1609800815734,7.12952238756746,12.0572104290941,11.3321774057651,10.4147985923852,8.35769287165873,10.1784883810528,10.1174466079036,8.75446777857374,14.435293828641,12.528109601786,15.1232213746028,10.1320726588191,13.4382488949734,12.2502887652327,11.0746865514449,12.661241058789,11.695113933526,13.6701928524592,11.5489610056662,13.8826698399698,7.81312038289191,10.7693284151179,12.2685783055228,10.5193260413959,12.8750393246409,12.1943582780585,12.1936496672504,8.71973400101236,11.0942598280934,12.1238749454033
2020-03-31,11.4015645245724,14.3710574964483,13.6225923005892,8.35337493891566,14.2967878369461,13.7554653544665,13.4462481226111,9.47548667401989,10.6507149764666,10.9413252369947,9.3820390965921,15.1620672055125,14.4311666194833,15.5159795548018,10.8525850852299,14.0743571661608,13.6194083648563,11.4654101659885,14.5113453244206,13.539029921763,14.6706293550885,14.0491825927162,14.1300493293489,8.04184006423703,12.4267086651141,14.0223443755172,13.4587861672054,13.8850041137803,14.5797030940907,14.3855949561712,9.60849712914162,13.9759607914844,14.2216844025769
2020-04-01,11.4176374757231,13.9226938515087,12.8418125046924,13.410297562658,13.1022569975255,13.4678895775777,12.531618469066,13.1664343560334,10.9534473836129,12.6653160033883,11.4304626537495,16.0048453487431,14.4252814398943,17.3429240975698,12.1890557543876,13.5352195482759,12.9206657908381,11.8912929217135,13.9986198485985,13.0101168352591,14.5654411072526,13.4007092925241,13.886061534869,8.4505641418529,12.8623790678197,12.9815247362546,12.7148156576014,13.5320839784276,13.2247634624657,13.097816135277,12.8349681214219,12.862729568508,14.2590411850389
2020-04-02,11.3732181836637,15.5404503546786,13.8508037057696,7.89414651641214,14.2811774797515,14.4022006659411,13.7887743920202,8.96113377178421,11.0912999205749,10.3569198681523,9.76892638489619,16.9892796833261,15.5902249702424,18.5362198013033,10.5662928534214,14.9203290412953,12.8166389095661,11.6665676759796,14.997144613096,13.1948963183296,15.2927240291928,14.5896433529768,15.4577838424761,10.500011138981,12.2218398650005,14.1732221421963,13.9035727422331,14.6224618825862,14.2915012301875,14.0670196279147,9.13337395847043,14.1546374290654,15.3909917627479
2020-04-03,11.7405136089076,17.145077765009,14.8025449682881,8.60587423733887,16.4716276301945,14.7748626023357,15.0914408948306,9.84290340193006,10.817160753527,11.3087400814171,9.45877430250606,16.8424054809382,16.2018247079744,17.3551806366605,11.2507378411064,16.4985779250527,14.6807039007842,12.0725354664434,16.2429070027908,15.1805768238601,16.0730627234569,15.8330841815151,16.787071187521,7.81276355833755,9.69509714307388,16.1082691869454,14.9474431897202,15.2080163040442,16.6835221990337,16.3226182822395,9.82432225449482,15.9860796634601,15.7535912791117
2020-04-04,11.3597520161691,13.677920604952,13.2041437468684,9.80727538730915,13.6462865031804,14.4367187905182,13.7787628913946,10.7289881584096,11.8707147114139,12.3615938306946,10.6079161317295,19.6135514601506,16.9008345874682,21.6708190823691,11.3468697619808,13.4006034371053,14.5571029648124,11.3976730143096,16.188049121185,13.2799885779825,17.5604398897346,15.1786712396243,13.4103680886375,8.84207470390073,9.51044276100858,13.6101181287364,13.9906590803667,12.8759135423256,14.109578175361,14.02643922692,11.0387984200893,13.8830622632384,16.2384977697236
2020-04-05,11.0550353227194,12.6409135060964,11.767612168221,10.4898393484695,11.6655532839043,13.035117071134,11.232161878699,11.1542069971338,11.3355272497271,12.5070877508163,10.4598575806889,18.6014866129019,15.0463080496794,20.6582950727272,11.3196946293775,12.2854208879239,13.7823801289647,11.1298419380983,14.5328683184866,11.9572869338876,16.6105490524366,12.9618835338949,12.42573790816,7.42109145332061,12.5494729751344,11.9014365594877,11.6357095430067,12.6255625925569,12.1435158731167,12.2361363946638,11.4835113265388,11.3876388119949,14.5094473400536
2020-04-06,10.4133159598119,8.52068589872994,8.1608254197904,5.82284153840954,8.70942194743768,9.09604786010191,6.73901430642603,6.92662626394141,8.94340699803008,8.40691243885586,7.7813462251133,12.8753656644813,9.91405878863913,14.1827474499675,9.13125032237233,8.82093026985583,9.51739418380899,9.85428464089131,9.86916782006474,9.11115271159554,11.5312873834191,8.310404433329,8.43818604301428,7.73634201149321,12.7525361288592,8.69028557729731,7.17634427418927,9.14211953303661,8.90052780239615,9.09353551384477,7.36565927468243,7.38727592561403,9.72143026299334
2020-04-07,10.3039306062875,10.1727748253166,8.81358206093056,4.91949222520462,8.42329888166865,9.13151070004344,7.4538296334258,6.28396410126935,8.99075328211185,8.3151379347511,7.44167245414407,11.6069757188869,9.48091953661715,12.2278555319017,8.82585467889264,9.90218458493615,9.86391914524141,9.93281917731511,9.57131404444673,8.60247655845851,11.0868388170259,8.39814012947378,10.0961454835147,7.32326963017977,13.1256951652118,8.97378757765036,7.75053087467905,10.6126076433243,8.47794348694749,8.74510276483171,6.93414892800983,7.60531328131602,9.35805173897803
2020-04-08,11.156006649091,16.5835365840433,10.9350879639127,8.85750751996757,13.1124674610633,11.0137092498954,9.32368651583705,10.1122784192989,11.169647042242,12.203449092454,9.61297304733095,16.3860567351392,13.0298999078587,16.9161468675932,11.1229088729323,15.500471701021,14.3422844594855,11.6754493661462,13.8056112706938,13.2102733645864,15.6793194107414,11.509165528925,16.2428875814824,6.45802225805695,10.6001566144148,13.3097331099612,9.46754556870956,14.217278208716,13.5851073469906,13.5914910580161,10.5086264247641,10.9140436433717,12.2211026412941
2020-04-09,12.3480351670976,20.0579177603051,17.4683725719627,14.5693872466962,18.9028600410059,15.9153775245006,18.0073147109415,15.4877915441999,14.2096622252262,17.5297316716219,12.8183606017714,15.0575919941101,16.4633817663284,12.0365428052733,14.1601694532184,19.0111326735712,20.9907107521479,13.1942803774316,18.344716757597,18.4840664044112,18.0079881370714,17.9284106822888,19.4384467349288,5.64424710138933,10.482136037128,18.659411365949,17.4160487037352,17.8998345212954,20.0531695624031,19.7422217564218,15.6089247494005,18.808110518685,15.7306712980335
2020-04-10,12.4634001603049,19.2967535938161,17.8155711281291,16.0377796384863,19.1224070984398,16.4384523030999,18.019673563616,16.1916452313672,14.1680819497266,16.720272080286,13.7828638330294,14.377555813415,16.2270388679512,12.055962941366,14.3225198737703,18.5393238991447,18.8808497890065,13.3248679054599,17.5989809762743,18.4092081452723,16.4673986975875,17.7052123589067,18.7605080647858,9.00917175949407,13.1351546815879,18.5481453385445,17.5260428838154,17.9547140880945,19.8425445357876,19.3800667999952,15.8766832788957,18.9314139026057,15.9590786708356
2020-04-11,11.7983149121313,17.2578686965596,15.9882036800882,12.8166617797097,15.8132966040292,15.005129139696,16.2534559046551,13.4562314861004,13.1063391956096,14.8973903334637,12.1044362667612,13.9927755280338,15.0156272220311,12.367207967555,12.7853922755721,16.3678786280743,17.2116318406428,12.3692068777999,15.8797639046644,15.3235917451247,15.6564997627525,15.9015694688572,16.8638254618563,8.07149618296882,12.7829110789659,15.971091344278,15.926805676033,16.5122753849129,16.3895941340892,16.2179952533157,13.6199747673362,16.2830369465688,14.7353284133011
2020-04-12,11.6475038332117,15.6878092364609,15.2498605586729,10.4546903090964,15.368547031868,15.266234285308,15.8126083660562,11.7301723246687,12.9508317086072,14.2189113536481,11.1074417458276,17.3116228604741,16.5664712663359,16.9740082287443,12.0827031096575,15.1485134874309,17.4481648678008,11.8386695780174,16.9790517627158,14.9696948754873,17.7195559180355,16.3399323562646,15.2572993007393,7.4570474201181,11.2346321862923,15.3800859497239,15.7034415852964,15.0209463146541,16.2061380389044,16.0938060773231,12.2094844144784,15.8553922289478,15.9615931279018
2020-04-13,10.551977281167,9.95475009553884,9.31656151439973,5.5629771757562,9.69425942187603,8.98041408623335,8.82271357660058,7.00479739637359,10.363819791081,9.38165739773824,8.4973121807165,9.52289512046787,9.07247904881822,8.53859449531607,9.32517215620061,9.98469789512752,11.2491188415136,10.0568138620427,9.86225796318553,9.84219986955745,10.5931339641911,9.15151206344036,9.77645743376632,8.92709225042712,10.0336157004198,9.90984806508621,8.79543740297169,9.84812784898281,10.0168976611551,10.2040758648321,7.73620059367926,9.08178387165669,8.81211242543916
2020-04-14,10.5411827680459,10.8833096976929,9.60392783207265,4.91753826738706,9.83524233318079,9.75154620809573,8.94826635199834,6.33292541062128,9.36491680633495,8.33397529101593,7.7239683805247,11.5747443270755,10.2644308814682,11.9195068127727,8.98878351117949,10.6929004587027,10.2925313262701,10.1893182552405,10.3790481345512,9.62361187209851,11.2575143700488,9.61409085566331,10.7902667730417,8.39633860088924,10.8271832806459,10.1212642444701,9.07409553404539,10.6427622555552,9.87695802951321,10.0088487347025,6.89677339522061,9.20225301883808,10.0712136185509
2020-04-15,11.7479127187269,18.6751610774861,15.6313095195344,7.20361431677034,16.978495253839,14.3180977000245,15.9268652670569,8.67691065333301,9.64507887204251,10.1572077357689,8.20930618749009,12.566294424402,14.3242768379693,11.3226260016235,10.7624129353691,17.6766689961341,14.2175809242591,12.1763589257901,14.9467294494225,15.1253031494526,13.5524430128261,15.4598382094218,18.2894868678988,6.43508677459285,10.1144177560128,16.8393798381633,15.4485254926718,16.514091027869,16.9050313324018,16.4864203224171,8.57185241119058,16.6807385207975,14.1852840129637
2020-04-16,10.7628425723423,11.4916080272592,9.48096437714922,6.26083667944014,10.851203134285,9.95803452394094,9.58088836603112,6.95314524307526,7.17749906907535,6.95802004807629,6.97760140475762,12.6328793294411,11.3354125483612,14.3683794925994,9.17780571182167,11.3448094634494,8.29449564133739,10.5282583551846,10.5968363867383,9.99662282976557,10.7196101747641,10.3281473832072,11.37874160897,7.10861720514302,6.56693744252208,10.9145951793439,9.64484029586234,9.95964945375042,10.3024071627545,10.2154881224727,6.739780155738,10.1180405481543,11.1091174789401
2020-04-17,10.0070807329528,5.47039761633308,5.34026833083274,7.5734308171303,5.58534214465493,6.8404823029346,5.43231880959547,7.63351756627111,7.3588760511803,7.29027503824014,7.75195867303833,11.7139491905362,8.68717380371009,14.2747353920831,8.88652154621878,5.96794157948758,6.34736091472129,9.33464609321343,7.58244501311313,6.27173372624009,9.28407914588909,6.6671756895303,5.61984330717766,7.62471004422946,5.53877341003485,6.01958846443862,5.84375692657192,5.25537024744122,5.24328548298192,5.59135765709368,7.71822143883791,5.21439857979852,8.33239950032369
2020-04-18,10.1256394420771,5.92201494067105,5.91550304939773,7.19082425423285,6.38308108954038,8.22393615320283,5.46158441391524,7.55021448988418,7.88937151910515,7.75423267625358,7.82699595301528,15.4079307576033,10.6792935324334,19.0583334184849,9.0215810122117,6.49885504928312,7.35173901370892,9.51495710801953,9.34727135863969,7.17184588094513,11.8117137386951,7.65057035045981,6.13739216398052,7.58489417583068,8.23304108220488,6.48373642074868,6.14927489212113,6.07494164063946,6.33516234318204,6.64362248594986,7.74176235737752,5.6073477863344,10.2334614380155
2020-04-19,10.6414503645731,8.7121864506224,8.41067390655857,8.27226184877079,9.35752944074989,10.9720549951962,7.32650342063779,8.85209411957863,9.93325767707562,9.63856468536022,9.3179498727944,19.0438125018725,13.5533762575678,22.9535890010586,10.0105541244343,9.1433405408193,9.98808605016037,10.3758198327609,12.4060970293629,9.97220501763502,15.022537193959,10.1618731038762,8.89682333755588,9.31345351191216,12.2935221684508,8.94630130958931,8.1314251298061,8.99743888295413,9.6879502148858,9.80719845322562,9.08986781114695,8.09315860274295,13.0897649148324
2020-04-20,9.96562496113394,6.90922488631216,5.45690902884629,6.01413790955122,5.83290235330674,6.96551031065885,3.65707284474703,6.75846020090178,8.84498328347427,7.88495686334226,8.04851310793025,12.4422632473818,8.15970679694288,14.5809002957819,8.70633206276333,7.16103611357207,7.57145406624915,9.56232490385389,7.82669236243688,6.92295215414318,10.344941287541,5.75273694687036,7.23627500019722,8.93487409684403,12.2246524643836,6.01709845947559,4.32292174045344,7.35776557144166,5.94253024162207,6.33727169581764,7.30707374123857,4.21737307794629,7.91705170569477
2020-04-21,10.2313180390292,8.60784091812194,7.24569482967458,4.33459946822335,7.95845754929411,8.0382272653698,5.79831477495876,5.5632204682955,8.22687730265173,7.05281179803522,6.98371669023019,11.4116331844952,8.70840864872443,12.6556407411488,8.42575751059316,8.77110449239542,8.15547335827033,9.75071055818361,8.6485999348157,8.2203056956102,10.1131345494309,7.23374134500947,8.72228480414096,8.09859690821518,11.7874733977955,8.00363900096771,6.20068551681757,8.72036528919531,7.94823245734329,8.15953651670635,6.02931094440146,6.48556172354756,8.57373354667347
2020-04-22,10.9395388412185,14.4218388732345,10.4701902720428,5.70791308926333,12.4059802775766,9.82264016113868,9.2225728927843,6.93195459713023,8.91390817324921,8.12278358942963,7.7310557785093,11.0073357282275,10.257634561076,10.9699894775099,9.46589267077692,13.7813488106419,10.1831120090031,10.9364506956329,10.7627762054494,11.5226654873652,10.7624451040681,10.005627105137,14.0380930829927,8.47249735959536,9.99471118543195,12.5105681752241,9.14029722313163,12.6930510058372,12.078062339192,11.9503886025805,7.03670252485125,10.5555771004073,10.0750504678907
2020-04-23,10.496707678561,11.2571892685621,8.36924169059833,5.78855187529454,9.48650110362349,7.56368763137118,6.52089743956038,7.10507303460263,8.82747267201561,8.90814508471203,7.45792919830747,7.8008007794742,7.07875729596821,6.32012431686026,9.34405345218353,10.9625246004801,10.489355960626,10.3128824417089,8.45155859146754,9.82807359762828,9.2184137645025,7.21318951588299,11.1306567696312,6.03402220540221,12.3047228888581,9.67207868226508,6.52886291333092,10.7652056530286,9.69959414686697,9.88259728616813,7.56065656915207,7.58079038962902,6.94057027060219
2020-04-24,9.81482481049938,5.0012019332052,5.46309867214446,3.15766766750975,5.46275965691638,5.90832527293075,3.96040950693835,4.07033421044794,5.75758923889806,4.54678474110319,5.29899745876516,6.38432041127723,5.16214164563135,6.98682477003105,7.38065285582405,5.6855134408052,4.85048139319071,8.91143672264516,5.09155986151772,5.79653833402585,5.77267742027797,4.48118351907711,5.25945449017133,6.80776079451791,12.4714977654925,5.52987806308488,4.32269915347747,6.28549780592993,5.07418157161452,5.37061119926137,4.29165872022159,4.24749475535774,5.50712821916439
2020-04-25,10.0102154357061,5.49404943609552,6.04461398021357,4.01562018007919,6.47106287358354,6.42708904209865,4.5300998521612,4.89994248536716,6.21252484833281,5.37050217303651,5.76313587055293,6.98029745546801,5.7776870443157,7.36591837594882,7.88046905850595,6.24182805776579,5.82777955493303,9.12984571257691,5.91145843023369,6.81777324260218,6.53021207565618,5.17687566074388,5.64186734917743,6.62826810564918,12.4969086245828,6.34928147159764,4.85628681367625,6.66973687023913,6.22825111479985,6.46189995586848,5.0571183976607,5.06937861698969,6.04903484731291
2020-04-26,10.2819665707043,6.99922683694581,7.31016092256291,4.95550429893835,7.93643641493111,7.94081998941835,6.12176410044357,5.87719645781677,7.5781712435824,6.64046952652312,6.87527692687574,9.49574643259146,7.89425234386145,10.2598883879805,8.50074105835397,7.61005330064829,7.40364388463859,9.59641801247447,7.88637849824671,8.15855841609226,8.64576696341735,7.02231656952415,7.13205472205273,7.90922564330772,12.1281688243054,7.69564141337231,6.45210219415355,7.76044041755216,7.86332397571916,8.01775298959106,6.09208112776912,6.70702961182291,7.99382369731272
2020-04-27,10.4473901921686,8.93675693757091,8.14700854006347,4.48425169253897,9.20255882967074,8.23218236157725,6.84788882644041,5.53617173330036,7.33890103360999,6.27348372354687,6.55545635655508,8.6841173823798,7.86316956044241,8.93722176021635,8.47473951647492,9.26025349292183,7.51527309425656,9.93344201269923,8.08795227219025,8.96201118412077,8.24562111157219,7.48100578467086,8.99542530669202,7.87915580553848,12.0651000258498,8.94213674686842,7.02465678367042,9.09299620608949,8.96513132671323,9.00352349571318,5.64036093821931,7.71620040410607,8.03157533304491
2020-04-28,9.91547418467979,6.58566305113137,6.08134558139098,3.75794564737953,6.08196555478092,6.53260117108389,4.62128671466326,4.623789346829,6.71753949329714,5.22341232119886,6.14673067343954,7.85490631657173,6.25057081988469,8.8471182068272,7.68085063594903,6.92108433142593,5.45838920146005,9.19456315681853,6.00363230104414,6.25776408566122,6.85616888566473,5.29800674568729,6.73618083771857,8.2251913044416,11.9197126778909,6.37540058555312,4.97269049861132,7.37291541581402,5.61135127043644,5.88564835847862,4.90873284351733,4.8976828305762,6.4773220419141
2020-04-29,9.88777348657218,6.87989862347077,5.24643119438182,2.88160343074081,6.17964308374003,5.55640485000391,4.00362928124919,4.05302175533473,6.09958588557058,5.02569904890275,5.26561322846014,7.56543106635406,5.8219682253751,8.19086015629819,7.50233774435996,7.17211089774121,5.81456772503107,9.15815220784688,5.91108163587845,6.42128462598251,6.90890822145786,4.92086611212456,7.00666042874231,6.26368027076096,8.85409377439656,6.42411192522931,4.25470078378357,6.63728368269544,5.8345943923546,6.12343376183368,4.38169173861523,4.6102215493027,5.76308579810827
2020-04-30,9.78994134047223,5.10788131546844,4.0722858991538,3.57849194668944,5.24108806231765,5.14120872232584,3.32745669540366,4.35169962917931,5.43215315414143,4.54866311552568,5.22288495105904,8.79687699158695,6.20510297108761,10.6159853446687,7.463347023292,5.7283993317117,4.58829257245074,8.95167825884091,5.66671897325881,5.66023730593898,6.94364122610635,4.60845446840511,5.37145801477999,6.2248856074757,6.55128196752353,5.3499056124063,3.71107465002456,4.72207647073414,4.80083764072238,5.10883726165286,4.48443747376251,3.82646067976277,6.03809605298767
2020-05-01,10.1231997667398,7.44374120810849,5.21795106547886,6.38465007796179,6.77531496196033,6.50369163215643,4.62817698262166,6.61552354086511,6.29972278468645,6.0239158201786,6.71955364302701,11.8010770338259,8.47362915724168,14.6013435189207,8.55202956872277,7.68533384118741,5.48997866710515,9.63225347408845,7.49668295759247,6.99208037173839,8.89049933289975,6.30231639326029,7.52540502434444,7.11255266671978,5.43692102191926,6.99945026260893,5.0215329705085,6.23187897757138,6.17382415127647,6.36842665053917,6.46621355283532,5.29459669446334,8.12778730057461
2020-05-02,10.396966260035,9.94700083912018,7.58567360705662,7.52641755993805,8.28076325492822,8.6517479916942,6.8997271842249,7.76010698900056,7.13721012423468,7.33386899994717,7.46148878712958,13.1520792821247,10.2267315597215,15.7707492957754,9.22895608080293,9.75233851045399,7.24578016467644,10.2507930199461,9.22856834163905,8.23957818399809,10.4621369313347,8.26830032408194,10.0203952274934,6.94131123249445,8.49369243151912,8.65725538854102,7.26629083111029,9.05146995003157,7.74070900036081,7.87075723567148,7.60505809580746,7.28374080639058,10.0110621262627
2020-05-03,11.4577446905694,12.001292147945,12.9562174193647,11.979153667003,13.5140412582325,13.565818941207,13.6745934569301,11.6435649666363,8.96914453603213,10.2488661358636,9.94475330699639,14.5782666075106,14.3630293497381,16.2128590704875,11.437934073095,12.1913998342454,10.7785331171376,11.4224084475459,13.3883888424703,12.6491842805948,12.7487236577762,13.8392128343689,11.8103364533676,8.19717216131951,9.85557325052019,13.1171404636341,13.7027097788057,11.7427275801022,13.1885340298962,12.8978748076961,10.9258713943118,13.808018851601,14.3918521181649
2020-05-04,10.5257817899104,10.0278049799653,7.85488478596121,7.51932032224712,9.04826844999073,8.3702655413435,6.82916019788822,8.03570752156893,8.22203208606857,8.29537590536413,8.00519798576948,11.3785948471899,9.24213541357393,12.4762241076337,9.53716607190715,9.99911141528151,8.63677257037394,10.3648714960453,9.17229475701126,9.25090298410549,10.1678839746164,8.05625667596903,10.0856466511782,7.44145881963887,9.74539102726366,9.08589541376527,7.07595042290965,9.28150065197532,8.89816037262118,9.00941650917132,8.06059836204981,7.61949019453934,9.03479459007761
2020-05-05,9.66186371291993,5.02712736210168,4.5011983544766,2.6527170525528,4.72259648549504,5.28578563385976,3.20956120847449,3.7516527475083,6.60665642434423,4.86330716407815,5.68869146821478,7.89019048530421,5.56051169315686,9.06710357571342,7.20541622745983,5.54586688508096,5.11168477867044,8.75966558404036,5.33154640641564,5.27146371239535,6.77816562897194,4.2397451746869,5.26598365854371,7.9001722192846,9.90850986078024,5.04793707614421,3.62812357736061,5.60903904618215,4.41314141786015,4.81316670672838,4.27112920154508,3.45489478525852,5.56986974102834
2020-05-06,9.62069555223371,5.20907745890025,4.11853375142661,2.24784646424173,4.6224699440979,4.75424676666711,2.76649645337109,3.49106689782438,6.33497716383894,4.81120796843113,5.28251886825044,7.50874924098224,5.1364050078795,8.41425074718559,7.11050782813502,5.66039619773095,5.27447562255943,8.71464940362785,5.12045603869313,5.23450805082142,6.66957999436466,3.87538948927363,5.40957078726558,6.91892050467072,9.0840782660051,4.99915206158695,3.14418334222715,5.45944593775783,4.36024469201497,4.78568674375272,4.05397380650953,3.14481538385901,5.04882089113319
2020-05-07,9.76553811465125,6.1327896613427,4.14556322630663,2.73633905197519,5.44420886728917,5.04410313848444,3.18072447983718,3.99784396409643,6.74948992838006,5.38764960651257,5.63495214783572,9.46294564824041,6.41875373165711,10.8674003844584,7.44182057251048,6.49357934635949,6.01836326657866,8.96780294571473,6.2769586341301,6.00772441552997,8.07775100664558,4.74277308439913,6.2842167910872,6.97563794190594,6.37188117485664,5.73966470005969,3.54140754722517,5.39414211700733,5.25714022896099,5.63373748753672,4.53766758632432,3.80468626468825,6.02411573719163
2020-05-08,10.0458288994804,6.9064579518485,5.52150648605036,2.98113688578357,7.02178990027764,6.71481636935067,5.10295545144184,3.99884518618391,5.02433515818236,4.29158197152651,4.64486897610208,10.8989570152484,8.23977130469335,13.2391196686533,7.50538954694988,7.36445446594331,5.27300424542253,9.30611262730606,7.41101871543389,6.86691371719379,8.43931169101375,6.48076282627836,7.09324566267112,5.3248700722186,6.00515919664314,7.00480767866744,5.45103088334757,6.00289162946638,6.51577498784834,6.67576991449152,4.00382807038014,5.71919051915337,8.00544439671696
2020-05-09,10.2235693552867,8.68363685609669,7.06120847775281,2.96427276623561,8.19819020394784,8.21471140357633,7.01946196422629,4.11828882203334,6.08403981892479,4.78887856398915,5.34136740806234,12.3932018358019,9.94438748933981,14.9560588490691,7.68361726850745,8.83611841465959,6.21707416113224,9.63935656015096,8.86522606567789,7.6307372249643,9.73522878726245,8.20497972139068,8.81680788706887,7.01082295313013,5.98001136074539,8.3303911387835,7.30874818554451,7.5315526240617,7.63738220818975,7.72985535003806,4.23341884842884,7.38121181850694,9.68420766753496
2020-05-10,10.0213402716722,5.30091230679197,5.68607031272479,4.03663897937514,6.48436825230822,6.96537172222419,4.94549028165017,4.88739504999325,6.10888157914782,5.27259438131763,5.7219346566627,10.4258666984684,7.85038430232445,12.4053077035966,7.8608220359863,6.09604084233407,5.76047801656251,9.12078459802736,7.20499919647914,6.75881553789576,8.39331662241161,6.21793490673738,5.48720031642906,6.61667056536144,9.03201279654976,6.35658879533428,5.39000577634916,5.72134464053278,6.21770663598134,6.44269429923716,5.0178104280208,5.36502989320344,7.78587508176494
2020-05-11,9.92272347140775,4.88596270283619,5.2463268462326,3.79250186291397,5.93241925127313,5.85616420398961,4.19822159273501,4.59286386001905,5.47338238956931,4.77468412993029,5.25772307114801,7.08950176475899,5.70534538764545,7.88929269353084,7.65600839545434,5.70236889874515,5.08998235527655,9.00423662357921,5.57594018986028,6.27418011073794,6.23704847747814,4.90797522541883,5.11573690285778,5.93713869200799,9.95243402001333,5.82507592819397,4.51580076702622,5.55314890793389,5.59463713467706,5.84494721153801,4.66417010698289,4.65402921859744,5.85908490094747
2020-05-12,9.64049850860085,3.7213119681681,3.36106050008393,3.91537036919061,4.15628480389894,3.48560432817632,2.25228767337553,4.44360145500833,4.7308009456957,4.16165266364801,4.94827613583794,3.52999708782154,2.85813947900032,3.49315545916698,7.35220246582135,4.53260662450681,3.62695369035559,8.71964021684484,3.09119009284796,4.83643283395046,3.56329073324026,2.58905025379997,4.07225240582937,5.52942469667228,8.20982557670709,4.24619662820499,2.45778365583917,4.05232187989072,3.66852045158059,4.03423724669715,4.47006603643799,2.67613520551099,3.05735704368467
2020-05-13,9.78660737320834,4.3556796381624,3.58937599671536,4.25132842674348,4.98548367349181,4.02734169013834,2.87825594972853,4.82410739667819,4.94475655230707,4.60313265163671,5.10602374915312,5.51751744206835,4.25671854066882,6.00716434748798,7.62859737779814,5.15487712148532,4.34348926817454,8.91887519426666,4.31161730115284,5.58706081384026,4.98496860751124,3.5979883494709,4.66437533840612,5.25329403511789,6.13238802862139,4.9558395517897,3.08588271455597,3.9949245794463,4.58395998112377,4.89586448219455,4.81159297764597,3.46529532565194,4.20928051462296
2020-05-14,9.73743051046645,4.84036514265399,3.81875658238521,3.96799286883936,4.84052792254135,4.30537437641199,3.16545173365653,4.53778197013856,5.40252153023729,4.41886537464036,5.44379847720673,6.19649513943991,4.73535450214949,7.157866366564,7.45479574227503,5.43652817450538,4.03499905751333,8.87095714733582,4.46889230865015,5.24123524667139,5.22774983799222,3.85151877846088,5.05759567906189,6.80775598472958,5.94615842674794,5.09549777844242,3.39001114653272,4.44649893519942,4.24882957382413,4.57336813422565,4.61969177332243,3.53506394582313,4.6919850905429
2020-05-15,9.69543628257996,4.67725427443265,3.25930529568155,4.09846882637156,4.54741706166438,3.80391733911023,2.45315503558312,4.76177456168953,6.1020768008335,5.04044453077944,5.87730030512696,6.30073461132494,4.4233509138705,7.04952733326555,7.57858498210831,5.28653154304894,4.58916101753922,8.87169055638052,4.42453901415556,5.27807812077327,5.5620919836718,3.42370360807256,4.9527676860183,7.20700651980685,5.71213372227424,4.75086988331778,2.70688846398685,4.10860318255604,4.17289351763334,4.55444218978552,5.00985367027371,2.98430365770665,4.24378311709849
2020-05-16,9.9549032136447,6.27621551233489,4.52838503375912,6.08668499917943,5.72211836913467,5.53444701945881,3.8295749295415,6.69331889634749,7.37024199521392,7.248614230622,7.05695688849751,10.0577431006781,7.033495406433,11.422996974236,8.61709658544341,6.65340816454401,6.99429047933579,9.40051562368085,6.88549125588483,6.66546942783682,8.74463205364545,5.37124259629094,6.50572437836716,6.52221061548723,6.20915089155092,5.95107047272834,4.18479741116194,5.50780470586738,5.67821325327755,6.05407718625254,6.99410193128088,4.33176438536483,6.58156456762071
2020-05-17,10.3357282544355,7.80177827955702,6.59318226063359,7.29417765820138,7.73764220587208,8.32687281300283,5.95429901602932,7.97519960930186,8.97782740360472,8.89761355813498,8.34714251113493,14.6839982353886,10.529870045399,17.0830676488748,9.45460017506968,8.15708116406259,9.1479235403766,9.98149580806135,9.99950652969346,8.57340824584043,12.2873339934608,8.10871706224468,8.04133662896151,7.71040404663899,8.35053002032637,7.64957721094185,6.48275792905485,7.27024743996713,8.00213139974716,8.26116829157978,8.31850592330671,6.53762677234985,9.9647900745261
2020-05-18,9.81033130186293,5.45945937559872,4.07147605085159,4.16467071332639,5.29335064456815,4.95307380820693,3.17397437767802,4.81426377916412,6.05026766456497,4.95718063601841,5.8803859109555,8.45598998232717,5.94280690666514,10.1014515903779,7.65975100380162,5.98162122170231,4.6729318121084,9.01537394328262,5.51556555633675,5.74677995681767,6.769714642369,4.42990924603206,5.63607095895457,7.37146204328084,6.58426203359301,5.4986833296772,3.52573199825955,4.98847423106349,4.80772942656605,5.11887869118714,4.97114509062469,3.74327437713309,5.77404972187323
2020-05-19,9.65620802793982,4.16064402501635,3.39613359894003,2.94210607851869,4.53585316583954,3.92229881304105,2.63691041669103,3.6199638226124,4.10718111223298,3.33938303286256,4.251079869267,5.52199273118832,4.1532573271294,6.51901567837079,7.01188012751314,4.90870851213164,3.20331150746331,8.67974679229528,3.86631704266002,4.85827692145009,4.47960622830723,3.3044855900336,4.43652323716775,5.18276753340609,6.21010450798893,4.66493760483365,2.88545906738824,3.92446110136646,3.87942675197566,4.19212613604963,3.5908770702894,3.09475708924098,4.20083545197283
2020-05-20,9.52765753420635,3.22196838486953,3.36704750544215,3.2186696357139,3.63052744358329,3.79330630135654,1.90920657995438,3.77735432303071,3.75498754313554,3.33845703245875,4.09944680095212,4.2670003509472,3.06993918607181,4.91667320616821,6.98005398746223,4.06023644743011,2.86001214034193,8.50709653206252,2.94446458944634,4.23500776279389,3.62201094883926,2.38348692380731,3.56232503669313,4.38038568815027,10.1882369380431,3.81350416473631,2.26374651300873,4.23025622006035,3.01256049584287,3.39951409429296,3.7420326756819,2.19832355687701,3.41550059987204
2020-05-21,9.70381975744506,4.2066264969844,3.90194427443281,3.99833714384047,4.56265046663857,4.07721116809839,2.78005053396033,4.50542117144973,6.04201039841287,4.41483737323838,6.0153632302665,4.24725644938492,3.50002081201888,4.49246147238322,7.40650195584152,4.94632179847198,3.69751043665763,8.80078583602851,3.55958969126734,5.06916283607481,3.98376645529107,3.12124430204643,4.49329746609738,8.66276419909447,8.70450255764628,4.69429815850428,3.00208404733544,4.61871918387371,3.99759951708611,4.32723843277873,4.6579428662855,3.16502162657472,3.73377867414298
2020-05-22,9.58399256867831,4.5308703976188,3.7615729461237,3.3921553619323,4.05396924143684,4.17179994200794,2.35369946341944,4.05675560455388,6.15654212606177,4.33617054626183,5.86840844857801,5.43234480411741,3.87483338113842,6.21323806323487,7.17618903617197,5.0688471623246,3.70338969774453,8.71657096338895,3.73743502428293,4.6166919146732,4.68217808392003,2.99577713295825,4.81303394979798,8.66295606400009,9.56273543120299,4.42447036073034,2.69135658071894,5.05429610154137,3.47560126328169,3.87194059152871,4.36803639952846,2.63665788372454,4.06408679042738
2020-05-23,9.64491778569341,5.01224977362219,3.43494509806156,4.0286698396537,4.29854448278814,3.90379994308122,2.66319147137844,4.62551852995044,5.58820807554963,4.70456216355114,5.53775908919048,6.13732448467312,4.41671084784954,7.02644430272095,7.4552853123062,5.45521630826651,4.20680251997484,8.86575295581029,4.23358719721079,4.89604791567098,5.29528884145528,3.43568743781851,5.28210976441576,6.58328166370433,5.91764988582481,4.72058267748428,2.90737062844413,4.4959322955963,3.76054804111214,4.15663300784861,4.81557124333417,2.96610165182624,4.30963405691623
2020-05-24,9.74301906380957,5.67782957744551,4.58043439103679,4.84264810623448,4.68080016684453,5.65097883895692,3.16581084856087,5.29704901625578,5.62737235856732,5.13495727534637,5.78761749799376,8.82412891529918,6.0652656286885,10.7738198719246,7.78265370091531,6.03083131526551,4.55122921230544,9.16301479204772,5.42718379838988,5.299090184999,6.89998106828885,4.35089852878884,6.07298834074388,6.22761312011687,10.6039863818519,5.02062153836445,3.68099527919644,6.12665813811427,4.18238030745798,4.5489669345367,5.38512285014032,3.40044896610507,6.15764212956975
2020-05-25,9.6348498542506,4.62514895940023,3.11977259148109,4.99420321228052,3.92359742472696,3.84245017951929,2.14818626083349,5.67954502612662,6.93735628315485,6.41315336118616,6.51806748599627,6.96308752278341,4.52960764584106,7.51170593494399,7.98774450103555,5.1406055860332,5.83748208207765,8.97769368956592,4.74181619750813,5.20698252407819,6.54271362995982,3.33441914359593,5.07060590954186,6.57189407122026,6.97772816060703,4.21509072400701,2.49253253113843,4.31538994608308,3.89941098268486,4.40485534484213,6.13968008326304,2.49454591969073,4.24626131289784
2020-05-26,9.83673984920474,5.14095992025748,3.65821838085248,5.28411011088383,5.1317071904543,3.90598436093057,2.89534748405788,5.88157521452408,7.01778299642086,6.29166435901133,6.74368392273049,5.79194130459521,4.34774410994096,5.76920509139026,8.17126139969673,5.73904380938479,5.80185244964581,9.11451872232173,4.78356015833848,6.057418979841,5.83313809807832,3.74851128044345,5.39285263584834,7.43248136034715,5.68348498635109,5.24547481217253,3.05468147834565,4.44349250490589,4.97477581761045,5.34957504514991,6.166871536595,3.5259037756052,4.103064965533
2020-05-27,9.49082424377588,4.210176066349,2.499062824658,2.66692860357252,3.6655971292953,2.41749415305437,1.41714790056741,3.2949499597092,3.32461980802918,2.83550755059349,3.65613303699277,2.69865211239374,2.0407514699582,2.80154220792677,6.75879062074615,4.78268562960795,2.44195150440126,8.57773448062968,2.18760494406182,4.10416096460534,2.56783230790856,1.74175051288881,4.51451586080669,4.05770055048045,5.99580400353672,4.00199278118228,1.5528767109943,3.73981132160068,2.88274621045574,3.25947341355645,3.2308460695714,1.94245066552426,2.17523933553409
2020-05-28,9.57352163150399,4.09310395026509,2.71604338926483,3.88308397149355,3.86696543240495,2.72997221858568,1.81380953832562,4.33962065010583,3.99653369550421,3.80433169162251,4.44442296373804,3.42273339606539,2.60039002414128,3.56834970636792,7.2441542185542,4.71918505639443,3.16514555532973,8.65839294949701,2.73956174562894,4.46841103783794,3.27786528452708,2.21545535804584,4.32334729954554,4.36780597766484,5.54682239319059,4.2080225082745,1.94937011203775,3.65724808544037,3.1950046634509,3.5810892242345,4.27555596722732,2.27597067723333,2.63853350194371
2020-05-29,9.56811536923574,2.88857451570434,2.17180440148315,4.73364803825418,3.46007594629729,2.43976243092047,1.65444423726978,5.04616076687316,5.41960016512554,4.66549639816373,5.75706617304647,3.39210847787073,2.50476652878742,3.41705261532988,7.5318348742964,3.79714955724042,3.51588940636261,8.62902909694,2.71649618176623,4.43657429840359,3.40899990639336,2.12002478990545,3.28617602946255,6.78644534994542,4.45588485942369,3.58421368125506,1.80491222030261,2.45707216233268,3.02810539066329,3.45476675360395,5.13984393146709,2.04034187778442,2.43782579441503
2020-05-30,9.88696143521082,5.29081443231014,3.55653332119301,6.32219040672495,5.21632545738003,3.55402745091777,2.82182610996318,6.36036959274151,4.80239266696721,5.23403702733853,5.72919498901092,4.45190017465018,3.68139632376436,4.60822862940876,8.25025430766085,5.85782517477305,4.19570310624593,9.21700518431364,3.86498233178738,5.82719033810596,4.21998971169684,3.32855001074721,5.48269493869023,4.89217394175379,5.00645629352998,5.36210092901665,2.90374461686476,4.38267528541322,4.60895272690571,4.89222164673189,6.06289496426254,3.52244220699303,3.63363916626979
2020-05-31,9.97682415744408,5.5684669588854,3.95365332019305,6.93466215271062,5.54228609903697,4.53374081614416,3.60801359269002,6.93817037929661,6.14284840431894,6.0626187563059,6.85609640134947,6.89740628488417,5.35911606220076,7.84228020908291,8.5555394878815,6.13296013446311,4.92069306581256,9.43919765916593,5.16432125540722,6.22318834175769,5.90455908703092,4.45502323374755,5.91011619464961,6.98488353097466,4.50962428800134,5.58889097066117,3.79183967850676,4.47903230506335,5.08487195336086,5.36023372111299,6.77593008765638,4.16233777058237,5.1620694368812
2020-06-01,5.50982679148913,3.6330759457414,2.94891603028545,3.76757508321288,3.7724235088198,3.25923785790027,2.45389799281401,3.94677180218645,5.42416307021619,4.18124882542128,5.16753760629914,4.62230311045229,3.60038763725928,5.02694329589711,4.84364857896918,3.91635601187195,3.64956432084823,5.23698647514892,3.65263834697304,4.12637503028293,4.16771410147942,3.06693111772108,3.73685682680678,7.35426080451674,4.25400618857629,3.70256290879814,2.59041814996547,3.36008759987012,3.6862458121066,3.80398658046332,4.14159152310723,2.89516939547449,3.50582920102407
2020-06-02,5.20468995888795,2.2456342813619,1.79671310921022,2.17930485967611,2.2417915607163,2.03928866389804,1.3499736718241,2.45237221396252,2.99705965404386,2.38688909003274,3.03339991839548,2.83342578704833,2.09923537681875,3.21854686974276,3.9877726803267,2.60653770722774,2.00875460742076,4.73369414965625,2.02434160772287,2.57555018733831,2.45997677330382,1.68047974191049,2.41844583422801,3.91900588694157,3.61948555596698,2.37578526620502,1.48529680861374,2.18937766705019,1.94577604181021,2.14937491463634,2.52790517296964,1.52144842044681,2.11597949433616
2020-06-03,6.02202612163084,7.04477987344341,6.6500110049717,4.95344790526639,6.82189201785517,6.69420712491882,6.4732660694405,5.36570505953172,6.85164424092638,6.18365754050068,6.14459669709539,7.71062254148111,7.12722686944215,7.98963235802178,5.84474832008117,6.8794921477936,6.85671174618999,5.95895628877602,7.11669806364808,6.59346004954683,7.40840476735558,6.80798167554078,6.80677334469589,7.06627474962313,6.16837001030759,6.91587154723528,6.49530511982661,6.90553450112771,6.87780604801179,6.84827353406454,5.59911249413845,6.64071854935693,6.99155910956711
2020-06-04,5.40194045365931,3.20465983944235,2.74771372118667,3.20535600759026,3.25106671039311,3.0139241696459,2.32939329139539,3.58774886194243,5.28581856799044,4.24480941681353,4.76927788199621,4.40146657697183,3.36487548136758,4.56716744277306,4.67113864946478,3.48250007256036,3.99923034243155,5.03146943974447,3.52199657077487,3.74269342086185,4.27213883547993,2.87848890108715,3.28103039060273,6.28110204109459,4.07268189029188,3.33906659020508,2.45783294600848,3.0992962975564,3.27229137498171,3.46818545853557,3.93318181163218,2.56584024648912,3.21025903089479
2020-06-05,5.4551233964852,3.24518700311658,2.56106343551823,4.96859854616032,3.14285880966965,2.80441534283841,2.06442590136024,4.82056320852832,5.1760407361564,4.57610540749106,5.39259885342262,4.00575740205043,3.05584915145096,4.31539286557877,5.12388218887106,3.50121374124809,3.46212588933114,5.22647862910455,3.11343126755949,3.72614504301324,3.69497604383924,2.57101437223793,3.35445957595845,6.56154829203434,4.07941322280551,3.22243080974052,2.19554173973805,3.05997700287435,3.01573930324321,3.18784720558101,4.90706742891847,2.35881494746045,2.9754547039789
2020-06-06,5.51875853774452,3.92362647535991,3.09838326776676,4.20749381621508,3.76107415056838,3.39666631613694,2.75666761589922,4.2522812745112,4.80381788225233,4.15112530559505,4.85710293540474,4.88297786805083,3.87761183241526,5.48370456063046,4.94407132176037,4.09827286295409,3.56531623052263,5.27772062182798,3.75946997842562,4.03698197001251,4.25460773122865,3.29089223781106,3.97211506301327,6.03576046146825,3.67562691181991,3.848060332227,2.87366446933723,3.53017539995796,3.56433837803611,3.68306765742775,4.3165872199164,3.0567149526066,3.7674083025548
2020-06-07,5.67671747130765,3.42848663373282,3.20577345008957,7.6799231339241,3.79435063683338,4.08402705069789,2.98353011573678,6.88346033351055,5.27057024796101,5.55666117932838,6.38201719272655,6.80865598441264,5.034225564802,8.37186019621285,6.01699843427039,3.75146689926897,3.67398911528808,5.5838658096465,4.4470075489796,4.39954620190835,5.20274544708572,3.85343066250565,3.51255624280252,6.48571623294737,3.89590120438292,3.76873367508189,3.24072301130784,3.26756666546551,3.59086218872577,3.6879014538271,6.61116758056709,3.22182536141103,4.90031455227389
2020-06-08,5.16631650963372,2.31707595471952,1.47530532074034,2.30275309152105,1.99305519883889,1.78723242717907,1.06418331626425,2.63729983384914,4.48909290240151,3.07697554597546,4.12293624715375,3.20976218218963,2.13273260484791,3.56773365228079,4.07689063936972,2.61275511599464,2.46836084315399,4.74480720253897,2.1464155655592,2.52408257321453,2.90267598241357,1.57178486530762,2.52083315655127,6.38324371414419,2.96300602404974,2.19012768230213,1.2116900244926,2.02350082728049,1.82130616246342,2.07609785972372,2.97526700511912,1.23609011381976,2.01497748828259
2020-06-09,5.391728591486,3.22482782044973,2.69129829360839,3.38230599424164,3.15843488759496,2.85154123198979,2.19847525599119,3.56899885062939,4.78622296928798,3.73855257153708,4.61784377389206,3.73450119386096,2.97469611094985,3.98600671448391,4.59501010350115,3.47766266546458,3.19190482594051,5.03640211516585,3.01534358683685,3.50687887439568,3.48495663394344,2.58528024003878,3.29230872491627,6.38720963426599,4.24341085216415,3.28069585075258,2.31074805418325,3.1477059502298,2.97542783370774,3.1412328448172,3.75842041246851,2.4386384834775,2.9405556785877
2020-06-10,5.47596084334791,2.96595595595374,2.39199587605423,5.37664431042241,3.13354242947938,2.76401729584121,2.07227614047835,5.01846207157701,4.53580544340112,4.24040278945345,5.16243576400282,4.12002729831603,3.16062860692578,4.76072932642845,5.16234905513401,3.30206321504876,2.89255838648895,5.23857906074564,3.00454451209295,3.64421281963905,3.44541186851903,2.58273715641459,3.09174660017257,6.00184672129464,3.27687850888463,3.15017180091623,2.20827093707622,2.65217518841627,2.88753195340614,3.02622996280029,4.91223981003917,2.37716145325888,3.09329117225915
2020-06-11,5.2888716568956,2.60645934647945,2.01240209807949,3.0223382324869,2.58202070045536,2.28241489242788,1.6614414136071,3.17006753109877,4.43561249307526,3.21274590011987,4.35604273895481,3.44641520723256,2.57659365759096,3.91010737027554,4.33669089963123,2.92390172208404,2.47952202566345,4.87298052537504,2.48703289957509,2.95408326422851,2.99129782122081,2.07928170435315,2.72030303786454,6.49585301473177,3.10637107185322,2.72906877806782,1.78389415506501,2.36554166666827,2.31807647428371,2.50827570058365,3.34885776232934,1.86555170779286,2.51345216221845
2020-06-12,5.47325510029007,3.95954291909204,3.64912873497795,3.6802891778771,3.58796775603463,4.63053078204175,3.18132325898288,4.06620885031692,6.70568685951796,5.06855553980907,5.90308901437608,7.98021644152704,5.64275840933379,9.43022023389429,4.92954400738955,4.07961940116437,4.75402293845843,5.23874418946666,5.20526897235955,4.06546790323931,6.60428725188142,4.23883070804522,4.07890755691887,8.49231745401042,5.71836252515318,3.76123394293572,3.5220159560688,4.16598187124784,3.67769566320679,3.87674211152,4.58681302050538,3.20026184888501,5.42427523102135
2020-06-13,5.32167251827898,3.47512641777852,2.38556012264289,2.84144275865834,2.89020996546921,2.80243573870407,1.87762087465151,3.25276920440819,4.93526016313204,3.90483749368291,4.4312113537356,4.936891152551,3.42729642697876,5.5124295206166,4.47860999770376,3.61252830559137,3.63211125384073,5.01779003059881,3.41790988033847,3.3774062044244,4.4032559914431,2.62511732411321,3.59732825839537,5.88469641338915,3.77523678542161,3.09565389899529,2.05958679601971,3.13259892584208,2.83575600805198,3.05806485750137,3.60536335501376,2.11855430406211,3.22616316211355
2020-06-14,5.5562358746075,4.18684898216533,3.18542164053741,4.32519064258067,3.97476695656613,3.78365997726059,2.60926192593845,4.65568098070456,6.18381960429677,5.43624970857651,5.60804273213126,6.69769434558979,4.71901897202909,7.34841138914296,5.25591869599905,4.34819000596114,5.16209955042989,5.37144027523483,4.82658868714943,4.62214294870497,6.05369919776567,3.70583895217713,4.25421740886363,6.57011391165654,4.47839100183397,3.97707503705903,2.83179799382148,3.82995761513795,4.1813113051299,4.35683071933444,5.02389078104378,3.06688362711985,4.39513179778577
2020-06-15,5.5165723800592,3.43148923993689,3.24219551480775,3.24770121967736,3.88443643123368,3.46251235071846,3.10294944061046,3.50447069136804,4.05248250783262,3.53444761885606,3.98074708118245,4.07907696130275,3.63205497713367,4.31525964549415,4.64885122699682,3.78032156201272,3.48037429025472,5.17748701812102,3.61845546043606,4.05202020472219,3.81266306787305,3.38322347962444,3.56551274855052,4.76842187900492,3.75615767229215,3.79473637810866,3.1732922895777,3.21194470156135,3.74978363998429,3.84498656579846,3.54435672212786,3.3449176729326,3.59549539166293
2020-06-16,5.16108470752448,1.80433728155416,1.40831244972286,2.1184049377444,1.95162151395794,1.71321608143953,1.05480129757003,2.39257851908836,2.95212951890898,2.34878280870906,2.98563345690655,2.66355417118546,1.86730419565651,3.0277881474788,3.93699124898493,2.23966095266426,1.90679428641115,4.65864113548601,1.81626204350152,2.38835305559364,2.32262251097202,1.4265847900816,2.02002658090776,3.83304485169237,3.00458676720854,2.05184967595396,1.19290032485967,1.67441366383188,1.69866935164055,1.9245778942339,2.48979622159099,1.22502117912709,1.83994157732479
2020-06-17,5.31552439493272,3.09197946880619,3.03625997489959,1.58531092317639,3.07997236491811,3.27234173590583,2.45952211012276,2.22060927881729,4.38480226163538,3.02653797087608,3.68593626420489,3.82578806500033,3.12149297415948,4.02281225434448,4.04621125737071,3.37380707080556,3.26425477142055,4.88383873799027,3.15695766870499,3.30383711291962,3.66315033650693,2.76510349163873,3.26194244901609,5.65424633487914,5.79847647498576,3.161270170487,2.61925289348958,3.46097872807944,2.98499367414207,3.16612021651974,2.57532553053068,2.54948363907847,3.18046629627722
2020-06-18,5.15015093067655,1.70303946569591,1.55789726462499,2.22265319297254,1.85296285534255,1.82309702035026,1.05881069451139,2.45637058885157,3.2514556890894,2.42034091491068,3.26901178084556,2.41834616926164,1.72567471236555,2.71792928947385,3.94752798278403,2.14450302088472,1.83731468315914,4.64368937344253,1.68343081427348,2.30522320726005,2.15100050337283,1.34511462476916,1.922491410864,4.5757248525646,4.03732422050837,1.97272163504765,1.21560764757995,1.88498429098297,1.58677991584861,1.81902581344124,2.58621507463853,1.16894988963294,1.78542125414473
2020-06-19,5.20974785475166,2.08732563878441,1.8837054468147,2.06014623184358,2.29169438436302,2.19149429483045,1.1910176829802,2.53414675487757,5.0933996208908,3.30908803239885,4.43141171834877,3.27523263575165,2.22042731356773,3.43430150635226,4.099754342804,2.51235849549811,2.88008610489748,4.70901140578993,2.39043421607538,2.85600120118809,3.14976121685634,1.72883560482436,2.25713855672677,7.28144330384915,4.79682720891063,2.34594831197813,1.37854807597838,2.33443415723641,2.24840088275526,2.48889612804635,2.97903039592899,1.44621456151224,2.18646028032924
2020-06-20,5.13596458739622,1.60849266322061,1.5859457523507,1.61371922480684,1.90123258481428,1.88852582094076,1.18986204826751,2.08502922999843,3.72244656634185,2.56608483192436,3.32788542302388,2.68955572845703,1.91494899307474,2.86465583137593,3.83651974443629,2.08389529608312,2.31459633256244,4.57363930528158,1.96561834640566,2.39108041061283,2.57383641109345,1.53108104650634,1.8291046993906,5.00381735187573,3.75311628240223,1.99875050797368,1.34166594733441,1.76934534675235,1.76850401353144,2.02096275421219,2.38831374187552,1.27586418749871,1.8962894842911
2020-06-21,5.39274834027959,2.67788773723458,2.19993546131874,4.78254328749457,2.76647789507669,2.4665693411354,1.92981606986033,4.49021634259643,4.3678139711808,3.79599634533285,4.91231920625352,3.41310079962431,2.705804308501,3.9329188444099,4.88194061763054,3.0117004738819,2.47714260229071,5.0882574404033,2.54078017263,3.21767338151281,2.88480522147475,2.26322683665133,2.80233570941682,6.21475946172483,3.093928834581,2.87417568803746,2.0394870221419,2.43757768552425,2.44716186723729,2.60773654338289,4.43432410497003,2.11576121893525,2.6842398222535
2020-06-22,5.1552390670787,1.74457580353682,1.59694860849469,1.91359612256203,1.96929304420247,1.89380242041559,1.13824169499845,2.15997390227496,2.28915478305353,1.88627690863842,2.49183033738401,2.55885184780795,1.86077711736655,3.05448064679938,3.81221682728634,2.19315930187718,1.50710979281219,4.61238971159894,1.6970320875213,2.27660165462437,2.07034308707266,1.42621562299002,1.93048631984291,3.03196702623665,3.76894243177527,2.08410081335156,1.29432350100373,1.86716661704343,1.61088912976107,1.8162267027203,2.15092292632682,1.27261529428405,1.93702227938248
2020-06-23,6.01350558092235,4.65923283156087,7.02771848328063,4.3873949500841,6.60134715943641,8.09097949465678,7.16714559934932,4.98845683386764,7.49076172729528,6.27650091444709,6.39170242958861,10.2561879197632,8.80468553991568,11.5035538053664,5.70697273279159,5.12763731622987,7.23798657534032,5.62565267422667,8.2896959236659,6.56312311262366,9.03889641665534,7.83624468925539,4.57388513414654,8.1508682500887,8.07872305076035,6.28238343063401,7.44183298633274,5.84146825461875,6.99083712767,6.97601519722438,5.40498719836441,6.99705204460416,8.70693359237254
2020-06-24,6.19950137401582,7.77795500954919,8.23664598909591,5.20624676997053,7.82788281705347,9.22410501137409,8.30930280357183,5.85790907858725,8.0434196119027,7.35383064789855,6.82903829671556,12.790993033886,10.6678440902298,14.5104618478436,6.23427878138236,7.57351503385801,8.66838281885127,6.16964106953525,9.99985189915646,7.54133473181055,11.1073164364034,9.28285961066729,7.50951394947312,7.51557167983729,7.61507932634133,7.90155686294553,8.55971439075265,8.08012447360647,8.14932899455633,8.10208360193949,6.28549562510492,8.18530827608206,10.3526080564554
2020-06-25,5.20085865695571,2.35206731438417,2.24136684962867,1.84897947621048,2.30151091400362,2.91322531154796,1.59965217759248,2.4713985165823,4.77048185487663,3.48352742760685,3.98761312377431,5.13871603671052,3.36953088783344,5.88304515961402,4.1036392880792,2.68939657891537,3.44458619183284,4.7203804503189,3.27389154228441,2.8880161104415,4.48033786223525,2.4028610935642,2.52918462847941,5.69877413708384,5.26728906807131,2.45874141904268,1.88775156590568,2.73377100891983,2.34509045306942,2.61678042648401,2.95994219401399,1.67715453518436,3.24922060334966
2020-06-26,5.22402609933128,2.4152881243536,1.91520114537309,1.91510186747456,2.42930709260726,2.33003592258672,1.49785200556891,2.48915429111307,4.8369800236961,3.3939661078283,4.10680297481211,4.04359389455154,2.77133476435921,4.37052809536122,4.11308905820055,2.76812952525765,3.25817193319603,4.75449146703084,2.86152632654632,2.97070137128497,3.77358847726398,2.13676883721615,2.5901160045052,6.19695741069756,3.54532104695041,2.53190623866611,1.6710364294422,2.28943215212078,2.43255534189534,2.68021974750737,2.94228711851247,1.69997277260098,2.60088390367074
2020-06-27,5.21169374289354,2.3064364193052,1.84405414534527,2.73483401025952,2.17106886554451,2.46482340187612,1.35977427490624,3.00812419339928,4.4999652967241,3.35856493684342,4.22822426501346,4.71774286605518,3.06908333300481,5.6422528462681,4.25656836678429,2.62618739861887,2.73784011079034,4.76687379721062,2.83239954945646,2.71234546271945,3.84660549844918,2.10681684465963,2.4467112606432,6.01819526149481,3.77872185517639,2.37801484291225,1.60406049952829,2.31070919972201,2.01877449463343,2.26707885165756,3.30556280556281,1.4834911704484,2.93715172385782
2020-06-28,5.3431383012386,2.36163014002296,2.22202547766846,4.21098423490078,2.58057957316663,2.952170427183,1.8339116397958,4.27967464527887,5.09316778073709,4.46237193848656,5.01522009384339,5.45773878824905,3.6835332465301,6.35210592150427,4.86892942212244,2.74780209872882,3.6158182295761,4.97216333720058,3.50059949794487,3.31863316095919,4.62400814362136,2.67624577064464,2.50149702051934,5.96722382283907,3.97057065372233,2.68014898588754,2.09075748498064,2.44156284790235,2.59209849723704,2.83042060010025,4.52231659062615,1.96597715140939,3.49043934436684
2020-06-29,5.5129731643932,4.32996751380217,4.16734175243163,2.33737272148926,4.17569160281637,5.07275082797398,3.77424856335748,2.86476049731038,5.22079644404132,3.57683374517615,4.53534778416214,7.80843111696054,5.90172865699386,9.5280688495724,4.41915846132767,4.45425376877639,3.82339887559981,5.18929764610142,5.20535975016381,4.10435950651134,6.08304724129568,4.61435571293022,4.39100884951363,7.21463255812396,5.80460685008359,4.28945078303605,4.07838738717648,4.52668537910889,3.99184360962005,4.08803428370193,3.17636954060691,3.82860952639964,5.83503778978111
2020-06-30,5.24598944858878,2.52032471967811,2.39486330747017,1.90608634535469,2.5613715726767,3.26936402133852,1.9296303239912,2.41150478369975,4.55617449881282,3.09660787395648,3.97186403623296,5.95226174151455,4.00390881102414,7.28330628421932,4.05987157402855,2.85772659144404,2.95101430149178,4.77179195595723,3.56305556066459,2.93139780146951,4.66649691718875,2.80151204730764,2.68557539144574,6.20434524988505,4.63688492994871,2.69362979844849,2.24172792460975,2.73213060541763,2.4467826663732,2.66528500495589,2.78274212129221,2.00310702826392,3.88920725279475
2020-07-01,5.236857834785,1.85628862541832,1.92184452300411,2.46387464035849,2.32103121173919,2.79134701736641,1.4195082533761,3.15623656245111,6.50776210694141,4.75666111315931,5.29279232814071,5.93261119612729,3.68255725240885,6.52147016021459,4.47825525443265,2.34867371466266,4.57359546735415,4.72666474107241,3.81945913568819,3.29194503670463,5.4609305355545,2.55431501180208,2.04203643456293,7.70244862570601,4.36046143282611,2.3366525016757,1.72985018430651,2.10217833752368,2.69905111686798,3.01649101912638,3.90860172626546,1.60737131630016,3.33948849642691
2020-07-02,5.29901519540429,2.43648395413152,2.19090909328541,3.16706023402211,2.57653036939213,2.44972729603986,1.82740586575154,3.32417894578981,3.86133445595579,3.28840342929916,3.90096233572386,3.33248504431969,2.5794543106629,3.64019288961495,4.41552570905153,2.80010647562727,2.73298879127828,4.8760239678647,2.55223175066578,3.01518037467666,3.05380978985011,2.17195316154756,2.57546389650439,4.77326876896852,3.75719711307853,2.69358859498032,1.95548323638867,2.43869173162282,2.38517666439537,2.58518426946447,3.43485915391664,1.96014631394281,2.55171035070705
2020-07-03,5.43566768591015,3.11330688463744,2.85070704279368,4.4627054610048,3.11138805037758,3.35489677182684,2.35218915759892,4.44582562554123,5.13476024597503,4.41149699934627,5.17928361992825,4.95465507923901,3.68402887298048,5.643677614641,4.97028801402952,3.39749171772999,3.54383480101908,5.17505397451002,3.53664422946092,3.6514906407861,4.28702367064473,2.95264472639533,3.2681658569977,6.46040407745725,4.99966723327057,3.18122854451446,2.5641610331392,3.24931242342451,3.02167605131593,3.20061591834742,4.59495253331967,2.50935059788895,3.63155890385398
2020-07-04,5.89956409448253,4.86372592498635,6.01440067889459,4.95110596035445,5.85317294916388,7.07087481882682,5.45064258992447,5.13179786535999,5.57042298841393,5.28335989170571,5.39639994037929,9.54200156728928,7.64299448745789,11.2791472464282,5.59958675372952,5.16532509367863,5.52083208779571,5.67084641993928,6.98344078312651,5.85200254942002,7.74058822657805,6.36418861014342,4.82468028560853,5.84315862222036,8.87492601038407,5.62533318644934,5.81423707896381,5.86516602489877,5.9050905828595,5.88832919587835,5.15016482370562,5.60542760580339,7.68350525476305
2020-07-05,6.19463122273396,6.72817458055116,8.38472636580192,5.14627400558889,7.63820688508553,9.58798358744278,8.90118122629466,5.53825989403081,7.23956238826691,6.32037149818527,6.50428468606957,12.3112064294576,10.7540598061766,14.4568075354136,5.98258302249159,6.78363970451506,7.3525631527687,6.07413464909596,9.61484186319868,7.0901670115537,10.1837933811126,9.48615668411199,6.60995006503251,7.99085125914302,7.59360665458942,7.54932108321583,9.16327518933639,7.42073607898282,7.73470690338578,7.62555128274206,5.73965019992065,8.48027596332986,10.6582498223323
2020-07-06,5.27875705177028,2.79852942856682,2.37294202785755,2.53278194890395,2.64996302943321,2.77098188823535,1.79850860640241,2.85276864982837,3.89760099585297,3.07602122280533,3.70885233727773,4.18324864357486,3.00949469779084,4.82755467986229,4.23277334558416,3.07511184935801,2.75636374695268,4.86309862765538,2.86570546828779,3.00566854218379,3.56076999718237,2.33126444985548,2.92215111881421,4.91928267706313,4.61933378366148,2.81300914426836,1.99483237662675,2.9015925647333,2.44562245627274,2.64583167736381,3.03823618279985,1.95962826397627,2.98732272302825
2020-07-07,5.3877495320653,2.68953873718127,2.31969477894916,4.46234903177793,2.80036181592413,2.732339391089,1.97798612179339,4.23554815863838,4.34884257598467,3.62453859293409,4.80711164746983,3.92899129514998,3.00580548581816,4.69349021341795,4.77840248560423,3.03293132201334,2.41172609850566,5.08177820687779,2.73098096080323,3.20844797316932,3.14847564047196,2.40435897867061,2.84635903965816,6.35880205544096,3.70085606829257,2.87355627241514,2.13900010933602,2.58422314083512,2.48303490521702,2.6364943729056,4.20092322562473,2.15820108122081,3.00995792717324
2020-07-08,5.42764995990836,3.2127772315645,2.74448614873673,4.29720358442081,3.12061514573614,3.21971367642275,2.3034090526384,4.32618163783009,5.30568250816039,4.40283075879681,5.25098880318331,4.9403634658554,3.65512223861517,5.6045961533478,4.92419115609318,3.46916091399712,3.56514303126431,5.1639735106568,3.53051882725153,3.64403523191542,4.29754848880459,2.92474294129053,3.35163005351946,6.83076839428009,4.42060859275871,3.21403990350716,2.49555123895335,3.16754983916422,3.02764107580395,3.20915790654561,4.51961507462607,2.48716835600153,3.55656459561795
2020-07-09,5.33732484603418,2.72188369984234,2.3466796094895,3.74738547740404,2.69166484832416,2.58537723392513,1.92918084840133,3.82145232568538,4.75670779257313,3.86539154289776,4.72902937540975,3.542868053209,2.72861308417693,3.81409698177799,4.64793914089116,3.02620061406856,3.05993937562184,4.98149076112123,2.74080322719246,3.19937170540475,3.3075412037823,2.3048104361957,2.85074695737718,6.248224735,4.01437370093026,2.83660431676367,2.0596095844513,2.71444858329353,2.53472904276213,2.7386581062823,4.00593594291136,2.06635494765824,2.68485925351669
2020-07-10,5.23195983669671,2.28458795426536,1.61266185570775,3.21400871468678,2.16615731921143,1.88800700219583,1.17580069205922,3.24816891342529,4.444251961256,3.13234886897335,4.49423139393667,2.97078401857894,2.09005382690505,3.4280986157888,4.30985672743999,2.62191369180082,2.08103510478743,4.83531492581533,2.00678996496772,2.63873356572858,2.52398088717163,1.5896759917832,2.45606195761388,6.88847088306,3.18104548972285,2.31939070002293,1.31495644570011,2.0755842844774,1.86958384657468,2.0813196351997,3.41366488203605,1.38470798915947,2.06000528491975
2020-07-11,5.3945877187144,2.84729267083675,2.12520689879485,4.27367650671798,2.91446834567587,2.28285303835915,1.91217181229852,4.0694951671029,3.53474549519554,3.2899661720166,4.13916745644226,3.01494429159488,2.50799612789728,3.41821270476132,4.71194759796073,3.16823818240744,2.26619651432273,5.07898218995987,2.39319066768327,3.24326906141052,2.57612562534681,2.18720958183851,2.96737042147452,4.79514868329073,2.48050264573977,2.99108206967862,1.97655975302689,2.36983952867658,2.5462326005037,2.68316460126283,3.92200724147594,2.18273379880076,2.48100241344305
2020-07-12,5.60978588853671,3.54986705974311,3.00518782997056,6.54396352369781,3.6707072747243,3.46041712630065,2.96608375083209,5.94633913987904,3.72997668559172,4.5838221800432,4.88403546408328,4.97777749418403,4.05856502838622,5.88143644171809,5.59262422605523,3.81372414229033,3.25114425918843,5.48835017204973,3.69573875742552,4.09532153085697,4.03960115141639,3.4221630908007,3.6669079501938,3.77604636981988,2.85555225327737,3.6999375011409,3.08454368071974,3.08047992147564,3.38125268195963,3.47670844157997,5.57490095907057,3.15973055179564,3.96867362721942
2020-07-13,5.34357772126171,3.06681562057621,2.46602693775884,2.69937154767174,2.99879454963857,3.6071316340548,2.40006051264131,2.9790904640701,4.48534810558209,3.21935597016736,4.23450876431961,7.45000284443432,5.07307898239759,9.5178868341149,4.30914989564486,3.32591718368495,2.85155120097728,4.94795132305787,4.24534593695049,3.21471613491896,5.39282634708495,3.48679387024747,3.18330787816502,6.35809880594947,2.50180175142923,3.15679339387341,2.71175737694697,2.63637294760705,2.75134158596286,2.91816244036776,3.19112892053354,2.50286552187409,4.80853995384928
2020-07-14,5.3327778094814,3.21519242639043,2.61684008689668,2.40806197991562,3.00532350151558,3.79227981276401,2.47304685194649,2.83705575040095,4.17120372748651,3.29268394524285,3.79645505637483,7.75508940280481,5.24468462831938,9.76095298765113,4.28144736541157,3.43661806152552,3.25982854557019,4.95725865975758,4.48122739369598,3.2778051983039,5.78462666253574,3.61611645965662,3.36224107442194,5.01245158340816,3.12466849164737,3.17448848334498,2.8093583896475,2.89463844546346,2.85837715538686,3.04669771551832,3.08277216789652,2.54137507275205,4.96415580764503
2020-07-15,5.36915309386762,3.68751826933266,2.80229184052817,2.18585624113907,3.34057081853047,3.47810104616449,2.42838284032633,2.69450368206456,5.44883737145257,3.50373542492538,4.70417482260175,6.17930237968772,4.38907919144442,7.38828457804034,4.265738944565,3.84610801269037,3.36915331350209,5.00959422818856,4.02889835221556,3.53373046571038,4.97322083580606,3.29515510313314,3.77199590649266,7.90621553693637,3.67022265430387,3.49490168551939,2.65634902995751,3.33453004371054,3.18077150598753,3.34419416986454,3.10726420299864,2.66082923287573,4.19473002639524
2020-07-16,5.22464356216419,1.84506653191329,1.45041389459075,4.06197808166092,1.88646912364055,1.82363250826458,1.05010316340736,3.87411380825669,3.67055351553229,3.28302030352049,4.18092236446047,3.06625784963722,2.0725202454321,3.65813540821262,4.53170279438472,2.24399211014435,2.00272895641348,4.82124444610187,1.9062315138303,2.50022320178572,2.50422505865208,1.4829958973204,2.01252514422998,4.97958256196923,3.14905952747304,2.06383233694505,1.21620676646426,1.78441394318744,1.58553953613253,1.81753314786474,3.86569405878424,1.18036144045224,2.04399190678373
2020-07-17,5.27891283955829,2.22870629384811,1.62369439983556,4.36137002998567,2.16812431964338,1.7836881755536,1.16255005980285,4.15454482533712,4.15665143742448,3.62341970682356,4.60707667509741,2.52588674971546,1.84068869121857,2.73559278439157,4.69196736936205,2.58106894524445,2.29000266878235,4.93755334367812,1.87761113069204,2.79044311734682,2.33190097374249,1.49193992067682,2.38899318474037,5.70275459851488,3.2996191822643,2.31599523020744,1.27492397405268,2.07131629297957,1.89952688105166,2.11607567185133,4.17184031256398,1.37701447186042,1.82575964447898
2020-07-18,5.22697289162741,1.96810826847128,1.70969167442936,2.9486926226026,2.16804245038529,1.95826822324824,1.20884611722202,3.01564971587408,3.15172215915251,2.65438658435607,3.43336580539921,2.6245918031872,1.9273403210061,2.99592400188491,4.20555229406581,2.39596263651863,1.90330458555246,4.76564754225193,1.86109020105373,2.59868361910614,2.25421550674265,1.52984738245141,2.13962214956186,4.28305172587468,3.85428694722808,2.25888297574601,1.35355158099476,2.03584055879719,1.86319808077597,2.06344082516047,3.01862932406694,1.40676476292351,1.97876103813921
2020-07-19,5.73038439190918,4.51829166473879,4.11024106728308,6.26018004167936,4.53234382655009,4.64933559696233,3.85037702216347,5.99945848211178,6.07060933433814,5.69423968495932,6.32694841201754,6.58945940302357,5.29774155926394,7.47666926170498,5.78956924788522,4.67197665751674,4.7407065001013,5.65997126755721,5.04429198903661,4.93639011551001,5.68471940224918,4.50764473016455,4.57695944223969,7.20837000144979,4.7981162622373,4.53595035139578,4.02333215502263,4.35515052078266,4.48143348648479,4.56575944924005,6.02133091935155,4.06124069408642,5.16571980165763
2020-07-20,5.67276953264195,4.23952367321607,5.27964400773958,3.22777444281251,4.87117248857133,6.2754219030124,4.96928024684362,3.82345113918937,5.83567393917341,4.84229727226603,4.99439361468275,8.81059806968767,6.96166246442063,10.2442542968796,4.9754637975398,4.50793801696988,5.46538885962442,5.31596466333433,6.41291716210725,4.96863546810417,7.42420034991175,5.77097312671061,4.25985546720426,6.29327736210698,7.51748284758673,4.85227774817625,5.29686963947719,5.10129804159584,5.01020782421382,5.10460365589294,4.19255669647473,4.86039358078321,6.89034845796939
2020-07-21,5.62401946054159,3.6719396523621,5.31963572655074,3.73379062527007,4.41063281112875,6.44736211332738,4.82330027845681,4.24266381614347,7.01814541488107,5.47068614725731,6.02817437016031,9.01710749162115,6.95379900833169,10.5023069833066,5.1184241739803,4.00151322742872,5.67290672575465,5.2418421448397,6.3819265411731,4.73442299620071,7.63473564394576,5.64905116247337,3.71658850418326,8.35995087498437,9.07331061034956,4.44243969703306,5.23180338152443,5.13602976238358,4.64071455825072,4.78999655303472,4.78601999141128,4.541358297445,6.94543703036827
2020-07-22,5.51707714049693,3.14423997264673,4.02584421274382,3.38212992787558,3.81590048413131,5.31210287433837,3.95324127786068,3.8532101111059,6.5337200580651,4.92448825285762,5.66183121935291,8.86566926589815,6.49742825382495,10.6271555790235,4.86815802335256,3.52335592946247,4.92764233591712,5.110037846225,5.82354773160039,4.2098320906296,7.19452510642214,4.98848156508364,3.25841791562841,8.15107267798578,5.49422542963645,3.83743093953541,4.3257147786538,3.69542368707107,3.98117774658697,4.15509344368937,4.3648820362228,3.79148626158726,6.27178324212598
2020-07-23,5.43489619223542,3.61938190782777,3.07773778654597,3.46064597405633,3.4533612269141,4.50234291420066,2.6564266752438,3.68167912813244,4.98602416295806,3.94903634066316,4.74305106672438,9.50412406346676,6.26926196723525,12.1835953572685,4.67850099689664,3.79571582816073,3.53131511970167,5.07043457460271,5.25821799305668,3.71014762133581,6.82193252161133,4.1521260569701,3.59121416623219,6.45635159779866,4.11265691989493,3.66752965478721,3.09278965203659,3.5157964706721,3.25395624184167,3.41077464806751,3.89477619407303,2.83523347459405,5.97100272402173
2020-07-24,5.43270322927922,3.32036309043247,2.99194497333176,3.92733510716418,3.24625969867147,4.09904239921738,2.73782633328744,4.20984785893359,6.41450920036312,5.00711306975607,5.79978835033036,7.98690394668401,5.45046505776679,9.58534961762216,4.94587845776381,3.55493091424367,4.48288237300172,5.1330813016505,4.96295604617837,3.8423185587908,6.46234660365897,3.92100730602075,3.43391291167102,8.02837781611665,4.06101007132518,3.39019062762412,3.07426971308651,3.2530544056618,3.33803773821852,3.55540764917393,4.67359123062057,2.80213964270426,5.12263867200385
2020-07-25,5.1740882722726,2.21749236840059,1.72163648363472,2.24328582422822,2.07039770204878,2.28618287492029,1.12166816388821,2.61405464881042,4.06518824801194,3.02365700349518,3.7474759829296,4.40721079083121,2.78883929060873,5.2437460687782,4.08159855975428,2.54536239451917,2.57752801649558,4.68906994341417,2.61451369435496,2.59028196852509,3.61709365830686,1.86566091140451,2.3465987626868,5.27160225936112,4.02284146162027,2.27878324962645,1.36677638743078,2.27846380875616,1.90868870334581,2.16243186500788,2.906218524754,1.29189074682432,2.68027272051481
2020-07-26,5.28852463535885,2.58255522303542,1.73004696973121,3.89655741932854,2.383541228875,1.87500382137568,1.38742010850383,3.9034194869279,4.6301955705424,3.84170802041805,4.70677935905529,3.01884612141763,2.1958390627326,3.17200749587891,4.64385132484216,2.8662701551809,2.83484839986782,4.92832638350263,2.29845296969083,2.97952117913164,2.90141150704367,1.8022629177854,2.68536196124352,6.0672336797399,2.54558750820129,2.58719549358865,1.47374842794583,2.1811344657383,2.19568624470471,2.42320606850826,4.07107431564341,1.60957884634193,2.06064983233244
2020-07-27,5.29774506974634,2.71215907985726,2.13545528239663,2.50717172778401,2.78203804890707,2.25121301567374,1.6801337420672,2.81414877384031,4.60233724733498,3.12697031747535,4.28134476567486,3.04787809847997,2.3733910409235,3.2204432025137,4.22526855806977,3.03957468141123,2.63718505677673,4.8361438085418,2.45299820842859,3.09965736135997,2.87043542810292,2.0434097885399,2.78147209088366,6.77626014631712,3.43533296625491,2.89699750708591,1.77207414917529,2.522742316793,2.55273496952849,2.73291011930453,3.06574391393845,1.96734757927959,2.3287662922501
2020-07-28,5.39368535750928,2.97310920292949,2.64796359724109,3.18906443531746,3.16831497244211,2.8948220946152,2.54421884766822,3.49536454409794,4.96294605164185,3.93517832877687,4.60346970455459,4.02334495160366,3.2851052378564,4.2085352321697,4.59226956687818,3.29272988986512,3.6275716878386,4.9969002087303,3.33204223842383,3.56642383300093,3.88101030734966,2.91644589669737,3.07481508353329,6.18818562714082,2.96309609143404,3.2613599768975,2.62487075396688,2.70465641326177,3.10472375336764,3.28811630309264,3.77048786654138,2.66979902915033,3.1332750176972
2020-07-29,5.33129608552554,3.23863576598577,2.34403837979762,2.54195610773388,2.98622763391391,3.14749050046845,1.98401544048777,2.97200732447962,4.7093756787313,3.5526004318369,4.22430536772999,6.26092436222246,4.21415839025801,7.53639630196273,4.35531281003226,3.4651554287747,3.35769184858506,4.97396035066003,3.87116585348207,3.37591488357772,5.00048179294832,2.99200093345987,3.37228219665542,5.9539637879994,3.25743887324523,3.10690739054853,2.24302509023556,2.83629642476499,2.89483161701547,3.09027410494898,3.28428624914182,2.2434580409023,3.96009601332814
2020-07-30,5.418792013349,4.36686583669216,3.24696280855206,2.37537086041851,3.63349544922044,3.50017541962351,2.58195385957305,2.92505132629703,5.03719286851758,3.7197705581565,4.35063562817223,4.93724661354361,3.77957509009668,5.37024809884062,4.41774214085306,4.40343529472512,3.82076567239683,5.1807927127649,3.80622170842811,3.84910983410475,4.50535436394499,3.17230215044412,4.48316306806695,6.31400051379705,5.21009743749718,3.78355533525255,2.74115836024347,4.16384199674354,3.53494193772276,3.69193560144996,3.27506553519041,2.86846496899392,3.70268331021861
2020-07-31,5.25706549230584,2.7557161100713,2.19677398869138,2.34221072669955,2.56804063727081,2.39906231091851,1.89023625233332,2.72395008243341,4.35744287981617,3.17014192601715,3.98176491598166,3.44843800426244,2.65568927412142,3.72079356018464,4.17550199235128,3.01698983739129,2.86346569578939,4.81328633896508,2.64710867551635,2.91878771856087,3.22708490986417,2.2378581604707,2.86342985092543,5.80605994479786,3.25648754898178,2.79069907694254,1.99531778933054,2.57155994253108,2.37681025211813,2.59330326401984,3.01529878577953,1.98481667239635,2.56860083592293
2020-08-01,5.37087230009555,3.36892129926975,2.76393983367348,2.68874879420666,3.20805398120847,3.2958331451294,2.32200998263652,3.14856701423861,5.2335319569898,3.89793792008402,4.61112431180692,5.5225142459913,3.96318814604193,6.29148535950813,4.46814962104546,3.5893279519137,3.74376198537073,4.99534662901387,3.83581090731668,3.58910466307515,4.78356748084086,3.08691709726221,3.44511988530207,6.63740972720929,4.11616841370573,3.34834138539083,2.5257163772753,3.2308262330123,3.15926841596688,3.35160628228414,3.52816829785696,2.53424827823007,3.78295633267007
2020-08-02,5.64066064057988,3.71728554476345,3.92232335191704,3.12457436138904,4.61832563255504,4.97517014195085,3.98243914380304,3.52777176482556,5.54110615352655,4.05250700634927,4.99168685542112,7.78805704531263,6.05041120937991,9.3177570808678,4.77093073872746,4.14047757865468,4.19185475921262,5.32395671502116,5.48721534576903,4.69950719616096,6.20414936618261,4.89660562364637,3.90512222191284,7.52550143275562,4.04257151735405,4.33384493793076,4.23966498622326,3.53076480650143,4.62779307892006,4.67421218136838,3.75343320538914,4.22864898921997,5.86513808664064
2020-08-03,5.43690906516198,3.6535432211181,3.48842863016193,2.78626281271007,3.57410325327388,4.40297980417847,3.30388151653774,3.09083384645633,4.16962193915776,3.25855322046318,3.97788225651186,7.19899176928422,5.35945692848157,8.98879327955164,4.41295371485911,3.84169829401444,3.19825266895172,5.06647199179372,4.57424311964481,3.59547107424573,5.42199040838026,4.07670223331967,3.71582389007718,5.44343289713717,4.3417600201887,3.76052348607255,3.58327578469454,3.67356226747259,3.29185787176729,3.41746790854143,3.22155330552322,3.28114988029431,5.25964628589854
2020-08-04,5.51667439202476,3.6120115327617,3.60349122365066,2.57024235510366,4.05130371614163,4.37872732116601,3.54777226073722,2.90571465987942,3.61115440544618,2.89823199115358,3.51622291453984,6.39626299906378,5.09949466618519,7.82974311095724,4.38149109521407,3.93210530468683,3.08516419547234,5.14492638673273,4.46847120068552,3.95685061376418,4.91568041725862,4.15593423559254,3.74137173547593,4.67628068823585,4.02679224082566,3.99073003806756,3.75861246610468,3.49020787490648,3.78662812502611,3.84788495818096,2.90599234419777,3.68073394872192,5.05084503224377
2020-08-05,5.57704887676502,3.98986068615946,3.57132485304285,3.99814106935176,4.10439479960445,4.5476128684716,3.14260140257871,4.09877890325223,5.39511570013723,4.1485237385089,5.25882857863493,7.4693772097252,5.46098804313392,9.16822056055871,4.92021006868947,4.23591437706534,3.62880734311934,5.37434211683778,4.86180542070251,4.30551481321898,5.70742515640828,4.14732578323319,4.14573203079206,7.56878667592785,5.12620157139943,4.01117168129282,3.45390205408578,3.9056303546363,3.95593950798702,4.0344508311941,4.22023210895547,3.45290962466376,5.35856187183257
2020-08-06,5.64916900949749,5.11294258929189,3.59651856006908,5.26650996645436,4.38218565576391,3.88946370849989,3.07016792222964,5.24960592956752,5.65357855088336,5.25747510409184,5.66141496019541,5.92898478483164,4.56777565049985,6.52009964634496,5.47614961539466,5.08381144799496,4.61329639035308,5.6192298917065,4.57360400239171,4.76841311359871,5.29949480844468,3.83726667752249,5.14475909376397,6.361158023341,4.22825476168419,4.48402761749451,3.20159638225158,4.47504183108266,4.31048164529762,4.41811530358393,5.34327206603563,3.51617993593262,4.36424688257327
2020-08-07,5.42021647995046,3.23306168662253,2.73987846092197,3.00794971304004,3.38411164920777,3.00351142613212,2.42744708088164,3.33384111692082,4.57700103308003,3.66427425329828,4.28055175493982,4.11803096745083,3.30093772649437,4.38897051284744,4.54186655814519,3.54042790658793,3.45717855942218,5.06304268450469,3.34982821755764,3.71342105929345,3.84299468143219,2.88312573348093,3.35810277161863,5.68538527190567,3.69542932572056,3.3919121546699,2.53552810837036,2.98821573890242,3.29170345999161,3.44364707739356,3.53238616922207,2.70024313657542,3.20210060071693
2020-08-08,5.52222233876924,3.60338333406757,3.3161563578156,2.43004643445137,4.13779597971549,4.40508520742672,3.21955142677699,3.03155929253855,5.01321599077262,3.84945902577571,4.29302518189032,8.07232842150704,5.80493625273791,9.69438653175721,4.53800629770853,3.95351718560823,4.23474860169085,5.12908321790678,5.30803000594426,4.33555919413348,6.42397841417553,4.39870990056721,3.70109417642875,5.96201679074064,3.36905533034817,4.01463634551834,3.50524527541067,3.2405062550146,4.18324981607028,4.29410115549844,3.33834513692711,3.53781461855814,5.48598445191943
2020-08-09,5.77037859768574,4.88423176434355,4.61366877670855,3.64005891786013,5.45567907170989,5.9030668846466,4.40444647853517,3.98511428769916,5.44709301622638,4.32712683341485,5.03556881983731,10.2350035792053,7.57049384639171,12.6631369429289,5.04554311713372,5.1115860349403,4.56411369285588,5.47816289265263,6.6725524022956,5.31948570393585,7.69356478968478,5.78295047219399,4.80180137249379,6.9755138576319,4.46445376241466,5.3077093301245,4.74787515516016,4.59232722186111,5.3396933135687,5.32927080733897,4.09204449674057,4.83422027021912,7.29853143358702
2020-08-10,5.5789759123101,3.83806729456913,3.20048474594817,5.48176521943126,3.76746132541652,3.60303501084174,2.76518936398071,5.44876418562335,5.7546366497792,5.55572360930108,5.74990556225428,5.37827014226267,4.09772914334833,5.6835456344807,5.525288227041,4.056752617382,4.79046923543687,5.45473872990096,4.23967194158939,4.47515705757077,5.09267548029301,3.47252119870135,3.98086030959223,5.99537989241315,4.5927577282211,3.75488422003517,2.92663293446575,3.64032562611811,3.89298033650939,4.06157246607787,5.6112929149587,3.06879607268987,3.90580064437423
2020-08-11,5.63678576129522,3.82809219026606,3.00525714228053,6.71542194913329,3.84400019905935,3.38667305215298,2.51013033578333,6.48734237454568,6.53753398882323,6.49895429571499,6.6529132962385,5.53864525677943,4.05508899833829,5.70908286477678,5.99754608799853,4.06603579618608,5.3121104951644,5.55478036254595,4.3625857974265,4.79322549944537,5.38308975213426,3.38469383143983,3.90688311759823,6.70560821612909,4.12874539321175,3.81024556660143,2.66401835272326,3.48208507346883,4.07259600061305,4.25534449256931,6.65657796311607,2.95742950281933,3.76086689914647
2020-08-12,5.58016922339622,3.73818891965172,3.72390067061512,2.93280885118433,4.33324109490782,4.09812257786723,3.67820466557507,3.44047766655005,4.9901608051717,4.09696602543083,4.41507403702577,5.18392902902748,4.47589996794537,5.43561022635228,4.72980050964676,4.09180490546466,4.45147200040229,5.25487553964083,4.50985074636828,4.53281195381417,4.92405725096265,4.10983306142888,3.89722231080333,5.65494747101771,4.07563149883684,4.16303611219394,3.7749766474552,3.55050119524076,4.40582160856723,4.5012094508586,3.68245825351995,3.90084607929627,4.34834944480837
2020-08-13,5.77313848957851,4.57707980493096,4.57814991843525,2.9764212776186,5.43595343284477,5.14335923161418,4.89241451622456,3.49265615997385,4.89549013826748,3.97753916687527,4.37351037677561,6.24333381778349,5.68848686218644,6.8132960747123,4.85774416232498,4.94009625141074,4.68104065186481,5.59539946086425,5.50183839012679,5.33434812493889,5.59579485934661,5.30738326927484,4.87903351635829,5.79597708189184,3.80456374479483,4.99128945014856,4.97602758797777,4.06427292562963,5.50407750346647,5.48442640647621,3.59577516628144,5.16946461896019,5.57441628265504
2020-08-14,5.69078773707596,5.20797817536015,4.92688365302577,3.1097457278923,5.10236445925339,5.3061404562182,4.90734134582492,3.49349740833584,4.62958018269748,3.75524231518482,4.30728619528491,6.49815550868399,5.77966231807486,7.46464893877819,4.7625322730267,5.25212798785571,4.19303315272134,5.45853368688669,5.30675832088767,4.78648693458436,5.5004350870285,5.20839849254201,5.20992139602707,5.73220351533576,4.75780336586349,5.18786290834979,5.00933824309228,5.02294156650106,4.84105756882787,4.85619247882986,3.56764024315186,4.94276380582978,5.75912542316861
2020-08-15,5.69410598858306,4.03032447433792,4.11253018041679,2.79323543314118,4.98993194560982,5.25701548257485,4.18960689569995,3.22504466528937,4.85712140915066,3.5495478058021,4.42439493529602,8.0090043109871,6.30995362863364,9.7198038265641,4.66687045946683,4.46668033432445,3.91934081754972,5.44856913122667,5.65042632063951,4.91209370862294,6.18818619037705,5.13022808661115,4.32353897836982,6.68587466896971,4.26417877314413,4.54095154445096,4.46089219720533,3.71474221699905,4.95736436161074,4.94658586381556,3.31779581014642,4.54125642546527,6.17628299687914
2020-08-16,5.83187002459251,4.39299789060017,4.7728603232986,3.51305955903277,5.68365336188486,6.35925703972252,5.02412003821602,3.91054830788934,5.02993725309744,4.206820883264,4.65290557529485,10.6436344687157,8.11578243519354,13.1549573352747,5.05320793818468,4.83885922309982,4.7564883586829,5.5710673309842,7.11562796130681,5.56500858000537,8.01818859814686,6.361545669913,4.55613838818459,6.0201420199133,4.02619415659005,5.22078793873409,5.38208088602352,4.07810928691228,5.72571526537248,5.68245531597735,3.94856814994352,5.35973795236398,7.83312633175239
2020-08-17,5.60031632571833,4.32540838884239,4.05521472276538,2.99024046229232,4.47152107678829,5.01602090695428,3.97676231117325,3.33448090325128,4.42602042131901,3.51676947794228,4.17522152903204,7.64230962327789,5.96166430352157,9.34108840571015,4.63389664799784,4.53940406392409,3.7157390458435,5.37505544235638,5.25125925992597,4.40182598011094,5.89441516746537,4.78226492874923,4.5177409107915,5.68408150282883,4.56798915781637,4.37286147725726,4.23794163508746,4.11059441796376,4.29892633411717,4.34585690590802,3.40810691653586,4.12738267338279,5.86154923799632
2020-08-18,5.64125253349003,4.16139411149507,3.79633444478436,2.84196749659174,4.75779597035566,4.1963633457069,3.56369662575929,3.28086225372334,4.10003896376551,3.50832978745418,3.81600135332806,5.37301625589099,4.57811253732457,5.90402732177431,4.67386851601301,4.49976223497372,3.92221923351646,5.35940765208215,4.51309016055152,4.76269135006944,4.74158739194572,4.11208003010931,4.3065172209903,4.66913656389848,4.3172139134555,4.47174697081393,3.67788278188549,3.81043523416353,4.69203627568079,4.71633618839674,3.30745113472676,4.03601860038804,4.50901119286106
2020-08-19,5.67225288583598,5.14613635512297,4.66436456680169,2.86287492865893,4.97206451835299,4.97409323250504,4.79025419892803,3.24145308041935,4.52516558915041,3.44051992162558,4.22009265480793,5.56492910602353,5.24993556169654,6.26724928115765,4.63127345018786,5.21761993330755,3.83902480035872,5.53397179065362,4.86294011217379,4.65701696298308,4.81848907631995,4.92501689416611,5.34833259337718,6.08301956520086,4.34183416775796,4.92335245616679,4.85163707883317,4.72724850356876,4.71640582392871,4.72036146392739,3.29985812602322,4.83775510584488,5.27310818360749
2020-08-20,5.45573418819849,3.80617511727943,3.28843967856928,2.62552716222929,3.70122404686863,3.74424542798241,3.138188806806,3.08742283367304,5.00535695316557,3.71300254356365,4.44393157451803,5.32608443355283,4.27601397765716,5.97925041190036,4.47802142633305,4.0068688940176,3.77769223933617,5.15672412453395,4.09320150320609,3.87860410165237,4.68931269315494,3.64780433360934,3.97074600884685,6.4573483067888,3.86836536236166,3.75222732331005,3.28047371428903,3.52205341009666,3.61468227791534,3.75225178221942,3.38391366764092,3.26295859672092,4.15049540073195
2020-08-21,5.56553555306874,3.52574552944556,3.6015718451075,3.18193336357617,4.2093902310954,4.52583642912811,3.49622078430711,3.55741788008699,4.53212243479594,3.88981706995927,4.22103404781456,7.38100747684778,5.57321176058112,8.81330588654546,4.73651053928889,3.89972996893724,4.05940128578194,5.1798934651485,5.0805061814419,4.37167259165124,5.92026431159139,4.4134961479022,3.59266106038068,5.12111246731646,3.96968459002582,4.10232410156225,3.7466147582095,3.41777057694023,4.1706863741158,4.26142279669006,3.6888131860951,3.72764169960489,5.37336224959113
2020-08-22,6.10395615029558,5.75628593006829,6.40237270587273,2.65986745461139,7.44677540270984,8.20845511204642,7.38817200864152,3.40165796768472,5.09798105153222,4.06449982921019,4.31837664637867,12.2936982673689,10.191137698739,14.9947430501849,5.05156423503984,6.19286644835842,5.73314354701135,6.00973844009392,8.96280525021882,6.82989630956251,9.43267574760329,8.5680625456977,6.13919329772216,5.94809543209412,3.56808645281261,6.61977108237839,7.68968365476432,5.01977143171254,7.61114728093779,7.41994087409786,3.41799070796961,7.63253473940378,9.8850697282188
2020-08-23,7.69719257763976,12.014960496218,14.9532602637365,5.45651738410335,16.1177986159926,16.6110190682079,18.400839313917,6.39175622160197,7.01478029642617,6.97322850645411,6.0059235549661,16.4124284728829,17.8961244050316,18.0522154782607,7.3429836139915,12.4708536415337,11.5822005032181,8.52819261532331,16.5706013575174,13.8906877257429,14.3922856499525,18.1124370539717,12.9963673154281,6.19583675481248,5.6887515835352,13.7041316639445,18.2739683071914,10.6479693747637,16.8937798965152,16.011491081269,5.83324761327132,18.3617896650711,17.8405347326155
2020-08-24,6.72142185937709,8.54505784933729,10.5910297861376,6.09379232540598,10.4412843478456,12.3425868697186,11.4504296694173,6.63901312069884,8.22790425665201,7.62630036616298,7.24221561568828,15.5168668734075,13.779507350649,17.9395368958006,6.84485880464721,8.73783681656749,9.59075750947112,6.99538550491572,12.6150036135341,9.71295452090897,12.970907945623,12.3820806634733,8.79182259531006,8.17288591261522,9.32779393752157,9.50234545987254,11.7758040771311,8.99345603845678,11.00101857086,10.6750239546096,6.7160820933604,11.3759155203574,13.6402556836811
2020-08-25,6.2081514908543,6.95428479701984,7.37296499343841,5.31621107731045,7.58993618424814,8.11577735490353,7.17156234161532,5.65262157995874,7.01369125544279,6.22078657959785,6.41798083532245,9.25972245785792,8.36169691530723,10.1250295218697,6.06311126832302,7.07573975414768,6.97629042403639,6.40640733902521,8.09865153607798,7.39913703398651,8.2726664347224,7.76059397687824,7.2374278167026,7.78262756012137,9.00909507655974,6.9765160372164,7.38012397092004,7.23729952608066,7.87981408262481,7.73975900787918,5.74440773554228,7.47561773850837,8.40762408506868
2020-08-26,6.40124572713928,8.3435189992134,7.34868380835399,8.57992521301656,8.18346943433974,7.51127321704664,6.99915000755819,8.23273594727395,7.67049677848117,7.85952787406672,7.90847695288047,8.42545885053856,7.84860250575687,8.74798511454815,7.1945841374767,8.16778996218445,7.54247164980594,6.84873401352618,7.93652545802122,8.16322265978293,7.93072965519156,7.54602705956467,8.36075332848575,7.97677161689657,7.3647068049777,7.77803564981407,7.04636039014503,7.81770624250392,8.34541034656309,8.17615139089472,8.0440569616101,7.62647384344344,7.77250205191239
2020-08-27,5.86738223804989,5.65098380196571,5.05830229209195,4.85880143960458,5.7141895282168,4.91205298237859,4.70086176923132,4.94430852904662,5.24979941483894,4.81627225243422,5.25465047045987,4.37397344033546,4.57888608499602,4.10816836013492,5.47340897946676,5.75177914471956,4.79883187275638,5.87294748013285,4.81170288845042,5.66942563593352,4.53053279129754,4.75993749240058,5.78560874141559,6.12539718896691,5.9905059843452,5.46392124184954,4.69125736987598,5.39044529185503,5.63298711779973,5.59711094686356,4.87352433285139,5.1269170317368,4.67336757473462
2020-08-28,5.61675096204403,5.77468617658133,4.48585462263481,3.77392755564333,4.56719093834532,4.10573992734704,4.10831049423701,3.98800086603025,4.29705260758255,3.99662034874949,4.25865957478473,3.48700514972603,3.75280441408118,3.21435022792256,4.91033722024044,5.56773573193534,4.05897526810615,5.5826970645986,3.87757798782179,4.45360448139783,3.75680665888236,3.94235639159362,5.83957432888396,4.66591192696029,5.24744463374035,4.84304300114265,4.06422080901179,5.39745535888078,4.26216781040141,4.33354028493288,4.00350962351578,4.18905507254574,3.84628117676748
2020-08-29,7.19315981270188,9.09576485113591,10.7589724001531,14.6398278120437,11.205552994597,10.4686808984055,12.5467147610304,13.1611034111752,8.21771067237324,10.9137224726908,10.049474550618,7.59808264308008,10.1470739734953,6.56834785882549,9.56368466729384,9.26573914841086,10.1527130643382,7.99617022987806,10.2619698635431,10.9870180185621,8.49413262485543,11.5293371878862,9.30474880624131,6.46315404569317,5.25429469540884,10.2317507268399,12.1808217111648,8.49205352999531,11.5855326221058,11.166380688616,12.2249741681005,12.4295560196561,10.2019731806545
2020-08-30,6.29510515899103,6.34205158082395,6.21778242796472,10.9104685718512,6.72368838558019,6.52283865355891,6.79074765790026,9.78085035480573,7.04942518386387,8.15355588381811,8.40813211804242,6.76748589226538,6.86640525455833,7.03456545099638,7.6076824905217,6.43984185596924,6.52731276072529,6.77600009291841,6.6941954895235,7.10497739484148,6.43772303693402,6.84222129071344,6.63449470617729,7.32557217176722,4.5111440433157,6.3331757798001,6.77305270493094,5.71606406007009,6.80715965717778,6.71303540130205,9.30277695925604,6.87587976169645,6.79936998190111
2020-08-31,6.01181442761776,5.49346734141301,5.36605468726843,6.00258659057088,6.19501899211503,5.93802081747559,5.43472303370864,6.02945724243985,6.19569774379561,6.05525851340255,6.13272587911359,7.25806523597912,6.46929102344093,7.7337134215695,6.04720801353201,5.75505807557538,6.0514753950083,6.10837628838448,6.43437195507612,6.41260304585494,6.69225868530824,6.01986751530935,5.76961336868605,6.43304689307038,5.31228449706719,5.68484292507983,5.54931937423005,5.10215557861663,6.43691042122408,6.39445523538963,6.00795065810164,5.82939745222612,6.3316100808746
2020-09-01,13.7325753423485,10.7960472272164,8.65167994324615,8.0946045298463,10.6387565916281,8.60835921706533,7.32263391145524,8.6752531572626,6.99154650363205,7.81050119544552,7.57561168779995,7.63487803909133,7.58560640077455,7.15057012968996,11.55968129343,11.3517377919381,8.27024746059592,13.5343086474407,8.19699192331293,10.9183523452184,7.85303443250432,7.75107704832863,11.6336474380604,5.80235848858005,13.6389775501177,9.91746061860284,7.45656486172324,10.034273909247,10.312119556278,10.4046573773587,8.18821580875569,8.55166802405416,7.9018434674405
2020-09-02,13.6011386244267,9.23112184859046,9.82628707995131,4.95416174594278,10.5933272970518,9.56871434662579,9.32344858025323,6.01962610078678,5.74272170775173,5.56052623272652,5.86615600886491,6.93567539238151,8.15651086633437,6.64561113930332,10.3307531159012,10.0585761952437,7.11891131319864,12.6548886450863,8.14570943523234,9.9565567164273,7.06636962716946,8.7772174851521,9.59431311154884,5.69582393056909,12.9452526828148,10.2654284155336,9.32925625037439,9.60746428290496,9.83740033523872,9.89719913091283,5.63165501201001,9.6878836967407,8.71113540377271
2020-09-03,12.7974629316966,7.17214903346038,6.48288524230614,5.15475279864472,5.72133003880208,6.62530178522171,6.10955358297284,5.86945011923381,6.15850410870677,5.59345186119323,6.43071751820064,6.45329637469885,6.1235881235586,7.09409764692068,9.68781802926661,7.53767891633543,5.36747488597731,11.8284366563673,5.54367559474542,5.99118279129307,6.04118534633252,5.76179768288812,7.64833575063898,6.74223221376503,9.85393398097345,6.65894192509808,6.28334614238479,7.39549134661873,4.73259987889344,5.247747313313,5.96838693780776,5.42093809544129,6.40386137616887
2020-09-04,13.2430208955682,7.28102488797849,6.52960308559294,6.12927649564937,8.14630800861932,7.38486422395531,5.85039327656147,6.90918129954382,7.07247411317959,6.6297646226454,7.21913501377867,9.9170072241427,8.02674246857408,11.2558912178156,10.4971497392432,8.19704695998217,6.73689443142477,12.2232739973895,7.68000970720333,8.54637991329714,8.49155035168963,6.86970838792102,7.63354682789365,7.47436730755374,8.98281663301904,8.05279780663341,6.15968138009405,6.82722712512455,7.59607211063676,7.89629993322964,6.82281838020534,6.50773478361062,7.96425537148581
2020-09-05,14.6412571990347,9.32502621582305,12.6851521772153,12.106658771697,14.8928568795568,13.4043188681387,13.9154904063589,12.0809592962124,8.53723114701173,10.1967322886714,9.82556285811117,12.5477018906435,13.5247829918314,13.026621304949,13.4321446682705,10.97503908742,11.0975444467231,13.8228153224033,13.1618063575867,14.4395945571171,11.7465484990792,13.8522325796523,9.54795582927222,7.27106042759086,9.63946410690406,13.4080036247992,13.8704310009118,9.28001442305742,14.7679246678404,14.4981383616664,11.0810339070404,14.5838325792245,13.6521266844425
2020-09-06,13.3350257049287,8.44381457275014,7.67562265721043,5.63893867373511,8.81826594953866,8.85865638010438,6.56132206250673,6.71090533041764,8.06713301851305,7.09497747621299,7.65016190760965,11.8680324652433,9.37559244783285,13.5815843085561,10.5448359042175,9.20100986322617,7.69561942943761,12.5315887674895,8.93764152956006,9.17853638373427,10.0619365024863,7.86100043771972,8.98387861601355,8.65041552822379,12.5489624887019,8.59290219935264,7.02911518700436,8.47177074870493,8.46462329385207,8.74116068274952,6.82455815967709,7.21723114944441,9.40626113812593
2020-09-07,13.0652753999863,7.36874829522661,7.41607060565922,3.58775438058646,7.79829593493847,7.37195502863883,6.06743923459268,5.02223625559516,7.05603034880227,5.87505154532543,6.29150679533941,7.04564072887183,6.48420501818988,6.9490558241399,9.69646321100763,8.12939500362928,6.93873893484753,11.7922060212389,6.70877567684475,7.96580318688018,7.16060456963823,6.27441968451793,7.51074147920523,7.30118983782892,13.0636547594574,8.07837664093267,6.27362091751984,8.19953740319613,7.227574881585,7.60155838938862,5.30759417923367,6.38388962414462,6.773940976458
2020-09-08,12.5917144028694,5.25882508856447,4.05466489908943,3.10074999585432,4.9315125050529,3.61607702500107,2.25514227697643,4.33299223230734,4.98882095160513,4.63099405856735,4.80664390945553,2.42286827873865,2.17537057273592,1.30397110372448,9.07175755961589,6.12953150770161,4.80052662490293,11.3336737783114,3.03456236895772,5.82524520187405,3.59325009113381,2.38374880465837,5.73294402937283,4.28632533045151,11.3914824692267,5.26713763135778,2.42180401810387,5.64637925341219,4.32865212701061,4.89414454157604,4.51859913494824,2.81156548401637,2.48495614648608
2020-09-09,12.9783722185307,7.46641320762964,5.9504632582408,4.72479433352589,7.12304408543653,5.54171631274961,4.44857728656901,5.80164394320552,7.28513145546689,6.19087524013958,6.92642650805609,5.53928655451317,4.92146107522841,5.0999632309301,9.92650502084362,8.07183151762366,6.32006180622122,11.7841811794355,5.44515927671694,7.54933980986129,5.96583720927171,4.79192784468002,7.49012648887951,8.03458731189219,10.3066670014119,7.59904904429581,4.55446681451546,7.36511743346445,6.40896233783884,6.83153729853149,6.01736351848877,5.10807556759747,5.04161194863253
2020-09-10,13.1416268883837,8.0681773754839,6.71621913715332,6.31498989671431,7.75823304707134,6.57950963264202,5.19420784819682,7.16419617525034,7.53130534877398,7.25695705628979,7.4794947800187,7.45577022604425,6.28858573051656,7.48939624591085,10.5899431218796,8.61753570575212,7.25172634948145,12.0656293604845,6.62716108762513,8.26935690477976,7.40905613198016,5.7943507681841,8.03290551506992,7.19980288762108,11.1243924813472,8.22128747084752,5.37459153643099,8.10390313727373,7.1327395129689,7.52981896378419,7.25195035558521,5.83507630121558,6.35048238365806
2020-09-11,13.1262341078138,9.31603554897144,6.45361160286325,8.25498768114369,7.21011055755057,5.86715153487985,4.79975575135063,8.86012413413296,8.76398215792211,9.06183722291657,8.79656917115237,5.85567588416578,5.15418603292838,4.74225257945927,11.3132749849724,9.45227316136701,8.44088090351108,12.5753341169843,6.10668998786603,8.30574279929233,7.06491746939934,5.163742275721,9.62466955207198,7.40834198617331,11.5719424623269,7.8366563513676,4.89223813182537,8.84675248041286,6.84865206039895,7.35944200786226,9.08351089422704,5.3243387331601,5.16151659170138
2020-09-12,13.358970543671,7.790651571889,7.20115362901384,6.74766429388095,8.65329509199616,7.88008825224767,6.93589143311855,7.32578873692701,6.78734777374782,6.57512755489381,7.27974879101143,9.28288809967306,8.23969412778936,10.4168736137564,10.6821102803222,8.66185303042315,6.62975317801484,12.4686512568004,7.79499214632129,8.82417433146282,8.05635208155202,7.49583192715766,8.24649495270149,7.35478638335287,8.60551313238715,8.5069788142553,7.1450662904002,7.18952432026192,7.99042873740076,8.22426083754076,7.05606674052558,7.40126796667509,8.28579152511768
2020-09-13,13.5737393733208,9.15130756278721,7.04399400919113,12.5225474593955,8.62296060491791,8.56433132018209,6.39088512384412,12.0261159247019,9.09853377406811,10.2821554908286,10.6215232399002,13.4529191543494,10.1469625267862,15.8842176480252,12.7144575563078,9.67749871616273,8.35454128189172,13.3511554042326,9.40199265096521,9.73383918202646,10.9510396637801,8.08334358485704,9.7760440600958,8.73122902616836,9.29183351162368,8.54567946617438,6.86970627272379,8.06297868651208,8.23510455341396,8.53975364708121,11.5873973613177,7.0424204367406,9.87264070131295
2020-09-14,13.4314535954979,8.99048991925812,8.80728645325788,7.09183477179872,9.12886382829174,9.20500845198989,7.80536475276918,8.0525708119264,9.13266953756895,8.63301316607219,8.67801341787738,10.0206482998182,8.88911811034259,10.3276666725213,11.1829735985742,9.58494442583704,9.17211409729099,12.6532515994396,8.97066095682153,9.59940265576955,9.74923371023027,8.32275044322921,9.34454564902171,8.72184386230496,13.5990561568558,9.20763340453316,8.0750372207372,9.50434933895075,8.89147681120012,9.2144209015904,8.2725356857875,8.05130846255099,9.01184058495088
2020-09-15,13.9707273371695,11.6083434237098,9.9059533017503,9.46077085461371,11.852096723575,9.31179578454908,9.05991495332688,9.65539538696162,6.83385935539858,7.97347287821914,8.00823514920505,6.71725020247015,7.98032146505268,5.87806164550979,12.0188503442146,12.102213761792,8.23327831105942,13.7234848963115,8.49448082647277,11.6258985862776,7.25097476470247,8.80196792313217,12.1324501757193,6.11091504249827,12.412421848331,11.2574223519695,8.97425252734975,10.7154479352312,11.2030698269221,11.1686421648962,8.85410882352776,10.1380723129319,8.41126849870919
2020-09-16,13.6226447492911,9.04643788488669,7.98470212881754,7.81142520816171,10.0726799691011,8.321204923833,7.78940721102175,8.36854477268869,7.56289044493684,7.66633074242041,8.00821468251919,9.28843919435962,8.68531455216807,9.77766926618795,11.3241147227257,9.85274690299929,7.9332624536131,12.8684191735814,8.64822691051127,10.1927594316399,8.63733779310013,8.32215980442803,9.3980512138705,7.5496770422023,8.01267884307198,9.74217451964826,7.86700808916398,7.93699731932054,9.55959867170557,9.70609297147855,8.04043074634482,8.58492829670909,8.62982192706894
2020-09-17,13.2132983564209,7.70634773095412,6.16596440664584,7.50072077833777,7.62969303412326,7.83496053325147,5.77476901710766,8.3348116697286,9.2193233883958,8.9217736997593,8.86822277651407,13.7223383418537,9.90627005526303,15.9134571060503,11.1726410112742,8.4067562413462,8.81059479871329,12.449977524721,9.36807478575904,8.71452070643756,11.6012691169676,7.67376610528528,8.22706228938993,8.47348903413194,7.64686138415424,7.71485255717374,6.26744266510633,6.7380686602592,7.5581367916246,8.01464271638775,8.65657581894947,6.22041334838995,9.36007566883402
2020-09-18,13.9141024669398,11.4491269163947,8.8128275812829,14.3216430531725,10.338130539365,10.3761497087406,8.83318690581118,13.7475259910156,10.2345996769179,12.1167117678786,11.7298657687736,15.8755096357986,12.592309320284,18.4138828341048,13.6768747738479,11.6381560467888,10.5606887929002,14.0272401586527,11.7262243336589,11.298036726808,13.3056051453941,10.500564983612,12.0563138939829,8.54710091937656,8.07683115216552,10.3192863530751,9.22052976188964,9.65571014628459,10.1168874875709,10.350168249029,13.2831153846856,9.28917746765788,12.0954400257545
2020-09-19,14.1767249783468,11.4975838089127,10.8661501095911,13.2347806507863,12.0416771363525,12.3191152507423,11.1225051237991,13.1461451165246,11.337004902494,12.3663482044417,12.0262472865986,15.9222603561198,13.734597021457,17.7215429844896,13.6740590475493,12.0157528886531,11.9581227911335,14.1583439938587,13.1107741481108,12.6659692691768,14.0645177782998,12.3165294831034,12.1655210750273,10.1564081148801,10.8998644691153,11.5292248691051,11.4527837217815,10.6278437316902,12.1272085700408,12.2343132962366,12.8650247522139,11.4715507653007,13.4517873461245
2020-09-20,15.1241911172489,12.668399299021,13.5437741278469,9.50484756033117,18.5270097701187,14.5663782432494,14.1308632376699,10.8413635500471,11.0452928873841,11.3769859918816,10.1967331179231,16.1391169361799,15.6727688240226,16.1306457158389,13.5971171054416,14.2913209408268,14.6307744720507,14.7000801138777,16.3881950419837,18.0539297758889,15.5093254234829,15.5938134516083,13.1515155424583,9.16194859274817,10.0203616308702,15.8628128659443,14.1370691726012,10.9091119946707,19.3327314271516,18.8503381689748,10.3522620026913,16.5073946011997,15.2880139883332
2020-09-21,13.780011086091,12.8020514294091,10.2484281372903,8.51912969150428,11.2457756779394,10.1216189336676,8.82844284593394,9.55813324324753,10.6938942206231,10.5424035023963,9.93490834504289,11.4439834256484,10.1305195559823,11.2702568211256,12.1300212356439,12.7394676254972,11.4449049485546,13.4553505261374,10.6953835337777,11.5696615970306,11.57285916664,9.64033452022337,12.9250292652283,9.251182312474,13.7506593967713,11.4677796361604,8.97510141638949,12.2238817830537,11.1175361140059,11.3525098285817,9.82455944134352,9.59564369647577,10.0330625956533
2020-09-22,13.8361411908497,11.1532924381296,10.9055091271242,11.2712875515482,10.7767194734997,11.058653003407,10.4123091908613,11.4898684170393,11.1762096177134,11.3265483461166,11.3858356958563,11.9079416199635,11.1146626160428,12.3777537595451,12.7835968177345,11.3612164101698,11.0168831576055,13.3185486758229,10.9305921950377,11.0902963264594,11.5217984865051,10.6342134788175,11.1381921688145,10.7953159852006,12.8434971382049,11.2311999079939,10.5488417995423,11.4213718437905,10.4153039991522,10.6600108019293,11.5216179367669,10.3163758856724,11.1399721964319
2020-09-23,13.5082229163479,9.71522535213671,9.23704110946293,6.15305642608382,9.9344469377732,10.2458271684888,8.1694441326406,7.53564367141624,10.1079271005138,8.97636251216648,8.92230299313259,13.7880826711738,11.0716577359535,15.2242102003439,11.1178712764551,10.2473188258434,10.1775056710045,12.6386737002734,10.8211301976667,10.279840385017,12.355961512356,9.52603685916852,9.86701424157898,9.79748397525973,13.1849178610912,10.0116666622804,8.58975991738894,9.98773462315024,9.83511842702225,10.1356604400179,8.00393764167401,8.63658661020455,10.909621747529
2020-09-24,14.0262088743091,10.9899248228743,11.4998485393377,7.3810073487643,12.5223348962955,12.2580256481192,12.0252377308018,8.5835061262686,9.75140535172799,9.34076081961156,9.00349378349759,13.1296203965738,12.7022400394874,13.733393577733,11.8122225598165,11.7125317911384,11.2880661529577,13.4647043628375,12.4412888990719,12.2781406512619,12.4603731685503,12.3624734551439,11.5267072045401,8.9366896129969,10.9786955836601,11.9269714276655,12.1383299093215,10.5237726756362,12.5262068382804,12.5710045397164,8.63219735702114,12.2416671346606,12.638338278492
2020-09-25,14.3195000960872,13.1463537100799,11.0502518876819,13.7075660810192,13.0429501037504,10.0907270240561,9.42005643501914,13.157512370448,8.51432687685436,10.6437388881929,10.4414177063641,6.66291065836912,8.11354609661936,5.17493883885957,13.6598926168124,13.4680897188318,9.7742458267658,14.4897281441471,9.11988175147246,13.2091001353838,7.76998028280898,9.21280136978521,13.6085325970598,7.27370735469595,15.9167221923329,12.307526919452,9.33495694642233,12.5984406340517,12.5534591054716,12.4566334479681,12.1076515184523,10.870414866073,8.67792863790196
2020-09-26,15.4262558772979,16.5430170965197,17.0991046429505,14.8704684817734,19.4108813986327,17.7199338861242,17.6846711697333,15.1189438710965,13.604127118038,14.6490161428966,13.7260149270738,18.3907073938343,18.3932417249673,18.9249423854295,15.4005444408874,17.0812672909667,16.4098795744378,15.6338566842457,18.3617476959411,18.6837688855101,17.4458449763258,18.3139530645971,16.732341496718,12.0796023455946,14.1122956831973,17.8896331314774,17.663715813053,15.5808691295089,19.783105388874,19.3200622886979,14.4981782020795,18.8385433172406,18.2821190438664
2020-09-27,13.7362565061757,9.622865155405,8.97761283884542,7.7374877585284,10.9008139239761,10.3451603965717,7.37823274902344,8.96372235560853,10.3143890107435,10.1220941044077,9.38857503737288,15.3112785453869,11.5740598654284,16.8918022494039,11.9087940883983,10.4493130326287,11.1784177145455,12.9437346394071,11.6674333837219,11.6578040977645,13.5738562294252,9.58972721755199,9.77152359279293,8.66162797824145,13.9496462007021,10.3958575756225,7.91941282618475,9.7482996735742,11.1561244926533,11.3843158038643,9.23901788616838,8.66705404842836,11.2528991426752
2020-09-28,13.807946081259,9.36783989379875,10.6790974184419,9.59273060413982,10.6782836375068,12.302593617905,10.5259540079216,10.053355264932,10.5641588395657,9.99996464912586,10.5551016207831,15.5876214171958,13.2172645586093,18.0231307567054,12.159116111173,10.1352580466316,10.1397303010612,13.1412947219768,12.1125548368573,10.9137395271526,13.1652303040855,11.5279040776513,9.75492251438017,11.2575927350149,13.5296327219818,10.4967101689343,11.0060750514826,10.1189281793925,10.4618378983732,10.6435865093511,10.0755443647127,10.4235653596121,13.2355911778207
2020-09-29,15.4753952000692,17.4708389318021,16.4421619294305,19.9670266922636,18.5886161618281,16.7959174863648,16.308545487666,18.6837835898017,10.9761186484005,15.2220272404997,13.6946821043477,16.9100546683386,16.9697675864144,17.7772534525987,16.6539559342563,17.6104401881331,14.7741488258,16.2406698763032,16.7347206864732,18.2064064297809,15.5639633700823,16.8309844572175,17.7428245191737,7.32260801534605,15.4601582443604,17.3593639391598,16.3241500157559,16.3215825446522,18.4479301486139,17.9812521702365,17.0812650124978,17.584481036904,17.1241022563563
2020-09-30,14.2329726361431,13.9700338519977,13.6356736356788,10.2689513174316,13.5608028411343,13.3522551167444,13.1890148868619,10.9894750922727,11.3393186376433,11.3919667125698,10.9621480259242,12.8133603277004,12.9742773950917,12.7814093066594,12.9116913885959,13.924346421013,12.6177996467227,13.8668930118357,12.9654590423366,13.1026740271142,12.8273720866147,13.0537474149539,13.834252830144,10.3365953039699,14.7757885038987,13.812549209192,13.1829960285038,14.1417332770056,13.2334711331136,13.2739101711596,10.9891140216682,13.2460001173899,13.1213643729815
2020-10-01,14.1707343512234,12.9713882358994,11.6696709849878,13.9882091013637,12.1443049407839,10.9972202626828,10.7813028112639,13.6644695952122,10.4898898784042,12.3325240081395,11.6718307485865,9.06888628693945,9.84894032598762,7.9836362879772,13.8490733553769,13.0288242763794,11.6257081445839,14.1954353263493,10.4720889680507,12.5602011583082,10.0948093593418,10.4959847311936,13.2171805269691,8.46731850637249,14.6793345608347,12.1727740492841,10.725554762433,12.8145311942807,11.8565736234493,11.9666483508727,13.1768165407046,11.1929004097629,10.1144093767647
2020-10-02,14.1135004858783,11.1858239749768,11.7897141488895,10.6564635394988,12.3085891121468,11.7082805943736,12.002798524353,10.8118361248629,8.99870369155706,9.67419218830139,9.79957810169226,9.55857638423061,10.8085236873375,9.30370828894456,12.5874069117846,11.7867097553666,10.0447804955553,13.7429915573784,10.7078605552974,12.044722251212,9.7157768638457,11.4203454469048,11.6421049720487,8.65538961725068,12.5815809916217,11.9106269651115,11.9545816382239,11.1608425485961,11.8673000853437,11.8650816179668,10.2955071769434,12.0864295614551,11.1705894983464
2020-10-03,15.0539812959695,14.5472054445798,16.1968364131164,14.636264243636,17.0418223575822,16.9036646334416,16.8593585914167,14.8325797634947,13.7050581892248,14.6276400405332,13.7673445006062,16.8390612515362,17.0301890687336,17.1019753016685,15.0220905216695,15.1546553731833,15.859565521291,15.1642193546388,16.9343311992315,16.8170692928969,16.4000136022071,17.0657805576706,14.9779994184146,12.1217859936459,15.4492338077945,15.8809150136519,16.9176622711936,14.5935198113822,17.4967778883411,17.25275409333,14.4848525944865,17.2128877799334,17.0602414965478
2020-10-04,15.1858332051392,16.5942953075811,16.4037209764503,17.0423899341129,17.418869508739,17.0383541159647,17.0381300196832,16.4855061144273,12.9100695989153,14.8013931298432,14.1598622399161,17.3804911379772,17.4575197623527,18.3583796374456,15.6439985941764,16.7047533127024,15.0334841082852,15.7558329221395,16.930827250631,16.975388714006,16.1530299220987,17.2535705961073,17.0558117855134,11.4381343159986,14.4813306158688,16.5054180974466,17.0700958795399,15.7231066574739,17.4300404991403,17.1102398424831,15.64630063259,17.465912485444,17.5194230210355
2020-10-05,14.0595522216757,11.833405399309,10.8427596387726,14.8727517299239,11.161885956159,12.0775703876698,10.4471857406764,14.0478542141013,10.2361900610104,11.867895404327,12.0763937499943,15.5071337711758,13.1614586241896,18.0877547259784,13.8020627648128,12.0006288304264,10.1742311332354,14.037426752199,11.9985918505922,11.5900778982661,12.8756587729337,11.4521375645409,12.1481692245923,9.72553256952829,12.5956143083197,11.3106616856782,10.8396510200603,11.537178158829,10.5957749296335,10.7283453209135,13.3942969458088,10.5569420855285,13.1514422832648
2020-10-06,14.515099202709,13.5074000807819,13.6092384928684,12.9964144090529,14.1896922104408,14.1873808946119,13.9001943011391,12.8797722940753,9.78070356986372,11.3726450044718,10.9027855054601,13.7736244273202,13.9945254490154,14.5986193646907,13.7028520890492,13.866854018833,11.8139798233739,14.6449802517453,13.4625386942559,13.8732601107577,12.7836993865905,13.8794188272165,14.153802985489,8.31217543114014,14.1846710649569,13.5180093663538,14.0014970633059,13.1803946869758,13.9389880926705,13.8117038056295,12.146698119445,14.0953601906005,14.2580246293507
2020-10-07,13.7955872585339,10.4440865688215,10.7208561321902,8.61124252645857,10.895152451381,11.6134881533917,10.3252422418162,9.43389706354383,9.58632596823487,9.77473440699282,9.32221538468252,13.1173361131233,11.7808440753818,14.1164265806197,11.9782441656107,10.9882712175892,10.7030355429381,13.3063860973221,11.4288577481567,11.1475815481785,12.1332689625409,10.9342241267961,10.9618460154771,8.25743576876642,14.0410077812151,10.6937913621153,10.63772178042,10.8170358449009,10.8194116224478,11.0145503648318,9.47300322478046,10.3974625147309,11.8488614516331
2020-10-08,13.966641496005,13.0304793641008,11.5031654255314,9.48769801767837,11.9538030569079,12.2966600418136,11.3366399267937,10.0225784926514,9.89367900646005,9.81278899199713,9.97381878623968,14.5592245753529,13.0868989057776,16.3292899784274,12.2555929915555,13.0263840773764,10.4470964729086,13.7921892808977,12.2643533665647,11.6661941802296,12.7360350102593,11.9746794035489,13.4131188888437,9.8098666705087,12.1138902726802,12.0588876964178,11.5713591658039,12.2749139750182,11.4606922355669,11.5496700371564,9.87391584813621,11.4600519244773,13.0705963720122
2020-10-09,14.5920720496154,12.5869357724033,13.3910550623391,15.8914611697436,13.9696305984754,14.445539813522,13.9470099247934,15.1640384601654,10.888422039896,13.040881913106,12.6137937480484,15.9256519777578,15.1416550028741,17.6040249091412,14.6369698310516,13.1039081651757,12.3805450244421,14.6118113374123,14.2366378375521,14.0291171015036,14.130180385464,14.3542146396286,12.9661762837909,9.36410648984327,12.673738387548,13.4435876965811,14.138477761394,12.3927852606768,13.7557771726346,13.6713795686743,14.3374143899173,14.0203281986717,15.182568649239
2020-10-10,15.3365960744487,16.7640530827269,15.6825562421121,15.1969412507914,18.8161355177628,16.6111306508056,16.1180056157816,14.9934165145563,10.8612912132355,13.0793533009044,12.1225728199555,18.5700612541083,17.8430590520774,20.1829644370227,15.1665426711425,17.1793910676333,14.2419316829158,15.7382395048036,17.3495036694652,17.9801997562926,16.4134047845483,17.173808900963,17.1003021546945,8.80821469817714,12.1085681489875,17.2654101559599,16.1739798146136,14.8370583878576,18.7756419962523,18.2666655441302,13.8212903005692,17.6543798447455,17.710420798385
2020-10-11,14.6102741358408,17.1314754226306,12.3087463830466,12.5663765550727,15.4393460712882,13.2568446127009,10.9159777429806,12.786156574239,10.9654979376496,11.9500954733597,11.4635717569999,18.3685788568599,15.0916429724677,20.7127995590753,13.8933409033565,16.7907527784832,12.4336019225825,15.0714711840113,14.7543644481982,15.1843435858416,15.5588266425927,13.1351175784548,17.343121981369,9.81188934521598,12.8448222423502,14.8488518084589,11.2419928682795,14.6928178295837,15.1604817287848,14.9774020408228,12.2006234740808,12.8605962417309,14.7430820919334
2020-10-12,14.3690206807817,14.7294321988106,12.7400892288375,10.3973012612503,14.304036322771,13.1288182928538,12.2541064685779,11.0491640509541,11.3732327680466,11.1450625835445,11.1195067022058,14.9802086554422,13.8230035534057,15.9822172283065,13.0247943892238,14.7375450625003,12.2167492154463,14.2952754361255,13.6267429354966,13.8761028262157,13.7552937242879,13.0925250765444,14.8866603792085,11.2674858406145,12.7092249002423,13.9920618297972,12.3716200661194,13.566004717363,14.0449289505481,13.9714663133473,10.8818822995208,13.1193555460496,13.7224265503547
2020-10-13,14.262424522061,12.9297786374034,11.691773636,11.7078323782861,13.2348802484226,12.096817263139,10.913942381033,12.0705637545992,11.1106218763714,11.813705699437,11.2846601575339,13.8002364405401,12.5133371212997,14.3530832227751,13.3727101776707,13.2471102748459,12.2263750685436,14.0679705059619,12.6527674880072,13.4283887282255,13.0657660702335,11.850196199246,13.1017853751864,9.76954744938373,13.3752499993218,12.8357545261803,11.0848897324495,12.3369281066887,13.1813499404615,13.2067023274826,11.8380150660647,11.8367975157899,12.4191350664954
2020-10-14,14.1307304822614,11.5004435553037,10.8962472139223,10.3144916657571,12.450380479528,11.1553275375686,11.0332983428649,10.7275474573735,8.94898824051266,10.0168535565188,9.45232045050771,10.6412457233339,10.9494855748325,10.4543307216734,12.6608834256279,12.1279169031235,10.7662342848544,13.9461186530337,11.1349348648804,12.5320048538738,10.6713894034352,11.1594528616971,12.2010607823636,7.30337657134562,11.2259278867615,11.708690314128,11.0502312849799,10.5935177632812,12.3555915923301,12.3664622956278,10.2836723768416,11.6299825615046,11.0206959706812
2020-10-15,13.5585892376824,11.1574744843736,8.95632049883165,8.33850292575691,9.78873865521487,9.01941609614911,7.71029368521057,9.13811617941718,9.66719198560717,9.57124775056748,9.36367633340781,10.1460327958619,8.91342016779979,10.1836403922153,11.7308071123149,11.2926326113871,9.87593728049429,13.1636107988103,9.26630024212744,10.2920776136774,10.0981043295425,8.39025844282121,11.4987703605822,8.76818156747767,12.8948429979116,10.0033176373021,7.90037885688285,10.6956791820608,9.52760715310412,9.82715478481222,9.29417401715749,8.27895981951795,8.90226211367515
2020-10-16,14.3314948027441,12.2318683548887,11.3944792536904,12.9023554621011,13.1949311694123,11.1862501038809,10.873318800259,12.8827453704623,10.033159950344,11.7227751041902,10.9568216902298,10.0771690693361,10.561221829791,9.22201878241964,13.6781277993708,12.7859546578455,11.7520186951769,14.2400853541015,11.2429170722744,13.5254744914694,10.7157256989144,11.0467032967458,12.6448459298464,7.9683517755157,12.9538394694209,12.4678857922024,10.8416919406383,11.5713394115425,13.1628527643209,13.1446249491656,12.3060553477538,11.8458245918957,10.6737187201818
2020-10-17,14.007130176925,10.762196705017,10.0258799053153,9.47214376341793,12.0697333453282,11.6277569258339,9.76958698448739,10.250478451141,9.63758387254754,10.4087654323732,9.50314359685564,16.9008592848353,13.6414037012015,19.1704527141286,12.4989377372094,11.4718031183547,11.4058673462968,13.4501686034043,13.0778488364587,12.4023971107056,14.4760200695175,11.6585507720631,11.0100348994673,7.46287852200181,10.0940985268352,11.5422290440876,10.1775751778035,9.86382395564927,12.1284917695143,12.2319633986588,10.1205661851497,10.6788879440195,13.1812548681221
2020-10-18,14.4278419796041,13.1160909516917,12.1804749491381,11.9859563819849,14.2189831717288,13.3998779618908,11.6528118457998,12.3334712421378,11.99729638546,12.11967758728,12.0436681866492,17.921486384119,15.1232336044325,20.1158277928831,13.5854042036082,13.5483742431427,12.5732118112493,14.1006824404384,14.568660295058,14.1818676946486,15.4684275675396,13.3726992065491,13.0538740572348,11.7402735645439,12.0679429623343,13.7107044840497,11.9805489112707,12.3000023911292,14.1301703806549,14.0688186224645,12.1022805180825,12.7529867682236,14.7909540694648
2020-10-19,14.598212926397,15.0444557970966,15.1680684634572,10.9038965968979,15.5815942378455,15.9049303917388,15.0164182034128,11.5760536074084,12.2408796201458,11.8297138531885,11.82826485872,17.8617074658913,16.6475358507005,19.6652328181625,13.3751154205704,15.1188903629703,13.3540413761054,14.3391746920118,15.8204930541881,14.7222362570769,15.8948584546168,15.652957050391,14.9239314486104,12.3404676603917,15.134289426885,15.3781877966525,15.210949602698,15.0550238005193,15.2948269576822,15.1435251798524,11.4365243151509,15.3143032215227,16.6790544630382
2020-10-20,14.352025841744,15.4664379521648,13.8882834681266,12.4378786769485,13.7808628818538,14.3226268010639,13.807823676942,12.5096052207154,11.0956266322573,11.7612459238485,11.6456838279592,15.9275506917567,14.975343669912,17.6278420207288,13.4866332183102,15.0618225041226,12.118637618315,14.4463132033621,14.0407194343255,13.2049053036502,14.1820645070602,14.09869907822,15.5531421466454,10.4833510044309,13.4994964457671,14.1480934756716,13.9399887654014,14.8125776062516,13.1785868996125,13.1648053643973,12.1581732152965,13.716179866535,15.0220960346307
2020-10-21,14.2953710155661,15.9889512795616,13.7862969952594,10.1925433735279,14.0084268820823,14.4901514664092,13.6289249823855,10.8459019921834,11.2527547574588,11.0145339773434,10.9859479148523,17.2359105631216,15.5988770325776,19.3466089405154,12.8533302804787,15.509806608735,12.2235175998058,14.370232987609,14.5936670831344,13.2520431938277,15.0490781297423,14.3243761830511,16.1446415211117,11.0728176248054,13.2469044780359,14.2942802584592,13.8298593320297,14.9766622120437,13.4900318760061,13.467798867822,10.7530553407624,13.7249862045197,15.5230746756843
2020-10-22,14.2844012062571,14.1640498756423,13.9532928682535,10.5091271855364,13.5619027891379,14.2584988389169,14.5065124677584,10.9147192797943,10.2724084313005,10.4493360319977,10.5158076311142,13.6781535010457,14.1417474144903,14.6045676132191,12.7788100693749,14.1179776461206,11.5101406911993,14.2462415993626,13.3267365661339,12.7999202474826,12.7378982744048,14.0720234695571,14.6021685935156,10.074795065763,13.3717276710313,13.5785163104851,14.5335816473984,13.8407116921473,13.0476635082789,13.0079646569947,10.6116763953713,14.0905265545733,14.3938046950825
2020-10-23,14.3431066291871,14.6591593029754,13.2312343190217,15.3026707909768,12.784205148262,13.5622585695669,13.3995220236067,14.8474619325149,12.2535824606277,13.7531128043134,13.2745362302406,13.9276258366986,13.6473423924658,14.4853022446335,14.4259177158947,14.3565411874611,13.043159200071,14.8220684878866,13.2490065807606,13.088356469502,13.4473306771321,13.3568269506018,15.2761884275072,10.7454148445987,13.8758394814684,12.9468197972349,13.4921387830271,14.0553697654459,12.6098404270535,12.7135480466405,14.5146431511418,13.0487824527885,13.7045605936122
2020-10-24,14.2884335484339,13.573385464841,11.7147737376976,14.3454869269637,12.8019720539173,11.8001855857118,10.9902352797904,14.1392754786324,12.1149227095913,13.3444234016872,12.8427851036703,12.860191673559,11.9871008862302,12.9401253100074,14.1849971440872,13.6077606701734,12.6978273786133,14.3944685219871,12.2731486639673,13.3304061329676,12.6880221601192,11.6163111361238,13.8050834861914,10.6706023137671,13.2729328574041,12.6962846259007,11.0865722622632,12.8144510511335,12.7293128385877,12.8217514620865,13.8524199032241,11.6484658053001,11.8981198880866
2020-10-25,14.8798134727711,15.1958881281825,15.5831687623264,17.0462135092513,15.7782156708434,15.754755561366,15.5913946126555,16.3301907702038,12.7708368280037,14.5727325246772,14.1731355464426,15.8000814053646,15.8131367199183,16.6163816512275,15.3505317652382,15.2494282687343,14.0852850692984,14.9850474805046,15.3240608366503,15.4699823884972,14.8482659465199,15.6086001277166,15.0565770057931,11.5893705757587,15.2021055035489,15.6158651982904,15.6210824410536,15.297934552772,15.4714432423609,15.3080313838449,15.6113442850755,15.742431680382,15.9663597392233
2020-10-26,14.2615033482733,13.1276166570031,11.6520799888509,10.7658535550137,13.5818018237478,12.5544492659612,11.272418989926,11.2809542372702,11.7425250154022,11.3198819505352,11.5636149037204,16.6523529512231,14.243794571619,18.6029482690808,13.0400541968342,13.3984526082459,11.871280612467,13.8428154026824,13.708797494374,13.3819450793855,14.4922655746121,12.7169768200831,12.9834422499465,12.1284645238899,10.4892264667175,13.3854051179466,11.5023672977177,11.9830092621673,13.3016156134201,13.2893577672585,11.1760012981548,12.2111870290436,13.890382585092
2020-10-27,13.3026672509073,10.7043949184459,8.79015404896453,6.39256679750822,8.89422280366808,7.97475535592492,6.8889936029305,7.08915042343748,7.99557024839142,6.83581096504687,8.05908318850967,6.35060173592216,6.51916247208177,6.1020031091997,10.5780050941226,10.7076436480014,6.77269611393507,12.5424014005426,6.70368489829268,8.66444517167616,6.54213727383812,6.6708643968358,10.6414070071884,9.77630575666008,14.6634584242501,9.6361870989767,6.96421943329451,11.077363946322,7.80644222947872,8.07678132581951,7.06558707449159,7.28764970682178,7.0376052601596
2020-10-28,14.5936803474052,12.8912254573627,14.6747148853588,11.2576112072434,15.1657080724655,15.1233199298199,14.8777801514591,11.5420144812357,10.2473671257595,10.6082444314734,10.7452649817565,14.2006599277057,14.7197074165601,15.1180381655887,13.2311320352749,13.5364660097335,11.7768733817554,14.1913815532546,14.0799409892245,14.3010333400196,13.0614688949589,14.7125805633544,13.0353118475122,10.2897667327226,15.2082627639144,14.4755378399513,14.9528435392914,13.4319761183084,14.7849120482386,14.5652432708341,10.9523135295426,15.1123985283704,15.1016799147189
2020-10-29,14.3049450230803,16.2399641986654,13.2780591053186,13.0641176795597,13.4375164193982,14.2649841315219,12.7374894654701,12.9636831559837,11.1377165246353,11.9872103284733,11.901691895944,18.302040106497,15.7280974743907,21.194208894746,13.6379359634187,15.5826608289441,11.8677582816464,14.6300418765185,14.4327562221313,13.0436799559287,15.3254080246347,13.8401969357571,16.3917016835809,10.5073601346738,13.7134720311107,13.9073964095985,13.0699608549862,15.1563038918005,12.7798715973942,12.7960294510827,12.569390445338,12.9005190327531,15.6276086971574
2020-10-30,14.2491245333218,14.008880361164,12.0889237478368,10.6642252254422,13.7215293374596,12.8805334357527,10.7494108210754,11.2370010989914,11.2933347588973,11.2780877832056,11.141397974401,17.2811451637907,14.2910449747232,19.4530921365426,13.0422553667253,14.0411682989727,11.9312979805002,13.8439320625177,13.7992969492037,13.4696720371348,14.8635395798128,12.4645818716987,13.6374710442756,10.8779247717,13.6928005070602,13.7415306321903,11.0879281634021,13.4210045662334,13.340000438786,13.3345498731005,11.0915867786068,11.8921991379958,14.0628429342236
2020-10-31,14.7308017541864,16.7715959632326,12.48704654775,13.8566831563758,15.4822283980802,13.7325067421899,12.4071038894496,14.1491374384106,12.1701894740966,13.8922318705546,12.3768005019896,18.3991045843796,15.7733162251329,19.8020489726163,14.6082008374357,16.6200733511851,14.7128651940879,15.5748504325548,15.7901988046191,15.8553806563294,16.6969401612081,14.3287806464168,17.7047575211222,9.04184094496144,10.7421103534546,14.430117545019,12.6421611755856,13.7592907595932,15.9333060531675,15.8183604040015,13.7680366167999,13.8684923591698,15.1754671047038
2020-11-01,15.1750436525424,16.1490583381501,14.4009465882846,17.1381781562124,17.5231846927248,14.5969979217091,14.0218937109551,16.8549607861674,12.7461768185328,15.6488535369293,13.727466560982,16.2561136917449,15.438259183846,16.1132431713127,15.9620780715004,16.4555682304051,16.0507483047519,15.544457963529,16.1462180258072,17.7516564277151,16.0000495867104,15.2087612264536,16.2201930494529,8.75880956701712,12.7005619932626,16.3492129832254,14.0018534033416,14.4626713948518,17.9414101113747,17.6709637128982,16.0712242932624,15.7507164030602,15.0878868304327
2020-11-02,14.2037095232074,13.4589037353464,12.0285713350248,10.1471107743381,13.3500152348727,13.2841852918999,11.6004313782737,10.7537570633684,10.9683057716098,10.786617156331,10.8103307226911,17.8793268062453,15.030934650943,20.5063441600985,12.77536638577,13.5972351761236,11.6175250074781,13.8891597031757,14.093971184125,13.0383280712185,15.0793333408262,13.1202460854467,13.4817728615001,10.8373893937225,11.9705835479053,13.2349402340401,11.9528865204801,12.5994680113705,13.0135492281157,13.0150487235941,10.621318672125,12.2773528767802,14.7649621903302
2020-11-03,14.0091467076072,14.7533825823729,11.1629014009709,12.1772017460356,11.8338536669625,11.2554809459792,10.0124926354922,12.3046458043846,10.7285885822249,11.8075817997892,11.2232703780586,13.3212073627368,11.7145770286087,14.1055553468054,13.261874101688,14.2463563379518,11.5559326581335,14.2074820062962,11.6603963805683,12.0919592996126,12.4879093766591,10.8281659668311,14.9697432841335,9.02111650670918,13.4113943356606,12.2825103416269,10.185700710275,13.6152531922174,11.4266430876071,11.5990990392739,12.1132222009729,10.5452271865508,11.6218962883461
2020-11-04,14.4583322458519,14.6647832717946,12.953193446082,13.2724421504642,14.0978564002631,13.3396544296955,12.8285482906703,13.0642097816536,11.51121770673,11.8016622511547,12.3701960520411,14.5431808952961,13.884501907722,15.8312714359281,13.7477253425962,14.6307720017247,11.5452255432338,14.5761043793799,13.3080095445563,13.7045803329403,13.0519549472024,13.2764774521619,14.8890104484731,12.3017024189461,12.2429270180527,13.8992889889548,12.9119884976192,13.5349543043489,13.5744680158633,13.474626254291,12.5449715283692,13.3623210166765,13.9198807213471
2020-11-05,14.2763345695897,14.8726095272182,14.4900218275332,11.9585049342846,13.5034577565554,14.3680387425681,14.5199231285199,12.2228798889973,11.5353294369082,12.0040106738363,11.7169465926991,14.3890906808443,14.4050444611031,15.2044701063575,13.3498336246845,14.4832674254662,12.651541703455,14.0592330938272,13.717463967697,12.8591305222021,13.6608274049378,14.1625087244804,14.637624870564,10.641136841629,14.1072454775631,14.2476994468788,14.5205010717475,15.0092583993407,12.8938293092347,12.9503113946648,12.0914717057249,13.9600630416962,14.5451591865051
2020-11-06,14.8416497702247,16.0110091662232,15.4098596355846,12.5308542063251,16.6852169286242,15.240454258165,15.4405660467499,12.5759201110774,9.78850053876906,11.0051753895385,10.7755289963339,14.2498013886494,15.0707412148369,14.9738374534527,13.7941911767593,16.064263680546,12.1605047559476,14.7959232744229,14.5900981883008,15.4131819884785,13.1842385306888,15.2662059123071,15.9055057960586,9.03576755374887,13.6452003449395,16.2243866179256,15.3344930096284,15.2388073929852,16.0080227378777,15.6690847912061,11.6635715458136,16.1180732464099,15.3514098553622
2020-11-07,14.0845110556987,16.088060370865,11.5077813024627,10.1272061032875,12.9122700857576,12.1045815966865,10.0875437784306,10.8287274169852,10.3759091645366,11.018102945735,10.2131448168484,16.4867915869133,13.4922885968798,18.369297478284,12.7960588928541,15.4440156007768,11.8515518911861,14.2842118782708,13.1478495857703,12.7977380867106,14.4359080404764,11.7332613050176,16.2204321830739,8.47561386542203,13.3135649521056,13.2162627624407,10.3973318752853,14.3989917977507,12.5235556468239,12.6120629504895,10.7265271913228,11.0957817872163,13.2077852106526
2020-11-08,14.9394559259755,16.3714179852001,14.8106965242473,15.825781082281,16.4222483948999,16.102974927265,14.8647229221413,15.7208669023276,13.7457431038814,15.1610384164666,14.1846330042299,20.6599741014777,18.0932180337251,22.8258114477469,15.3125758690234,16.3307378488652,15.5353499250949,15.326872840352,17.4514390636194,16.4062759666363,18.2787202886704,16.4397514993401,16.5464940680362,11.7620585475897,12.9543214466619,15.8406878447703,15.1321363560004,15.0200494719199,16.6159294152735,16.45384919789,15.3232261650476,15.6784736168149,17.6608211877168
2020-11-09,14.630243644479,14.9721193362949,13.7410125170631,14.9985771515001,14.8467071927185,13.7868714998764,13.5529889305879,15.1039748185049,14.7589078229837,15.3625634038968,14.627087638005,15.494670102932,14.5868649605672,15.4421077300961,14.9146169437437,14.9370024962736,15.4689412652462,14.6527552633479,14.9476490059342,15.1568231701656,15.493240812693,14.2327954838788,14.8269700713064,13.3241203022928,12.466789756738,14.7775825088952,13.5497808827229,14.1089977047658,15.0638136294578,15.0861851050561,15.1408604660721,14.1132980727151,14.2328862954944
2020-11-10,14.1770026288077,14.5203188431104,12.6692890097852,13.2191202846431,12.6137260918362,13.2708033347167,11.9505725452908,13.3497572359071,12.681369938091,13.3473541831312,12.8084224008929,16.6968035148596,14.3827844924898,18.3033804821355,13.8290356263924,14.1381236950472,13.1951609749774,14.1522347446585,13.8459653667524,12.8289345121801,15.1374208603431,12.9485157331121,14.4204015794352,11.2895782499856,13.9513034996408,13.2031734745785,12.2183394798512,14.1531779234361,12.3667470264313,12.5380183473678,13.379806740548,12.0364130930804,14.1610820527645
2020-11-11,15.1746865369438,17.4526481165033,16.8176467291941,15.2347216742294,18.0624752174431,16.4768655683578,16.5548665561553,15.3011697511871,12.6957217269071,14.563260553545,13.1880165260052,15.3489971345128,16.0992520264076,14.9050928810344,15.2886408677278,17.4049125582312,15.826286286593,15.4938784534579,16.4602278816387,17.4441694498763,15.5036094735234,16.5907823957298,17.4326024734717,9.96189900780331,16.3089117545238,17.3479833521443,16.4363537422021,16.8891724781573,18.1207853567453,17.8046106900007,14.6657252636859,17.4141011162736,16.219001016964
2020-11-12,14.4309630837374,15.6463120026305,13.4921564546942,10.6596058990024,14.8262596881618,13.6452419573467,12.694268922594,11.3566281659669,11.2335303106328,11.513475189683,10.9771633298195,15.7389655348382,14.3993801772278,16.7987884303812,13.2174084291586,15.4317947944926,12.8259317644605,14.2740189727346,14.2064305324266,14.230695478754,14.4660728590138,13.5745001931926,15.4219478908248,10.0968248400739,13.483098655043,14.8389542663866,12.7933126701782,14.6842444569719,14.4644603201335,14.3867337552451,11.1650530643139,13.563727430461,14.2776398400767
2020-11-13,14.8832067121932,14.8989664720207,12.822599025295,16.6282169097118,15.7766678241787,12.7580319475457,12.1602733353135,16.2590663056419,11.2628523905889,14.7274151018019,12.5915104787936,13.2983899857084,12.94021683989,12.4834029230153,15.4987056675614,15.256184283869,14.7420709512613,15.2743161416791,13.9650937166911,16.3662296352782,13.7630988559042,13.0865343187356,15.2299900994943,6.54593616073465,12.9422312983895,14.6613466836467,12.1285111633729,13.3288933559629,16.1597876207467,16.0047724586476,15.4087061488854,13.8347673748112,12.7251576595897
2020-11-14,15.1418891444851,17.2397462366681,15.5704284361357,16.6553791214618,17.5236954472477,15.7378193093038,14.8338573543582,16.6914202799171,14.4655148872063,16.5097300755524,14.6587326228735,17.2758296261457,16.2506504093508,17.0677414399069,15.9521180548274,17.2071072529632,17.235348158266,15.6355872452209,16.9596549780979,17.7696213232946,17.2083154057374,15.9314918929749,17.3263463830652,10.8870283310309,16.0313068791352,16.6709420928457,14.8936260781706,16.2656002195099,18.0786149493494,17.8821391234475,16.3290024255782,16.1580950936161,15.9905398271716
2020-11-15,15.5486575597179,17.0369422704771,18.6166567262125,15.7928035243305,20.0190040870337,19.1892764299025,19.6150808602822,15.9061142411459,13.3775778536393,15.2018280236301,13.7563433682728,19.6553357148742,19.940964240331,20.489845544516,15.7701481520271,17.4510886861126,17.1756631220297,15.6470565887432,19.5182573958978,18.9998474794044,18.5033819410227,19.8771729523038,16.9197625100973,10.7148576937103,14.4054002634356,18.8575904032674,19.5501417682049,16.5837660692682,20.2580309344067,19.7782317051951,15.1769438094985,20.2199764434353,19.8644545499113
2020-11-16,14.7958831104989,15.5144211037156,14.8254143195683,13.3334454767659,16.1315123226452,15.3706942322924,14.3422527718325,13.7594341630006,12.8172844493745,13.8173794527813,12.7086647313588,17.1270213681712,15.939533059811,17.8393742531806,14.4724127915707,15.6590390426569,15.020061291246,14.8908647449005,15.9662890823833,15.966145868549,16.1929899872019,15.2792394758487,15.6281926950285,10.6561307534024,15.5794802859111,15.4750046196896,14.4991960855912,15.0630749690713,16.3462369256871,16.1969299934808,13.5013723659863,15.214388867283,15.827632627324
2020-11-17,14.6860314921309,13.9480569802927,12.4067307360417,14.3146090285832,14.9611220571069,12.6224256298483,12.1254221864363,14.5142751367737,11.3040031360608,14.0041114324894,11.8148821570432,13.1904506510851,12.8215968122155,12.2718372374564,14.7272180301233,14.4393065326563,14.7853057586132,14.9942202662663,13.8339895342782,15.640620383525,13.8627572371054,12.9747312803388,14.6012896848872,6.63760444718251,12.7337456316648,13.7574235171498,12.1371229194684,12.528005619244,15.5811915929301,15.5101242937107,14.0233286166379,13.4632636303456,12.5690959787332
2020-11-18,14.2827638074245,15.1920393861997,13.172587461539,8.5446825031558,14.4018028092148,12.162883933946,12.3158930649829,9.5280269394571,10.0129886782163,9.79724633390202,9.57589617933488,10.1965055055867,11.2815009954789,9.28648023008854,12.3541896615157,15.0316445228039,11.5654734805912,13.9895275879558,11.8270681286166,13.5075117239372,10.8850968236529,12.0342677598586,15.0378204600628,9.49032726475021,13.7741639926585,14.4026719883198,12.123198303036,14.3770946800172,13.8550753673558,13.7652050657128,9.33594843243795,13.1438197204378,11.5103925219402
2020-11-19,14.2162802024582,13.2837764574742,13.1270762554744,10.6460620916514,13.179951529662,13.1113521413254,12.5233050181509,11.2048928771927,10.0655786205093,11.058128019387,10.1724097214156,12.3322587052196,12.4317007235032,12.3020314026958,12.9629941565174,13.4390976287946,12.1520563341359,14.0101423002792,12.4779035572109,12.9896850817438,12.3021482345665,12.4925481830896,13.5279480190522,7.93304091104278,16.0469373795881,13.0509986554118,12.6108839668179,13.627146889417,12.9850704700662,13.0198081250194,10.9659514687849,12.7143786887513,12.6950192663895
2020-11-20,14.6889104516065,15.437134571165,12.690863310121,16.1780853883331,14.9388963585501,12.392555993018,11.1664707388471,15.8976414734578,12.9738722164417,15.0164460693952,13.767141872219,13.265634238297,12.3473136256458,12.5638612328444,15.2531277862786,15.4238245780505,14.5312979328947,15.0339792982563,13.398272466381,15.5845736885627,13.6830943600073,12.2158029114524,15.4977649129011,10.2100212340932,15.2506777504407,14.3892085871363,11.2164373036919,14.3908876523446,15.1537691212642,15.1067145797898,15.4363290988758,12.7539993813886,12.2077600775897
2020-11-21,14.5904414685366,14.0555662450962,13.2273753552537,11.8140086161151,15.16936085199,13.3310581391198,12.3400260726345,12.4236605141925,12.6631794027476,12.7190088342473,12.2821014555397,13.655750283638,13.1668195477661,13.3179752736316,13.8058409732047,14.4794518348955,13.7540416101129,14.509776057827,13.8183715665822,15.1924455038011,13.7089882789354,13.1101300427614,14.2733312174695,11.9005829478664,15.3598643291049,14.2760065806719,12.4219034857488,13.5971817441453,15.4043583190428,15.2894715067033,12.2883141696198,13.612083160197,13.1656670842667
2020-11-22,14.4607874631445,14.7084475583902,12.5475713763505,14.0974938988648,14.021131329992,13.5076867385169,11.7239872348931,13.9866754628729,12.146561936079,13.1829828348478,12.7855357777761,17.6464801349766,14.950607287336,19.6816295889172,14.2414605727499,14.6540076879768,12.9188550474633,14.570419069766,14.433816567817,14.1652290648273,15.4081874934259,13.2785653262504,14.757770240512,11.0408406894907,13.4079055737154,13.8437889868361,12.0421767135715,13.7262326654177,13.8389283940618,13.8212790647313,13.6123191298628,12.6459656189353,14.6931963088561
2020-11-23,14.2156313282911,13.4813684060796,12.4136004246739,9.7560907396186,13.4380200871919,13.4214832520975,11.5355922159866,10.6884064252771,11.7239286718596,11.4917450351281,11.0015492424997,16.7542264994742,14.342658328172,18.3006128870385,12.8597917347097,13.6779241708893,12.7806175952023,13.996480524786,14.046466496369,13.4408589597948,15.0680669042023,12.9180988734449,13.7099251180003,10.7409117880264,15.0656086479417,13.0988304770592,11.8956203048468,13.2313462069377,13.4961896353649,13.5386591385208,10.7959632229374,12.2755230093555,14.1947165745413
2020-11-24,13.8683235088183,12.2265448879725,11.5173439108987,8.50294715211813,11.6738496070446,10.871078156014,10.8419580516615,9.06115051491185,9.10060774909405,8.63887546877099,9.27323499906684,8.60718797270255,9.67762116455314,8.23716582048699,11.7544915096785,12.3456916507535,9.23804519821894,13.3565292595582,9.69961088019612,11.1067201974397,8.89855114427671,10.2441959076681,12.2918233001877,9.905951675312,13.8259320875211,11.928030192763,10.7771393999442,12.305837698939,10.8834876913572,10.9541580163324,8.83926827548366,10.9954819714013,10.1181118338588
2020-11-25,14.0204500379952,14.8339211687825,11.6407719954846,9.84354500940104,12.4858719034005,10.7966152366855,10.3136448350603,10.2481879954345,9.62683053912617,9.66554975192701,9.95678380302652,9.36256698283968,9.83961861404709,8.93961033749291,12.3785752484881,14.4345402746969,10.0114182405388,14.0097432938934,10.1655950185926,12.0259397935592,9.61053173674514,10.1909060993654,14.9518357216683,9.77782081964997,14.3703251112122,12.7735347231024,10.2539967729445,13.9418901356864,11.7196716828123,11.7537296015115,9.93600898057342,11.0311126562223,10.1599086738059
2020-11-26,15.1198382859654,16.2848895653697,14.3237721271542,17.4720431622695,17.0287182718184,14.7926042640054,13.0551555407568,16.8159789482627,13.3195829336151,15.0147468359285,14.6296180859898,15.9908462973664,14.8728094579727,16.4919603776601,15.8091336487217,16.5370083979112,14.4049234833429,15.7683626332489,15.2811919829597,17.2468553828351,14.992131953893,14.3509656631163,16.7071022451703,12.4030925952563,17.1240515378724,15.6646058673913,13.2479975869723,15.2938248475593,17.2185799829482,16.9068069672459,15.9470440925045,14.9248663145438,14.9346826413267
2020-11-27,14.7541162091622,13.3729373150695,13.1092286166913,15.3546245578371,15.0575258934334,13.3889568089922,12.7800741834457,15.0609010456034,12.6867541874351,13.9192332746544,13.5363321988956,12.8971395392017,13.0181953288459,12.4252578930631,14.8595370191371,14.0208336805464,13.6691390007181,14.9935807006736,13.5851889265895,15.4774142975528,13.0847059227199,13.2543798504093,13.9820746927422,11.704002658515,14.7183366364263,13.8204376837424,12.8363684403767,12.8127102569999,15.3682377005766,15.220602267341,14.5030176962441,13.88353130696,13.098710326127
2020-11-28,14.1354496672582,14.8454907474355,12.4545545339967,11.1319622880217,12.8636423150545,12.2446657762467,11.3361135089952,11.4843548487098,11.4560468670238,11.3260545198123,11.5129821437788,12.7385268253246,12.0707121029032,13.1870574390271,13.0024361564712,14.4782947787379,11.5462432221483,14.1122393024301,12.0247292950732,12.6161374977241,12.193915250204,11.6805733107169,14.8664411097794,11.5629244007096,14.9107731845398,13.2101172288208,11.4277028572611,14.3417496023994,12.3441690737632,12.410261480229,11.3813519873766,11.8022312136235,12.2025653869828
2020-11-29,14.6112347043948,13.538764608276,12.6491943604745,11.2172151753739,15.3713012507147,12.8709932599854,12.0066901817417,11.8592301691022,11.8521237555232,11.90428617031,11.5981758693176,13.4470572769255,12.9795088663602,13.2569127499419,13.567869882352,14.1804670838456,13.0858955627176,14.4437153180065,13.5949135602239,15.2756870088023,13.2630018924147,12.9053152045366,13.8011817549986,11.3229726077158,13.4615239912252,14.1980022593151,12.0596322152821,12.6001375232823,15.5632548297077,15.3856121644463,11.5772585599287,13.5624433553238,12.9133848294558
2020-11-30,14.4704867815571,15.0172327320391,14.227170001666,10.9460367284661,14.9244000524462,13.8446580347152,14.0865136094911,11.2675838807421,10.7899860332777,10.580127567122,11.0897645228248,13.1011706917044,13.7050744205788,13.6736201651356,13.0506034455448,14.9363311929027,11.4789969071998,14.1438454018019,13.2732731828282,13.8012305516143,12.332119313588,13.8277583554743,14.7030202042729,11.6234153148315,12.821839149354,15.0467389686523,13.9761804413384,14.4686664346901,14.1309946736367,13.9703384229459,10.8369725751409,14.4383136863676,13.9198485250608
2020-12-01,13.2110485434196,14.1162372219035,12.2349312066655,9.61342041513161,12.0853060086386,12.6147879793093,10.6546528342556,10.2977125290299,11.04753078754,10.8657166928656,10.5720597156669,14.9776500053536,12.8801635997124,16.3615570239572,12.0563422225902,13.7017374612832,11.6065502717476,13.1087189810471,12.5332955973122,11.9146997715718,13.5399404921202,11.6179656527116,14.0267428667879,10.3375203491703,16.7635718797199,12.5251885532223,10.9825506427356,14.3758754688867,11.751507853624,11.860806288939,10.4209284538223,11.0450853522908,12.956734129837
2020-12-02,14.0176199407134,15.1611889614893,15.0614151835478,13.864575817936,15.7421274284131,15.145015311118,14.6522269993562,14.1438054884919,12.5809662772499,14.1923440617963,12.572208762063,15.5067246027797,15.1722199545009,15.3986001951635,14.1902659032335,15.1998669332191,15.3652427265746,14.1566031853781,15.4811271372174,15.6283778373442,15.4713626298642,15.089110311185,15.1285111596634,9.39387510566471,15.8612970924661,15.2578316154113,14.6942093153437,15.1568595691854,16.0499893600847,15.909286578754,13.8872956311759,15.2354707811327,15.1378146985564
2020-12-03,13.9503477435259,15.5352474245966,15.1584760996836,13.0063738710919,15.5828084586147,15.2735075468822,15.0129784530588,13.1282132892853,12.0518710773359,12.6506676378112,12.3004829754783,15.3864151123311,15.3370440381866,16.0745914247658,13.6070029122887,15.4103974466086,13.5324320363998,14.0810347301361,14.9993340182708,14.8856053173008,14.5206779484462,15.1506490019619,15.489693314895,11.356289211057,14.9244195824029,15.3152637880782,15.0359327306085,15.3048014099156,15.3695617862923,15.1642193021107,12.7420516848704,15.3611960783078,15.4638605386013
2020-12-04,14.4934365918406,16.6917033763081,16.9398011211057,15.7127987863591,18.1642144826673,16.7145379214635,16.6606201655464,15.5456970323211,12.525937013249,14.4951179741405,13.2343623768662,15.2501062659106,16.1408147606966,14.8670735093474,14.9795347181567,16.8086369798731,15.5806213681815,14.8585751832114,16.4641210791237,17.5159563972002,15.28788248564,16.6834107100055,16.658136403417,10.0890647922856,16.9967835143587,17.17073030009,16.5703694198765,16.5694405273465,18.3155116452843,17.9097028278844,14.7829576087356,17.5919107638908,16.359453792948
2020-12-05,14.3994049085962,17.2931164185356,16.3477176887067,13.6357501920013,18.184498461539,16.1049367814049,15.9479347810907,14.2794182551315,13.5200393611667,14.8742171802791,12.9531172418812,15.9830368197242,16.1354970834527,15.1420989425554,14.5952275258953,17.2688438356695,17.0198092999025,14.747728221645,16.9869629562036,17.7650771244607,16.5171751931513,16.4945667848092,17.2587682083741,10.121951168951,15.6601421948006,17.2025702136444,15.8472932363536,16.464851396376,18.7424517932181,18.4228997231495,14.0345024293789,17.1848181585673,15.9937062204882
2020-12-06,14.3128175370448,16.5470369382454,16.5791439438394,17.6357732983795,16.5008957016079,17.1012203738282,17.1880340756535,17.3154578427353,14.1830493940612,16.8840630287008,14.7207095364857,18.0685929814584,17.6977615861255,18.3471066966791,15.6392460143714,16.3398971895132,17.4644067157604,14.9937581922116,17.6045826211453,16.6609673062366,17.7881293434945,17.4635652989558,16.8594436922361,9.8356940641763,15.1437869594342,16.0433897968374,17.2288065141515,16.1859234134032,17.0694646199089,16.9290218875189,16.9616241179629,17.1091277958592,17.5080597382529
2020-12-07,13.8014961803733,14.2713345677168,14.1639234484158,14.1156934654409,14.3691445834368,14.9987720766387,13.9075665571824,14.7347674604772,15.5070467797671,16.406764726964,14.40851968691,18.7240440095943,16.35456410091,19.2062087496815,14.455530283932,14.2541393629516,17.4414330830728,13.8689778736366,16.6269808797847,15.1058100973877,18.336242125928,15.2111320643194,14.2266600156595,11.8366257753331,14.7388803458487,14.2392034365427,14.1511816279151,14.3246586324666,15.2429905173178,15.3580014851593,15.2265597147313,14.1330214585365,15.8098403346673
2020-12-08,13.9160897930041,16.191074494448,14.3706639824652,13.16151215953,15.3117567640436,14.1321723267424,14.7610347407904,13.5258184356937,13.4099290356885,13.9214888052298,13.0683211287577,14.1078519867733,14.4829561263548,13.5752358584102,13.855771347369,15.8692348759028,14.9814306638278,14.3191544004801,14.8351942926923,15.063601232414,14.5618657096065,14.806060494938,16.4158847040535,11.8765293711207,11.6710543603705,15.0511552584337,14.601592242509,14.724059791129,15.4970472934533,15.3910263193345,13.4810153096022,15.1235819275197,14.2695098746526
2020-12-09,13.5393828830772,14.3856977514984,13.9081361906355,11.2562095397524,13.4193413839437,14.001253320616,14.2398479509777,10.952572116395,8.69084221703146,8.95940848186897,10.0247640979477,12.6885486531474,13.5847204555136,14.3153761271069,12.1843360215512,14.1338576596186,9.09680839612216,13.6033877400922,12.2341580634114,12.0832827534106,10.9191138050776,13.5174975143865,14.5839350837531,10.2729810922395,13.2676989745298,13.6039364820578,14.2371921866316,14.1126486205576,12.2807626522936,12.0906626814029,10.1402429527892,13.8796016483171,14.1231230464208
2020-12-10,12.8144913727108,12.1327546061747,9.71067856074086,8.48993958063707,9.95400399203366,9.3716348640335,8.35225642810819,8.72685569944758,8.10201806380728,7.86857496416966,8.68363685225868,9.72784529140669,9.06096543253919,10.662215095993,10.9535644391278,11.830865108054,7.60300026374887,12.4015004588109,8.64865146956182,9.51173059833604,8.70352647166188,8.53085346213147,11.9379456505366,9.08659098413581,12.6222519040678,10.7286724830663,8.45945459315855,11.826462865396,8.86289971669505,9.00805866325828,8.44609203017394,8.69962672689182,9.34068719662081
2020-12-11,13.0076132989234,12.2393644386118,10.5842537046389,8.86565806611446,10.9812220503868,10.1954963310747,8.6732460585215,9.17478350565306,9.27139692188793,8.57738802907194,9.57306911212481,9.7508799510176,9.25287462291889,10.2323178259555,11.3101503380923,12.1540980344267,8.43518617509637,12.6143241822053,9.20989195655008,10.6061568732634,9.08510464453787,8.93978964432841,12.071572303515,10.857258182688,15.9861087844593,11.3197325584122,8.83290389943479,12.6356125317615,10.1333307538373,10.197659640384,8.9473139123856,9.37824746673995,9.70053709844601
2020-12-12,14.5564626899916,14.0344433203962,14.5418401385868,12.0611500402776,19.3951677052906,14.6410719651682,13.1486567902778,12.3683888788935,11.4184534956283,11.2060803307579,11.7316904210135,14.687694842007,14.5040877091999,14.923884742602,13.7400934959436,15.2707722743756,12.6825350235278,14.1188081535153,15.1905229143043,18.3201708885935,13.5462455264492,14.5202847069293,13.5700683306844,12.9130325370824,15.2733298084056,17.1293266238415,13.1674829975198,13.4845281547761,19.3904143295768,18.697770718479,11.3744465760208,16.2253139187497,14.6803698255598
2020-12-13,14.2508663613103,13.3661157102835,14.8934532235937,18.2118906897071,15.7500587946762,15.2045653727678,16.24205267706,16.8468625826049,10.5212901653912,13.5379885875724,13.1212363646325,13.8142599174071,15.2296377974628,14.4450184376131,15.0545993049258,13.9073062177692,12.6582033192453,14.4849613062067,14.5303259730364,15.3110473868462,12.9639945749855,15.6781909523818,13.6027773586242,9.01300787140855,10.9519329041124,14.923470689941,16.1024073240487,12.8548708399352,15.4257280766014,15.0959481607719,15.5134429783569,16.3002661336376,15.4349448564654
2020-12-14,14.6374439518602,14.6463304806098,16.9127863222785,14.6534769884686,18.9703920016196,17.6034675331405,18.3380635423364,14.395888226796,11.1806467237264,12.5625135339288,12.2814303912152,17.1178506368123,18.1389856538399,18.2440364457113,14.4611211587113,15.4966164694647,13.9911844340988,14.6076343658986,17.4021218916427,17.6539687699351,15.5349506987573,18.3231039580549,14.7032900101303,10.6740647297164,11.6949191529961,17.3769542208052,18.227837323761,13.9943920157685,18.8883839715462,18.2863566573072,13.2782675376799,19.1079445490009,18.2516564231511
2020-12-15,15.3202949511135,13.2907789002382,17.3523237334152,12.5615848889045,23.6689113360734,17.8508135014172,17.3157149183368,13.3612422733642,12.1014631604402,12.7747548771767,11.8577443400852,17.9986633611438,18.4229123958802,17.8425455169274,14.7799721957179,15.5614738564891,16.2865970725898,14.3737355121417,19.3681604220759,22.2049486184557,17.0801229961266,18.8351869764321,12.4735694787923,11.1864349969115,13.2039689441989,20.1961333187877,17.1822220533659,12.9399240087813,24.3905319027584,23.3835133350954,12.2013051880722,20.8463455362669,18.2971473614578
2020-12-16,13.9422992111146,15.2804445117168,16.5895475014404,10.6082139112879,16.1021955741232,16.2751035843611,16.7451773503556,10.9615654915141,10.0848018831703,10.1796845339691,10.3924341018932,13.672508201981,15.3007516546261,14.2743910236568,12.6141772402375,15.2548110369597,11.9163029998787,13.7220890955805,14.5389518813598,14.4237890897776,12.8732860674263,15.8424537660527,15.0446909276827,10.469523046487,16.3462821357535,15.9540117048649,16.6415933873263,15.9613857170453,15.375894839117,15.0458137690346,10.3679236769941,16.6049665551011,15.8890355482044
2020-12-17,13.747661652226,15.3075396034883,13.9242375798557,11.7962258189325,14.6728383742485,14.5836693316729,13.2008218926015,12.2636984270174,11.3950993764837,12.3303333141253,11.2940636762038,17.0796458226914,15.3351673615219,18.4753011417659,13.2139018758855,15.1164058346675,13.5235928296989,13.908472394842,14.9815362990528,14.3494534275134,15.5085201033653,14.2384378702716,15.3765578311886,9.29703502181439,15.3532313676178,14.4132927982192,13.4409487131569,14.8915671192791,14.6541689896188,14.552475954258,12.0372972775799,13.8552524013173,15.2577675688654
2020-12-18,13.7005107484785,13.4884215346377,12.2896124571232,12.1029172461526,14.2730648266646,12.1789080486543,11.6515573367742,12.3889904392097,11.7936231720871,12.2067483924674,11.8337977400188,12.9181721583489,12.4460737248582,12.7805191651666,13.214807894023,13.7404936327071,12.748840414576,13.5391850488325,12.9197448707607,14.1836243539067,12.7985419097975,12.3342049401471,13.3507637038421,11.0297814821088,12.1593040053078,13.7758492587523,11.6379574633146,12.6412198125268,14.2577626540822,14.1507737248826,12.1351973014545,12.8106013208893,12.3186091228378
2020-12-19,12.9099540919865,10.6002622135309,10.1266571071022,8.02057855399057,10.4317911003627,10.1276093597075,9.34791318221578,8.50490001954297,8.81259726347558,8.16848716266722,8.94426383032844,10.4236811917985,9.92767419779012,11.2554882804883,10.9694125403928,10.8238754044103,8.42361447716057,12.2157568282069,9.52419222984977,10.0460873735533,9.51963556491684,9.49510718682254,10.4431040186323,9.91895646256275,12.2419877031748,10.7914256608098,9.46408163398908,10.7969471959271,9.6657856563927,9.77995884056899,8.37182610776226,9.57669061121812,10.1515230877017
2020-12-20,13.7586046033272,13.3758268636186,13.7938541668165,9.73688865156369,15.069185916932,14.2741247059462,14.0568110813093,10.391464463476,10.7856380558518,10.3592571680933,10.5239740826609,15.1531649848872,14.8464738368641,16.3009298137286,12.3750310208775,13.7730100793124,11.9889687136841,13.3807787182581,14.3103372141718,14.114179466443,13.7547539438192,14.4339395174007,13.2944494058908,11.2145341913062,11.9690243667045,14.4935660161206,14.0969401675744,12.927042721076,14.7939678863654,14.5635099971433,10.0945087545426,14.6305062588488,14.8651956550293
2020-12-21,13.4841140669596,13.6276398726863,13.4607607465515,9.99940474039023,13.4275544982049,13.5469123626234,13.4555240002294,10.2077078452037,10.0179054878204,9.3936983081858,10.4003270641698,12.9743508452765,13.3301460859356,14.2085793932933,11.9779456231145,13.5856757044349,10.0204041005344,13.2572285951296,12.4350593204856,12.3286500004505,11.5961876689324,13.1502755924658,13.6104460543027,11.8068117607419,13.3527766737348,13.5147253007019,13.4812499514057,13.5622198973219,12.6054707486343,12.4676666206576,9.8048497714571,13.4228768715633,13.6884767583698
2020-12-22,13.0396241532687,12.9932741626728,11.7520630398815,9.51382399113908,10.9709482081151,11.8437090419549,10.6645550060462,10.0794989489149,10.6046109186551,10.4790842987168,10.3186472946325,12.7707255693187,11.6650205169468,13.5740746994912,11.8015807635517,12.64234741544,10.9441873711462,12.8368144741259,11.3404620085976,10.8730053060438,12.0365935356265,10.9611831381288,12.989604604124,9.99394131060128,15.6030423858769,11.6298528892074,10.8785975307853,13.4433293566571,10.5448579232311,10.7362447831174,10.2253556110903,10.5330969754528,11.8320102941398
2020-12-23,13.0481386892825,14.1226970703961,10.8044117598801,8.60857967817548,11.5145483177793,10.7746812904023,8.77634075805294,9.16217147090981,9.33306675802866,9.01274157032667,9.32922322929277,13.03226460627,11.0252389034621,14.5150201316269,11.4078746862863,13.5938425513194,9.36319065746911,12.8213908493063,10.6951383821783,11.0497836765834,11.3639069437781,9.79580948601761,13.7991532036895,9.63819662765437,14.8258419952776,12.1383020253339,9.02886533490315,13.6857511197214,10.6771308781173,10.7547776486387,9.0265492151767,9.65214359028421,11.1440087173448
2020-12-24,13.785510392277,15.3423338792232,15.9438928918356,10.5536128767576,15.1968150326259,15.6448388219562,15.9516996903412,10.9213154117162,9.09078404451407,10.1033362000178,9.55994530701902,13.5119583817522,14.7766939530245,14.1270656233445,12.5131133781008,15.1236610578884,11.8404543224366,13.666349353461,14.0489943358226,13.7597328441185,12.7732368553914,15.1498885973283,15.1945182888822,7.75519095459884,16.2542875676956,15.2886514596412,15.8861781045476,15.8872533004412,14.4920543641257,14.2614091280423,10.3143514940363,15.6879440014456,15.3024680219272
2020-12-25,13.8489281471203,13.8916704758755,13.9870506380889,11.6905600643485,15.2918887526919,14.1386463010621,13.2499535347838,11.7920815099409,10.7361547887837,10.792743028381,11.2429022501795,14.3630074722788,14.0579424291112,15.4331291698839,12.9371760954736,14.1875549914312,11.4556717598743,13.5626840976458,13.6749056823369,14.3940620355115,12.9345087558211,13.6874450480649,13.5891432805734,11.5651215331716,14.9683500110081,14.7731023776299,13.33574014632,13.9685454810933,14.7898798563465,14.5123521143928,11.1926853940975,14.2024591503049,14.3202090770251
2020-12-26,13.3983682527256,13.2880406995675,12.8021932902505,11.965955934701,12.4753068432217,13.7283651933306,12.8798143503684,12.0451056920708,11.457814708743,11.7130702357187,11.7243237215428,16.8765119242558,15.0005856780869,19.1699222231719,12.7628039015932,13.1193029456924,11.8424877586236,13.2433644549986,13.8378983538863,12.1765634654116,14.6123693422721,13.5553598360429,13.2068689666451,11.2012645505201,12.2241111064014,12.9029959333218,13.1305451555206,13.1127464856657,12.0539566936934,12.1099917247258,11.9241379453879,12.6129793714648,14.8771254002475
2020-12-27,13.8998363899703,14.946758252219,14.091744631532,15.2760983055159,14.7824900133884,14.2433686239214,14.2604799753132,15.2586138582239,14.4478518199308,15.4547048230648,14.4049881301422,16.1521467134987,15.2647633572893,16.3448483613174,14.5539154019068,14.791010380815,15.6620015724079,14.0278426887326,15.3981541602615,14.9788400140381,15.9494634969259,14.8411002529807,14.7392219050375,12.4200270422452,11.7673833390142,14.7947797747458,14.2445092660718,14.1596558513753,15.0469521768059,15.0331971730868,15.2569657972793,14.5437557570948,14.8719489601423
2020-12-28,13.9158990922375,13.2986898356514,14.260107567274,14.4705328251478,14.8649150981489,14.2534818717,14.8285613709242,14.2731826965823,12.9532636103507,13.6138662273633,13.4266038427358,13.8027919672212,14.3918956543175,13.7834644458048,14.0263264571526,13.6270577556129,13.7780015187841,13.7645110782851,14.3109944764692,14.6007270838409,13.7296689541593,14.6595848059594,13.1587415308418,12.5134543912678,11.9256313029002,14.5312296796912,14.7221577976009,13.1326711688697,14.8272083903847,14.6912871927337,13.9392781426994,14.9701033344211,14.3728282067351
2020-12-29,13.0834743391122,12.4065623967784,11.8069741295698,9.97376916996403,11.2407253364567,11.3611826883819,11.3178033064691,10.3159360853291,11.3939772829627,10.4611799274327,11.2257934326347,11.3757551320093,11.2646857614098,11.805552438229,11.8565757614633,12.1670863616827,10.4895906478281,12.5061462039013,10.911524014629,10.7992530341905,11.0219063009684,11.0816748269614,11.890602122175,12.6886026360303,12.1885773219379,12.1852683253512,11.2967046323242,12.6336465487558,10.498186840952,10.6498042575255,10.4522084422528,11.0441255268862,11.3740312328229
2020-12-30,13.2909755563116,13.4317343396924,11.870882843902,12.4689252670646,11.6708017393196,11.7886729062683,12.0767169503175,12.1320317079135,10.6724475536369,10.928150316523,11.6038064423554,11.6776780223449,11.8801688750839,12.4411911392575,12.6151071327257,13.1003474975817,10.2466325662041,13.3693381403547,11.2359311569039,11.3390607405701,10.9327073602903,11.7424776477042,13.5977027393166,11.5040726601373,10.7989598813436,12.1793263362323,12.0448499109256,12.6211208710681,10.9424810410556,11.0004656853268,11.7835771221314,11.773058259073,12.0048566980666
2020-12-31,14.3115519167509,19.9481036757546,16.4459156890705,20.7257130432964,16.2598014832473,16.8137468144502,15.8096989540105,19.0025637503939,11.5226942487939,15.5191191335655,14.4351165841926,19.0451665662983,17.6444546897751,21.533014916812,16.0143199428566,18.6949738877408,13.9121336402331,15.5502535722427,16.3979005585816,15.7442557827351,16.3578993783556,16.3822807459852,19.9143800946523,8.58786993216742,16.3043638047315,16.6850406435876,15.9764515398662,18.7934170848188,15.5060941736019,15.2532783091768,17.6692882350871,16.0324969790959,17.7725287406224
2021-01-01,14.6267279232758,19.3207886238833,16.9775893363953,13.5268737278076,17.8612264191159,17.7946950126169,16.9142014788961,13.7629586652361,12.6723755920265,13.3311621130529,12.8015266214785,20.9684629741446,19.276168385304,23.4816242581847,14.3058773939395,18.6310259598401,14.8150991276368,15.2041489482485,18.1748300332229,16.6399518928952,18.1704529195372,17.9002446476278,19.300750298575,11.7923672096092,14.7834843499781,17.6204915008809,17.080423408621,17.9327502955292,17.5295399659604,17.183881602653,13.2702274293923,17.511553409274,19.1554835257503
2021-01-02,14.4043376340122,17.307221245406,15.8544630718322,14.8258792306133,16.140701443353,16.3339872862223,15.1961645577647,15.0789525557266,14.1954570016944,15.4492834835738,13.9674506605489,18.9007785034405,17.1733255295101,19.8927366821139,14.8261304439338,16.8309729456229,16.3874533706547,14.8173596614555,17.0388570994329,16.0406398720752,17.8179128125233,16.1844339329253,17.2335271130336,11.3831524963788,16.7927652824637,16.0664475345743,15.3867928153019,16.9723478028572,16.3886840964513,16.2980568337131,15.0084629731003,15.6581459634839,16.975190992428
2021-01-03,14.6947343461373,18.3880552084866,18.6755629346322,16.1799084459969,17.5359835560912,18.4943797941089,18.9994441416676,16.1032873679652,15.0095698725592,15.9950311201595,15.0891017306285,17.5095761951618,18.2411951008554,17.7248842440782,15.3168913848471,17.7855244167993,16.9686471049358,15.1768265411914,17.8567640395923,16.7522810606278,17.2988346640285,18.4838732973191,18.2492894976477,13.403552460957,17.7525192774195,17.6554302462534,18.9213014705595,18.706227765924,17.5220362872263,17.3072768858779,15.8875635337768,18.5380253815949,18.4154311986684
2021-01-04,13.5244150173609,13.9296735884359,12.8026713970683,10.355689322718,11.7719609662522,12.8820713625707,11.9531547759679,10.5658892279849,11.005926156127,10.2119720712422,11.177199903829,12.8686483190068,12.3970111758879,14.0906123375641,12.1656299366144,13.5089404133351,10.1943918652812,13.4572770012143,11.6222405538679,11.2355130957753,11.6579344099199,11.8479614662725,14.0352110813803,12.6129506730941,16.3034710426351,12.3957399760135,12.1378598121043,14.3642982235477,10.9904878205639,11.0757468735215,10.4929078275828,11.6506716793021,12.800019654104
2021-01-05,14.1146397539281,16.0441456639579,14.0563291744315,12.4451544848159,14.940775421964,13.5250655491493,12.8426900015207,12.9151849629976,12.3161643043673,13.1499771540662,12.1046796838471,13.0639478607838,12.9858041918922,12.3752015662392,13.729593150254,15.7354800516567,14.1396467910608,14.3138859923108,13.6764953367607,14.7816046569674,13.5776224504028,13.1816884652009,16.0172773867167,10.2440694228076,16.53571015111,14.7744188117384,12.8304413020819,15.6293535935325,14.9579231504943,14.888808773283,12.7749740463092,13.7173714114561,13.0673576785193
2021-01-06,14.1094123023737,15.5949229116629,15.7422846078721,11.9483286785964,14.9547262637565,16.3856279830196,15.5496020473746,12.4836026601556,12.1283874282878,12.8295742072627,11.8394937440201,18.229111395911,16.9735098061139,19.8880879200274,13.4868182198838,15.2931237876935,14.3078041251432,14.0726280242751,16.1198221279835,14.3097376625802,16.5711831060412,15.973942622518,15.4562524548824,10.1392313302082,16.583518708074,15.1854447104554,15.7648785633456,16.078231633078,14.7870844445962,14.72892592793,12.4062294274094,15.297936420572,17.0175886852739
2021-01-07,14.1918257721344,15.9981036239369,15.1830978486587,12.1577090121882,15.4148085165963,15.5296382327047,14.6905997837271,12.2630886490022,11.6889576848503,11.5003694778682,12.0494124268403,16.2501163410277,15.6686354089625,17.9313781239018,13.3149334123952,15.7406405913265,12.168333920279,14.2835257747396,14.7985914550764,14.3832020384079,14.3415480405099,14.9843904949807,15.9359740943682,12.7312985801451,16.0491735494843,15.3257788683021,14.831202823575,15.8702239808534,14.8076677772608,14.5867972651626,11.81554041219,15.0380119893387,15.9425526779958
2021-01-08,13.9385681507604,13.7870171033266,12.5768626014772,11.6197162842899,13.9287422552917,13.3531845211782,12.3141508298877,12.0110921040141,11.9392668906355,12.026250716012,11.8354545144004,16.6875833806392,14.7294621514733,18.3303510591939,13.1695448999018,13.8846341285513,12.6703009205176,13.7524662209946,14.2460426986727,13.710843892169,14.8814587748728,13.4706193888343,13.7054877514112,11.4987597230774,11.6541334818424,13.7489290269563,12.5089597506574,12.9007373281578,13.7745106718528,13.7314695988057,11.8777467926,13.0004845255932,14.4516882936364
2021-01-09,14.1247269766652,16.6172057995703,13.9387656214877,12.8686087605826,14.9468824457321,13.5410246583273,12.6304245115961,13.2207173340448,12.4750758249417,13.2959019613116,12.3885878903546,13.8047263595707,13.2862080627734,13.5065020503016,13.8474328962171,16.1599451007492,14.0355578569249,14.4615616605066,13.8370308179135,14.8007153996578,13.9085541227351,13.1898556423723,16.6244467624679,10.6592564985555,16.3280705106493,14.8354058722549,12.6612929164592,15.8968200057759,14.9040220271901,14.8316893389923,13.0460079795407,13.586903371372,13.3173572660151
2021-01-10,14.245533594738,14.9441733662954,13.8322110795522,12.8524171644654,15.4921352653653,13.7252762972397,13.6096611512537,13.0574814431505,10.7343936094024,12.3449558502226,11.2260995992619,13.983217251195,13.9668448117729,14.0534082554955,13.7778916868744,15.0465721970066,13.3748891802046,14.2418750789209,14.1472863709538,15.0561866295469,13.6575168898214,13.9851944797321,14.8764999041913,8.30681797675559,12.5772875256097,15.0056112834422,13.5459694943822,13.9686154789999,15.3655138143725,15.1809238057045,12.4983820883192,14.5158318186749,13.9123448764674
2021-01-11,13.6807703056874,12.8682640455363,11.0960374489693,9.95113969924803,12.7332554484497,10.7247556811151,10.4315881410808,10.2103736094408,8.13538528630065,9.04751973947117,8.91310868886239,10.064532508151,10.3761315416786,10.1151028164237,12.1420699084197,13.0330315918808,9.58660210518055,13.4101043388243,10.4758408078381,12.2384541418542,9.75443423029996,10.5376386702789,12.9162727812176,7.32984055024262,11.5682511853342,12.5308206893183,10.3771232212489,11.8991797953013,12.0825171647132,12.0153490593842,9.58852388921742,11.3339969104127,10.5587496807025
2021-01-12,13.7839253922022,14.5463110639227,12.0817208377718,11.615965386283,13.0582557786927,11.8243893857936,11.3174450564465,11.445829172581,9.65726941133364,9.90670540899343,10.6929514340396,11.4795499634697,11.5336165577007,12.2373358671066,12.6398226005914,14.2856637982273,9.6290660270033,13.866606620311,11.1695843506104,12.4079849631487,10.4807468623087,11.3816684321117,14.6467376601084,10.7442827259027,13.0088857587714,13.1327349726398,11.3252720566438,13.5593392964314,12.1799005160388,12.085719990044,10.8168331292043,11.9588783406826,11.8201930666226
2021-01-13,14.3681385828395,17.7269062579363,14.675565507075,14.8121024209468,16.0715826131773,14.0959360122144,14.4663869180585,14.5721448928761,12.0171331219789,13.4324330865175,12.8520504842433,14.416579134745,14.5775101588555,14.6299753540006,14.4158962694617,17.0976666228084,13.7009199899772,14.7442160594503,14.5749821026235,15.3619022250426,13.9737535805399,14.6241490071356,17.4385861460999,10.6683061383052,11.535345155608,16.1979621865389,14.275818157185,15.899143602108,15.5765169376736,15.3725794130495,13.9633744457703,15.2169564693189,14.4661876832569
2021-01-14,14.2800372267426,18.0354449367808,15.6489061522516,12.6462404981127,16.0613410307828,15.393397684413,15.169982380736,13.0877756325991,12.369612413644,13.2041151331023,12.2118025332156,16.2355624557295,15.7924359202143,16.7968448341281,13.8623101081892,17.3003057849868,14.5828506141224,14.5842874539682,15.6285754081517,15.251657551562,15.5405427526693,15.4703843590539,17.8014376119927,10.4459928738807,14.7390306437961,16.3064630388521,15.1356426781891,17.073262337178,15.7685449173943,15.621847510016,12.870206703318,15.5841941314946,15.7430398852815
2021-01-15,13.9568792071062,13.7224395245859,13.558450330933,10.2290943560698,14.335376106267,13.6351761846358,12.7220779330306,10.6623804492365,9.88857932992169,10.0594023907264,10.1397058615227,13.314036393933,13.1817713792509,14.0746606416793,12.5480766418557,13.9306145236635,11.124683684753,13.6720043600259,12.8926896706813,13.5508198220261,12.2889509905484,12.9554339712985,13.6674166520051,9.86202938309672,15.8869366667586,13.9819106157502,12.8291194135989,13.9489102479845,13.8445457442587,13.6803207848827,10.2014547461315,13.4063357275501,13.5239920023261
2021-01-16,13.7773316958095,14.2219737504706,11.8306809188423,11.529478709037,13.0382814732635,11.3108909276468,11.3856316843346,11.4298233342222,10.7739480599398,10.2727660686203,11.476834075416,10.5026582561418,11.041557095037,10.6955317654805,12.6494256386019,14.0307507228597,9.91245343572911,13.7583343512144,10.9258109405369,12.4307277017986,10.096636851617,11.2488698485201,14.2425657830942,12.8537009076391,11.2394488125852,13.1367744700031,11.2726221586003,12.9571000151789,12.222168377718,12.145114626566,10.9903234433715,12.0070333864119,11.2288533710765
2021-01-17,14.4180108789299,16.5791284628588,15.3348050224862,11.0119156496936,16.9969121887568,16.1975449079635,14.8389418384187,11.5245227310966,11.5316364331732,11.1328299045425,11.4602372540859,18.469872449047,17.0498923366963,20.6801979615397,13.2403036105123,16.562575689369,12.7266626307138,14.5589284180571,16.2154927242958,15.793761064716,15.8351891446622,15.8991193847954,16.6538026322993,12.3939646836093,15.3356067292302,16.207156165215,15.0594069802486,15.7429439816113,16.6422953827784,16.2686742250305,11.0231252706875,15.9444610442726,17.1351709067634
2021-01-18,14.0430029491087,15.4260081817571,11.8050159302972,9.39565563938961,15.1904949775533,12.4656157879071,10.3085780218464,10.3644893632142,12.0927636922616,11.0359281588209,11.2378567123947,16.3650774950011,13.7399661565957,17.671625323771,12.6865491771761,15.4800123235322,12.3873081105323,14.1096881543481,13.9907951916518,14.8756245738863,14.5767654975203,12.3557119622345,15.5510048340654,12.8304599286714,13.1012416831572,14.2895184029582,10.5644175184319,13.5369372435762,15.1999660705626,15.0118337462564,10.298114237142,12.4444347536388,13.4321930875314
2021-01-19,14.050578235661,19.2440246210831,15.2960279917607,12.2881742151812,14.978762379793,14.9587730410041,14.3326613707518,12.7229724178212,12.7689084848013,13.0727000012745,12.4674210866537,16.6562965902071,15.5223932795259,17.7283388132099,13.5565718350531,17.9156546245058,14.0332415425086,14.5290338220206,15.1038455062832,14.1589765679341,15.5446534521612,14.749059191668,18.9384064310408,11.5817621152757,15.4450827775828,15.9027308910483,14.3706296485251,18.1347870715472,14.4122787410687,14.3834950146438,12.7100552915675,14.4902205041085,15.4690854459477
2021-01-20,14.3415901893122,16.2875794880873,15.6658811313052,17.8459117499973,15.0008741348076,15.3474838399093,15.1667941320399,16.861482745925,12.2668218469415,14.8035188768887,14.024029431892,14.4437037801256,14.8042935468454,14.8365215227062,15.2294673323069,15.8088684101716,13.8907879053729,14.7644353399789,14.4565433798649,14.7614427707902,13.9919431096213,14.8525623130925,16.1248937709925,10.1635557298964,16.9755865456078,15.3133827529626,15.1644518704212,16.5736952400305,14.5531076686376,14.4494772102382,16.0863799856474,15.0720916189393,15.1121397751198
2021-01-21,14.2472872955096,15.389064222428,15.4295292666847,13.2401274349966,15.3660091802883,15.6880078856506,15.3673105118422,13.6105189076457,12.8516892287779,13.8363946072687,12.6818643989815,16.2139896774438,15.8482005934092,16.6258813009533,14.0605332657252,15.2880565957139,15.0444798843146,14.3537536557644,15.6931674407928,15.06368740738,15.7567496144897,15.5855667449985,15.433972504249,10.5780430594658,15.7812686961083,15.1882838470714,15.4380353837572,15.4799088583518,15.487746230638,15.401449084891,13.4848386397133,15.4395699328615,15.8554413947214
2021-01-22,13.9311323120092,16.5834202841513,13.9217228380826,15.3990124794588,13.2116377758473,12.8575752906418,12.9561871490805,15.1218933587479,13.2138269558332,14.7156400054617,13.7469689102075,11.1967998582164,11.8795902631718,9.96472118759189,14.4124392013349,15.6987016971386,14.1924719559236,14.4575654903357,12.5085848303049,13.454249843579,12.5182445316691,12.5017875119088,16.598953706108,10.9454953343769,16.2598739893296,13.9360456767875,12.831774832316,16.2482092562696,13.0126769699498,13.1406375520089,15.0165139731116,12.8874351180047,12.0322166139304
2021-01-23,14.7065137167634,17.5176061139678,17.1070601417637,16.6867263833227,17.4613183482983,16.8136079433596,17.2504058162856,16.7850791538145,15.1628932345801,17.1097548719291,15.0312035565575,16.7795945821975,17.0248571042765,16.022450113938,15.7386897479926,17.2064422235051,18.2291111012949,15.1172771505445,17.5535032290911,17.3846459871613,17.4911185076289,17.3523133893246,17.3458934136392,11.237517137501,15.3527736039504,17.2111143472154,17.1176162939706,17.0879057680473,17.9669410385013,17.812857789921,16.6522006233947,17.5291817329933,16.8105394816406
2021-01-24,15.5504231867089,20.6280389426575,20.6824073997111,21.6918566794837,21.4197501494457,20.0892298427037,21.895267329492,20.7962466874514,16.0553371719432,19.3164327121187,17.2672236507195,18.4986272548381,20.3173371262065,17.762336702642,17.7728036801782,20.1857408518159,19.9964443250284,16.4165845535733,20.500363682228,20.6150518403951,19.0274054658043,21.3239154770278,20.2972598733551,12.1676183948019,14.3075090319825,20.802618758394,21.4981870661482,19.5263127916591,21.7261836557915,21.2158527542558,19.908414042973,22.1676301807132,20.1926851081089
2021-01-25,14.361386083627,16.5523496995471,15.7918050300677,15.7483407125198,15.6074823136323,15.7245537283486,15.14810569885,15.448146692885,12.9642229769062,14.5885271185317,13.6872744914131,15.7208908114226,15.4873332822561,16.1486461092637,14.7947510791971,16.1615927326891,14.7160206483641,14.7236889351328,15.3325740095083,15.3228449917479,15.1895096978407,15.2856474959083,16.4646385928675,10.986404651724,17.4292607441389,15.6280374363302,15.2124841739447,16.7058364797973,15.4590250277561,15.3348129524649,15.003628166123,15.369376364867,15.6609900883924
2021-01-26,14.1343180501285,16.4106813871133,14.7679644349606,15.1499582012276,14.4762309277447,14.9396701711422,13.8069167874947,15.0010021703869,12.9751990138011,14.5690534262614,13.445777329295,16.6785528485797,15.2857500611284,17.6199538076943,14.5115275699828,15.8225115776368,14.5896740644116,14.4697176811631,15.0351682484312,14.4622977321314,15.7054612846872,14.4404591139211,16.2593653534722,10.5112000840497,16.9377593729163,14.8443127995739,13.9866306391027,16.3994356884061,14.3412660183585,14.3473938378941,14.7667790350247,14.0098482682293,15.2759986925804
2021-01-27,14.8972246102747,18.9613743885673,17.1518980392795,17.4767476578522,18.586823018138,16.7413292710514,16.7160468069601,17.1379972249593,13.8433223174481,16.1499648497535,14.6052915162344,16.9005742047571,16.9838499210547,16.7675104929254,15.9001501499597,18.5075250131628,16.7947969300832,15.4855374393388,17.3258325406633,18.0552991448312,16.7324068517545,17.1101435680021,18.6540500619352,10.826018615021,15.4536813683778,18.1438720761432,16.5855457097939,17.8746179645477,18.642032450973,18.3010461866558,16.4582745615442,17.7381077927326,16.8978749902018
2021-01-28,13.9254227231561,13.848577096613,13.512888776523,12.0727815067684,13.712689471498,14.0543210193915,12.8113054470108,12.013314428078,10.6305602966022,10.896058993217,11.3609615725004,15.1457715956437,14.1589071800022,16.9360923274535,13.0070377073734,13.8716950631034,10.9917432996347,13.8081828290813,13.2948776374221,13.1089072555923,13.1677218000408,13.2672668470491,13.8342826044646,11.2283687072688,15.7472678380638,13.6523895298219,13.0453609162814,14.1082185905918,13.1011201223009,12.9946704261721,11.5132238322884,13.1409984018045,14.444068797812
2021-01-29,12.4364351993093,6.57070053122523,5.31461584590714,4.96157673761977,6.11394297600602,5.15277396115009,3.72477260720877,5.52417150643318,6.56318468004295,4.92304757968736,6.88677189630824,4.27876799865894,3.96902001576739,4.35252486353459,9.34523075389726,7.24559347451218,4.09120070720173,11.4677006519176,4.06914706523841,6.46038869828153,4.13598293763644,3.83089671572103,6.98315505939752,9.61471762351816,11.5965312205894,6.3826423342237,3.92657163285157,6.81298548574343,5.14092596805088,5.50949855114297,5.49272325729589,4.25581188135584,4.42579113770167
2021-01-30,12.9635573780867,8.21668983749931,10.5155080390119,7.45233922473757,8.50632211118328,10.7444149854142,11.3286225743173,7.74177584113807,8.25468159527345,7.05448552083112,8.6926451030153,8.17457767416158,9.59608861661346,8.89607869835737,10.4950818019359,8.73103083324715,7.00259586440648,12.1785150335495,8.42503756617037,8.02972555675149,7.68547086412338,9.9410655561623,8.72739323754823,10.7914822489699,12.1740177394613,9.05559292834918,11.3874968992638,9.48974676654935,7.56317894399411,7.80360158167662,7.66996296966535,9.86571677809867,10.2233429546776
2021-01-31,12.7165912135701,7.41217274675658,10.0493955416743,5.31460778341986,7.49089333364597,10.1796063306757,11.1604769547224,5.93274638002825,6.08995251944889,5.36933183337184,6.47197463971876,7.0158799902402,8.86350340460402,7.67882638388875,9.58487510502255,7.91867733422314,6.00577699254545,11.7244854342245,7.52541737074653,6.81208365937479,6.67741936635686,9.3867004227349,7.94768400620421,7.35361792567702,11.3109311996226,8.30158205689105,11.1778512602232,8.83544069125824,6.38576997212395,6.69546159398529,5.84813440920463,9.28143617197107,9.55496728384131
2021-02-01,13.0101286927968,8.68851336061928,12.2140331013076,5.67270584051532,9.23153328639488,12.0079151725046,13.9868082827184,6.42779731838755,6.71437888938097,6.12386138818123,6.86172986365204,7.56629968606978,10.5056017920938,7.75898898004253,9.99737634001986,9.11143750357315,7.54228443397362,12.0047297564037,9.15653273061939,8.08276623115759,7.73277864719137,11.6128757090045,9.03558358088254,7.435638012325,11.2123391869966,10.0758106206491,13.8274868937295,10.2148190217753,8.16244223970099,8.36726617311757,6.3402630881766,11.7616443710573,11.2244741552749
2021-02-02,13.1592732929694,13.2999924779311,11.1489782097033,6.84592960727243,10.4447455090366,10.3314303646323,9.84544318986238,7.59712108840171,8.98754097655357,7.65762374959946,8.75847095318069,7.99361315651679,8.79841319358665,7.81311885643727,10.7381771374795,12.8281621725293,8.23791140701736,12.9150679600754,8.70132652105318,9.74608443272352,8.16111151791509,9.18819930068273,13.4745856987142,10.8006506475731,15.7295633242631,11.1834737763201,9.85239206334114,13.4493573388871,9.44603888490971,9.59404957638421,7.62180594526874,9.77529950933948,9.38658570804693
2021-02-03,13.245028357252,12.7262613837285,12.8830699369069,8.30048657926635,10.4208750844858,12.7996423744668,12.8005574714861,8.77256646494136,10.2832038211158,8.79262136445683,10.1507738190356,10.9252759706432,11.6932144377309,11.8324766092923,11.2000449343254,12.3213883571114,9.16487461479942,12.9874051091931,10.6023308478461,9.62496847002595,10.2269409838669,11.7164766045057,13.0202789966596,12.6119339339601,15.9443262071802,11.3941812960894,12.8964929944788,13.7604654460092,9.46214838208165,9.64302366011923,8.90284429411308,11.5100594904686,12.3118036663439
2021-02-04,14.6186624252283,16.1139976082813,16.8885199856585,11.250830024724,17.9352894828681,17.1677521940666,17.0233556225408,11.5032836587215,11.0469853075371,10.3409870385776,11.4369757105379,15.3035294838783,16.4862345552381,16.4519802533321,13.2316242233556,16.4105081300632,11.9809273250086,14.7169221190548,15.6872246047761,16.1878354446482,13.6948983301673,16.7319870921642,16.3636095888172,13.4185403442633,16.7567624799103,16.7942235249333,17.0223952420412,16.0321718678455,17.3786917255466,16.843861742245,10.69851469573,17.7159800181683,17.074812589402
2021-02-05,13.3387986307361,12.3361822734792,10.7620473890227,7.62094574788427,11.2383466738508,10.2658931139376,9.12981369297348,8.80809677000827,10.6301382325807,10.0734276375718,9.59660155091643,9.54693568976692,9.25579205595363,8.54752629429076,11.5845058053672,12.3622117506708,11.3080483937016,12.9884150396936,10.124783198689,11.4361748395704,10.502042835287,9.4286916831356,12.5018648810315,9.59256695657346,16.1357505266366,11.3138739228488,9.22386602510887,12.56641813314,11.1918350704143,11.386630788081,9.1478465619863,9.78909709404488,9.43215367005241
2021-02-06,13.743235091714,14.3197783631341,11.948342801866,10.4961638110842,13.1010778261154,11.1660402352203,10.2127110639909,11.0212416681341,10.468196313278,10.9450028471053,10.4549047668181,9.78044211532981,10.0053536949219,8.75318441729375,12.6608892010992,14.1777175800685,11.6007660192384,13.7478561696426,10.8940527762144,13.0312233618314,10.5898232617249,10.4322945551089,14.4088750195863,9.27620005922124,16.3999907144,12.9452057507566,10.2091776807928,13.9962294507873,12.861213612532,12.8639166993507,10.8148351661478,11.3072021369818,10.2751479743649
2021-02-07,14.962495746471,19.5084093659801,17.9585032619605,19.152328194486,18.4968074442329,17.4508037257703,17.9253698146281,18.9385166348733,15.4303794502939,18.8468795342027,15.7550268612118,17.2752416989329,17.5992531136982,16.0581516199324,16.811459506755,18.8758516576177,19.7990316854689,15.844422777502,18.4659085012658,18.6414415986179,18.4238313483404,18.0954708042959,19.4512718677305,9.39263465876103,16.2534966725282,18.1781084963058,17.7462342318584,18.6012148935076,19.19381477424,19.0027360494895,18.5982055808238,18.4006823295994,17.3236253084685
2021-02-08,14.7200528140552,19.4664370681969,16.3802238748349,15.5122667811558,18.0473888473959,15.5741252276747,16.5150650916206,15.5733470006626,13.5354193733545,15.2062735821077,13.7763956932346,15.368686193151,16.0584823731548,14.7115191400387,15.1755061492646,18.7519436137497,16.3758765794815,15.3188557076557,16.5467103580218,17.3134396008062,15.7918581452525,16.5761232976963,19.2215689026226,10.8255126311993,11.7750075087916,17.8850310220816,16.1961188228449,17.2879562511482,17.9948457761042,17.7082919501947,15.1133861998542,17.3763887981395,15.7995893307625
2021-02-09,14.0954357552229,17.4590640409876,15.3275805176431,10.7841697017477,15.3251281557442,14.1966077121955,14.3927927433326,11.3460532376491,11.6714752905157,11.4009101037426,11.420974078865,11.3206189305283,12.8196055595307,10.4802145361636,12.9722543537876,16.7731600645843,12.7366649144269,14.3394018239549,13.1389623903526,14.258086567259,11.9954185437215,13.7152208092091,17.4008048845729,11.7734181962974,17.1134244070878,15.5250907710527,14.210060452867,17.0986177999151,14.7688998642433,14.6096770277393,11.1418005313831,14.7658938144846,13.2657968278564
2021-02-10,14.4552357355974,15.1462395918009,15.853731696941,13.5787166413039,16.5172504202026,15.0868682722715,15.5589663258641,14.1052617220266,14.0278236001758,14.747455591811,13.4790430520009,12.5130066001638,13.9996810791163,10.6204978741818,14.4778161328907,15.3668734910808,16.240995665573,14.4381954383808,15.0712491309727,16.3423353100476,14.2762458292176,15.1853256151311,15.0629209042096,11.7889931369907,16.6088741192952,15.8908001797286,15.3600796895964,15.4504645050791,16.9611495725772,16.8010201172747,14.0612301304552,16.1254259180129,14.122810168581
2021-02-11,13.086830485524,12.1036299448789,9.47174017678689,8.47118892150155,9.52715656258372,9.51012067716196,7.39180884373234,8.95264148326462,9.06276306886556,8.75359814391134,9.19296605049542,10.1640370136936,8.77410267571459,10.8360020179525,11.2961093476358,11.8776428604311,8.54773569568793,12.9475079474023,8.75504912298628,9.73143334500742,9.42398704068971,8.01370050555692,12.4502121897744,9.38362393672609,16.7054712365121,9.93537174984388,7.71253427189717,12.3041834062366,8.91323532597226,9.15474905305006,8.92325576015622,7.92110756310777,9.12645129455042
2021-02-12,13.4513017986769,11.1339914896334,10.7972099842363,9.86683239150081,11.2353511036747,10.831479236332,9.32122650382482,10.6780398950316,11.7802683626298,11.6831298047001,11.0464629726602,11.1713633350085,10.1987203673929,10.5524870064075,12.4183632343286,11.5016194714505,12.2613628401798,13.0619255928685,10.9647493530852,11.9182682120843,11.77510963812,9.97305805819426,11.3229151653412,10.3900352777746,16.5180230974018,11.0752515796848,9.53749559033857,11.8600823381733,11.4861314911331,11.7044918710475,10.9945654845614,9.93202644730467,10.2709855801705
2021-02-13,14.0726326463882,16.2941588557866,13.6922459213491,11.6873422698716,14.8859400561563,12.9162673648741,12.2073664448884,12.097367686366,11.2102698220331,11.8485279420978,11.2825477495982,11.544006702258,11.9372182652639,10.7588815122873,13.3081565329279,15.9390526063134,12.7482649505455,14.3254098056416,12.644992305994,14.4630236588509,12.0556608192515,12.3748135283782,16.3425585237409,10.0054334091544,16.7990097806202,14.6384228575974,12.1574253649729,15.6698475980805,14.6335828189976,14.5032467419628,11.7585371748009,13.3186557249492,12.1993719796912
2021-02-14,13.7227668829136,14.4153670108768,12.3047725299967,10.524370212633,12.9889497356221,11.4674145933812,10.5920392854442,10.8740767120289,10.0331380101831,10.3693222493543,10.3179705323477,9.50876939212524,10.0489035744324,8.76468385777383,12.5136034857312,14.1969868750913,10.7982581492875,13.7152663776953,10.6281697702908,12.6616381815533,10.0397306185922,10.5253264490361,14.4662530614079,9.62338642924265,17.0343800719719,12.9906268006802,10.5870567814166,14.3669392509899,12.4846667120925,12.4630200149853,10.545844687129,11.4561224644427,10.4878904345656
2021-02-15,13.6691303424067,14.7510895443976,12.5193016593563,10.6124157042634,12.6797076009315,11.9926086185076,11.1200541952949,11.22574763489,11.2319741098357,11.6422062007381,10.9223263243732,11.5995966349578,11.3047005531575,11.1168434376445,12.7199207567587,14.3374222128835,12.4013172295143,13.7048194522274,11.7975127722591,12.639366255735,12.0311444067176,11.3291483605799,14.7910235711521,9.61424951831689,16.3179180505462,12.9822191424473,11.172887746827,14.61233762548,12.4651432731168,12.5650628577284,11.2618251032816,11.6010596742977,11.4613584602022
2021-02-16,13.2212416048852,11.9448430281352,10.3634070807521,7.52108468878911,10.5768979616264,9.54974062014463,8.66795069086343,8.2042209285429,8.21132878334691,7.97016202958853,8.27995634297306,7.28850575374823,7.90443891072783,6.60754508207554,11.0673918405315,11.9262667291695,8.52149204176922,12.7990814241142,8.32473708513588,10.2825596504354,7.85655362160109,8.37661949640146,12.044550698171,8.3283655246929,15.9764373231046,10.864100086217,8.69929793262795,12.3059038565267,9.85044651773721,9.98146711313188,8.03927818819988,9.18569540204011,8.43642330747555
2021-02-17,13.1942695299875,11.534188095714,9.6206333797765,6.27717134664012,10.6529168759282,9.01428235455977,8.74780451865765,7.04049194452651,8.52342802693842,6.84307669825051,8.38117682156936,7.42601641435439,8.11664183593199,7.27785332022423,10.5214392856547,11.6537583388526,7.37603171641933,12.6511527818193,8.17292564572744,9.99616650202329,7.40070961162192,8.47798099398644,11.6758548566136,11.2474443815696,11.5599516613777,10.8105816457013,8.69364079278431,10.8650566369788,9.71950750462901,9.78319732427627,6.92375659079057,9.33527043027894,8.47908167668218
2021-02-18,13.6941423505611,12.54960540683,11.4972477755664,9.23197505574013,12.9198236152728,10.8574967612033,10.8761229980606,9.53375963343932,7.8881605211737,8.27273244322011,8.64638029289832,8.51517708312041,9.7950415739815,8.13461501545343,11.8349714213809,12.8438706888602,8.94715337249901,13.340805542898,9.94878640139357,12.1599819937407,8.6070715754875,10.4892408013946,12.6442700837762,8.13973476165478,12.5560659699762,12.5911779241876,10.7523379375089,11.9742956072127,12.1522263195468,12.0287390157605,8.86530551886542,11.6925037435675,10.2137596036108
2021-02-19,13.2476845505176,13.0197244293723,10.2449004090005,6.99075486738227,10.8770209831658,9.73920227824431,9.17482015503089,7.75384186643647,8.79763612184576,7.70356404944523,8.62883103079897,8.75575116667721,8.97348657248816,8.7922086331622,10.8861366739289,12.7763269449521,8.34167565763402,13.0288744704766,8.99280208494616,10.3317218239441,8.59354322820227,9.07616364278906,13.2901472874094,10.2880513579781,12.9575725637613,11.1876478648463,9.18520397503015,12.2310012053799,10.0503373230393,10.1440121404544,7.67432101422559,9.65650831900214,9.29477801109211
2021-02-20,14.0653064524073,15.5107887238425,15.3489393921178,10.8929779142399,14.8316061103561,15.6057020695501,15.2216480700787,11.1805793193156,11.3158230153799,10.6561740157218,11.4606384502408,15.0089158001178,15.2331596343616,16.4067523391429,12.7670752293246,15.2706170841391,11.6254786984283,14.1293952168267,14.2527797624909,13.6478432736451,13.4710999369399,14.9508067399522,15.6676576328201,12.8690740631992,16.4579300646937,14.8093430157844,15.3195915485126,15.720707780999,14.1707700703027,13.982186686547,10.8397076074396,15.0828371154493,15.6764665682444
2021-02-21,15.1299029481102,22.7406836411983,19.1637601381441,10.0468487952526,22.0040377579902,18.0472100609911,19.4867577926045,11.1346599833953,11.6451078012921,11.1680306212984,10.9793658145228,16.2251785828257,18.2147716988522,16.1483883438537,13.6108939978736,21.9151920395857,14.9454712808135,15.6267883931408,18.2245353044261,19.199501873927,15.6816345026858,19.1767708830754,22.3469439566146,11.9868320079497,12.1026266702344,21.2477606543675,18.9940070338497,19.7692634001973,21.337150235196,20.5824455156166,10.4148581454587,21.0226275722107,18.2916036005971
2021-02-22,13.5392067922826,13.1359495362931,11.4984863960652,8.23692310248993,12.3190728491157,11.3888023245349,11.1778168561451,8.68600604124435,8.35782134058959,7.84097742823443,8.76201596636848,11.1290330734252,11.283504159644,12.1459710897393,11.3742054511413,13.0933174114283,8.54864160156001,13.1960488009568,10.6530346773974,11.3273925788915,9.92027871123165,11.0904272670049,13.184936776374,9.77429500794719,11.325652265666,12.4733555131859,11.1748681907612,12.283732035759,11.3305477097841,11.2713443110673,8.24902769717929,11.550218441395,11.5510718621549
2021-02-23,13.3827496175185,13.2349663367133,12.7029206565319,9.21065972879627,11.1421870919037,12.8814547423349,12.0400302536064,9.27018087923231,8.35613999080645,7.97939342807066,9.21099178526515,12.2008248179207,12.1289131902078,14.1570517733618,11.4073769783649,12.8582104955174,7.99176543948018,13.1626656899604,10.7017203077298,10.1105422476823,10.2411980125166,11.5387230439346,13.3539686334215,10.1525935602586,16.3234627291608,11.9166855125971,12.247912043691,14.0135272211599,9.86578472689853,9.9112284987383,8.83204502064303,11.3989124389566,12.8002181924106
2021-02-24,13.6623770569259,13.4378242805029,12.0287351257485,8.25739107623893,12.9930859725718,12.6208813218404,10.8836952305816,9.00789427158639,9.3083918606082,8.86320356455187,9.17964334348993,14.0869959241712,12.7031195231037,15.6513006485093,11.7120227398837,13.5253400066707,10.0272482964992,13.4693410410412,12.1891821175452,12.3795882383593,12.2646231190741,11.7231204394114,13.6849673160381,9.74923624626944,15.5311958466303,12.678815964544,11.1716185135403,13.235666675799,12.4979588839286,12.4278833860306,8.74206788923266,11.695342762492,12.939349995412
2021-02-25,13.373177556306,12.3173973878634,11.2927004870758,7.86070870036925,11.4675081435488,11.909104060282,9.71887487042672,8.47213011242511,8.98432783420335,8.17283998631549,9.01389680798405,13.9633528280687,12.0072437545776,16.1676578720566,11.2495465561766,12.3314998013903,8.70947959617856,12.8604631137755,11.114699379668,10.8645319963908,11.5864274612378,10.5899063359544,12.2104647679373,10.3019847690214,16.1820527659861,11.7462170535376,10.105753995728,12.861461411058,10.6263144668216,10.6743772636103,8.28597746219731,10.2170677225986,12.3283891997757
2021-02-26,13.7372623260591,13.631236804234,13.316365034461,10.4151036538524,13.0199480672255,12.794235401724,12.51845335455,10.6236722764353,9.86952144547778,9.81288071886834,10.3439354102329,10.6674911482955,11.5865257183421,10.7787291605304,12.3186402110282,13.5469261570281,10.2594849967612,13.4790800299586,11.3334300163738,12.2315064922381,10.4366626812211,11.9592350889596,13.5562707442444,10.5722754669472,16.0962997674621,13.240644988385,12.5054336362208,14.1429867808598,12.242575848469,12.1887927919986,10.2340295396581,12.6100089073321,12.1244305987759
2021-02-27,13.6945005282048,14.5404181316389,13.067003485117,7.7816511610602,13.4642979058107,12.8993044797117,12.0299525392526,8.38552901003118,8.52967993324069,7.67109819322887,8.73166842343216,12.0335269347547,12.1829822039472,13.2411275292799,11.3678434017693,14.3351932691277,8.82592493601752,13.453938810332,11.486875494545,12.1036142315231,10.5506327648191,11.9479558438246,14.5319088909155,10.3879100696479,15.6893890300815,13.5388646457193,12.1160400556983,14.4216209008534,12.3999832022427,12.2406008349898,7.91653157660035,12.5404069223416,12.7286781777884
2021-02-28,13.4467308386211,10.0052730671356,11.2461708869938,7.92321889898255,11.4603405617342,13.2802820399453,10.4976275351031,8.36940774315616,9.40530814777259,7.76026654529855,9.55677682024171,17.0476099773392,14.1220197265427,20.9381917701008,11.177887334266,10.7366050058052,8.06072284867042,12.8205739021622,12.3074388143442,10.9102143678411,12.9426050288695,11.8242476062021,10.356920843966,12.6986359269619,15.9398178803338,11.0083738142488,11.1517309472282,11.0638629496675,10.8017601344148,10.7714754942877,8.11501464520407,10.7897285212105,14.4513778944773
2021-03-01,11.2302699212506,11.0004342183621,7.87761876888407,5.67260421279896,9.13654462188673,7.931980326439,6.66076313670649,6.22188591449473,6.68391733037392,5.75053569026304,6.82478789994721,9.2915194378068,8.13334642313079,10.5856467745217,9.0479120932552,10.8027630934535,6.03717012705695,10.9663136329583,7.7163350819231,8.57351991025322,7.7792384666274,7.31787954071538,11.0820742785128,8.43165430037137,9.92268730535631,9.39525638814834,6.81421507990953,9.91154295655197,8.2152688723115,8.2621191764842,5.98838962884582,7.48534768878617,8.27781589300828
2021-03-02,11.4336243851829,11.2824073707013,9.01196650913863,8.08172010479799,9.77073118469542,8.18391344205295,8.14948064959413,8.25919475461656,6.77075677663239,7.28535611951124,7.45603737934278,6.56108014971595,7.34453484157945,6.12338810912906,9.99470838185769,11.0866050903138,7.39293329461828,11.2543932137204,7.55517628628645,9.34545944510308,6.86183644843096,7.82112178647487,11.280377970603,6.5527030265842,10.3402602299332,10.083814533198,8.03470248241788,10.5276709189877,8.98004410548551,9.01710724245982,7.8281147343973,8.65452907622105,7.62840532906545
2021-03-03,11.9500846670659,14.4769382009792,11.9140474595683,9.32768485612619,12.7475316789542,11.4945749626665,11.3571926462827,9.49180272426259,7.94945865924186,8.49436318628759,8.5448868828035,11.2084437062827,11.4185316368517,11.92049388225,10.8467722295805,13.9478482256551,9.26542239016247,12.0952314311004,11.0410340934535,11.6715003260765,10.2557962095909,11.3447077945411,14.3479543738695,7.78465191415381,11.2993855889404,12.9180023930691,11.2849651273792,13.337742464686,11.9397466501535,11.7578043518882,8.91377696567135,11.9326905751267,11.6218418152103
2021-03-04,11.5466555846893,12.9703397118262,10.5883947248959,7.61824185816982,10.6975016756186,10.0551252730552,10.047696354057,7.82573843748574,6.81710092403706,6.7741977136226,7.45672415546754,9.23524152800194,9.69038799346356,10.0705701883151,9.83466961126213,12.4197874237883,7.22447142154085,11.4463370736692,9.05141973677216,9.57639484118423,8.26719445795893,9.66432837203313,12.837041310503,7.71088253170449,10.6049124941158,11.3174253559706,9.98056388595225,12.1642074764775,9.54948084836372,9.49693743924463,7.346088695039,10.1678681922415,10.0296941139803
2021-03-05,11.6316326354716,11.7374779489191,9.25101442324002,9.42583488694191,10.6357110988718,8.96815964746839,8.10206868106135,9.49342782715223,8.02826497233792,8.57428146663151,8.66736825701851,9.20155018164109,8.76181937026033,9.4120115600827,10.6748906342233,11.6331565590899,8.47450943817672,11.6038947826386,8.93937592871915,10.468821227759,8.76522553522008,8.55808842159439,11.7747251756671,7.8059633864277,11.1683517319619,10.6005960146428,8.14418622334315,10.8588316102642,10.115749769667,10.1023148583177,9.06706903786376,9.05415425092617,8.88223680004323
2021-03-06,12.2335127803937,14.3645312003073,12.1708671747282,11.2096592439142,13.931828481936,11.1913913960153,11.3350405073176,11.1333753311351,9.15333359751748,9.90319129430281,9.91053054380532,8.98275235462783,10.2857530345968,8.15662788356791,11.7326363422263,14.1651567898163,10.3352395996335,12.4607835938955,10.834833522275,13.1603455136311,9.43981102609038,11.1315883287342,14.2629999083943,9.03473734938127,12.2675931947094,13.5040884460713,11.116174937901,13.2663672444893,13.4502539292148,13.1712267470388,10.4384988967256,12.5244470858302,10.5651830466036
2021-03-07,12.7858754536753,15.482425618256,15.2892515781183,12.5530453086721,16.8107530742943,15.3084538961091,16.098514448522,12.5571785805444,10.1283802086186,11.5016112683163,10.7253986186199,14.9324749548505,15.7859488585182,15.5041315553875,12.6943270267957,15.4800495438053,13.0900205684144,13.0461287044391,15.4077226432516,15.5308763854532,14.0202685234645,16.038495392813,15.3624868858965,8.69687670826996,10.539471705677,16.0111926646564,15.9102409773307,14.2719684470732,16.6308491165321,16.1612885843044,11.7575999226983,16.7583798627934,15.791503715343
2021-03-08,12.3244434285603,14.9333326351963,13.5586601350429,10.7687457537612,14.5214898114169,13.5092695071297,13.834180933904,10.8612263704153,8.96673967110494,9.85922218491565,9.55064538746179,13.4053233107692,13.820658054391,14.2828846167366,11.6650914827699,14.6315473287443,11.0380011338121,12.567768311746,13.273799094448,13.3407305471192,12.2699254438795,13.7880665505507,14.9060828731856,8.25560774284935,10.7645646207258,14.2523507690919,13.732653739988,13.7381196821719,14.0140094141149,13.7075539154438,10.1992743056715,14.2895325052331,13.9209323601648
2021-03-09,11.8496679962491,14.3225319651697,11.4673994061777,8.95503448845714,12.2579240656596,11.1988746728862,10.8213985907623,9.18284189426918,7.54748512616665,8.26344678085699,8.11969149382946,11.6941503933689,11.3994293105825,12.7260676181927,10.6662570233187,13.7348006027786,9.06072335813816,11.9664932005517,10.9142111771043,11.2571245398168,10.4468981721667,11.0188380668776,14.1760452335805,6.93040451487111,10.9921096496798,12.5584397833327,10.8051449847555,13.1202181501743,11.4305602747025,11.2965216217681,8.63833281657881,11.3751414545821,11.5339280742325
2021-03-10,11.7407541141082,11.9856092543184,11.3662738024911,8.49337673551353,11.4620726834531,10.9887079902949,11.2943361448943,8.98289078600879,8.28785610825297,8.8418225458432,8.33599516566857,9.99158088554781,10.6356580850237,9.90729176328788,10.5745635404002,11.8727216249128,9.9633677007744,11.5342373752835,10.5447224874324,10.8546732381627,10.030205259956,10.936608148555,11.9335964916374,7.03415727297046,11.0327602006625,11.6454256596001,11.2033110632793,11.7020125064844,11.0453418220683,11.022773429609,8.76025934467692,11.3190832176224,10.7890149017302
2021-03-11,11.4223168149417,10.7579957529559,9.05500622482082,6.21878872741804,10.0805548413893,9.32248965344243,8.13554782953564,6.7332311729554,6.15982325256649,6.01301282228263,6.51231129080159,10.4385365094034,9.47221223418644,11.9237428204221,9.37327014402,10.7960156394425,6.72939184859053,11.0616126870726,8.86675771842199,9.36627596810948,8.72259012619517,8.68423390373196,10.7895853486588,6.72197692637155,10.8910244417093,10.1122884807102,8.3081423368812,10.220351980613,9.25636453669226,9.22469128039391,6.31409257243324,8.81875812578092,9.68476999046989
2021-03-12,12.3292022322236,14.018621351118,13.151361271214,10.0977947189773,14.6845971577133,12.6502323609813,13.2238346119883,10.3601423422037,8.81457720060254,9.53652374463163,9.21290526896041,11.2204149282949,12.398440021513,11.0840386901504,11.4980191706454,14.0196811637962,10.942546937033,12.3350492587805,12.4324496898387,13.5479865035607,11.0335509185298,12.9862834822751,13.8660041767255,8.14805208742483,10.7117052223364,14.1664430415176,13.011275526524,12.9950111883699,14.2738174880917,13.9414912497549,9.71327871997343,14.0302593932123,12.5553255446139
2021-03-13,12.6602148430371,17.2920878055954,13.7180657753815,11.907676878512,16.5767805898228,12.6324588767034,13.0916983709558,12.0195194220553,9.41159053701312,10.9543763671069,10.0073431941877,11.5836673304765,12.5823949259498,10.879047212451,12.4555051980498,16.7853126817588,12.3270479229573,13.1151400582902,13.2500288288401,15.4014758924282,11.7878714543493,13.2897526875061,16.9377465247259,7.59769810438287,10.4988700326166,16.0006137419159,12.7586536730811,14.9801632589476,16.1976401731799,15.7491483754639,11.1734478191022,14.8100840646732,12.5579341333661
2021-03-14,12.5963800512482,14.970659459054,13.724994729923,13.4886384888621,15.5590612272872,13.3355836946967,13.8723880059051,13.2457161786893,10.3227650166154,12.0147427938118,11.1716511603337,13.0259953595615,13.6544195540241,12.9780337408061,12.8633798132873,14.8655449713288,12.7145591339513,12.8452679503923,13.7872460088977,14.7946362445263,12.7521220984779,13.9873902259585,14.6996288986964,8.59677072199284,10.1556802789929,15.0273855931557,13.661942577839,13.599295306927,15.3673765392969,15.0218795017505,12.4911817576493,14.821350271093,13.5847489442957
2021-03-15,12.1592349140843,15.4310628273157,11.8391049465723,13.2379019018437,13.1471304691016,11.1350202705155,10.9341129550746,12.7113170502167,9.45692200378777,11.0330791015703,10.7358569956326,10.8713239110292,11.0200544259187,10.9346210384304,12.2949342999501,14.7421379807675,10.5860034180205,12.6863059169945,11.1659372839775,12.6649251515359,10.5411804521456,11.1112666121885,15.2992057002217,8.49462604653663,11.4927851575153,13.2666688566936,10.814505860279,13.8746529316527,12.5450878887904,12.3748807225644,11.9742543094804,11.8621801557297,11.1090230183846
2021-03-16,11.7286463191958,10.1659728231062,10.098974634059,9.07038253295689,11.1002540666084,9.99246640255063,9.33476390752981,9.28623726554154,7.96350971308249,8.5390234807472,8.44271394381841,9.22501044011048,9.37554689134474,9.20593377762328,10.6619954926674,10.5801466139189,8.95727796464081,11.3946273639958,9.52801870986401,10.8768708880824,9.03786666199713,9.48037773851634,10.203561476185,7.43692202791595,12.4309173040543,10.7098637355779,9.38458067980895,10.3107374414561,10.7886940853824,10.7296410656025,8.86220000842299,10.041358384803,9.63357545158021
2021-03-17,11.222271442558,10.2626107723586,7.93771988307971,5.93572101517107,8.94055025628467,7.16303664872078,6.54072805562484,6.38449759773771,5.75479869941814,5.55550448246637,6.22557490894101,5.26141972399315,5.91901687335945,4.86383035800705,9.08927307168149,10.2442861351951,5.82928660813781,10.9009572374422,6.20276010294217,8.47671954620515,5.4491893241229,6.34452564282322,10.3971734730495,6.53368606945931,11.5206759629139,9.07323783310809,6.51162982029599,9.77666045037648,8.05647281439457,8.10396434396814,5.9912720303694,7.32516386489563,6.36570096266348
2021-03-18,11.7646495927363,13.0334764633823,9.5281832526676,9.09272123981257,11.653012833149,8.31557225339531,8.1401230350236,9.22423484839517,7.52205407526521,8.11897147221263,8.21972183177195,6.37515390553542,7.34017880281804,5.2911652809535,10.6541289448017,12.78401262449,8.31570437444151,11.8228441096797,8.16451964306823,11.1599010443159,7.11030110690968,8.11535671266629,12.9575161225343,7.36838314595912,10.7816721951156,11.5129779508213,7.9362312104005,11.5641714429213,10.9901857875425,10.8699296888378,8.63318791727624,9.55251842680403,7.5766537951798
2021-03-19,12.1055772356152,13.6610106460182,10.9356387158248,10.4037347818261,13.3346842303484,10.2138594858276,10.2597215424421,10.5624663382268,8.89454464532173,9.74151325598158,9.37454154014061,9.52467904456411,10.0580833024455,8.88716346390389,11.4755070754374,13.5587583936639,10.3859075952786,12.226830696552,10.6869603907099,12.8148712678274,9.80685957547581,10.5263619282926,13.5700224310905,8.03199772145051,9.74778754236651,12.8771914192185,10.0691265849348,11.9658026879914,13.009562356261,12.7982959516773,9.9993294224162,11.6406401329021,10.0507249403282
2021-03-20,11.8574793639161,11.4406189982377,10.8934926891656,8.82057608487857,11.9977207236861,10.5669400700587,10.5343631933094,8.98810187998176,7.87999713962252,7.965358338558,8.45247981465303,9.05692289831327,9.92163095515943,9.12490213895588,10.5644587380832,11.6612127247224,8.53790049365331,11.642828123782,9.84171621021531,11.2360370223387,8.72936641172529,10.3088973882815,11.4741029365796,8.58631913481111,11.2642009065199,11.6382576708214,10.4605044585685,11.0353206137788,11.4112529687951,11.2415614434407,8.43614712562854,11.1756343839375,10.2475507959138
2021-03-21,11.6728471969348,11.4014533484591,10.466961492577,7.2178743028684,11.2849213201993,10.5912058427007,9.79701664678843,7.73785344142911,7.02203518779546,7.17395439074579,7.26427567780898,10.581169206562,10.3397720425158,11.4368667457113,9.98067518513713,11.5036273089325,8.23289050069978,11.4430626412127,9.97615342132283,10.5595446300898,9.50240639186607,10.0333136432277,11.5215519327001,6.90711244072496,12.2134747016417,11.0625654561039,9.89859564313155,11.1374097902066,10.7177491395814,10.6194038484831,7.31589841608158,10.3817977963115,10.6147125146278
2021-03-22,11.6804246459199,10.3288090721702,10.0347365915675,7.01780150623801,11.2774990591943,10.0307303386707,9.47855706175515,7.51713455816676,6.86988073763927,6.81878287639203,7.1684505381768,9.20390683798493,9.50171613238942,9.6036268590077,9.88021598737975,10.7509066476883,7.81420593834767,11.2897565658098,9.35825708870214,10.5831610767082,8.531399101783,9.55973042963689,10.459388679308,7.28164609109206,11.5553740135921,10.785488931473,9.51815155818131,10.137596322613,10.7484286757566,10.6180909248838,7.03951114285952,10.2318261425093,9.82284833815289
2021-03-23,11.7937999465342,12.6371399406998,11.094766459627,6.88178245857317,12.1289688651967,11.1145686464628,10.8866217870007,7.4597054752409,6.80806695383081,6.81164309776205,7.03994399150655,10.812721498932,11.0336127646156,11.7324215828931,9.92359360426226,12.5608962526434,8.23686282850394,11.7156152655633,10.5151403017706,11.0068275044584,9.63401471918695,10.9080325241108,12.8232202917492,7.03209708294093,10.7243572301922,11.8808550548898,10.8841899666445,11.6854230017251,11.4315925004961,11.2469878613931,6.94869410076458,11.4375580095133,11.2822573699484
2021-03-24,12.2522924826529,15.1503085800064,13.1279055287945,10.0806440096882,14.3838567660483,13.0753184389096,12.9160499793028,10.3849049331843,8.29433925683001,9.61559828243761,8.73688919292772,13.9548000140164,13.6565488827247,14.9944874432954,11.479826140726,14.752356057631,11.1052525608478,12.4089409809178,13.2267192682305,13.2589230173573,12.6323179308199,13.2842180284964,14.9313856447984,6.41233700111521,10.9608878882304,14.2436722399307,12.8691890407117,13.8709917487951,13.8822503901814,13.609164670823,9.74737213923823,13.6537190008319,13.6539259383558
2021-03-25,11.4785701065932,13.740456998689,11.0018214309678,9.69032469213806,9.80993799384024,10.3407156291025,10.6861541597128,9.6381359456359,7.92135697462285,8.75874033821047,8.67319296971791,9.34559780169536,9.88945882269821,9.76129540436445,10.552555367762,12.7565784596795,8.70240291552008,11.7166139262348,9.32041043696675,9.18470084892142,9.03830128015673,9.97795421038058,13.767487467979,7.14603149638392,11.2917072107373,10.9573338933205,10.603247017376,13.0840351227888,8.85503855825596,8.97385343005319,9.34895960091156,10.0727591432212,10.1598213293221
2021-03-26,11.3816068371119,9.45730411775408,8.83317125256711,6.51908709328742,9.5596007616939,8.82833447953165,8.30223627120012,6.92501318830705,6.09929836339699,6.07024122559836,6.59202945859759,7.99172330804422,8.23806057214062,8.49358292450965,9.39810548708182,9.77517152040031,6.6098314738205,10.9725601181337,7.9418975758773,9.04699083416855,7.32082160505136,8.22692778431783,9.70792299055849,6.6302039991777,10.8262491071945,9.41047556550046,8.36651168491396,9.28183014626869,8.86706704733484,8.86503878646081,6.49657937706126,8.71206032131281,8.59038728488947
2021-03-27,11.4715996677585,9.30549811406605,9.06376639795877,7.06865558073127,9.87899208175154,10.6551783392956,8.78046958264515,7.37781012460199,6.23916091660151,6.36324688474515,6.8547712745907,14.1965474232012,11.8098275087012,17.3648636307116,9.62975685565158,9.74925410619456,6.86786902612725,11.118470672468,10.3575412510212,9.40449505124733,10.8265074853442,9.94165759979236,9.67674263526486,6.71234245958026,10.6786875404736,9.52340017935965,9.22852886756487,9.1141401153581,9.28021289681354,9.24408797381671,6.88067208071364,9.17458581739506,11.9018107786883
2021-03-28,11.776344868273,12.3183033805383,12.8693669239942,10.0811884397364,11.0279855463189,14.6716505834781,14.7594266155453,10.2351429507902,9.09674853054417,9.93383999618336,9.40096778239206,18.4221368072628,16.7012909293343,21.9583495963933,11.0097463718625,11.9664304694424,10.8867126094311,11.9270744030333,14.3759960913356,10.341043382872,15.1323668879455,14.9259798807402,12.7956166638528,7.66474844837999,8.85698443242013,11.5639757911124,15.0467565729231,11.9445118833553,10.6461847596605,10.695981080742,10.0892999111104,13.1880123631244,16.5228524053907
2021-03-29,11.225551846322,9.95452991967924,7.28578489644187,4.07234389785607,9.43619398455419,7.17946781581776,6.07990220139487,4.98337592496891,5.14807727562168,4.6480554004151,5.14153416805852,8.07983856152893,7.27811859928478,8.83696372081567,8.58517720459473,10.1349402998187,5.7359890523923,10.660928965289,7.236717242086,8.78787937861069,7.00968642393303,6.78211755818046,9.94294403218791,5.72489614839896,8.74000185909908,9.33703253898487,6.15855929557643,8.74745253878843,8.61246116436744,8.60838791090986,4.64547682330319,7.3330679345707,7.38155305663834
2021-03-30,11.2505360867947,9.26874302215326,8.26470497647597,4.32736269934686,9.36220331828333,7.91835645380406,7.74481298001958,5.15964870388695,5.15553355085418,4.73755349420691,5.242374505736,6.61806754139001,7.25717151553951,6.71812737525426,8.6248020888004,9.58748592602695,5.93991465292127,10.6239799182248,7.15995788476455,8.59401780693296,6.32747406544215,7.52888448027298,9.38372030366495,5.70674493416188,9.33555094239704,9.29890915618737,7.70497119582467,8.76157860364241,8.55164885092302,8.55305483919284,4.81842425020433,8.29168552627171,7.57794928175271
2021-03-31,11.3924701800542,11.1958910026433,8.46851424094209,6.77609539498614,9.77851888428921,8.18937426616619,7.87820560363599,7.24969602821195,6.30172192660082,6.60522562196108,6.68328754082554,8.30873283211727,8.18732779967282,8.66108896572505,9.58967513113369,11.0641751000823,7.21386547172315,11.2114625460651,8.11551636635073,9.29838662982681,7.78449801587436,8.06614471737923,11.3445457733091,5.96773973888786,8.58031194779254,9.91030771181447,7.85319435507502,9.84170587358793,9.06423361156442,9.08948565596732,6.87613133530599,8.54000844403234,8.26845883835724
2021-04-01,11.5792256460769,12.8098661225412,9.48326563877441,7.74439863413223,10.7994421160209,8.54693988184777,9.4033092778655,8.07722582453923,7.01022756685878,7.30363212638528,7.47420220180328,7.23714483576449,8.35228123805256,6.8128272646172,10.0269701148718,12.380649493647,7.92592185284367,11.559085986232,8.46909608419437,10.0052804564826,7.50646065496711,8.96660527894397,12.8267097095661,6.93517052234973,6.83477335761667,11.1299467286813,9.12606790896357,10.8021131798672,9.95631486450701,9.91756198980344,7.65286566500735,9.90831483311191,8.41122431572568
2021-04-02,11.4308669595311,10.0654928194133,8.17832080606085,5.40198564962468,10.1723258788703,8.30312928015901,8.56047307959638,6.22719080335143,6.10763829441541,6.02150655815335,6.06966450406188,9.21949358379643,9.06595665564593,9.82957829982334,9.22765701202061,10.3378468324132,7.37660836773385,10.9987368986946,8.82438226492142,9.54912773316774,8.42424411952645,8.85984137109306,10.277512240369,5.86088894791458,4.9787791096014,9.95081126776973,8.48591325494796,8.18575628049376,9.62793614628616,9.60631373759873,5.93239515549043,9.21768692849048,8.9067352898968
2021-04-03,11.5252376186759,11.0319873656257,10.5763286247095,4.87094381083031,10.7658148882216,12.1270830589315,11.9160154909316,5.86576757610024,6.83319029311173,6.09021632315954,6.41405065013624,15.684823013447,14.0602605374676,18.9310780539389,9.10442985314828,11.083876253835,8.11462468594928,11.2202337832774,12.1643790246007,9.60470153285756,12.4119504661234,12.4566519045145,11.4584672140832,7.29382016850921,6.51980787350992,10.7855766730376,12.145638388572,9.82777176964523,10.1529961006498,10.1043145423913,5.73972965602445,11.4554732513052,13.8917228522664
2021-04-04,11.6583488637879,13.1941908664027,11.1312641808703,6.59851242359197,11.4851651485337,11.6818311174568,11.0446515430502,7.27984173463007,7.98416926612548,7.21047480606182,7.78961022895103,13.6521465052798,12.5385804284429,15.7919186792459,9.78135059622907,12.780524608615,8.50022267356268,11.6210845994601,11.4073157644091,10.372778008583,11.3763657470326,11.4847362392132,13.3107949692868,9.01575239076543,10.2183278029027,11.7301690431421,11.1905304281839,12.1489930792536,10.7190205559053,10.6344990419841,7.08601573546896,11.1798481189968,12.5956298165809
2021-04-05,12.0832856328296,12.0747975751476,11.7844449790254,12.1695127976196,12.5407195547704,11.7191122736336,12.0200298007006,12.1899231264564,9.91125840646846,11.7161712076019,10.3692575946861,11.7095014478659,11.9094541139523,11.4022613044733,12.150475808675,12.1900120966751,12.2799230891467,12.1165183935782,12.1344155190569,12.5589811794629,11.9525168973847,12.0923324146951,12.1163278755875,6.9897844571939,10.3274959625122,12.2770516531239,11.941938411488,11.5007920678043,12.6491504573242,12.5962354113199,11.8469814506061,12.3114979520598,11.7918982042396
2021-04-06,11.2845313467848,8.86490164884288,8.11151384321453,5.31074230952175,9.22850173525612,7.71093021368838,7.66481731116317,5.88383054999772,5.96839760345743,5.22024113862916,6.23048892141972,5.68163303522033,6.73358344463174,5.44607918334645,8.90815449682015,9.30070235887113,5.85087403705785,10.753870110887,6.76588048901102,8.63922907853619,5.72117277118446,7.27470646888692,9.14446752501567,7.54290566518458,9.56619077773819,8.99601273665993,7.60255135566956,8.42864596942003,8.47827636779895,8.47433458433775,5.5321595845689,8.20514200236141,7.12875377781644
2021-04-07,11.0720351529813,8.08948721719875,7.53238245505998,4.65077146243798,8.12922125377227,7.51411385772467,6.78576461926766,5.31390358934933,5.19233193088848,4.76777244669327,5.44489771435755,6.82306567203958,6.85839427462032,7.34745109086886,8.54669220007498,8.4979524693244,5.39365483199766,10.3931585820709,6.56851133121697,7.69369205770502,6.17523301435169,6.74469332651674,8.29056236726175,5.95471987802174,10.3944354326304,8.17768422182377,6.88937787143846,8.13919097840785,7.3323304263749,7.43240898359289,5.03226434708594,7.13308423915526,7.22549730816746
2021-04-08,11.4475596038076,10.1205883894343,9.40120750398496,6.43023769931093,10.099460402663,9.26420635967994,8.8886241492263,6.88404594750591,5.9592208824005,6.03039355434813,6.43497270955918,8.52163969117028,8.8028081134671,9.15142720074527,9.42546336339126,10.31519108826,6.81055377247156,10.9761721508486,8.4109612370682,9.33372325011358,7.71184870464816,8.77147611354404,10.1431299288487,6.27982538462263,10.5660424101316,10.1128943162338,8.91105077283028,9.88391420441301,9.28460299292167,9.24757009797428,6.41630496574584,9.28714014639081,9.13418571055012
2021-04-09,11.0713890175254,8.23100198831841,6.57782691450869,5.57777480483672,7.9229873485789,6.75584852277734,5.3332884950646,6.03989100699277,6.28446678658875,5.41519812301879,6.58229925436108,7.2648777527982,6.42594178080228,8.01211310926758,8.85593949343957,8.62243030715728,5.30857007413851,10.5697524982778,6.30690954670783,7.84721587132003,6.31260086872276,5.89810471743148,8.52887316864664,8.09267618872727,10.3824455874143,7.79937507659049,5.53255147670006,7.8430657780794,7.22298443932714,7.33503314139364,5.80478389186404,6.18994600225544,6.67846368495574
2021-04-10,12.4604211175821,14.8942393384556,13.238247253365,14.1157415316743,14.56211772652,13.1213172572817,13.2424441530636,13.4616180265208,9.61151579308853,11.4467514583973,11.0982568883141,13.2007206500341,13.4407303989859,13.95848285287,12.7570019239173,14.6240962262786,11.3397418570477,12.8787014965669,13.0741678016935,13.8185906402005,12.1418713060961,13.3770095419093,14.7999744685704,8.61174142286575,10.8335338237262,14.2333513812308,13.1472183100124,13.6211812231298,14.0844168148657,13.7749628141495,12.5266144529933,13.9586724533201,13.5097807560565
2021-04-11,11.1728744461598,7.75566948344048,7.54340032236481,7.22602069829548,7.99344030241723,9.05790908340735,7.35582895109704,7.46773601356617,6.67041895274893,6.72387371469608,7.20966700050483,12.8036192215524,10.2899185914333,15.5850324630819,9.48459899787096,8.23680918788905,6.61495863244594,10.6855222192797,9.02428937610353,8.05553276133401,9.97628087132087,8.45206691183294,8.13419571399521,7.00945329794198,9.1906377808348,7.97801822380133,7.7948317689948,7.64034250876615,7.48377960476365,7.63806154147022,7.22018484506145,7.43842845986686,10.2546988902022
2021-04-12,10.8829499159727,6.46231800366478,6.53773554215999,4.90454825602098,6.7936028707817,7.95911639538458,5.51392827058787,5.4496213331363,5.58667733257278,4.95299478229394,5.8633206250235,11.1472631868567,8.5166399633356,13.8652609261561,8.47585446452494,7.08740835900342,4.97716468391045,10.1245677348832,7.3619196586216,6.83822646965443,8.35124089988512,6.65388211017505,6.81017767025013,6.74013193975218,11.5906566011209,6.81274801926198,6.05740082952328,7.13881228146217,6.1341398807736,6.34390642474289,5.29944339855338,5.75842022730869,8.72297697244505
2021-04-13,11.3005351032492,9.85715156134617,9.3152915631859,6.13424803750763,9.22230895743138,10.1750269112246,8.91221052087053,6.56171546059142,5.9666207794872,5.76676918924851,6.4237127220278,11.9296090758533,10.5849984975364,14.3639481777043,9.16800172270617,9.94387346837524,6.36039342761682,10.890594728869,9.26730369278208,8.49851422791643,9.40131217106699,9.34286983758048,10.0527819122777,6.72766153910568,11.2602370183418,9.44547596470166,9.21573304369343,9.92308998028186,8.33950581448711,8.37385026185366,6.1933946795723,8.87085390123192,10.8553101900467
2021-04-14,11.2549179379467,10.1155856552613,8.14042968087143,4.72402593193973,9.37151163109233,8.45105105784039,7.87455463434651,5.45074911077787,5.36199457302944,4.92053848123364,5.54316283452434,9.81177407045886,9.02712944129954,11.3770759473903,8.72861303013916,10.1868876560319,5.93117044136105,10.7757008149815,8.26479424274618,8.53601539188248,8.06362620527744,8.28349000586727,10.2289555278711,6.1283970709351,7.52364970439642,9.50228646235279,7.96702690574189,8.9179248007117,8.45108873832259,8.45876009963753,5.10136331487119,8.36685687602638,9.09754262214222
2021-04-15,10.9425462667569,7.2493713104222,5.55872633994588,4.62543462830601,7.37652581504987,6.18251341512515,4.68062827571746,5.29051075441306,5.19509779009304,4.81934733409707,5.42649448981701,8.74461588353963,6.90793278206954,10.2466992921174,8.49398806413921,7.78440315846549,5.07145149197533,10.1835165031741,6.50888725165269,7.36220520534942,7.06057477821252,5.74337850907724,7.40204122033976,5.78013778339274,7.28103397598788,7.33621444852869,4.93429818573283,6.40537376759453,6.69502949867729,6.8592495403325,5.06490378393744,5.57368300078403,6.85770300394084
2021-04-16,11.2644494986791,8.35319877148205,7.49038707307915,4.96220468511426,9.16725650689451,7.98618720859559,7.1655081419477,5.66118136551193,5.35063476005114,5.07895474385295,5.58319984984297,9.07251104978787,8.32786883317411,10.2616433890054,8.83930064040414,8.93432095211354,5.97445310697198,10.6351870470786,7.87235651552576,8.70052856335333,7.65597420631003,7.71665431154443,8.60734578520557,5.87218060804602,7.99527303901166,8.80963480355419,7.30477578868782,7.57516302263181,8.53370334288584,8.53996618021852,5.2812617597667,7.91175653813963,8.41909203284017
2021-04-17,11.2443321259308,11.8069208535424,8.29534211698099,6.58609843204294,9.08556922227391,7.75772050859913,6.93445513583727,6.81113741908923,5.69020529253638,5.59798173234788,6.46717100366762,7.32254052963996,7.20019352486997,8.01943916695714,9.22591595855427,11.3489610791646,5.56546006216413,11.1342192873787,6.90063192235418,8.37441743649491,6.42268531662943,6.98535721987276,11.8548461015883,6.78264400332837,10.8102981269702,9.59849656203568,6.96613417323412,10.8009441974488,7.90644215419789,7.94195072900147,6.3148731600867,7.58168828876492,7.56403666823785
2021-04-18,11.4151503195159,12.0024340124934,6.74485655068568,8.31312033386761,9.57996889869711,6.23454927530264,5.45094375486044,8.18652821781961,6.1460335113445,6.39300552980963,7.35795962179816,6.34992225773901,6.10622684784496,6.50418818555287,9.90417891260923,11.7364889903115,5.66421635859525,11.6804406191921,6.41305699075277,9.34781295888798,5.80514423763206,6.02957788311806,12.4344003920494,7.42563959998843,7.6645139560536,9.37508657659121,5.41036514328521,9.40159307784466,8.67913893886451,8.63706472876667,7.4670510291549,7.0466774966403,6.21101457278642
2021-04-19,10.7965460589927,8.09879497557831,5.69739354437607,4.34327489962718,6.59583366582286,6.15704092138015,4.52650359250247,5.0678329665768,5.03575786725684,4.79931186637987,5.18387499439584,8.10382783459125,6.40487621972582,9.39228024131526,8.31645271998741,8.24668593675923,5.04226602768953,10.2983769286146,6.02987861558332,6.6732779541611,6.73780512232044,5.340513614541,8.47131121306583,5.09990940958119,9.30940135417875,6.87901834558409,4.81240816919633,7.46569384773042,5.88287895973904,6.13846994411324,4.95888335492383,5.0629597630431,6.4908387599912
2021-04-20,11.1871874005299,8.86647880706029,8.34661554172426,6.88106395571902,8.35878250702771,8.35911439158357,7.82526759269329,7.41032289617022,7.10081683037651,7.31058807963376,7.19001618307533,8.44766751257129,8.10361987963568,8.75596018020732,9.55143362521339,9.05007914705022,7.72378531340443,10.6728405051107,7.95115116180096,8.35069377939963,8.17010820160288,7.86626554184044,8.97100836345056,6.34335832679865,10.4617892488247,8.69410297426406,7.92306407394029,8.98118265513512,7.89623528267601,8.09011881369204,7.35343286033091,7.82112310119521,8.24236835794671
2021-04-21,10.6954543702947,5.49155649535239,5.93022094909534,3.84757863034375,5.90060257019028,6.13804981918988,4.81671040174168,4.54990550525485,5.16892870708406,4.29342833314109,5.270166057473,5.57678348473438,5.16980819618325,6.08260046911467,7.99229594630471,6.1925873771645,4.38331784153553,9.73654994539166,4.92532753615463,5.99893246513436,5.06171378281428,4.85666724376467,5.78314963671657,6.41328479369236,11.6282209746534,6.07650504769562,5.06772223789546,6.5027645493386,5.19443209088311,5.47577998570685,4.51660869775936,4.91482229514043,5.6198110993789
2021-04-22,10.6909758896505,6.21725238056121,5.29605116046239,3.80432149823885,5.94584649733701,5.02019363833708,4.05330381197267,4.38939165398213,4.74620117330651,3.75962701357465,5.08447009549778,3.52490955683398,3.76742233667284,3.43968714888207,7.89079651745426,6.76297042144299,3.58894630761757,9.89915504851611,3.84154148755676,5.94698264306782,3.51585613459613,3.90973748679535,6.5801852721976,6.63694826252111,10.340800731127,6.07986650314074,4.17000719375734,6.42934013440013,5.06837707464489,5.30891676743356,4.21892391024583,4.49553984195567,4.2482000031003
2021-04-23,10.3784360670484,4.66558356892356,3.70787919208133,3.02016612245861,4.18315945528796,3.47192981413629,2.44574212116683,3.51981360865092,4.15923252580308,2.73509252777796,4.63334838738025,2.03289123845404,2.18167911176782,2.07261119022957,7.27969789163233,5.29746697468583,1.99295116524824,9.42947241927646,2.13961325411971,4.36782115408716,1.95694492273097,2.23878547439248,5.09347259749741,7.02456329365275,9.21277064183485,4.52439682818678,2.59325807743979,4.93802683146903,3.13150381275166,3.4818291619388,3.41297275958544,2.7191822891627,2.69141842858819
2021-04-24,10.8353871658529,5.78373934446092,4.80209961192579,4.16378711201335,6.66979244603786,4.94448519006172,4.33226605319326,4.86268167361952,5.01463736834677,4.45132696289637,5.20404722121927,5.37029145983057,4.94473288158937,5.57810123996823,8.23821149978899,6.60806457027559,4.64583854462226,9.94122414114187,5.03825012546601,6.82234112534238,5.02837544410866,4.73140590612775,6.09468589789865,5.85376973358435,5.97010103062662,6.47767217873275,4.40845980758453,4.98144492613849,6.08458002600206,6.2890788258051,4.692169317046,5.08283156380205,4.97793038598448
2021-04-25,10.95274683594,6.98608136142414,5.32273676808604,4.68275561331794,7.31699972013802,6.28684728645614,4.56347218206423,5.34570366462997,5.57178134062727,4.94515057241773,5.72915751178868,9.43441028066216,7.2386705378814,11.2165724675236,8.5282211246367,7.62670021374933,5.11786926388691,10.2821460132016,6.75202349481706,7.43693126014647,7.45679007380587,5.84643128102955,7.35419445076758,6.56306063898123,7.15722197456638,7.05535265794018,4.88691669206945,6.02080862847922,6.76480276681502,6.9253287411254,5.16059470597445,5.50945342100036,7.14162646289766
2021-04-26,10.646316824372,4.77732686469305,4.43117771998828,3.44252115136074,5.61469498887381,5.55855056365729,3.97024170918641,4.21746568723918,4.92016754733239,4.01754979654722,4.96868506141395,8.40690380143522,6.34423107781015,10.2613707574001,7.84125221155718,5.66549727258277,4.12733661115983,9.65144508716899,5.63797830441427,5.88299215130563,6.49823295056277,4.96173169575903,5.19220995624791,6.10990289569454,6.79946613413546,5.56224088341664,4.33620881623492,4.52382220691981,5.02281703435359,5.31279882352206,4.19132503111977,4.36247974525758,6.31779412627672
2021-04-27,10.4755119307974,6.08502968361812,3.65235187077239,2.76060337223655,4.95296543658763,3.79076695603422,2.72530706742451,3.53550558417842,3.76112627251614,3.11115977144506,4.00568360294982,4.86193805319701,3.83990008901317,5.60067502726116,7.43245668900388,6.47685888296494,3.08880556144587,9.67155212638733,3.65291757292174,5.09696121877815,4.06349150591945,3.21234719012994,6.46674351945091,4.66886337186,6.21436179788782,5.31643081747395,2.89068987176382,5.1181309829183,4.0407729170412,4.3749603721049,3.43332178194069,3.26324279270529,3.92369574245725
2021-04-28,10.5312076562751,4.60452759987374,3.26452699892102,3.4080612404499,4.9853162644568,3.70923845516015,2.99870745513815,4.0064591970204,3.92619853238401,3.3082740603744,4.37925150426948,5.2536725294145,4.22763538358893,6.21401603804548,7.62776632022152,5.41160581238759,3.04991577774443,9.51531147323097,3.88335812288287,5.22544392661763,4.22691208057664,3.53607518993638,4.95729412483464,5.15831023704695,3.75453786591348,5.10317657401161,3.14216647793811,3.54058144085075,4.15817463785684,4.46850511117388,3.8271034892194,3.50423594544715,4.17718909018646
2021-04-29,10.8103890691453,6.37154117796002,4.09801298194794,3.90920962266867,6.68860138047937,4.72810017629588,3.44853434747496,4.73408618609923,5.09877735117292,4.56069779188929,5.11109638010465,7.83563506047689,5.8504177705521,9.01412230018036,8.21974924765166,7.05291079165017,4.82800876992593,9.97766662534008,5.73644403699983,6.9433363009065,6.4750536496894,4.71668912171225,6.61865094676429,5.58169218528009,4.41718778320283,6.53317120269661,3.65146637495622,4.81405119527578,6.14690954648757,6.3684920137902,4.62623938381265,4.57071112106914,5.57770253664111
2021-04-30,10.6034464212047,6.49066409039901,3.71304968015264,4.51428609469412,5.33528828256436,3.36401734541001,3.24770434549924,5.07150108252717,4.72394676419299,4.58946714155528,5.10454514391506,3.64664037801411,3.42389356678993,3.36221451587288,8.16210358584766,6.8248449796257,4.27609788311876,9.90221799405034,3.71375525351937,5.7063585628191,3.91803219875597,3.41481754909682,6.80156389867299,4.87933078428746,3.89045333442281,5.74766745968981,3.20709815265695,4.91452643767795,4.58395527700548,4.9328568951444,4.97604454431634,3.7683525043869,3.33509406589175
2021-05-01,10.4499942827695,4.44032307579226,2.24550665255256,2.95492515662839,4.62018373300123,2.37935232708744,1.68182850348209,3.70312697592195,4.11696547622316,3.32808018393614,4.32351921599908,3.6478434738604,2.74476929835943,3.83907107820967,7.50646674263168,5.26475320352374,3.05032341455486,9.45540768317015,2.96255508687398,5.12317495761656,3.35842942541145,2.33062161883108,4.84370438295609,5.25548532616584,3.0289310386946,4.63724015386895,1.76395436718851,2.94420648054389,3.93100360409901,4.28157974595263,3.63994596944857,2.56923355356569,2.60901865950084
2021-05-02,10.9457785438175,8.85161610341712,6.60355119483108,3.69650228281956,7.70408731104625,6.01930084013506,5.43379071243209,4.46041757522241,4.80337560376416,3.96273379158479,4.96763731704068,4.44579068936984,4.9625896995668,4.26068416644973,8.12056447109912,9.00067773999239,4.49822441028572,10.4090045383179,5.10317992658781,7.22315276217841,4.45239422226703,5.26289643956901,9.1165233123997,6.2198034757425,9.79819167489569,7.85191819956446,5.42979771687849,8.21315037702328,6.74702255390995,6.86131512552078,4.2036619680444,6.12046182700022,5.37028228094998
2021-05-03,10.5831197637055,4.93010610551543,5.5789054743528,3.28372005624674,5.25750428514729,5.7879223324975,5.19926809751612,3.88023929466743,4.39625106918568,3.26991871020435,4.7417208369786,4.5961170585215,4.84964027578308,5.25166109932401,7.55819146955314,5.6455460144898,3.22768218807982,9.59247217774102,4.24431623036539,5.12776452154529,3.98811892988967,4.75904760666683,5.36940523245136,6.49556514041398,9.35561853804113,5.55684659507193,5.36525089508401,5.63876246723986,4.3129587896969,4.60180562091259,3.76852138215489,4.86488035522066,5.34465035322983
2021-05-04,10.3690818105795,3.61887581682571,4.59838336892907,2.08422637071127,4.19387509047007,4.61713300482133,3.83566125803448,2.85865238946357,3.9596861551622,2.50791299973676,4.10318222624904,2.64360176551249,3.1324365985891,2.76147788855671,7.02008092945218,4.50971045674342,2.45169721067211,9.19234294610065,2.83912221156617,4.26094525695836,2.59135080120892,3.29093753133901,4.09425108000323,6.273891852294,10.2470659684837,4.48145146230757,4.01446452908364,4.78531905858347,3.28057042346173,3.64416701158062,2.86961633874878,3.55763921280008,3.73853773259174
2021-05-05,10.462392367653,4.16074540341422,4.18160847161232,2.53082603634585,4.68412710162499,4.30050896043788,3.65670908232358,3.27724915699228,4.34528313861889,2.92004481776876,4.47861766911746,3.40291142963068,3.50037161668364,3.65506405807232,7.27323350383239,5.02266617639251,2.82213379096742,9.38938886500512,3.27973877380269,4.80345779451336,3.15536716672197,3.46792731335505,4.64232493267802,6.65218122746663,7.71911655774796,4.83112414658833,3.79485519127823,4.37592643525788,3.8451748977405,4.17322716179478,3.26301082766823,3.71774261143993,3.859282462744
2021-05-06,10.4328025222928,4.55794753856969,3.92715562256799,2.65427363972521,4.49246609496268,4.31139863778831,3.68406667028839,3.38460194331106,4.0467895988444,2.98981325428927,4.25968901066568,4.59175756140044,4.13787401973096,5.36122952277623,7.29825119294845,5.26960718380038,2.91733294721435,9.47023843109455,3.66913390388964,4.64616037321486,3.86098864102013,3.72107956579233,5.10923902910504,5.70353658591511,6.15870927704155,4.75971357393343,3.85213653342593,4.24514198770531,3.64522859406382,4.00143704925366,3.3555481798926,3.64878551606476,4.33078775630269
2021-05-07,10.8278287171938,7.97326624512012,5.90687377112564,3.9252872332366,6.85594315302531,6.3176592438679,4.70544595983973,4.72878722852954,5.92804259103417,4.70827846826113,5.78144262816421,7.78297260824222,6.341280143254,8.93863334800072,8.1988682851341,8.21640973390442,4.93629435833691,10.2792225217786,6.01540228818242,6.82795122744666,6.5181745874283,5.42790297103767,8.3559407162851,7.55205311921931,9.84052847696814,7.01024479588742,4.9799778841912,7.50428941269609,6.14522455223327,6.36498697707193,4.73641274010285,5.2998010509321,6.50177773204577
2021-05-08,10.5127303446996,4.0311891224792,3.74294909899567,2.54382141282597,4.97602433898846,4.11564567010119,3.5085563618345,3.33207040765406,3.84174710083147,2.89978420424801,4.04891060727252,4.44409593897397,4.02835763063645,5.03974700057448,7.34724008803201,5.00017478233703,3.01073487505475,9.39842890302952,3.74712224148983,5.12747870517083,3.80856956191911,3.69123752623564,4.48116624863336,5.29829136484977,5.42183013069865,4.97221357513754,3.64731914428125,3.62918344986689,4.21231467858221,4.51528851369001,3.22765767958812,3.80612735744017,4.16330611859344
2021-05-09,10.7452058110843,5.31113596985415,4.14970865254449,3.43507955612638,6.26218687072337,4.74151075429766,3.54453950561678,4.17541428252216,4.20472440785073,3.61878472802103,4.48035902898605,6.41251161730857,5.15553009064064,7.43487874415373,7.88275921115633,6.21608370899084,3.81707744844577,9.81138518172821,4.93534053459287,6.40804521355893,5.210906636817,4.36984917445213,5.70075400914842,5.18775584320667,5.80550724219099,5.9799973360467,3.75276645283559,4.4339387132542,5.6089759983798,5.81379099955233,3.93889049556136,4.43992737863062,5.15663303189315
2021-05-10,10.5100552872008,4.45384216104991,3.5039938274691,2.91001816714657,4.93822085320004,4.23167874573912,3.10433814136247,3.65458626193562,4.37384230132708,3.29844594836723,4.53193589182549,6.23431927061553,4.78362392185213,7.55189569421069,7.49299498197305,5.30165216933413,3.19178393589773,9.47630198821044,4.29014470566555,5.19319985321871,4.86389657014388,3.81009415214787,4.87172003685578,6.03683399226728,5.13119448776227,5.00523254716904,3.3516325194144,3.77763567641559,4.18874226162791,4.50953217549073,3.60736460395224,3.53878846164948,4.76931373343219
2021-05-11,10.4189944547227,4.20292599309615,3.13748459515501,2.33194959872614,4.51575020761209,3.4704725096792,2.99079753701585,3.12060754594359,3.78862494747242,2.72743769099264,3.97941597606739,4.29429949503539,3.6909134028397,4.98637107413957,7.19640116504232,5.0261316272755,2.69269541516111,9.33647491337988,3.37405073821149,4.69436309412421,3.58551799145283,3.24376387202805,4.64010705423694,5.41605139720829,3.86586665434479,4.69719777598926,3.10382967549931,3.31432339013887,3.66846888260417,4.01288308098593,3.06578779024821,3.27872163845833,3.71650641207768
2021-05-12,10.4482085860722,4.26307716584159,3.19150260875651,2.64462735945704,4.61153256449707,3.66615015514611,2.96776748015225,3.39759418723068,4.09145488473989,3.01640343758397,4.27705488290409,4.91040895907012,4.00843875015647,5.78557334158229,7.33588338957668,5.09710569211838,2.89684196504172,9.40232925194065,3.65418919005392,4.86013186905648,4.00900507487987,3.38593069092954,4.71864078710902,5.76164028898504,4.22463412689533,4.74144077908177,3.1268623565303,3.4119293374361,3.81807942799142,4.15985208064034,3.35401741519971,3.31116094426959,4.01034677073545
2021-05-13,10.1537476719046,2.82021316267221,1.94905591806611,1.29664756131774,3.07170812375077,2.08559463960128,1.96533149020957,2.11084577878097,3.14117290263158,1.70823446021897,3.34736515970118,1.99522372385578,1.95265409335766,2.28350536207804,6.5734030497196,3.74442316388401,1.42714812898372,8.9228868528874,1.70310049586632,3.35082233923207,1.76130619912586,1.84261459823308,3.36312480252415,5.41448063148805,2.76838395470588,3.40063237019546,2.02312588801684,2.00614336527986,2.1074117498574,2.54227649823854,2.13284769104206,2.00431068553602,2.05319196519141
2021-05-14,10.4974691424142,4.20861155434956,2.95080608086478,2.70573883036937,4.89805909757551,3.04332365556248,2.83970825208924,3.56195589233935,3.85010036737464,3.30421010994255,3.97972500781222,3.56565104020146,3.24037682299525,3.54350488879196,7.48105317196672,5.1244973644732,3.4676491737397,9.41781487504392,3.39154297328994,5.2620262419696,3.54663275698728,3.11832882253002,4.62029093936131,4.35322930155755,2.96031723474311,4.90526370627143,2.86282596066228,2.99671624219699,4.26069758635029,4.59848334346221,3.498942270812,3.39379405158898,3.14907002815392
2021-05-15,10.511763531622,3.93107615299875,2.82459084056042,3.08385315355371,4.86193221353845,3.2029415868278,2.71162169779637,3.91337023550552,4.06953934839792,3.69605519325811,4.20000087007887,4.59283955284392,3.72162034232129,4.89067692939826,7.65076334881625,4.92624435441628,3.79237128040483,9.42779868766935,3.79673336399464,5.38887031651735,4.25737452194625,3.27946271246917,4.36169747200614,4.23064869670027,2.94523284462406,4.79452014041827,2.80811429634875,2.76127451172109,4.34051901662529,4.69313452627165,3.8690408637044,3.31110969240321,3.54445250615631
2021-05-16,10.4929648997009,4.53490469273872,2.95999483123372,3.00957025552145,4.8059696811724,3.90054511766063,2.86473523645789,3.82051292738099,3.94528441422468,3.54957973761877,4.11658481627699,7.11546332576193,5.13478019592144,8.6303936390739,7.58550672026018,5.34557402697565,3.63246448125411,9.51919831047356,4.63398371113084,5.23445377623352,5.57083400695849,3.87947512779936,5.01114338971347,4.20715303092246,2.95866643128021,4.87263604635641,3.11320730215304,3.20088283418853,4.18775906881987,4.54404509102861,3.76618762053302,3.35936842324576,4.87189667508868
2021-05-17,10.9284767227853,7.94435298688332,4.41602833684177,3.27681773136651,7.61615719390621,4.47179798614788,3.96082418687847,4.19502116187617,4.37927609252977,3.83236802337289,4.44364534866602,6.08996916832706,5.24005803937917,6.53898481756208,8.06035364094788,8.40165255380322,4.52774610322654,10.3191803345778,5.4084036135583,7.45925736922176,5.36548773610464,4.80561952294772,8.30144839856348,5.0213924634281,3.05516886591526,7.34256147442979,3.95820751105688,5.43935652103933,6.91639476017431,7.02929815006098,3.92121109613664,5.32782080247642,5.02155268976238
2021-05-18,10.5008031338569,6.24884910212341,3.12934253390694,4.33030033359478,4.76572485489688,3.10824091612489,2.52988905463182,4.8277102410247,4.4455535397736,4.21500789641456,4.9315518322928,4.5217288601345,3.54719555039545,4.93207715309868,7.97499190874443,6.54616496897177,3.64742514917309,9.80415267634662,3.55052754454381,5.19410404815037,4.09555687110533,3.02581881612578,6.5915465079673,4.92992953845418,3.6957946290889,5.2590887435046,2.59703981305574,4.59976745232835,3.92479445673075,4.30543000986774,4.72329004343551,3.07102013234413,3.41559117714516
2021-05-19,10.3568687081289,3.34302755177398,2.47175918148706,3.0298920441412,3.91298795180552,2.84641488537498,2.42310160037573,3.77043271740281,4.83710836409013,3.68081110000115,4.86708623415206,4.01048352705332,3.22381949900842,4.35691076335249,7.45984930984422,4.29183094444424,3.28748922663396,9.23271193090781,3.15867078425622,4.53216271007877,3.71478725575044,2.78734068427255,3.80889666539337,6.37204722524472,3.05030012630232,4.09126918604507,2.5361479132349,2.45617932621377,3.30311923170553,3.73412377466794,3.90384360724871,2.67564507873313,3.10576652956774
2021-05-20,10.337047914928,3.37311463643008,3.87907873973884,1.7989633234243,4.07304577761455,3.95420657738372,3.13381315920506,2.5939287065439,4.24379452318435,2.3047998770688,4.28927259016608,2.5583625790406,2.78727226687251,2.77010837340827,6.89459432756764,4.329286808326,2.08940943851147,9.12246428697938,2.54493030244539,4.18155522407169,2.36477567487556,2.81884589536094,3.83973363224883,7.39733043139244,8.74936633858643,4.27313032180753,3.30543543450054,4.08437331488297,3.14879638254344,3.50691983136163,2.64812771736553,3.1094132326238,3.28290427983362
2021-05-21,10.7737197809711,4.92169148784847,7.82602432453439,3.7495790640662,6.19695833302552,8.39738262479547,8.23389620644188,4.41769777267292,5.78046523905665,4.23326008164679,5.77866266892347,6.93241503932036,7.49244248864212,8.04935314226188,7.89874047766263,5.74304249003535,4.65399148299237,9.66964553285127,6.33560281768353,5.7827759344462,5.99399766624765,7.37422462543897,5.30307392689865,8.2309104411754,10.7874690459317,6.55657421008141,8.42778483559952,6.62327000986018,5.37007533809744,5.62234795180821,4.46933093746478,7.09053177369121,8.06870654623132
2021-05-22,10.5911329582063,4.26872019280081,6.68371776079361,2.19172247644358,5.42923478635122,6.82511709151119,8.02536289473976,3.15789600043662,4.58904995680398,3.27451316982485,4.39138988460051,4.61181208878377,6.15245617324157,4.88493431906669,7.28061335668867,5.10010460417084,4.23437473604346,9.33641889732002,5.24639890038404,4.9539279647451,4.60686768770992,6.66932482856832,4.68541863685662,6.0899022297078,5.76400215506529,5.96356052275926,7.97006549639487,4.94557120541416,4.5726085455352,4.89258362605417,3.28467002918322,6.65150637599978,6.51208780838235
2021-05-23,10.6633253715264,4.58754163710681,6.3059096695563,3.01573164583249,5.67743961375604,6.63381504427848,8.01531676295171,3.76136010196524,4.28156780727271,3.41284363222728,4.46062442626594,5.43470933537252,6.63697888919052,6.13818857599058,7.54136328151549,5.38998309301531,4.12931847296334,9.50892567687566,5.55189588027983,5.19379677471119,4.95633048207051,6.89695412523525,5.02080704799342,5.54819724738395,3.19125585252162,6.15410961725657,7.93564605912116,4.44852939243598,4.76389188291194,5.04826515362547,3.7111206653199,6.79358241620636,6.81233936198944
2021-05-24,10.5269502442719,3.53584378052161,6.15905013920289,2.833000773959,4.81374450308615,6.41327473736371,7.90034215662132,3.4454806112601,4.09328001222063,2.8878635502909,4.43239558501574,4.15857738863497,5.87411135782698,4.76583490872992,7.26221837827178,4.4415095569984,3.24258797505405,9.25246194241099,4.64910687958405,4.32583272383879,3.83996235535839,6.36452380626597,4.01315662117021,6.25239780931361,4.17092005851665,5.41833651223643,7.82787161581791,4.06646782408806,3.76133504258857,4.08987976140745,3.40481426376861,6.3078282127708,6.25575280921076
2021-05-25,10.3593382098274,3.51470406836672,2.74889049092573,3.03876480164149,3.92968127816251,2.83873189086632,2.55368427236389,3.58342015421263,4.11714191746277,2.92135892923057,4.53961803369882,2.60576015697238,2.56773142055853,2.7862341436923,7.30706679255798,4.41799478433779,2.29743158843575,9.27037240923265,2.43543355215674,4.29113166972247,2.43630545715162,2.49817656533145,4.00164721358464,6.40233360917319,4.16826138866408,4.13424042721183,2.6204059961033,2.87664344308662,3.05683111427796,3.43690684954823,3.51862132851082,2.7457761620603,2.70379253733686
2021-05-26,10.3057684038749,4.15688445437121,2.23754818030669,2.60120789012252,3.73252211132501,2.26443098861993,2.12477324157651,3.2334657646601,4.10821347352511,2.72172766943778,4.40283240048304,2.2722872061069,2.19178751675406,2.35870336161948,7.14308579234063,4.87250917432338,2.13810102761828,9.39260613988172,2.14492210713701,4.11284988555233,2.1937251786744,2.13203982752282,4.80174188803832,6.54285193582407,2.85885091861212,3.96837004980655,2.15369581662853,2.8061018459189,2.85257684643737,3.2496857775622,3.22669554754879,2.40940528831237,2.23191808354408
2021-05-27,10.4439230135869,3.95319991268377,3.06159640813649,3.09127138388085,4.43500686301864,3.24466648467807,3.207580113779,3.66878159970601,4.18429410227194,3.0286873400279,4.57124024050512,3.40007994464654,3.32598942706683,3.77638078600887,7.39940936116517,4.82733077960179,2.61592813417309,9.38935022150163,3.06790738103322,4.66204487857065,3.02504755313009,3.186981570465,4.43376965104978,6.36409243236976,2.95728201343274,4.60168914760572,3.24229074557776,2.9459743544353,3.5676180842418,3.90952762912909,3.57835835544165,3.38536541242808,3.36594287413753
2021-05-28,10.4025944761637,3.74128812061953,4.39587221673436,2.07012247387209,4.41863601093172,4.41713395805911,3.85433954379147,2.88457390249174,3.79721955951101,2.54631874870304,3.93599815314528,2.86874644081685,3.28280573132733,2.98490197569445,7.06605689379309,4.64237709266399,2.63219486874583,9.21273650215255,3.02917479508096,4.46949502155173,2.80040719386097,3.41376318882505,4.17435462371139,5.70333577987567,8.59542561412102,4.66970376862203,3.9871897590458,4.44053375508906,3.53175318595359,3.88132108556439,2.86681371946495,3.69314068644087,3.7532462663366
2021-05-29,10.2982771155635,3.11715659113986,3.121360730466,1.63254872694027,3.85873206324581,3.26734341137485,3.33915111082197,2.48734060083278,3.95084313042057,2.2898470765257,3.96980685405623,2.78737650334054,3.02106163973558,3.0556695427333,6.83167750560428,4.08057440405044,2.25041964825696,9.02581048549618,2.68393162846107,3.97806903801087,2.59492177725302,3.02819050241174,3.57258906686562,6.44752452270694,3.71431999194805,4.15913229702459,3.38020417829598,2.71424774815087,2.95872779217715,3.34887185938736,2.56763665915141,3.17865842679425,3.17217284966684
2021-05-30,10.4729706530603,4.02362791600919,2.8063522928153,2.88467700701423,4.69763150814824,3.23225761937457,2.66482781603563,3.69538421303278,4.88356125570458,3.61321150233792,4.8438075386851,4.77350276094245,3.79273720121737,5.31630548458134,7.51793932297634,4.95196991487075,3.45321056903399,9.39122946069443,3.71385339536912,5.14450432313427,4.19892135225826,3.23361851213243,4.44466559524083,6.60133391014702,3.03171641465375,4.7256538756491,2.78334398454511,2.87294109956191,4.07706066366679,4.43433225889931,3.77082592078327,3.19475264035856,3.6423581810506
2021-05-31,10.348868623761,3.57439244893885,3.46960299095909,2.05586293508796,4.09776061528229,3.7766066308581,3.59228878156418,2.84744847894246,4.17995529684319,2.59305229420487,4.24979092902291,3.85055901420076,3.70355552969129,4.49371762053368,7.01014358179401,4.45232975356212,2.49051672793561,9.14804509104848,3.20791154498712,4.19666058369966,3.27769067146318,3.44539261898911,4.01075437304555,6.64079473638639,4.33926466337113,4.43282983526867,3.69051087983335,3.22502958331634,3.18896982927265,3.56718542399033,2.90894803643143,3.4266268165245,3.8450851007637
2021-06-01,4.32693811092029,1.61437000580918,2.26506705905825,1.00953881630688,1.95929344993136,2.37885403811655,2.5531984880408,1.30780150332329,2.83403504560938,1.38039971489885,2.66705114267069,1.79515863164584,2.1333379660946,2.07929995349875,2.96212907290319,1.96181970575025,1.25873620059507,3.82595417885449,1.75523308843625,1.8390849058305,1.5842851002199,2.17997131609259,1.7947552351036,5.19844756088871,2.54844392475155,2.1593535618898,2.57574468543425,1.83887251701349,1.54864725155334,1.68629190629808,1.45461114346936,2.16251332311978,2.29262818262204
2021-06-02,4.4904000919096,2.52047081563493,2.78019523031316,1.90249954255089,2.80295717667685,2.81360212205512,2.76385645711008,2.17197012360806,3.19706634080733,2.24810511005919,3.05550907654569,2.41455856192007,2.57137197156439,2.49880363474658,3.46515532442926,2.79673360235519,2.22533748493448,4.12174169529041,2.44507207482509,2.7648986393164,2.34883531543245,2.60935550961952,2.64330222141749,4.65961525925052,3.50090398985914,2.87474370867712,2.78953910777424,2.65172075051345,2.53707812977184,2.63264667593029,2.26112150005718,2.67549728783333,2.68615663429785
2021-06-03,4.50784507348021,2.28284642917093,3.19985847753629,2.01116455333081,2.83195166407396,3.37309143282298,3.46214817136679,2.28184204683491,3.06175924345584,2.35871261783048,2.9501292387223,2.96114927687467,3.17791380381141,3.20390330633182,3.51428407702417,2.61007191121615,2.48547127480936,4.09728596694806,2.87106134651817,2.76047195955755,2.78724913296016,3.18654349734726,2.41939302027134,4.06068754709759,3.61287163411748,2.93417913941594,3.50040174054835,2.67381587794776,2.59778853812615,2.69971867647976,2.3634522752881,3.10376259133866,3.30434742576074
2021-06-04,4.34201914306933,1.88368736572206,2.10775289238042,1.26860736923073,2.03034105837195,2.17179400005688,2.08462623289541,1.55214038474836,2.84616208642778,1.61015688676454,2.71034836321734,1.78497827017745,1.90405284351857,1.96971308044848,3.09290743012615,2.18700768531015,1.42599072906675,3.90082125060211,1.69395139208452,2.02169284438275,1.64188658066079,1.89338595486529,2.04931135277754,4.83155324124914,3.06810400670852,2.1935742510473,2.127889634896,2.04023085392681,1.66934664209146,1.80920884666762,1.67973779959564,1.91145660428719,2.04444268749705
2021-06-05,4.57777710174068,2.93943394312452,3.16543662556011,2.37584743440905,3.23544840269804,3.26727969800551,3.15085258263824,2.6427568832485,3.3845570910851,2.75674207863962,3.24002786683483,3.18931401927111,3.16562388011081,3.32904793334155,3.73653254094149,3.18381478445543,2.85225021808727,4.27062352460792,3.05693745381015,3.22909603566863,3.0631846964151,3.11327130055015,3.04616799190954,4.22415103846,3.75237122928944,3.26328971595454,3.18980022281872,3.03600753191055,3.06096464403893,3.1405852083369,2.71454059354674,3.10617455032942,3.22958938150614
2021-06-06,4.66013180897833,4.23423576939738,3.01869326878025,3.08401770576902,3.70115222282443,3.0540570044834,2.61498872841596,3.30790410653631,3.99218069134832,3.47738974253511,3.8159204974753,3.87604729595778,3.2849358657456,4.03012161804201,4.10326676322589,4.23443666040834,3.41602247053211,4.57324651977578,3.39355631911033,3.81210238306915,3.67171354983602,3.00308345040057,4.30135188787808,4.61244060474636,3.54792340866321,3.73170949207698,2.663762461271,3.69361372881614,3.58328204540581,3.6490349490162,3.38731355442215,2.99415894996462,3.20364067609895
2021-06-07,4.49708267087464,2.98713316769648,2.65656232217948,2.05138477087414,2.86428783631332,2.63735187632227,2.45596010595093,2.32400889488499,2.68727335617838,2.30898888383666,2.66170412421935,2.52152574760238,2.47840740263177,2.57556314675756,3.54869612278075,3.15404444173504,2.37060684468191,4.20840632308166,2.45011648809322,2.87896841711249,2.46881713427877,2.44469312164851,3.09735128762814,3.16859244774563,3.50635738909909,2.96754276683277,2.48540120868463,2.89877621870047,2.61072140300591,2.71127613851265,2.34038251963002,2.51299960729994,2.54740871886061
2021-06-08,4.47606735156697,2.64614182156709,2.4974707980337,1.82519164625491,2.75912854368726,2.76433065561737,2.30777434938842,2.08486038552496,3.29664180495042,2.14560305408855,3.14297205884904,3.30650326125624,2.84495521409879,3.87222173986489,3.420964026929,2.89463354327264,2.00226874104994,4.13993004364035,2.58090816042373,2.7406922542882,2.72205717883153,2.49355594052626,2.77676553935612,5.15929680274149,3.4628928776144,2.80256226967127,2.41059977621879,2.61852348018511,2.4675832974936,2.55819060323509,2.17788397576012,2.38545278241967,2.90580344451562
2021-06-09,4.46031255627141,2.27085335555988,2.64227134921741,1.76579365581688,2.6398016681375,2.74994017980782,2.58573961173119,2.06014739804861,3.86881279575291,2.33346133487518,3.54058351150584,2.52945299815415,2.5422057131997,2.69215601486832,3.40476985928476,2.58662348903129,2.16611943424978,4.0573006354469,2.39595792823917,2.64790347326752,2.39105010782253,2.49657516566535,2.3986408244419,6.22055433822111,3.62835284755915,2.70501821386452,2.63864945974555,2.49283464237313,2.39433858748994,2.50368172952173,2.26572704353622,2.49445469715861,2.65186290491318
2021-06-10,4.43064735206907,2.37757048942034,2.16573350448968,1.84196083338788,2.46964300594681,2.24376079363166,1.81507774483344,2.10874174099911,3.07059536364473,2.17508493876663,2.9499394871366,2.27594763966937,2.04650484191759,2.38766987497734,3.41494206279838,2.65583590588944,1.99241588025023,4.08946161460146,2.04297543082003,2.6001081011818,2.15275274831461,1.92079446173363,2.53224373565016,4.43844347851059,3.74972138217388,2.49791492534483,1.89071476640811,2.41875358454726,2.23637845087664,2.35614483998265,2.20216431402998,1.95764786565871,2.13368883155813
2021-06-11,4.45277003129015,3.13571630771812,2.33148799861404,1.86082427251939,2.71450245130082,2.37856124024337,1.8964563304468,2.14508616016759,3.18932688530096,2.25450443014558,3.02781431720777,2.96863462745836,2.45111139032656,3.32731074561647,3.45101970105887,3.22867675516934,2.10941548240939,4.14627299034179,2.36048452992247,2.72729463392857,2.58799828649113,2.13628704744872,3.159761286408,4.58208709511874,3.37524761171321,2.905482235154,1.96926038615528,2.91738312532153,2.39029489624275,2.50145481657205,2.24709325266286,2.09752974416027,2.4715537843548
2021-06-12,4.59501413106718,3.92222808624502,2.91754677856361,2.63687017697597,3.42755084201995,3.14201800399682,2.61854617714205,2.87752999281816,3.57977144805165,2.98598485987995,3.44172459452533,4.53256424241348,3.6346418785727,5.20525015495151,3.86198682331205,3.92993362705617,2.95171212727895,4.39722600622214,3.43504788095775,3.4202375459593,3.8273549858818,3.07298128019195,3.91195167580528,4.38407439140387,3.09445274468489,3.58646104465362,2.71009096874063,3.46573735799747,3.18549592174297,3.26222101373622,2.94468877341127,2.86024682320276,3.53995562115303
2021-06-13,4.56210656931148,3.219224590416,2.82493091381917,2.48432044679475,3.16957800114216,2.85473370700425,2.81147896221331,2.75922601210997,3.5938922781039,2.96151873040055,3.39613373154226,3.16631825025846,2.9873427713084,3.23380426998769,3.79100630893351,3.37219211880806,2.98467843479422,4.29278971879862,2.97924113912172,3.23187940565825,3.11227003566439,2.89095055120427,3.28682110270981,4.35079540902918,2.70448252778474,3.26959540656891,2.8213175337951,2.91726175068704,3.00574254765552,3.10401098738429,2.8730633044653,2.87349849490829,2.94026152260005
2021-06-14,4.46134348967616,2.88141597680608,2.53332806189711,1.67169990934392,2.7587520121695,2.60112518025246,2.27073806909918,2.01838759904136,2.703906458468,2.12832196719943,2.56593356834569,2.8849564535603,2.58121074381945,3.14518597410955,3.40846784023381,3.05129873220352,2.2465687508087,4.11563639279355,2.47987669299658,2.75002283793527,2.6244620977373,2.3799434622191,2.94552255889426,3.38216019766718,3.45957342782642,2.89980952236153,2.331364584602,2.81892943166889,2.48436770699947,2.59368232046696,2.08254770425558,2.34909869264697,2.625657896454
2021-06-15,4.38422991295145,2.46785560326703,2.02456732000646,1.36826802362978,2.32509915143877,2.22810419220769,1.88578227775201,1.68647023916299,2.80223791005996,1.77309846712024,2.65031729553078,2.82062426618768,2.3749038478654,3.32168631279367,3.19936430213191,2.67745575999874,1.67970474367105,4.01825703536323,2.13480493410222,2.32826854353989,2.32246514243108,2.0448074619201,2.60261101580718,4.35926604907042,2.61710426675167,2.46859327515934,1.96598984905191,2.24932179372571,1.99052798912349,2.11575956108955,1.78975474441319,1.93167306816233,2.39644610253293
2021-06-16,4.45526086097502,2.48732816734748,2.33585246453382,2.00134135625357,2.59295288454468,2.50539533896877,2.10670007579241,2.19338392282661,3.33946216154427,2.16761947817817,3.25942467886554,2.78826209729884,2.46991154074674,3.20432035775012,3.44113889082371,2.74547329623237,1.85454428567277,4.10690816825858,2.27094104535375,2.61667271947668,2.35665362029996,2.22059004090667,2.60249803873422,5.36471005930405,3.41307708205596,2.66366654565435,2.19037326927356,2.48656048080319,2.27693695698129,2.37766971246701,2.27770708236342,2.18637441708265,2.55193837921354
2021-06-17,4.46242638459712,2.94389121205866,2.37947602784911,2.01241844306868,2.689521368068,2.34311603642398,2.23233140911774,2.211451393566,2.87890784083943,2.10234751144168,2.89169748182717,2.36939149231047,2.30329024211866,2.57107777662162,3.45366975299094,3.0806876475979,1.9194809970013,4.15213216252215,2.18034934702775,2.6421266935837,2.16004687875203,2.21925490929561,3.01285386808957,4.23934740649487,2.69664292867912,2.86764205123023,2.24699781753982,2.66657390284943,2.3194969022025,2.41935100778318,2.23623554285248,2.29814693296599,2.35596827861075
2021-06-18,4.5148493410798,3.24906821121065,2.78458010685838,1.82208555989609,3.08394912114567,2.70526548810425,2.5302810508409,2.09705920566699,2.73442146956612,2.03451780594824,2.69307677584008,2.60141174696163,2.57610137810818,2.79762924054351,3.45234546638712,3.37268062851917,2.0907343213283,4.18715094687435,2.46566662641881,2.92173222714896,2.37424768125169,2.51477955081256,3.25706449431995,3.86629361842805,3.36763987397635,3.23514782404629,2.54579748974597,3.09559636640499,2.70680566736299,2.7760151483499,2.09556680250521,2.6509116379844,2.66590612867939
2021-06-19,4.55583894979208,4.98214750707807,3.28891519605492,2.5327919622162,3.35004474073616,3.00525253947976,2.79537381750914,2.92306238515854,4.18225492559282,3.5121566279437,3.71816235634093,3.54835003343319,3.11835360542578,3.48777156412338,3.90386994321231,4.64667324593136,3.63657861480384,4.46994908554338,3.25205777978266,3.36295026018635,3.65483113752848,2.94819904815343,4.89936207264382,4.56298886299273,3.79479451274418,3.84526507592453,2.79287915093527,4.49145106475469,3.12615829534412,3.26233177078445,3.18169726705269,2.87674503008323,3.03799725676128
2021-06-20,4.55336486560935,3.09230865507633,2.66283863517981,2.62587481129014,3.10460317997289,2.75897585459534,2.4096810240364,2.89248921557663,4.1483245625863,3.21577132426251,3.8455712286718,3.46884661122391,2.9512179673974,3.62910345059112,3.85468554606377,3.27210837862527,3.06130484057401,4.2576749320269,2.98980190379898,3.27031941427728,3.30693398517995,2.68963074584777,3.10870935485828,5.35759632258665,3.19964983694733,3.18985467966683,2.46667247946639,2.90386006997632,2.98047548275676,3.09025597021298,3.07892878124595,2.59867830403796,2.88480220183214
2021-06-21,4.5742727984564,3.46069440708866,2.76349396441604,2.70551715953334,3.24340654772862,2.86603225868135,2.56420859556701,2.86289738959523,3.27183338516562,2.76220283198724,3.29788618348399,3.61811670861483,3.13068005106141,4.05526912040503,3.81530553802328,3.55972948556694,2.60887264257625,4.3230349948849,2.97968399658198,3.23225984668764,3.15120664550208,2.80729256520872,3.46179098883309,4.16916044844294,2.84147054651349,3.37636854171434,2.61275536602223,3.09208501603978,2.95738054151678,3.03249895935715,2.86532563891562,2.75132384064623,3.09576551172649
2021-06-22,4.45523694680418,2.74921980324686,2.55331445705766,1.75730491837843,2.6909892134487,2.59738562752659,2.22273477216751,1.99835150369092,3.45737582936283,2.05991255356048,3.28443031402079,2.55939685342723,2.39793447954753,2.88179445341264,3.36266394597484,2.94319047960623,1.81112995997289,4.09967230884818,2.22279384474987,2.61725882993417,2.21963837155327,2.24123304557055,2.81654776301471,5.78990182744907,3.90364581030435,2.82533209258372,2.29002346613959,2.83897006152395,2.32158373828203,2.41487257351687,2.1145076772257,2.2857794403077,2.53160691498785
2021-06-23,4.29492849076153,1.62836278014523,1.70304429470987,1.09149776345277,1.80823977356635,1.66414180966912,1.16767792747708,1.54962332552757,4.14868671113511,2.24533044936304,3.50944258080009,1.35725894393327,1.20344597131724,1.06611191022543,3.13762469982673,1.98302770688093,1.96900389278176,3.82431703461045,1.43176485462849,2.11584476736822,1.68673128328163,1.21594798593411,1.77374347991672,6.6566298638313,4.30454340941254,1.89875346593337,1.24903228903792,2.00635593611921,1.67143670594878,1.86319331516909,1.94854430121811,1.25571576649414,1.30994661664715
2021-06-24,4.27244206071705,1.58238494796519,1.47379828986827,1.00861146466941,1.6891278758926,1.50722253885854,1.05051750982317,1.30457076392878,2.44095701411327,1.2964455083231,2.36045638894877,1.27627434215717,1.14780014034316,1.39992498533138,2.95553424257014,1.92737296982669,1,3.8033123601555,1.09557084974892,1.80383059217509,1.15171201445327,1.05891898353486,1.74064478619657,4.30375456960166,3.51199130847157,1.79933429351603,1.13254347026421,1.75488171185996,1.32471108857977,1.48084087366673,1.40331456977021,1.13771248471405,1.30298874037821
2021-06-25,4.35485015689373,1.89111184946273,2.06407433847479,1.56499337194692,2.06034374829973,2.09946036589996,1.64321430193438,1.75732241529997,3.28486259013857,1.7355183839858,3.18008450310331,1.63952916657266,1.62395190099231,1.82593907051585,3.17902205403474,2.21194715689908,1.25397889132017,3.92770295425733,1.4925034123156,2.10554724979408,1.45064075698245,1.5644546420658,2.02620275807999,5.99797316005161,4.32846213419277,2.16731150555016,1.73048839484384,2.27459634885928,1.67979783252048,1.80722830799871,1.88598641517053,1.65280730738853,1.84142025794125
2021-06-26,4.97844633208038,6.2113004527024,5.10243246225177,6.51374645604688,4.93555662734782,4.9347378215451,5.06464012599758,5.85375242396653,4.22283395991753,4.54063243592022,5.23095126661462,4.841666684035,4.98702558949242,5.52944324651489,5.18202381988174,5.81936895171623,3.55238652896251,5.20102487689759,4.47358064164843,4.5839007145151,4.10804158929477,4.85862847004862,6.09940563345194,5.31781029598208,4.26694150302229,5.31021975406672,5.02822737693095,5.76209211376132,4.37097666568198,4.3137517777591,5.4608435566313,4.96744437185188,5.11497155660783
2021-06-27,4.56205710450943,3.58574339019589,2.86751622608903,2.80469945803967,3.16913765294128,2.82525465387071,2.7554904661183,2.91637276060556,3.72386062122136,2.85214692686601,3.70489330012908,3.19246059451897,2.98336787763192,3.49376637546067,3.8143691221712,3.6167597532001,2.54288050105635,4.31342581502069,2.82680809442322,3.10319434855773,2.88662840118166,2.81056730821819,3.55290108078941,5.29064276200929,2.62248480834549,3.4190036778434,2.75989601530767,3.20793425792519,2.81627035942103,2.89942990552625,2.97526512163765,2.81913474910624,2.97319987934272
2021-06-28,4.48407230456735,3.54247107072392,2.79146562284336,2.13859547100927,2.83615061106968,3.7432702299234,2.57449966789209,2.3322889120789,3.54561081006218,2.36285081993618,3.42693637579569,6.86472467090018,4.85276854474756,9.00387575312468,3.51721216676377,3.52979922732032,2.10674741502509,4.25686793395154,3.87615116285383,2.71839016593057,4.72052243309439,3.40110127600523,3.60671072929109,5.53874360564778,3.38563044958869,3.12164683832349,2.86674240096849,3.32100380602168,2.42896339031125,2.52750878629841,2.43910915655814,2.54738427733739,4.75731009152136
2021-06-29,4.52622507119182,2.55402582126473,2.63126055398805,1.2297575873782,3.19680548607334,3.24906710169228,2.50261964826478,1.61184264431768,2.9826483690891,1.70567700866193,2.7434202910725,4.77609283444525,3.7650805395374,5.99715623870257,3.26481188011763,2.91877643528279,1.87743567217862,4.09330683914252,3.23211738376513,3.0053149645706,3.47811764313765,3.00690818194071,2.6316306647866,4.98027105932377,3.14611812205536,3.09309999710041,2.67690913534312,2.47900150754682,2.88704497089283,2.92399764197412,1.65990944459696,2.723393967886,3.76898339388065
2021-06-30,4.51195014107091,1.99837065287156,2.40734047130419,1.00911741384463,3.10870276221838,2.62338670179029,2.31694666759972,1.4088737386798,2.74590419565426,1.4588430762836,2.5277298982685,2.6613114758237,2.56317383124361,3.02188188464107,3.16844538696129,2.51228756896503,1.65858740166957,4.00105881899744,2.40317792875282,2.94200032301365,2.21314123027258,2.43439990260861,2.09852737317022,4.79188567621575,2.99119577299419,2.88646339393816,2.37692452994443,2.00694917554729,2.82432197115247,2.85429765006073,1.43130121270709,2.59041399528856,2.66118173418512
2021-07-01,4.4090649110418,2.50201451231262,2.3167762474687,1.58830729345955,2.43309055397444,2.39179897004934,2.09390611389847,1.8367745078533,3.45900747371124,1.93142599967664,3.26017554020952,2.42587777523807,2.26156890152759,2.78225352288988,3.26081338173531,2.71255520258878,1.63158014598404,4.02862804919549,2.04606084830681,2.38011544905257,2.07011109932115,2.09075338994447,2.59249615878894,5.99090628171155,3.37260335361944,2.59919354605185,2.15717717369808,2.52980392106709,2.05036800391095,2.16192467541587,1.98516466224583,2.09386887848661,2.37377949018592
2021-07-02,4.45822558653594,2.77268413951745,2.48330955527426,2.11041265441513,2.62403959284574,2.50070623182557,2.20879207265925,2.32394629297666,3.23501443636795,2.34360226820039,3.15510819522782,2.53177206266427,2.36073675294628,2.72077615884255,3.5098650594094,2.94555345585575,2.11968235775747,4.13491300704299,2.26670303516464,2.66213898155368,2.34873845046637,2.23414518629331,2.84942553478518,4.67688353250842,3.59265518404191,2.78507155996416,2.26160043428177,2.77775199044854,2.32078675007928,2.43571742483582,2.41131494870968,2.24704751112924,2.44262048276351
2021-07-03,4.4280758707061,2.64379100474512,2.38961337737629,1.62707788881999,2.55130816447615,2.46612759295061,2.20685184725014,1.97389087981984,3.46746350599832,2.27270088123256,3.15360120167407,2.74302826480314,2.46594798967612,2.97481807018742,3.36745129779847,2.83512946542119,2.20161483644497,4.0561641777525,2.3583651031385,2.58379633699857,2.5326600920941,2.28011261760086,2.7181313132173,5.11877432154245,3.16599863343963,2.72248141786809,2.26252344445524,2.59328318578191,2.28601823018536,2.4145969449756,2.16430946722378,2.21652862248032,2.49647316414744
2021-07-04,4.61445114932682,3.75025346943361,3.174727621028,2.51500094983533,3.5588013451862,3.18020748640789,3.05370120061232,2.76999464822979,3.66337704329495,2.89713200507442,3.48768628222408,3.68645137435191,3.39408946751146,3.99030125835391,3.81936587660757,3.81399750018621,2.93745163418381,4.34176440742852,3.27393143753305,3.44433771605508,3.36327153456209,3.18844671293244,3.6938729437685,4.76507343388417,2.91319388920538,3.7254058236671,3.066783880691,3.41629942085147,3.28458833860452,3.34612914392626,2.84483792047257,3.18216108769781,3.36055588487035
2021-07-05,4.53651445373535,3.31539908415908,2.69118844130827,1.97297899353828,3.17468932250115,2.71285583804598,2.438445882876,2.23010475384466,3.14088175609426,2.21535856089786,3.04388211603731,3.00141958078836,2.75645924463094,3.33114330687177,3.52578337717345,3.44972557538726,2.17263267745739,4.24033998534722,2.62878282323113,3.05167667028952,2.62320553485503,2.56834388260907,3.34544724055544,4.66573064961892,3.10530722439993,3.26636629363249,2.47366075738562,3.01958160280824,2.83036324897888,2.89198222016772,2.25972223022173,2.64765551125511,2.79796215075969
2021-07-06,4.76129678177548,4.42945785606282,3.29459836097535,4.19277488231359,4.09727315909889,3.11775639291078,2.98476730474605,4.13206101369288,4.42236829639155,3.88661869640355,4.55336453216031,3.49367576401271,3.28118916840892,3.51695272741561,4.46045960334702,4.42686399938288,3.39918285688237,4.66271596860026,3.39699870067556,4.1205584949992,3.39290807325244,3.19961204521754,4.33951052823606,5.67952019542379,2.96111521503237,4.17123149121648,2.95717409896143,3.808975778431,3.85978121181136,3.88232228533494,4.0969085643384,3.39476853325301,3.22063576482946
2021-07-07,4.44738906500048,2.57272649159724,2.47076931632154,1.87498120055928,2.58766077214477,2.52669636198342,2.32191796527566,2.10385481680909,2.90336471809519,2.05857066205739,2.86591252311594,2.48185391655196,2.39771213598985,2.7389209884584,3.40074655457753,2.79251186046785,1.91844268042187,4.08616130425922,2.22595806676833,2.56338022409576,2.23188936783924,2.28765766662607,2.66568517998602,4.30793336145882,3.30517112706637,2.7289201604181,2.36915194429985,2.58839360913723,2.25345252319502,2.36072362956402,2.15606467781274,2.3048901620859,2.49303211424386
2021-07-08,4.45567631641517,2.65377618142256,2.42028042615779,1.93521271930868,2.63517607770845,2.61706362671178,2.2739296438865,2.16913622692101,3.11900818900106,2.1804921682771,3.03307025934447,3.15258949876166,2.73481619654639,3.66281370897256,3.43979080853724,2.86148614518502,2.01268210989381,4.10389875249812,2.4811796813129,2.63009323628888,2.64337346720563,2.41408795459623,2.73518472011902,4.6433591305228,3.05780363453181,2.77411581512672,2.35414730626435,2.56887903288434,2.31723270825172,2.42477535487554,2.24730150577114,2.30034713965411,2.77077309655925
2021-07-09,4.35420497119991,2.15486967215307,2.17036356479325,1.16211780752469,2.17875533673327,2.28817923192894,2.04646101565502,1.47356124607155,3.16656472197335,1.6228724959253,2.92798776264987,2.32136515374076,2.17702562813009,2.73070732765044,3.07392349278598,2.40604976055186,1.42193319481991,3.90830723171479,1.89688900711827,2.10734139257006,1.93429520549955,1.99551596746025,2.25489922832227,5.62588511322585,3.10585146985177,2.37721603734544,2.11308257670542,2.24800473469653,1.77909848982664,1.90773189586856,1.64112260924407,1.94953868373542,2.29138759525648
2021-07-10,4.51937296211799,3.25112064963131,2.52612565683247,2.37457781261001,2.99300758465769,2.38833150290566,2.18339185331135,2.67905657880841,3.82705091483678,2.99903416000042,3.53366526295724,2.59030285623158,2.36993952845909,2.42147631216198,3.74822037695871,3.36389448225105,2.90427624233889,4.23359137985313,2.56307911012063,3.13544112495219,2.75755323779913,2.32668739536363,3.25278957657814,4.81440798706316,3.14373801947114,3.14080964943204,2.19020412156459,2.97447998103806,2.82644741727208,2.94494514835487,2.85313314883303,2.40402235937924,2.3328880207577
2021-07-11,4.59719002538623,3.65476914992935,2.80144737616515,2.31842505021075,3.49368885887398,2.7822028694077,2.43048940190299,2.60238972042675,3.58402431390338,2.73465872127658,3.38537698334198,3.28133251609565,2.89853719177174,3.46305226727282,3.75093489867017,3.7633435861337,2.7317519288925,4.34430411436285,2.93644989729888,3.45721370998149,3.03519476934688,2.69817343041572,3.64701481447617,4.81878108240934,3.23673573161747,3.53704309107679,2.46151471262396,3.25556972615311,3.25318067457249,3.30926301199199,2.66985480808991,2.79130367974194,2.8778105967948
2021-07-12,4.42507590119578,2.77932879492106,2.4554954882809,1.64854570067557,2.55459349749355,2.36778055585271,2.21482088085294,1.8863025219809,2.68316362174521,1.79172441007421,2.67097719829285,2.0728794399357,2.12957195781633,2.25879942492994,3.28834306660244,2.92581677039781,1.65935175937879,4.05540863840691,1.97514221546262,2.43926888498263,1.88622945711181,2.10005401469482,2.81849962209314,4.21362893555747,3.33431275466399,2.78168250314762,2.23673502288061,2.75678438789717,2.1264266677262,2.23026830982617,1.91846246862689,2.21297994093725,2.25995599035483
2021-07-13,4.48858702858408,2.82685896454445,2.45969922163041,1.95152671449765,2.83561457230448,2.44400276534572,2.3645107261032,2.21258370900204,2.89764747528381,2.2045748585768,2.83564981057893,2.43197539181275,2.40222420639133,2.53104094814509,3.48842359264923,3.03071637503397,2.17432973950406,4.15734228538701,2.3461567384331,2.81707877571267,2.32337961179335,2.36310334465372,2.91028258803573,3.96879007786108,2.70951156782175,2.93011826503029,2.3748731233075,2.5844677577849,2.54568983423571,2.63956716798648,2.25083758421973,2.45502579341271,2.43723796077718
2021-07-14,4.46874683444459,2.74624292382075,2.4690533964876,2.02485313945257,2.69942593137033,2.4948352234949,2.29118283203488,2.25413208786546,2.92924535112124,2.21816724039491,2.89625391224937,2.54200483054008,2.41568168275986,2.73773757844695,3.48662745963456,2.94208366734729,2.09927550057786,4.13286256631902,2.3086624684803,2.70406377301844,2.3460816850763,2.30690615408639,2.82490195311915,4.07800544995982,3.1723163838904,2.83209864803083,2.32958199872748,2.65700801954017,2.39350447078556,2.49858284172353,2.29835246558931,2.33918954260633,2.47850993997412
2021-07-15,4.44228313336655,2.87627161868335,2.34611092789033,1.96929839684168,2.58528391556729,2.31226783703511,2.05844480469598,2.23708236364117,3.25221615442622,2.36351713172977,3.09588550061263,2.44451217309289,2.23735894639461,2.54994488202506,3.4788961400286,3.01216307214446,2.19934399547665,4.1213160232782,2.21339776385993,2.64552973985442,2.3482406981719,2.11909179590091,2.93541530225504,4.54947842397325,3.23012023817279,2.77849127463891,2.09600972407689,2.73897477715438,2.29775289104516,2.42380006108699,2.35801812749167,2.13851316302305,2.27583911478123
2021-07-16,4.6567316157334,3.67400755757413,2.95677197641769,3.30211544319794,3.6175575505421,2.87267098307928,2.6278890892175,3.40346462736096,3.85372088466858,3.32550179568461,3.8607384373362,3.20205141524408,2.9437566870253,3.2334738348601,4.10629508646474,3.7936968449056,3.06761505144586,4.43930687784156,3.04705075409702,3.68196833484278,3.11590480559759,2.83669818062368,3.63330968431463,4.81477503635957,3.24132064883283,3.66424935075596,2.6362616416714,3.31972171361743,3.41337955486574,3.46903042590568,3.41410974599749,2.96523897309217,2.91557735526642
2021-07-17,4.56723698491922,4.26111237853283,2.80325434272391,2.88360273508246,3.26977838830062,2.61550982694022,2.39478612287222,3.08993782807362,4.38240569000956,3.36419891116247,4.11334969237315,3.22612783545625,2.80470379799289,3.27992611690629,3.93882843131285,4.1303418310478,3.07102033034211,4.41319134416716,2.89860066665188,3.32088535019775,3.16472050085674,2.61482446047943,4.19185928128606,5.84069438588872,2.94259562191921,3.58648369828419,2.39376904272945,3.67718591430615,3.00329825345996,3.10983878323344,3.27549300628193,2.63393774355086,2.72357941622994
2021-07-18,4.53919636198037,3.65004490400162,2.76517871032178,2.44846493316447,3.13294425007364,2.98530449143996,2.42149104538548,2.63995047665368,3.4086813637072,2.62704777126103,3.34801186224975,4.23196209725968,3.38094676608716,5.0164228640398,3.70125562622053,3.66828755152793,2.44243048130046,4.29288707322098,3.08117613572472,3.07564869282899,3.41843204310178,2.80619942947715,3.62367456974602,4.70417669485475,3.24848689742944,3.35585588408009,2.52467696169883,3.33209132880671,2.78760723857978,2.87183449872394,2.69140810738577,2.59850624553207,3.34730159771909
2021-07-19,4.4491560132288,2.90258525466658,2.5280103540249,1.95854102740801,2.61428840424138,2.58740912670079,2.33300859448338,2.17308909514426,3.37208963606086,2.20961609420778,3.25305591334561,2.73754069378441,2.53343258412228,3.09621857559211,3.43036155387965,3.03162254923329,1.95619379111521,4.13562979163362,2.3204412799523,2.5705230007836,2.38819799163972,2.34380689055076,2.98385967116896,5.3029617839063,3.33280823863666,2.82177798825429,2.38772231949917,2.83098730954929,2.25088210052787,2.36075938811977,2.2826717213554,2.31387760673149,2.61430467327076
2021-07-20,4.41138311449195,2.41652963504937,2.46778829156979,1.6334715543497,2.42114783840999,2.6007194976546,2.4257229244148,1.92215578720509,3.14796739784605,2.05682394602212,2.96734538632218,2.76386535258421,2.58141170327773,3.14268443570455,3.30845879518826,2.63443476776357,1.95279928304802,4.00807080910988,2.31998130722212,2.39300410412668,2.42464971318313,2.38967920428029,2.5005149168739,4.79561620264293,3.09500409097983,2.63084253644324,2.48527821016322,2.48846484228192,2.092441266027,2.22095348617051,2.06023516405226,2.2853670896476,2.65125127878736
2021-07-21,4.47299098292637,2.82051817319391,2.54535136314815,2.00184997983587,2.73655878877071,2.75086589467607,2.25954753853563,2.2616742694484,3.44096749229034,2.38856082649442,3.26079651671278,3.34716064818259,2.82439903318903,3.83954485423906,3.5040636196571,3.00645612539641,2.22307295341226,4.14922839187817,2.62011174868965,2.76641405111466,2.85078065493045,2.4658740899879,2.90300985901123,5.05450552397935,3.68467272633244,2.85796420456919,2.36121561263166,2.82260529468119,2.46213430803007,2.56982078848366,2.38397382365713,2.3327082143509,2.86902128669446
2021-07-22,4.49376153215036,3.12503058264696,2.75514685699095,1.78173550932761,2.93075204636132,2.96732827895116,2.6096259857282,2.11501949909834,2.9286281424326,2.23938895948903,2.76715658630663,3.65264821804495,3.15555533005983,4.20671903009104,3.46418759063212,3.25621191381249,2.36644242040288,4.18452035761841,2.89149724172183,2.86386366199114,3.10159679467024,2.78881110161054,3.20113625057669,3.81871261637359,3.28813349531897,3.08311497166058,2.6928541678436,2.9888004953477,2.64542470592676,2.7423840989911,2.18880558655616,2.63084848215408,3.16933106271839
2021-07-23,4.55966162375504,2.95218988584975,2.62703617550118,2.71696550114094,3.08376460010672,2.96188565282135,2.44049409412405,2.88092886503999,3.62895788023386,2.88460839648835,3.56686565348149,4.08813735457369,3.32121015199214,4.72137497999733,3.8190399957696,3.17609556744595,2.64759126100637,4.27860654741095,3.10426589420099,3.1870037685384,3.4303886714624,2.82408508346303,3.0234502121873,4.85956897709869,3.14214895866573,3.10946871430698,2.55157751882714,2.76457437037785,2.88672506952587,2.97362500300694,2.94431421787439,2.61704868829428,3.27505238881351
2021-07-24,4.79246776601588,3.98279772477627,2.96672475016019,4.79172388217017,4.10113485486844,2.61625581999222,2.43113388473101,4.80372339185813,4.6295804658613,4.81850791557576,4.65916789222909,2.70483208226522,2.56858724734799,1.88569930526403,4.83365009091464,4.13557859726513,4.44052015269314,4.69085283232681,3.28034946291756,4.56095206723074,3.45354028869467,2.7590575897888,3.91675358998731,4.23961546723427,3.41483077376262,3.97879091945356,2.37821048547617,3.4594439753041,4.21197483685391,4.27734678098318,4.82343251825436,3.08555491160523,2.42434686643559
2021-07-25,4.98374150322038,5.27183031294421,4.20577347157767,5.02760310307985,5.23335850128719,4.20878342184974,3.88317550400315,5.01702590746477,5.40832591097829,5.02315940833198,5.34243104610868,5.07318088999829,4.56336260820739,5.12219377151003,5.02318558751686,5.28067879384897,4.80134790445398,5.03483423618439,4.78360863451344,5.31949901279377,4.90862019997338,4.35711697706617,5.22707174371048,6.14537611571275,3.88907121043782,5.04861713358018,3.89047428717162,4.61651589292166,5.25641630811956,5.21970148287252,5.01403515165435,4.47230343600234,4.42431108167705
2021-07-26,4.77353434977626,3.6292087119197,4.09660557838022,3.7438268890213,4.12356132397924,4.20450407709549,4.18150081411967,3.8015719804715,4.93730349809133,3.86405941724019,4.79309368632286,4.11576726270358,4.16207198633657,4.33166866549362,4.32569916385631,3.83797467438745,3.64122070565868,4.55434242959033,3.99215235503081,4.05408154392517,3.89506017141513,4.1203483668078,3.64964245412554,6.82553731486454,4.19125577858094,4.10569285155172,4.20381953760866,3.78275783234312,3.97870217696082,3.99925284234166,3.89691530295248,4.12718462018351,4.22375705529524
2021-07-27,4.47473506888319,2.79642337640563,2.68635327657915,2.09179511354669,2.72008150515319,2.67195688809645,2.4612830331996,2.3238826961477,3.55989962526377,2.43846572249641,3.38880688592268,2.47481537994222,2.44719721422365,2.58880087567836,3.52167574785857,2.97645364816947,2.23084602362792,4.14451254635602,2.35766148154252,2.72578792357058,2.37571856155985,2.40035963176831,2.87326399548496,5.33148328224775,3.79437543351665,2.87857307962398,2.50212052323389,2.89109944299268,2.42695305792779,2.53667263812787,2.45579377664245,2.44041359461566,2.5526057340927
2021-07-28,4.43935497102848,2.98752519554519,2.40853958936577,1.65643824336813,2.65040727986207,2.44765581544791,2.28103100626808,1.97571434695138,3.46821627260976,2.21046565202385,3.19066437480155,2.83294326010019,2.55793892441994,3.1485783818531,3.36525139099029,3.09646970958571,2.10535139254846,4.10228756542476,2.3952117919435,2.6010337327768,2.53007312051789,2.35046837066438,3.03616993889361,5.31859709459387,2.62758468952222,2.87970860105803,2.31522182345717,2.71276774600899,2.31519464129592,2.43215456730952,2.14543132036481,2.30344493208702,2.56396842980683
2021-07-29,4.44774484646159,2.96019783441112,2.54918227125888,1.66891696909358,2.67960224729782,2.71396461089904,2.32470530699943,1.97607108069462,3.17010007065141,2.11577956042325,2.97427854098205,3.23554760627799,2.7947642034225,3.75071090277233,3.36607320129284,3.08929024861265,2.05820488870753,4.12452212975681,2.54122661979237,2.62519286552228,2.7249536788293,2.46238952074889,3.04244944070517,4.73969131022297,3.41006394480847,2.86644242765115,2.40933210797149,2.87616073825596,2.34798874020036,2.45725221539038,2.09412881219736,2.34024497099949,2.84430971293734
2021-07-30,4.50875227223198,2.71801980330715,2.88815933709501,1.91778554676491,2.93170891673472,2.91963485587383,2.91781810251805,2.25077236446254,3.02079572256237,2.41451386968764,2.84509258043752,2.72215503868744,2.79778604678306,2.77323428708273,3.53159444804904,2.95773533889004,2.59041405409325,4.14737214082684,2.70889197615039,2.91239518150854,2.70271420471094,2.80908474143521,2.81228380873769,3.71841478460677,3.27136580799133,3.03151563173832,2.93479552514949,2.76512017896314,2.71945485118405,2.82178539523441,2.33939590270275,2.82459304105129,2.85496790074606
2021-07-31,4.63080500507214,4.15771232874275,3.604309015855,2.97176596948509,3.58017563832582,3.36302850558549,3.61337549923383,3.20467855426729,4.12855780972441,3.47122827256898,3.89199305517019,3.22382817820679,3.36901742883664,3.10810894162765,4.01772535602827,4.08360619868696,3.50499907339084,4.41811512001599,3.36648101872119,3.4942051975666,3.38967464573384,3.45387206274723,4.07680018652074,4.90529450019971,3.05616241759834,3.92321944527064,3.55657439751227,3.88879610473107,3.33819602454976,3.42975023318081,3.353742182566,3.50251312470861,3.34607305381694
2021-08-01,4.69904180587271,4.57743697258113,3.42217269892738,3.34839886837179,3.90408476686529,3.50384517963801,3.27540121228671,3.51201494077664,3.77064404384044,3.53469021526904,3.72800647319734,4.52288797685756,3.9402814086272,4.93766322373599,4.1920334614646,4.49116775952782,3.54162710655124,4.62125504834545,3.82953164396855,3.87689029824699,4.08402769212897,3.58260090451363,4.58125096572864,4.05115227438348,2.96205103649681,4.06319424482221,3.30605050366722,3.95377619835215,3.70594540070189,3.75999980830826,3.52807031368276,3.47142866459016,3.83036284135758
2021-08-02,4.63143096533371,3.30629045350155,3.39351427728056,2.67557920138655,3.52327640551718,3.49252584737027,3.46306634932919,2.8760380089019,3.96359615829104,2.97515321774322,3.79424937350944,3.55957170142387,3.52347724572653,3.83225631190101,3.85459583156108,3.49408817497882,2.93145847307258,4.35314643110773,3.33082539499961,3.42607543944756,3.28817623175008,3.43002035160247,3.36164132389584,5.54432136850244,3.36572626882945,3.58308760768825,3.48527724152162,3.25320483373729,3.29531778487546,3.35022187122711,2.9668252478202,3.42316084770482,3.56390088855026
2021-08-03,4.55575555046004,3.04035018004522,3.3231610876139,2.18956096087236,3.15789288687603,3.50281333903377,3.41315927124767,2.4562985992602,3.44121721710742,2.58092809916905,3.27078934774063,3.57645906656168,3.49050163625537,3.99012762659657,3.62853016772326,3.22457666429195,2.66629419535447,4.24161604270188,3.17819606744356,3.04247843147337,3.19781269901561,3.32984650633412,3.13666353729485,4.70095213904863,3.68130256939565,3.28996756146681,3.46651528077617,3.17469891690293,2.8989842445507,2.98101960638248,2.55206787130187,3.21550828459992,3.56971964958419
2021-08-04,4.55543726581106,2.83899765286013,3.1678032070019,2.34094172469123,3.10896809483874,3.34105804290226,3.39163697251007,2.57318901975294,3.32315629789103,2.62774820467494,3.22449225816493,3.4734589312585,3.42934833476027,3.84420577029002,3.67256763422204,3.06563562178829,2.68136563589314,4.21031205832694,3.13131167920841,3.02653106845133,3.14331559317143,3.29746535426137,2.91555388854371,4.36307426550697,2.93705278692769,3.23770904177034,3.4217554501757,2.86143820617535,2.85982717115659,2.94632380225268,2.64287333958123,3.18924917916241,3.46325964489762
2021-08-05,4.50877141000278,3.76954342608215,3.34460877459404,2.05166624389745,3.01618427379937,3.27479934123002,3.39322774126921,2.26811454227753,3.01377115051347,2.22048637566727,2.98028848669013,3.07206740535224,3.20110079069728,3.47534151882892,3.4930438361433,3.69605632163524,2.23838715088395,4.25935030430494,2.81938647467762,2.72365688949928,2.71763453950329,3.13066334024426,3.79048656186234,4.33721900215602,3.26586083770273,3.42287000815173,3.39084401824428,3.64931855358725,2.54317216181071,2.63255447139434,2.31298737267109,3.10567951581306,3.31076638098876
2021-08-06,4.69093427404528,4.20531766073199,3.47124670007903,2.82562365076958,3.92536977406382,3.54549001269614,3.51565481084702,2.99850498318339,3.61786191041854,2.92695767908933,3.57704022175863,4.03892657856529,3.82877193429195,4.48848823102404,3.94125765727142,4.22748918781301,2.96178157996897,4.53510295671496,3.59617157950278,3.7133196175674,3.5470354699715,3.61973013980464,4.24060456067555,4.83361763999611,2.69477241207909,4.00923165766842,3.5199207964678,3.66020105318002,3.62488316505153,3.64418297366232,2.98641646461172,3.63937169434349,3.80390858016406
2021-08-07,4.75466743382503,5.21619929945203,3.81286411149186,4.86491895350683,3.9871101731635,3.19590037746788,3.55018440726899,4.57298265032941,3.36302848116272,3.76149738431209,4.0168395919026,2.33838051278872,2.90114938882356,2.03458130111062,4.57850251203565,4.92597608438547,3.15722215913914,4.76508391725944,2.9758512631406,3.83769468973024,2.62098123545434,3.22676928522745,5.05600407907612,3.55613209666431,3.31511532619324,4.41364495783494,3.42023624602467,4.65694441198762,3.51106425638496,3.54359742513097,4.32940303330855,3.63230015605462,2.98249019182887
2021-08-08,5.23817816432563,6.6225045239168,4.68008676603836,6.59480136055115,6.54907793046681,4.32518033491537,3.94478076379431,6.12330013924208,4.42553376486728,4.93399601098655,5.24449877358739,4.6678569626895,4.48554453363752,4.70740609574747,5.56314065172088,6.52596254054389,4.32526284423558,5.43888349810065,4.78697740803197,6.327406420166,4.31866266988289,4.45305115017559,6.37163338939054,4.97985354201513,4.08140305625176,6.21150447345816,3.87502789857921,5.52487830795697,6.28262203053316,6.08381180868566,5.60652193953907,5.11888287383857,4.45296516505705
2021-08-09,4.61503795743179,3.46999413469403,3.38756966696291,2.88100205943969,3.40087757928059,3.32992387340683,3.44646267274318,2.99088348832617,3.49051758174831,2.85235793740134,3.53510053562825,2.99371096765603,3.20793890386956,3.13041405130071,3.86917818395018,3.57871313774461,2.7271641934274,4.36998143975039,3.03149463807767,3.27207072206977,2.86868334056212,3.25604979845117,3.51117944124091,4.69794928414262,3.3234865311049,3.55992965346099,3.43299133431693,3.38443847818361,3.0888231037206,3.14936187185738,2.99493474948227,3.34468604731611,3.29079760030397
2021-08-10,4.58399070244744,3.17670429784974,3.40374060494868,2.26908809905618,3.3351362242902,3.38137769592706,3.44155693691623,2.49779235046485,3.20461913446557,2.47380105420613,3.14125914899032,2.91878346920694,3.16698038747096,3.0757836467357,3.65370309173711,3.35466161800845,2.56173404856838,4.26142446986705,2.96544725169724,3.15006930380526,2.77321600445966,3.22348661671245,3.22178695870818,4.39420766247091,3.69371041225998,3.45973588199377,3.44397595934263,3.28339015804662,3.02351401845227,3.08285533939254,2.52229606701153,3.31296180159016,3.2907197579228
2021-08-11,4.62868275803949,3.92507031574704,3.50019410572698,2.60634040100651,3.60955547638819,3.52377088580314,3.48040884140826,2.75721023338205,3.36356318438444,2.61260512132832,3.38150085196461,3.69810129948722,3.61325893487414,4.19173081768391,3.78013137826562,3.9422610639112,2.58141101843737,4.39758779546142,3.28729887710346,3.33875866794903,3.18782177630266,3.4393079119304,3.90857710786095,4.7648951304076,3.25231860627615,3.81802557822,3.49359551913575,3.69354195895047,3.20989495429489,3.24747480546513,2.74091899310205,3.45250692098462,3.67455883156912
2021-08-12,4.51138919882899,3.3301072476417,3.28658126288076,2.20682085986685,2.94429207371912,3.18617238771612,3.38093333051315,2.40750904794944,3.23498058032111,2.39913583963082,3.17786545135906,2.65569099424843,2.9701859941186,2.8262436551721,3.55588843236394,3.37008248137567,2.3574510661423,4.21991401335674,2.69670725438864,2.74628680750995,2.54360877476297,3.04212504304997,3.3746582119799,4.61088463717091,3.37861275095625,3.27287126194076,3.36600380678875,3.36608251687408,2.5469551157203,2.644104497051,2.47895649819281,3.07579019898804,3.09596289971502
2021-08-13,4.57576576045608,3.07966007604257,3.25544645146865,2.85703672902657,3.14103289174297,3.1516789524046,3.40288995260598,2.95164023906442,3.17026544178633,2.75231857059684,3.29181616785826,2.54209149904718,2.9352668766319,2.54434563714605,3.82051859418951,3.23862834517432,2.62539258203261,4.2791300978184,2.78043193060267,3.05444843955552,2.57871413667427,3.09174935341979,3.12317588754852,4.02578243225607,3.13972759965118,3.33248693822813,3.37147306953801,3.10091368753005,2.8303680277949,2.91203987859544,2.93686666081862,3.19926848980923,3.03351824547655
2021-08-14,5.00822231310025,5.92156021215894,4.21090491083259,4.91746924485996,5.55368761237794,3.97531323437345,3.77736004402578,4.76245885350026,3.81070880889121,4.065864021824,4.27026777300163,4.73804336295993,4.38641267197138,5.04088399343608,4.87344281799332,5.78313065183902,3.8660663749771,5.01756519755777,4.44154906534855,5.26638183991902,4.23998365240094,4.18751893685468,5.64706168846715,4.12161009528288,2.96909858127393,5.53022056743083,3.72166359120831,4.90931609896163,5.21916138623652,5.11560200291499,4.4408075333553,4.53926030582552,4.29147128223056
2021-08-15,5.07447645441624,8.83019376572953,4.73635142132093,4.59373013380859,6.28817115794137,3.90846940345699,3.90800559219591,4.51524729730496,3.55596994345849,3.79389875974194,3.98609422513864,4.06563029853321,4.10089562315645,4.02782234722213,4.82265992621577,8.03264138653097,3.82518701016214,5.48563427478179,4.34749041626748,5.62667632213139,3.8461727007862,4.17205861918845,8.55820904601599,3.88667128308887,3.18529197153279,6.53582948425315,3.73419794480115,6.88402922200595,5.7002128067785,5.5419641528231,4.12856111655234,4.90721157693081,4.0463613850386
2021-08-16,4.61345351094578,4.40884644847724,3.47082870825048,2.70320324322633,3.54706376382168,3.08665590415305,3.4673365278932,2.81159513578415,3.13364501447044,2.56244412959335,3.25170046901904,2.31992447484025,2.8628099423375,2.2547699409498,3.78243112906551,4.27075730872602,2.48830570232569,4.45997922937652,2.74919409501461,3.2293382772662,2.38317976894116,3.10830081776678,4.38565295158233,4.32282760524103,2.82118465424816,3.8878425822608,3.37122696254053,3.93240168429571,3.06760134794715,3.1131178786224,2.75991463413396,3.40274224647597,2.96168641086872
2021-08-17,4.49818621064261,2.70278655778757,3.22465357025307,1.97614802950843,2.84796757840225,3.15139701598897,3.36641903794685,2.29719974303706,3.8997281688473,2.65973374472964,3.54261980316558,2.40403264921442,2.81573845206337,2.29883718015139,3.53440636039399,2.90721486512148,2.69332808812619,4.12184521620765,2.69796950424602,2.78577540090444,2.58974967722462,3.00337040268619,2.78618105733399,5.59707078764897,3.66508786611764,3.05799408141386,3.35522650644414,2.9898961301999,2.6126497475448,2.73039835433078,2.52018557801722,3.03739463063592,2.9350079869945
2021-08-18,4.55737288413358,3.27526038278467,3.64358461254553,2.6580670050052,3.10735992343388,3.49820373183478,3.43781816793642,2.9870364576437,4.96894549039837,3.65578029805316,4.40636987310771,2.86850460444481,3.05501477546837,2.56173019316329,3.90231323375799,3.36696382210129,3.60326651739252,4.27018768983858,3.14038569191947,3.21408575575239,3.27192269587394,3.20362997160776,3.30294331189189,6.51412592620449,5.18957669619861,3.36692063561524,3.45802751211976,3.78818359320632,3.01611568264184,3.1549488497017,3.3406562726004,3.17283188604786,3.16274933380935
2021-08-19,5.43573363157615,7.553752143451,5.47872446334362,8.89324442261825,7.23748211347753,5.85707970978399,4.10773576664196,8.51390936036497,8.34192173640607,8.56630414747973,8.3210285117591,9.18084228872794,6.8514945383221,9.70307922616149,6.85428000428793,7.35865701842146,7.73419702961707,5.90726144557473,7.38535334360195,7.84109535733965,8.41249787123483,5.77368193265571,7.32339655112697,8.20956021689251,7.23990047982551,6.77078014656989,4.31751838019773,6.88213131828469,7.71588875179393,7.60668182592617,8.51528276739553,5.50927861745035,6.48666727784778
2021-08-20,4.46015614130079,2.61633281355922,3.23566341083874,2.04260518777832,2.61770676110232,3.14501659170191,3.33915282735421,2.27524849848134,3.66872645933445,2.45349379001365,3.46042245212026,2.26882583465517,2.72240001809851,2.29692635660893,3.47130203104345,2.78356107958782,2.33007127386548,4.06152935732042,2.48027555298967,2.50283384261579,2.33561843491857,2.88673810363569,2.66360157743424,5.54646376122378,3.94206067753898,2.94140949966112,3.33790320174642,3.06145668745007,2.27242678309697,2.39935563161745,2.45591232932923,2.89843969854074,2.90187850403576
2021-08-21,4.84017574497258,4.70894484512558,3.97520299000429,4.26086905009549,4.5391837149783,4.29472436155103,3.63873275316648,4.46425902136858,5.91509447426078,5.04921178202739,5.42142578325868,6.15161220543759,4.9595858847631,6.64090527133198,4.74228743163418,4.71574897016638,4.94207270577345,4.77543934663791,4.98131170462375,4.75350814117675,5.63367730872417,4.32711877679417,4.64866643741024,6.83410123121543,4.22195243821279,4.53555367113065,3.75158362534577,4.38737984354168,4.64068747706993,4.69081161209607,4.71997557439478,3.98418292871127,4.74828355113616
2021-08-22,6.36217126710722,14.9028347096905,7.76279763211068,14.5811111093044,12.121664173535,7.49335199595332,4.89906511351755,13.1663476391776,8.87165934613203,11.1373089332395,10.4002430226496,12.1802357468415,9.04929959339356,13.1113050738585,9.31492888808903,13.6909818110954,9.43152870848653,7.9189377083666,9.97498367458123,12.2056072993917,10.4938370344262,7.6101713790087,14.2625758078104,7.74640799005937,8.49737378838394,11.352769129029,5.0134435271252,11.9075385388841,12.2500482656506,11.7249334599686,12.1968300467151,8.20617269515003,8.56130788978336
2021-08-23,4.71127831422881,4.68981699438306,4.00082098025374,3.340626797265,4.01112946969166,3.96583369445773,3.57673380908334,3.55156278259864,4.92864251158078,3.91399738612499,4.57827142106011,4.43630761276231,4.00374367400849,4.68618843458013,4.22956213699337,4.57299933026496,3.8262462136123,4.59688940742741,3.95026711590409,3.95626891304656,4.18465584040423,3.75197082985462,4.61680521936511,6.3126613578992,4.94565725563952,4.24664404296013,3.62956694335819,4.64958994726526,3.82547194828592,3.88621844874569,3.74234149005775,3.66807914586329,4.0180036665382
2021-08-24,4.95837524427565,6.30887032632821,4.38173611669071,5.13107383926598,5.22711878272554,4.66174589141408,3.75465657164177,5.03934320893187,5.54221317749941,4.9410961956129,5.5428107883668,7.13472314683819,5.58649251707505,8.26021918813533,4.99474544731402,5.99346119920789,4.49736969409556,5.08696555142951,5.32940369302124,5.13916806742473,5.88405585192675,4.64016082882596,6.10197506301374,6.83266076205068,4.24708955087687,5.37066445032353,3.87996106793278,5.5126760813777,5.01554756856898,4.98262739693107,5.03347935834661,4.34149869080217,5.39431087942253
2021-08-25,5.39485851774823,11.3007318103252,6.01910151320144,6.76480903512299,7.97196773430808,5.26313925275532,4.23012650058329,6.54033454629665,5.7479392666982,6.01982072764275,6.02814117853332,7.02754451166329,5.82115122585512,7.36893037652973,5.94057005661477,10.1474510207583,5.78919963632056,6.11340092402453,6.25583807453149,7.43332117830191,6.32201770710499,5.28457492219489,10.7632779169021,5.97307733585906,6.0883245456309,8.20574014210468,4.17868032013722,9.30504634013306,7.55656873177644,7.32846800940544,6.20716299410144,5.8262252010204,5.65244328006723
2021-08-26,4.87568472607338,6.19555256203393,4.33099969619859,3.58921650803429,5.09507162611544,3.8421941303846,3.73396801820467,3.78800749889915,4.35371589846706,3.86567195334768,4.19355856140325,3.81336425814197,3.80549590275869,3.61321740683712,4.44155858693466,5.88273213708207,4.03154424590485,4.90277352184553,4.05825369231047,4.79788333744846,3.89918601805067,3.87985944341616,5.99778461025288,5.06274514451377,4.21336942189617,5.26592222645782,3.65603234052114,5.43780340476319,4.81132271996188,4.77598504195005,3.7706356908655,4.26631314705693,3.79027473597834
2021-08-27,4.48336179087492,2.58506813620755,3.21072227984355,2.08500638081196,2.72655703612188,3.11565331171484,3.35060282852987,2.26683378723712,2.9766211426149,2.17150483718861,2.98729743874375,2.07319729701235,2.64790910549025,2.10578681875548,3.46517170079847,2.79328040205881,2.10895116428491,4.09689758295944,2.39088070726967,2.5623334768249,2.10749443875176,2.86646097565347,2.66362806023609,4.38555463749433,3.78872705674845,2.96991035499699,3.33836760430526,2.96136944628733,2.3470638548049,2.44802788572034,2.31139687885025,2.96728872629712,2.85401637823473
2021-08-28,4.58212859131962,3.47708506845216,3.39891736684333,2.55212413763121,3.30237422966978,3.3591668530175,3.43487252423003,2.75042034534183,3.30117108512828,2.73733487743258,3.26165298655727,3.19345905048092,3.29327884460815,3.39702300989611,3.76258325929506,3.55318805119861,2.76937510086258,4.30051278592526,3.08497855880802,3.15580270468461,3.02034427136856,3.27116631677987,3.48132398575129,4.18604083066735,3.38784617373038,3.53696371899158,3.43322690062994,3.44696453383287,2.98737552471852,3.06494952285747,2.78738744743033,3.28204587557201,3.3606911989326
2021-08-29,5.30817245973314,7.99145890481165,4.96746039891255,7.44945814761847,6.95694093036763,4.70667027959111,4.01443168808845,6.93912650059856,5.34780049216537,5.94492697851639,6.0576791128831,6.59708936783989,5.51379349183173,7.10712265850083,5.98249284941164,7.56411473216895,5.2109589236899,5.65118782322499,5.73214023587288,6.78379830850766,5.78360444299639,4.9694634317048,7.5527060254732,5.58525861145493,3.78735709916075,6.87678041741772,3.98937850836936,6.47645910027282,6.69920701262616,6.5168624684833,6.5082938194558,5.31051414564506,5.28391021921959
2021-08-30,4.78538016412007,6.30248669613916,4.20593899424562,4.24613677242311,4.3814188648022,3.62139362064989,3.63560561695156,4.09949101930361,3.66707293144633,3.51304692243678,4.0688438620259,2.92112158271187,3.26437560577772,2.84284163496862,4.42043602692464,5.81027665485476,3.10804535388021,4.95777448943262,3.27913574604527,4.05299973685094,2.93188406211686,3.44198268280169,6.22510885082654,4.59275773479623,4.60548383308272,4.78830832516268,3.553088442494,5.63400161661493,3.85341222922797,3.84827826543946,3.91646606998768,3.84946076412614,3.4078849721548
2021-08-31,5.01583303748428,6.45532215034739,4.28670491859432,5.91684770690531,5.40104052718055,3.70918641810721,3.7647324389676,5.48974135847524,4.4876373515513,4.52999800658277,5.16062166794234,3.53202445636628,3.72038850020128,3.41152871096639,5.13612440088654,6.13336570574622,3.74677079295133,5.19088961051508,3.90950468221459,5.15917180624166,3.47686232863018,3.8646551327029,6.21541129698797,5.62555892541461,3.32069610661453,5.52550131339593,3.63881799833671,5.37107107281165,4.96643444693521,4.87459484787297,5.15725554486983,4.43852177064867,3.71811632595639
2021-09-01,11.6763152342513,4.41474760820094,8.00371485493064,2.68580748119668,5.65695106477586,7.78269595186247,10.0809934870189,3.58675305951778,3.52756221735316,3.1695169851627,3.83436865298618,3.54315939540674,6.50905554274012,3.40218175176073,7.99165539654884,5.28163518604102,4.36739825401951,10.2070210970005,5.34778097473833,4.91252904950261,4.10149500318704,7.71275938751537,4.82920702484947,3.75009186145482,5.88649314777892,6.56552207330917,9.87390621111434,5.52718419757104,4.50635395681224,4.88387371592139,3.5149711295133,7.88687221914948,7.07044785641175
2021-09-02,12.0827368612009,9.07029558006454,9.65006433918243,3.7798841869789,8.31305228044439,8.95429625368629,10.5486062113383,4.63291611772137,4.38794581466851,4.04505877205758,4.70551014199132,5.40100026790053,7.79605264095114,5.44773030801787,8.73056424365129,9.17937713768243,5.4192535007336,11.1361726309952,6.88898332171106,7.0640030125651,5.52304974812568,8.75187917057174,9.1793117985869,4.85194047600556,8.17381064312187,9.26106209760005,10.319715019771,9.19657576147622,6.95064000969132,7.12896127035516,4.36374879589488,9.32928080225264,8.34665657346566
2021-09-03,12.2978519403617,11.2645486280083,10.625712634135,7.92145271140041,8.80165046475551,9.40702628707044,10.6989252664888,7.81362386522123,5.79169907856413,5.99429166212816,7.14535039299655,4.63126065414293,7.4319667404161,4.34374827096783,10.0671129445352,10.8575092735981,5.72281910049647,11.9129351689509,6.6859611499222,7.72441444916405,5.04794177721608,8.65986089374212,11.3586026197846,7.06997101564369,11.6249392138394,9.99704420541767,10.4555154783772,11.5655232293046,7.21989715550665,7.36182499756171,7.24821049391538,9.56608954704414,8.25072567911524
2021-09-04,13.0272497523848,15.056593710765,12.4645633792875,8.61564034189243,13.3619606736883,11.6012257160575,11.4221335788309,9.23640552954901,8.67795200797509,8.91214733139002,8.73877894085601,10.4560280489175,10.9983679510427,10.3371799721547,11.4404082260867,14.5867777911452,10.2043090176136,12.9210833370715,11.1267648754703,12.3397323196546,10.3462108944557,11.2992289503027,14.7913838776532,8.1271090426538,13.2289732446575,13.6260780185654,11.3005030615365,14.2125876417836,12.5948228967493,12.4807316265309,8.863449659938,12.1612660188536,11.2524486047309
2021-09-05,12.7564291227642,10.3458307671308,11.454947063773,6.33400864531383,11.791940492964,11.0642389245382,11.1521801986189,7.58113957484612,9.3272175538853,8.61611283336181,8.35136528917575,9.17172822566077,10.1182410049705,8.30049387654346,10.6857583467295,10.8973654706133,10.5942118045413,11.9751553031902,10.5246567510877,11.3434183454155,9.99228987522988,10.7718407601912,10.3169994975122,8.79087650450725,13.1206331503122,11.5845523405264,11.0909397074595,10.9623166162799,11.6572359888018,11.6951158638887,7.73937899402028,11.3619034590331,10.3564250233105
2021-09-06,12.9432252718743,14.7780616704479,12.6654377481982,10.3799198949678,12.4307213243415,11.633062547303,11.3308618038865,11.0285523991995,10.7795871839279,11.6397849918979,10.3822058767782,10.3576128569235,10.6970751113156,9.22384551671949,12.2472494991921,14.168198766174,12.6566331307455,12.9395329724034,11.4248244187642,12.2830345699444,11.504164589185,11.1614405372451,14.5309441588673,8.11942446488164,15.6608936400772,13.0326572709464,11.2486890792602,14.7768623952532,12.2167630089187,12.3240114747713,11.1084009622375,11.6137771421102,10.843808210123
2021-09-07,13.1510695112785,15.0740039568723,12.9248015171659,11.2517328148897,13.4654943023741,12.5380877560351,11.4824248321286,11.9449461979876,11.822073282791,12.805043859706,11.2255976665337,13.5434588586551,12.506109935379,13.173632569739,12.8285803917425,14.6239261724589,13.9582801235978,13.2032520865993,13.1594451816285,13.524591707986,13.8390573552674,12.1925367072901,14.8082319514939,8.701692020857,15.6894264169467,13.688068124925,11.5530877457189,14.8516345651628,13.5725885926767,13.6235987509134,12.0561521858136,12.2226083734419,12.4015473778148
2021-09-08,11.855483328246,5.5369310278406,9.59267742357689,4.05344737219825,6.51663404288376,9.74120802024812,10.3438392082425,4.8953026401021,6.17720602824063,4.96820123136576,6.06835619345912,6.38137144310955,8.08340290987707,6.84013067111675,8.70861931677614,6.2706181987256,5.79258592087794,10.5625347869913,6.89621432296751,5.98132013452906,6.29710065720347,8.59553226580336,5.86071068222634,7.59359884371213,12.8509114514966,7.3522748147943,10.4342719349952,8.06418573764401,5.5851619716697,5.94353934627887,5.0619464678564,8.3639076232665,8.85260416594757
2021-09-09,11.9686636595599,6.24319163205209,8.88361071394131,4.14484204289719,7.2562462808254,8.92726825098633,10.3553767160665,4.9419838948941,5.06133115156134,4.57338745426507,5.28124061452271,6.50769526048964,8.26007417105441,7.03730522627507,8.78729815829302,6.93206459984469,5.63694185713345,10.7087782840623,7.09116209411417,6.50071344966876,6.255983697118,8.7900214837295,6.46392123643495,5.60039675338786,7.24793396960121,7.9967949840729,10.2639843897374,7.05975585936294,6.21111854617508,6.48659051211266,4.84653129160629,8.77815901477107,8.67786913545668
2021-09-10,12.1686239563815,8.07495772005944,9.4063949897577,5.01770607982314,8.4093288914154,9.33513399248113,10.5405832143909,5.7644784765199,5.21019201415521,5.26037912324174,5.53754893402987,7.50143961598866,8.91155082637936,8.0476786755248,9.28792593058488,8.50137494334446,6.44300781068539,11.1671451027502,7.9212784668103,7.58697382540894,7.13453582150338,9.31142192961808,8.22762144770074,4.93953467887158,7.47217098270104,9.07451462930265,10.4341332080423,8.27427379830986,7.3948736527003,7.59458373846762,5.53813229097511,9.41533305345384,9.23264631148671
2021-09-11,13.0376075968582,15.369893084046,12.0551845398183,12.8737778048504,12.4171212202099,10.4148381507826,11.2645958094683,12.6557398044536,9.26198680275282,11.4445939733244,10.3398162713374,7.53148522387866,9.2494985056999,5.85340271347825,12.7988314727351,14.6011655393364,11.3380533636597,13.3192049789737,10.0226769098727,12.1542913223382,9.15832189478633,10.4563476768891,15.1998556286205,6.44673599463122,12.0753544942732,13.0823518930726,10.9265111530884,14.2014993314148,11.7900053118577,11.8237865969971,12.1203889170146,11.5988482607659,9.44872885399064
2021-09-12,13.8300203912012,18.0826019484607,14.0642065922876,16.0852963323233,16.632320672333,14.1275563917341,11.9693809673456,16.7159683731354,16.3136689353247,18.5479943745428,15.1424793677299,19.2507237523118,15.7674215228139,18.7173611815413,15.5041363139514,17.4886194201993,19.6938246346847,14.4187929707497,17.4025443108169,17.6923017977573,19.5717489050289,14.5048345798093,17.6074658801576,10.0741014701726,15.8989832842373,16.2518040028785,12.1563640195485,16.6871006341222,17.8346119277607,17.8222410892927,17.0630282221827,14.0196008330753,14.8881731428423
2021-09-13,12.2758929111022,6.37677992936253,10.1321336788077,8.38826171694296,8.01484492233519,10.9453865969352,10.5790014845677,8.98656569418659,11.5428168299854,10.0192804447219,10.8045341163359,10.7293166722458,10.4622837554423,11.2208058247425,10.8404999523647,7.22995895434648,10.0320292819482,11.3310397019629,9.85872414060974,8.56491190288415,10.5962597933842,10.1464400078891,6.70741510605276,12.8557248238927,13.6438583611291,8.35744059502102,10.8449145887746,8.63123717899975,8.0344229273945,8.41891487505514,9.60069507086,9.23873384291347,10.6965489414521
2021-09-14,11.8800766324352,5.21173961763698,9.37882016499684,4.01330760424714,6.63411370105558,9.59011642310653,10.3376738220111,4.73937653990304,5.82878617827473,4.45306525358333,5.94038864397627,6.19232801171776,8.03652718301692,6.85528147084172,8.61282806876918,6.06848196171629,5.13238054738262,10.5360194627123,6.70284322098147,5.95530224426241,5.8500714813518,8.55896543675954,5.54302763078731,7.98228985638264,11.7475928572302,7.34509166710885,10.4048924949745,7.52701764008058,5.58166508370732,5.88908715762628,4.77566403925574,8.44272244429024,8.81859337418626
2021-09-15,11.922868638235,6.08415157958309,9.22734576796968,4.81743639889361,6.7630891317446,9.23934313850995,10.3342863119248,5.45607280097632,6.01146712458498,5.12505145296199,6.22456323696185,5.97175479337883,7.90542087121213,6.30098017533005,8.9517574105749,6.72761426953609,5.70268188835908,10.7755748110533,6.77666070938853,6.20775759325048,5.98095869271518,8.55770837466424,6.44991961584789,7.35382135022176,10.2744274989019,7.56755628760645,10.3170362808678,7.70759873564949,5.76720432765916,6.09263661790443,5.47471292935622,8.50188434958584,8.54033450261598
2021-09-16,12.2506263320577,8.3245490240923,10.0551660237605,4.71776487096871,8.99035748570218,10.3589513416257,10.6770929278851,5.6055541874126,5.8551973077263,5.39236276534939,5.88477944517685,9.35851283256813,9.97638224512171,10.5186597982629,9.31038982059812,8.81286799637174,6.7700047870105,11.2338566486099,8.82607607818232,8.10926989602807,8.31397430343611,9.8810619359408,8.44625972811665,6.19174663848633,10.2073268812185,9.4766648116811,10.7386739725561,9.09821886698425,8.05750154634294,8.21081486589228,5.45570778406306,9.75313874994955,10.3711646755025
2021-09-17,12.4664499053902,10.8877358920229,10.1842960941387,7.04108776520077,9.9244966802452,10.4126869097367,10.7932878055018,7.49142055384095,6.67771161268488,6.7073206925627,7.18342403860284,10.6139550928619,10.7404228556347,12.0574195020368,10.2013039210093,10.8705411770629,7.43917603061331,11.9725226410836,9.59819188423382,9.07240896050988,9.20728249601942,10.3728590955738,11.046155575974,6.95880115388981,8.28964339508557,10.4947467808787,10.8002170495631,10.2217555013489,8.91263756410476,9.00575533392331,7.15411988861981,10.2521030938382,10.9046051916047
2021-09-18,12.9262815747931,12.3032062101395,10.6154472164512,9.60975504877055,12.1578813714965,10.6669667672061,11.1022949192077,9.91689714443481,7.9759455960587,9.07080109145456,8.57122010394635,11.5709478468577,11.4824901075008,12.2229290258967,11.5976616119908,12.396434118794,9.8810871477923,12.6794504046819,11.1499775832745,11.6415639994068,10.7789572945468,11.2835074986128,12.3615333983524,6.49470399379485,6.94246533786457,12.1183940338579,11.0033701424372,10.5999043028359,11.6299797772646,11.5913681428004,9.41907233998235,11.5413286367429,11.3103827461235
2021-09-19,13.3393850230617,15.913070563092,13.0635519587079,13.0152156032237,14.28919338046,11.9236290603017,11.5901480371301,13.111237733043,12.0464083466122,12.8526100648442,12.2241943780602,11.0425374337928,11.3240161951019,9.96684250068592,13.3091569665834,15.3863392962696,13.084926756998,13.5023876346541,12.2268618174886,14.0564360294927,11.9056881017357,11.7874954002382,15.4704768438253,10.7502618025025,14.462986994234,14.4682252674383,11.436045143457,15.1214478033041,14.0275351865672,13.9465499638092,12.8657390579299,12.6765478004506,11.3728565330029
2021-09-20,12.5019261138783,10.0723976071829,10.7236042793114,7.35469110548489,9.98677120694108,11.0591324787963,10.860340929317,8.04163049071852,8.40986334481887,8.15406161586893,8.27299505146399,11.1216729902491,10.9602505009083,12.0381180076376,10.5619728926972,10.3013862500075,9.07118292577112,11.8916079041099,10.2412254875863,9.59376969645345,10.3034673100807,10.6127737789604,10.214480094993,8.21800846535999,11.7435792159274,10.3759551067226,10.9777365322123,10.5565420791591,9.45087526236251,9.60914643873032,8.0456847783413,10.307541734752,11.1624541145505
2021-09-21,12.4077227594154,8.19997743517315,10.2031596241996,6.92232527529849,9.34888598790726,11.0279902905435,10.738009304892,7.72415244361138,8.26342052719701,8.07752233468333,7.98200342872034,11.9211578531792,11.3119803026447,13.1907282166683,10.3885409880712,8.82188299061416,9.13484461253566,11.5293783539907,10.4086501762133,9.18778297412843,10.8140442725698,10.6650965655241,8.3842285799436,7.61780628774862,10.894602378389,9.59980292724885,10.9407238057263,9.09332693873264,9.00904155520145,9.22486945827616,7.82710428249256,9.97643572828767,11.4105772356405
2021-09-22,13.5389088836478,16.675814603567,13.3843878377022,12.7838552314642,15.4912219260948,12.5495767678898,11.7706285518744,13.2358717613744,11.9896917957633,13.4663610409498,11.795952956134,12.6467829245687,12.3075195037527,11.4737229448232,13.609101778346,16.2573699561675,14.5721536094847,13.8835372584024,13.5555412832094,15.4291986554153,13.5110051466358,12.5570273462443,16.4409145115224,8.77519713654437,14.9987335328513,15.1248225281557,11.6803703218682,15.4683018624183,15.6759945788517,15.5285142485043,12.9928259393448,13.3962316969188,12.1799136364464
2021-09-23,12.0685494089044,6.35153531066035,9.21594092768024,4.83991701354782,7.67458891813237,10.1565613840215,10.4408430265222,5.5879977825291,6.68766302542706,5.47624305049519,6.66080319576079,10.3405539323764,10.3517098759419,12.2852329026069,9.14235597448157,7.11364627999506,6.26300792066996,10.8662150083099,8.69468739388891,7.06529478622099,8.63199475508976,9.75701706199206,6.5934329632676,8.3854782142097,8.63153214569492,8.23558126095574,10.6149224879946,7.41953819370933,6.7889820211076,7.04373541756306,5.63329239503673,9.02741088486561,10.6411843972549
2021-09-24,12.6709899296141,10.9529643959451,10.8539384335505,9.87720013380563,10.5649916083653,12.5725458270825,10.9351152122965,10.1850723674865,9.80854551552926,10.0650213625764,9.94610853639548,18.2722443911365,14.801737637497,21.8835170497895,11.5645404655908,11.0157099438505,10.3163320644224,12.1750222651333,13.1033224024408,10.4336410255832,14.7332804289302,12.3058746037199,10.8183778230414,9.15199184664529,10.4325902758093,11.1102295342546,11.4031889996912,10.9404385639167,10.110624966697,10.2741769342926,10.1583528882866,10.6040281593431,14.4937073336356
2021-09-25,14.8356710014228,23.6729628246667,15.210833941233,23.3450215496388,21.3204422828692,13.5170965118825,12.6329439194609,22.8375784782424,18.1507462143307,22.8533058364799,18.4376029159703,16.2689305339404,14.7192397882157,12.8427079019518,18.6794761596089,22.5791817449312,22.8686428202858,16.5179007212982,18.305362136299,22.6128509253287,19.0485132353658,15.1696003374133,23.0999694748948,9.9416720863105,13.038307471645,20.1039018750401,12.2675665073958,19.2187828030777,22.7951547355931,22.4233334915946,22.3452046660025,16.6730955287817,13.5682600955902
2021-09-26,13.1917592965199,12.5025281065426,12.0109367740762,8.87262841211344,13.9316911407302,11.2994085021371,11.4605875371669,9.57448537575141,9.25229819475597,9.41048640572425,9.14157278225465,9.1526990864583,10.4130874826435,8.04687261936921,11.7314857173557,12.9424702686603,10.9129916647122,12.8118500501814,11.1329322616898,13.2984589422766,9.9452263101623,11.3114412531133,12.4453011721297,8.6683080475501,12.3054995189039,13.2482135503784,11.2798482204742,11.9588550769619,13.7048574418675,13.5201107918435,9.1956235785584,12.5842382962699,10.6223034701678
2021-09-27,12.3407661096102,8.40901347755373,10.3888735492703,5.14430407254547,9.41200447589797,11.1174482120151,10.7632580642432,6.01094837187775,7.29847721266627,6.03595743597917,7.07664670004158,11.1910978483423,11.0069187566401,12.9511681274701,9.55403241856003,8.97862632147204,7.19660154729806,11.362757747172,9.69319369473054,8.61016399087027,9.50168029704862,10.412996838373,8.55402542537869,8.93515521292313,11.6167949771166,9.71062941958809,10.9658172278997,9.44609279836801,8.59879058662302,8.72182249323502,5.98706503457902,10.0051562490033,11.3824025266494
2021-09-28,12.323423770037,9.37889524007957,10.8824673940794,5.38932492335332,9.40726747055354,12.2419619877413,10.8063571747332,6.32970418013674,7.85705728887833,6.698290712419,7.42796297688889,14.9850409936087,12.9801564047994,18.1425998377201,9.71825944889744,9.63921123773238,7.90240856364857,11.4200056717879,11.1388511551111,8.65903802912986,11.9422138185209,11.2182538912955,9.36713369585965,8.91782202344796,13.3086630676774,10.0372425312813,11.251337680175,10.6759609898574,8.60262566824251,8.77865961166218,6.4459377632914,9.96321169652167,13.2169741366501
2021-09-29,12.3870276060052,9.14600635884273,10.7972084734886,6.57536301603774,9.4862895543708,11.4363333551889,10.8077958462299,7.58525629850562,9.75003338661781,8.6583429396056,8.87885283613558,12.5237364852916,11.5972161996329,13.7512676211585,10.3775640712815,9.48764477208673,9.78448221571066,11.5037110494726,10.7869840004603,9.27677449891644,11.4965768246223,10.8232753816406,9.10992097850013,9.97324103878107,12.820277076115,10.0539291101673,11.0450718857594,10.391862534652,9.13896007612433,9.39359485466476,7.99573652603126,10.0136697477151,11.7152938850169
2021-09-30,13.4801022683543,14.0286938643231,12.9296121594176,12.3865533384785,14.9989441881759,13.018846817598,11.675455441696,12.9783380241558,13.354203903386,13.7883706791502,12.6680157755366,14.9312841898243,13.4774240748324,14.6759139383161,13.4956798791812,14.2501778318341,14.8135561510835,13.4049312213652,14.3440082171,15.2381516132134,14.9186278751518,12.9916434041312,13.7797292618449,11.4364348085577,14.6981545356307,14.3180263973227,11.7880383592233,13.6265049985137,15.4856324168157,15.3812385229847,13.0198079916013,13.165393705287,13.2070175575391
2021-10-01,12.796228407564,10.4147393871534,11.6357383273436,7.91863197772271,11.6445849721023,11.8219032668952,11.153191682645,8.62745501923815,8.58180968999042,8.60004187036446,8.47555827102515,11.2152506326547,11.2303662857934,11.69468418853,11.0334644412861,10.9168695692323,9.82803527013396,12.1434482880528,10.9449803858612,11.1773601367151,10.651616183861,11.1141611394247,10.4165879844928,8.05123715634856,14.3513813035095,11.4906992984444,11.2808645496536,11.3312301352524,11.2810324184161,11.2895934918476,8.44732145983253,11.2752654138765,11.5593993965395
2021-10-02,14.2402354289925,19.9364361236358,14.6901970667403,17.532690753341,18.8816359059771,13.9054721737188,12.2984256633101,17.5771957666512,15.3942789193266,17.7631160624298,15.281000568134,16.5957449353412,14.7387198479872,15.3366034920092,15.9834754982283,19.3300888967418,18.3991988513838,15.073049504907,16.7305462034042,19.2740420691999,17.2964318012652,14.4239949210738,19.3578182870251,10.9376184484573,15.3331026373543,17.9770972243842,12.2316957919358,17.5747743998107,19.6223817091147,19.2981840607354,17.2196067175336,15.3073228104824,14.1346463225444
2021-10-03,13.8517551705219,17.0093124117537,13.4011688266356,17.6600861228849,16.1810121801288,13.104861677774,11.855398580492,16.4831200337022,10.2378216468211,13.4035048383682,12.619019288894,14.0865113259375,13.3084651898905,14.7486775601024,14.8220804184751,16.6638436780457,12.3086317881215,14.5324905785759,13.5362503561213,15.8935569227272,12.8802319550988,12.8905334547473,16.7918352515474,8.13963298383003,14.1360170648321,15.5648426906428,11.8709753113636,15.3619039572308,15.7027541094318,15.3398778666679,15.1255155214376,13.8017145809677,13.3762723863597
2021-10-04,12.5346928534083,11.7432412611147,11.5307516177461,7.25373812532327,10.4350478348289,12.0895441259598,10.9872863795696,8.16354517611342,9.60449531172664,8.95323417133042,8.94498980699431,13.8718334308069,12.4187223572182,15.5201776168358,10.7130664432997,11.5629884750727,10.0956393439001,12.0491751891106,11.5335769018897,10.0087155324163,12.3355563148863,11.3201243641827,11.6900766230525,9.3657560692678,14.1108272449683,11.1318948976103,11.2625280822769,12.4120573744053,9.93324527556857,10.1184044827966,8.41178921749146,10.5152214829428,12.5389960585619
2021-10-05,12.7190120045761,10.6088918395062,11.5366520744701,6.2023405256172,11.6044382473473,12.7381813790206,11.1377883221473,7.21559407480129,8.45837174569451,7.57866870085407,7.93931227500821,15.2373888556434,13.3955172581187,17.7296261236162,10.4129345157028,11.0523929692273,9.21844251838096,12.0131273142669,12.2028082515388,10.8508405086426,12.6309338394553,11.932939919448,10.6469486644317,9.02774771964791,13.8171592024286,11.4779474404908,11.5199322892904,11.3074155758735,11.1222531897834,11.1133504621054,7.15918657529614,11.2501382677294,13.560889788341
2021-10-06,12.5758612268439,10.5111221044247,11.0553808674703,7.56839618599288,10.4501128691833,11.8920272304665,10.9470898491032,7.988789301379,7.77329958258788,7.34832036826489,8.12186686958795,13.3349633231705,12.2573166573632,15.7369477497522,10.4976757975225,10.7033897879385,7.94111915550717,11.9663409404929,10.8171938725716,9.67538633783997,10.9130681514548,11.1227043679293,10.5369091302364,8.80763362416822,12.455466397202,10.8219742428707,11.221878717042,11.0627180585444,9.56270374649341,9.61852270571841,7.71557705163229,10.5620368580998,12.5441527372009
2021-10-07,12.8580812006474,14.4155891116567,11.9157755656993,8.69964088915634,12.2356379982324,12.7060085260057,11.2339086324458,9.13639827196972,8.84645945872339,8.65617500394265,9.05069421271003,16.1752033624403,13.9342797203955,19.0844171288888,11.2267331565631,13.8921116631603,9.40957656221514,12.7903516856797,12.5840928399616,11.2976735251375,13.1161886452034,12.1920031304677,14.3230958754347,9.32775635888057,12.3502761936458,12.720567387734,11.5267570529781,13.5792804487644,11.343381479181,11.306581725164,8.83426303402011,11.5213922306156,13.9489916826485
2021-10-08,13.0093378024936,14.4092914614036,12.1326451905944,13.5195237628789,11.9810186985532,11.7609973714614,11.2254036770583,13.2218191095297,11.6964057577535,12.5062349287175,12.3537111342754,12.0698512530119,11.6093602293441,12.2739925912544,13.0255148690777,13.8272534945185,11.7857235226059,13.2424612805048,11.5993032464897,12.0416381861579,11.8627571374031,11.3592587256023,14.3207150216538,11.0232501576212,13.8783719147643,12.573499140937,11.2600943009686,14.0081437853962,11.5560477332507,11.6463821212048,13.0231831880417,11.369893999424,11.6854595100301
2021-10-09,12.7384864146116,11.2025015714458,11.558493867908,7.49291669266125,11.5600604405719,11.6439257481026,11.1275150311299,8.4365539540783,9.71355511654828,9.13868519537128,9.05028650353065,12.0019684614884,11.5802860247,12.5171122224645,10.9826664884491,11.421851805272,10.5218777034298,12.0743424875141,11.3402783755776,11.1003214693729,11.4697568766149,11.2597215652527,11.0120536908953,9.43207456044393,12.9359004323534,11.7648307610419,11.2193409302217,11.660659281453,11.2171120879513,11.290194606304,8.55822910469167,11.1866072337945,11.687802794049
2021-10-10,14.1927843276906,20.8798511153037,14.5669235899554,14.2037013487948,19.404779192627,14.7795428216925,12.3487675244668,15.3414764320286,16.4821020742626,17.5365582993915,14.70063642104,21.2655073922515,17.2403241255679,21.2565952817908,15.2456611064816,20.1639731876015,19.7998539707105,15.0581801609326,18.9567789880466,19.7551552951208,20.7171976154409,15.6624828557773,20.4931002165267,11.8501250335381,13.9794595540178,18.3039106171304,12.4963270619701,17.6660050760887,20.5809443549953,20.2831649092241,15.5810215004769,15.6156647058039,16.1590803213732
2021-10-11,12.9317622048135,13.4303647841866,11.90756584408,7.18284792663814,12.9124548096744,13.2104256830447,11.3209727850702,8.36160119770644,9.05497323023695,9.15663954589795,8.29257183742905,18.1723605615121,15.0366178336736,20.9696669095726,11.1447363157198,13.3586324444479,11.2793029023075,12.6198813288727,14.0507211014182,12.2808937155356,15.2123769912245,12.9554119688571,13.3708292511859,7.30143002223161,12.2729581036006,12.8699321993177,11.7112576372082,12.7490260361808,12.667002454355,12.6392977094257,8.34300529947875,11.952795004658,14.7592214837926
2021-10-12,14.2813236676776,22.5697425710402,15.1650319294917,12.8105830379368,20.5332028522983,14.5493009624796,12.5344866920762,14.9100131742371,17.8626688123226,19.1091723614309,14.6028828745228,20.7398109400422,16.9434428808431,18.887836814762,15.4073169803077,21.5772689288857,22.9706655260291,15.1003081328551,19.911571057861,21.1016234126606,22.0876132016637,15.9800034067165,21.8540473607222,10.3436825210137,13.9898799012951,19.5556125743586,12.4909186201416,18.9151288797821,22.2858080430387,22.0553338812599,15.6989274674803,16.2158058930016,15.5280887725345
2021-10-13,14.4771271089745,20.07215648783,15.0750616108736,20.675779523972,19.5818916206211,15.1668914695698,12.4207394008349,20.7106146819099,17.2980941910427,21.61211395803,16.9410709397144,21.7100462557888,17.4104192463259,20.9919695313402,17.6174275738776,19.5700465059319,22.336688446337,15.4255317163296,19.6653561965927,21.0077703583378,21.9501503143523,15.9073340394594,19.3614081241447,8.5531149944159,16.2259137240791,18.5067428510214,12.6058338211142,17.8932497167424,21.1973930494479,20.982113694866,20.5597387364877,15.7091034211454,16.2503272494736
2021-10-14,13.0297807520376,13.5919284118768,12.3071263760752,13.6709322993179,11.9847464983898,11.8808808396714,11.2478825148453,13.3548183305243,12.6154322073428,12.798790511236,13.1052493875659,11.3688935795825,11.243716765759,11.2104102187231,13.0963125209475,13.246643557485,11.8877585156332,13.1504542759473,11.4059500917303,12.150193841479,11.5196639778521,11.2382966702114,13.5085188506736,12.978796539123,15.4085885516599,12.4036436425273,11.296386358037,13.8330783780926,11.6657345342039,11.7506916214872,13.2587287947768,11.3925463296382,11.4494857928907
2021-10-15,12.6678985406851,12.6574583475824,11.6114019832792,12.680989949195,10.0456006968349,10.7477926893783,10.9424822809066,11.927064167593,9.29688222009482,9.94338638069357,10.910223131225,8.143217177262,9.37264546125373,8.2824011468473,12.0468072830911,12.1080106279641,8.42339838264764,12.6240937561462,8.81854666069709,9.64679556424965,8.09402075192079,9.82967295469442,12.5350155153396,10.3795880543624,14.2083547378586,11.1590134289243,10.8755178760707,13.1816204948902,8.86381014280714,8.99852110849913,11.412301834949,10.2535561833591,9.97496956840087
2021-10-16,12.8484649291812,13.9576815001711,11.776094379359,12.127945757573,11.3255019411563,11.5352908740535,11.110735266132,11.692302476979,9.14813430594405,10.0564542040157,10.4405865111748,11.5722633760169,11.3530226316191,12.6994459633075,12.1521726632021,13.350801812854,9.30703360669616,12.9569572774159,10.6152614790508,10.8218918465209,10.4083347045534,10.9449462045296,13.883453501686,9.23559532186873,12.9584547255016,12.1020241024375,11.1611236559681,13.5395691120222,10.3335277718164,10.376873185381,11.147477005804,10.9908923617083,11.6388119319292
2021-10-17,13.4563495059428,13.8835844034536,12.6062439848592,15.5507920901528,14.0270736380652,13.2835255975253,11.5275786689524,14.6443618743973,10.1303168189446,12.1683147174846,12.0407196205283,15.5334932914842,13.8404702673038,17.4828275267899,13.7865352914718,13.9501505734605,11.1079773876661,13.6906117848944,13.2168773936213,13.8823758293312,13.233012234758,12.6376300564267,13.8296143864403,9.32034295506037,14.6514794264902,13.5821589003129,11.7998767510457,13.5174126203179,13.5633343364102,13.3612748441935,13.6418569766892,12.6078636742931,13.966185032456
2021-10-18,12.4312816822573,9.87470717697272,11.1807484753208,6.51284076696565,9.77132794860129,13.0362173845121,10.8816743458523,7.48238104680353,9.34949166577394,8.32204697144467,8.62364235071473,17.475419848684,14.3033164538045,21.0311338399585,10.3435864501947,10.1019696341618,9.4795532206127,11.7257765270204,12.5036472993483,9.43458754144018,14.0509844860437,11.9374104919157,9.98040499907053,9.71107906149797,14.5884135832571,10.2450643736964,11.484025663988,11.2182997733327,9.34962424561912,9.5572826671806,7.77803030103712,10.1801195266842,14.3594143889075
2021-10-19,12.7481237850999,11.5508739801541,11.2955159724559,13.3691022021455,10.2746447437048,13.1177776001445,10.9414988778057,13.2335555673994,11.9800318516464,13.1938666979245,12.307262094191,19.8467560231366,15.4993629852378,23.3357858846109,12.9177601762705,11.3607393453811,12.5063021719959,12.5293664929679,14.0302107405135,10.9193162968212,16.5712849681084,12.6476881569272,11.3557072753818,9.74628468874972,12.6824768212775,11.1207103386377,11.5215815701823,12.0300466359519,10.1833538836336,10.4847562876505,13.3703093789906,10.4101039973016,15.0529712755922
2021-10-20,13.8718057155783,18.123846983152,13.653224483089,17.286772273381,16.5789507947809,12.6590922960476,11.9208727270334,17.579476456642,15.7049187388396,18.7355802527251,15.1209948404712,14.7376060736029,13.3617397005718,12.3423367691783,15.8309185562496,17.5134325108219,19.4720939263518,14.5660341000051,15.740278291775,17.7081868098768,16.9240711841058,13.5114426507748,17.69252853193,8.84595343124568,13.7459459603878,16.1939621611567,11.7674050996127,16.1309661918648,17.7093762594287,17.6849592523272,17.6917326896089,13.9910551818116,12.5721431724233
2021-10-21,12.907716339969,14.0068687566813,12.0814017099624,11.1536559627401,12.0158969259737,11.136635538745,11.220880955916,11.2113003299422,8.5726743339006,10.2679805202893,9.38136492335133,9.86924580089085,10.4712680532417,9.54626585388575,12.1197868869381,13.4958903968127,10.5843711720608,12.7777619209135,10.565839469001,11.5307397928837,10.1514178909346,10.822238608502,13.6363105961885,6.21406851792359,12.9933554616138,12.7449110515561,11.093495730692,13.6922577106756,11.274946901878,11.3198853676155,10.7533900072344,11.3726763795441,10.6936681085447
2021-10-22,13.5273147467667,14.6699576335802,12.7253175143189,16.1479504332521,14.5125323681797,12.1743035237884,11.5888124666018,15.9213920098842,13.1858838675708,15.5937196744495,13.6499494539358,13.2130870807498,12.4497375567455,12.1390595285502,14.6576930337025,14.5604216697959,15.3980157658768,13.7032494598132,13.6247684675094,15.1675987501109,14.1212309779723,12.4685935410834,14.2612252819921,9.19200389676302,13.2177028302005,14.310115054607,11.526034403377,13.8728361867229,14.9026972239726,14.8819760465601,15.6556369577093,12.8435424919857,12.110533031233
2021-10-23,13.6677919079193,16.8404058521028,13.4222446966882,18.4433306474379,15.0210217969374,12.3339447578377,11.7115959640477,17.2818618360851,11.6728824008962,14.895159968786,13.6994031308334,11.8481562481497,11.8616042229665,11.131626253407,15.0901444922257,16.2148127247097,13.4589907258935,14.2553328014465,12.6644447028252,15.1485142308117,12.2558648131077,12.127376346135,16.3552054953792,8.75661884267308,14.9129953195473,15.1034820751135,11.5853059590284,15.8080674806255,14.6564037354438,14.4949362628054,16.316595955349,13.0867341862676,11.9293649090336
2021-10-24,13.7059753414038,15.3399563854807,13.089545612611,17.8695583904648,15.1870195598906,13.3914604638474,11.706625257988,16.4191207312492,10.285399418907,12.9622614867571,12.9540619325692,15.5740820865132,14.0121831619168,17.5083527287966,14.6114676521106,15.2074786835834,11.204867712274,14.0918022897499,13.4770513394165,14.8818103353045,13.1575300928467,12.8916124500922,14.9723755307739,9.61451915676251,14.1772882954796,14.790861044656,11.8878328713115,14.4617489582717,14.4831512448998,14.1689237677097,15.0554732253219,13.234031858166,14.1294981217715
2021-10-25,13.3779915698666,13.9583114499484,12.3541056538664,16.0899778735486,13.517547188398,13.224847019593,11.4357419462648,15.1090294694186,10.8656499516128,12.8181577367618,12.702075547832,16.8897635681677,14.4599876886755,19.3704000057517,13.9337401940223,13.8505134029467,11.4437011521387,13.5804107023529,13.5835921597265,13.5049145046878,14.1484451801847,12.7814471124467,13.7413552096982,10.0703149798539,13.2907298618696,13.4477847043734,11.7470425751007,13.4056053126134,13.0238739039394,12.9045450700429,14.2573556555917,12.2856967424849,14.3884553412406
2021-10-26,13.7371754060272,17.5243424685542,13.7272771074302,16.297004349525,16.0653950677233,12.7622948732983,11.8639305066656,15.7288289454533,11.3542904822664,14.0688835692606,12.6875176365363,13.3442855517822,12.784974810876,12.9836470342152,14.5883191345455,16.9164857341255,13.7479260765847,14.1584877664695,13.5904507574559,15.8159770817082,13.290458327878,12.7285152997531,16.8455487510465,8.32542199527838,14.4236872123891,15.9892842291346,11.758024807955,16.1414237889807,15.7307044602523,15.4871620981156,14.8701470502654,13.6745662994933,12.7170827719521
2021-10-27,12.8926842118436,11.8156482423237,11.8156172626946,10.0392861376913,11.9614422084982,11.6252819242093,11.1979840832985,10.3679619415161,10.0036828961389,10.115334312899,10.1368121532668,11.4848888115525,11.359547973019,11.8257375809544,11.7986508305354,11.9317875113297,10.5720409824762,12.3946138215547,11.2029667702069,11.5842615351957,11.078245514847,11.2212132191386,11.5009386418866,9.77425264626935,13.1604823531762,12.2185665226298,11.2337342570649,12.1761507502836,11.4821303257575,11.5110219488396,10.2002638848309,11.3990680091554,11.5284824270996
2021-10-28,12.7653054000268,12.7073568974914,11.644099055727,7.07254262420763,11.9624369294183,11.9649358505446,11.1781072429822,7.64103460116743,7.57271859788596,6.97027388671578,7.82083399963253,13.1210407424535,12.332022029496,15.2535282055493,10.5003848076794,12.5869503084901,8.01542053782053,12.2813385528469,11.1486804426848,10.6996511521186,10.8072375007328,11.4236909081835,12.4963132064145,8.90998315421374,11.9095296657497,12.3158347755674,11.3211282031399,12.3977420735093,10.8699567028374,10.7888818786466,7.23592698394043,11.3881728453179,12.5941323848262
2021-10-29,13.1272350492408,14.6006242457896,12.2525263362492,10.4886450939508,13.5090004003942,12.1714918789834,11.4176989333555,10.4742763742304,8.55158405581379,8.99591606779069,9.48880375727677,13.3325423781023,12.6088888764731,14.9874354980961,11.8864464964183,14.2720124193226,9.29680493329356,12.9862686016217,11.8771396163201,12.4083258776333,11.3651775740545,11.8879924605031,14.2016702113545,9.14126988784849,11.7768098930238,13.726049294634,11.4607873784143,13.5894223208134,12.4729499572407,12.2879449025215,9.75760865636013,12.2469676635179,12.7651773482387
2021-10-30,12.6860990252912,12.0366885207714,11.3863425090975,10.2424570434459,10.5711461603393,12.6522022889073,10.9908262666443,10.3041102064087,8.77060697253379,9.48600887294301,9.44553464856242,16.2109622827278,13.7380270429982,19.2933946086006,11.5506449847893,11.8370946948291,9.49864182822366,12.519024923789,12.1640502453203,10.2755012110329,13.1641555614271,11.816429238717,12.1556518731132,8.08561424120267,13.4502293022064,11.125161772667,11.4227633714108,12.3018398875849,9.9002371852522,10.0207201392357,10.0147001112296,10.6063385029637,13.8123772713459
2021-10-31,12.9228951368999,14.9351206336254,12.1053386870863,10.0763939972709,12.4359518630278,12.3448811767674,11.2707840464943,10.3828321187098,9.78659282410763,10.0095010741365,10.0027350461961,15.1792054349176,13.3662697030917,17.194877488052,11.8175460274136,14.2627101674558,10.4943025140382,12.8692569838365,12.5104632068199,11.7129959266021,13.0583843460791,12.0507731149893,14.5885979606692,9.48458985975272,12.1080750002441,13.1504404649979,11.4351342701628,14.0297002343521,11.6368401974711,11.6420657617959,10.1510509068072,11.6032558034854,13.2990753486458
2021-11-01,12.9228066883956,13.5934065863483,11.9713884701833,10.6557470974878,12.0536589960431,11.8409866130069,11.2223021964031,10.8286876094585,9.21231160740872,10.1569091321716,9.7318072734978,12.1073355057978,11.7011950590528,12.7639406129515,11.9855136978217,13.2724640144646,10.5427890401663,12.8837445622946,11.4042895409026,11.6554440008122,11.374411367888,11.357066578873,13.5538138871952,7.92935418023833,13.5655667731431,12.4060921646793,11.2924188672481,13.3120750833859,11.4915053465732,11.5125773311406,10.4790959225234,11.4379869425785,11.8721581342024
2021-11-02,12.9490981296665,12.3935948269112,11.4891861576781,11.2788465656151,11.9231586546858,11.6564672080479,11.1631610049437,11.5636280008142,11.1655150508984,11.6346686197371,11.1518324098316,12.843756857355,12.0355953267887,13.2135435016448,12.3880095344268,12.3979529487909,11.9317919489071,12.8041855684837,12.0154817626965,12.0378117634492,12.4619563408462,11.5945764915956,12.4169719782815,9.99176685282225,11.9704751878937,12.0346060570086,11.2450033994619,12.0337846999767,11.8299130724195,11.9172574381337,11.541725501283,11.3955165408468,11.9264497493234
2021-11-03,13.0775890974552,13.6748378957544,12.2665422913739,10.3856718018302,12.9685497792985,12.3638026768809,11.3668468506057,10.6250338009271,9.0416214486199,9.83489149112707,9.55043418578521,12.6903280752546,12.1680705455925,13.5250872352705,12.0083328684046,13.575332465219,10.4946798477153,13.0821750241051,11.8952252211629,12.4510447331603,11.6430996986978,11.7485690228054,13.769826727731,8.14297381317649,14.5197106510364,12.8230081546988,11.4928423812347,13.3872707468638,12.4960557566053,12.4029001958978,10.144586477587,11.9955950543482,12.4029840380123
2021-11-04,13.12999308809,13.5126360917926,12.3506531242999,12.5530427438162,12.8256240087378,12.2194570215586,11.3550762288331,12.3464326468272,9.72344595554539,11.0915323280716,10.7016375957974,12.2557715569306,11.8905149987144,12.7918965042698,12.7148119644941,13.387894646366,10.9638108516533,13.133775229617,11.7532611879136,12.5676232160415,11.5506470937195,11.61441240548,13.4076900998161,8.48776595108871,14.6813933470605,12.8759565348021,11.4412509050071,13.4796740199073,12.3471844549639,12.2916766992529,11.7846560194597,11.8944569454273,12.1204035038537
2021-11-05,12.7497050980553,10.8368942050418,11.3647813221267,8.58011427835587,11.2810639208486,11.6426997197006,11.077705601966,9.22763748326438,9.03939686489929,9.34314829512981,8.91565979909976,12.1493257312076,11.6397298755673,12.8623101789758,11.2691316524176,11.1205796255322,10.3776962336052,12.182674438872,11.2673949498275,10.9946578255142,11.4327387024154,11.2233879099684,10.7860925991472,7.86586986778301,12.8106693627187,11.4175805778989,11.2065479353037,11.314729097458,10.9556121923199,11.038790130967,9.14796627075271,11.0427130901457,11.7578323826587
2021-11-06,13.1440919862681,14.3330461250334,12.6693682413925,9.13236757487383,13.7957419183867,12.6681303223052,11.5023738895922,9.71359279186693,9.551882054701,9.4551562654088,9.51691268754271,13.2845216765316,12.5830725519446,14.1985825203773,11.728671176684,14.2011904509858,10.6389161997861,13.0232473485059,12.3792576524207,12.9654169853101,12.0750678035407,12.0807862430859,14.2059050686672,9.60484820743796,14.7633680434642,13.6056927285555,11.6176461147124,13.9461393429764,13.2761768671935,13.1160921967304,9.36346633093471,12.4515522815133,12.7907656233098
2021-11-07,12.9172029889828,12.0275618311898,12.0100983459324,10.6303959311755,11.9568147015111,12.3666643352111,11.2179639843123,10.759027280783,9.67527099514489,10.0902522467643,10.145343785181,13.56485552727,12.4882728784696,14.9934842676093,11.9350544179539,12.0952045577084,10.2870030671641,12.5277204240253,11.8330149311615,11.5709150423091,12.04585323051,11.6456302522703,11.7848024500212,9.40979320901053,14.3313057913074,12.1996245544812,11.4289241496642,12.5787715379609,11.4009250527879,11.4123218780241,10.4507154465241,11.3982473862892,12.6815800134601
2021-11-08,13.0978280042057,13.0970411063141,11.9297638666061,10.0532347481488,13.1352080391155,12.1583424609799,11.3537267848201,10.531528335901,10.2550059413084,10.4270628145658,10.2073840511257,13.2794305917928,12.4761253414202,13.9680671218031,12.0545388331482,13.1911788564715,11.3086087393672,12.9521340975027,12.3841045871217,12.7814897830705,12.392194756767,11.9788087758567,13.1260223742645,9.7122371477619,12.6197884288472,12.8526594596169,11.4524631143461,12.5112693659099,12.912265521486,12.8386161732615,10.3051501160959,12.1026697620054,12.4715807673171
2021-11-09,12.891336830518,12.868651195751,11.908591449283,10.9034605874811,11.6819666873419,12.1126416804349,11.1769037235041,11.0185722232503,10.482647907057,10.5719343386306,10.7951869478968,12.6470906476927,11.9507347442771,13.5607842458284,12.037961558056,12.6976905813799,10.5824020712086,12.8602789995652,11.5217317545597,11.4782695682398,11.6893867405203,11.4061086049824,12.9936423247844,10.6176068828406,14.5920970117317,11.9125608082407,11.3477981807405,13.0120092935093,11.2433959613706,11.2935580834681,10.8455897541624,11.249956230233,12.1639155379087
2021-11-10,13.0042331781486,13.8230992675823,12.290843554464,12.687522178809,12.080965211456,11.9664067002068,11.2571836997364,12.368574572163,9.91192658457597,11.0777490675944,10.9557270924251,11.4913848872787,11.3772116314072,11.9368107420411,12.6096111254348,13.4376315604694,10.5925075761752,13.1073914750625,11.1528858738615,11.8356220618667,10.9653024940438,11.2161914751287,13.7565053471546,9.13837039971046,15.1039690025274,12.490935771235,11.3244147285708,13.8886934495946,11.4519917587807,11.4666562347057,11.8844418425239,11.4460285526326,11.6919822708965
2021-11-11,12.9268115121341,12.2454577167517,11.7584240181106,10.8870513576249,11.9733551177179,11.7961439895273,11.1928395656312,10.9592166500196,9.68558979166565,10.2088477186322,10.2318410478081,12.3934957664126,11.860375334903,13.2931005199657,12.0179111941308,12.254250063873,10.3220624418631,12.5849300094234,11.4293980317956,11.5969658387496,11.4085907578642,11.3952058681374,12.0016201299533,9.33335094292628,12.7487842488886,12.2544711268713,11.2789258724247,12.3162856919129,11.3989052592668,11.4114094495661,10.6271391601191,11.4027082196392,11.9965469709972
2021-11-12,12.9828525855262,14.1804557276538,12.4141388706229,10.6932340178069,12.4575865310773,12.1223025777917,11.3143789080074,10.9160980640654,10.0409280573636,10.4662288372992,10.3371134541035,11.9496766173537,11.65789656617,12.3667950138429,12.0816999101262,13.7834175272894,10.8399406423406,13.0100414296831,11.5324011242346,12.0211498392119,11.424647704753,11.4357309783699,14.1177973961876,9.49727539986941,15.1443528281138,12.771769577636,11.3881421938156,14.0901784335102,11.9218367561523,11.9177313217264,10.6543849654159,11.6625982906447,11.913505236807
2021-11-13,13.6277094757884,15.2328728798292,12.9457160834932,13.4000153497604,15.721424953693,12.7823665575812,11.7601086491961,13.376837434686,13.1793773946497,12.8477312477529,13.3419784821413,13.8969330598,13.1148712014572,14.0500435753974,13.5804578626599,15.2853421389676,12.8929152125566,13.7863972479424,13.6401660113111,15.4104263863619,13.2912245438742,12.8249701925033,15.003324567002,14.4068929322751,13.2282129826733,14.953269957747,11.7668770433867,13.962633766751,15.6344648892199,15.3558601374716,12.9956451315894,13.569378406445,13.0237300577219
2021-11-14,13.2480537965062,13.6879152588945,12.3537534035246,12.5476784084778,13.4394997242334,12.7722070802518,11.4338693726646,12.3690807749331,9.73170018063223,11.0425025862152,10.7051010600916,14.0301005657425,12.944797856725,15.2448137462777,12.8094187819224,13.7027172619411,11.0689225530589,13.3864861522561,12.6059999827755,13.1839091842711,12.5509356919902,12.1907046966128,13.8097551674366,8.67655420763425,14.5418080449909,13.0669763786168,11.6321010170036,13.3137221565157,13.094545299608,12.9636590283798,11.7239214744396,12.2791424135199,13.0924241879083
2021-11-15,13.0705130176497,13.883201034295,12.5199521288327,10.6097250685785,12.9701725471843,12.8181591720594,11.3886675888125,10.7442798211365,10.2833795795404,10.039614289998,10.6537276563874,14.0460820626971,12.890378099657,15.6174404784046,12.0276464196002,13.6877453738404,10.2539815895825,13.0115295724294,12.266148260893,12.333497935323,12.2573724428527,11.9963248637844,13.7840382843946,11.3124703059419,15.2429823366185,13.0280632966422,11.6062531580949,13.8591567310507,12.3333869775595,12.2380089910236,10.3900372214578,11.9723118023677,13.1390414718377
2021-11-16,13.1466699792107,13.6748401568067,12.4312941644728,12.0619275026679,13.0367660533681,12.651360512089,11.3892636872051,11.9465267787972,9.99481764413065,10.8330850267017,10.7934735394055,13.6345853356981,12.6674220680342,14.8206420985803,12.5653264486951,13.5619837400516,10.8025852877731,13.162212646065,12.2647219759038,12.6714974952726,12.2397083564168,11.9609648595561,13.6115677552089,9.56154201458367,14.9088391865977,12.9927642158766,11.5689906348766,13.5913652135879,12.5416143342908,12.4553041640665,11.4304558960369,12.0206978346369,12.8693999185281
2021-11-17,13.1221732685346,12.5105778306486,12.2306093542284,11.3845625514559,12.9513917160105,12.3044721360865,11.3630516293052,11.3884576132091,9.41899207266608,10.309638173725,10.1718363166698,12.3179071899447,11.9743312174621,13.0003568493038,12.3231330217928,12.7076487100613,10.5510549804882,12.9098701749532,11.7641677257675,12.5698680903095,11.4190522722785,11.6737310769485,12.4251465476487,8.77382830036489,14.5764147808214,12.7246010592046,11.4786952741392,12.7211447444863,12.5123387080519,12.4145345599125,10.8458547062943,11.995899244579,12.2392678312634
2021-11-18,12.8332142209721,12.4224803217239,11.8678310078306,9.66056193845579,11.6768253512393,12.2271271620078,11.1700318269237,9.92408637547586,9.00672042509842,9.31509420126368,9.40779720757041,13.3150761240706,12.3331766605735,14.8610404598463,11.5288268902758,12.3378853972819,9.75628105626315,12.5382942156168,11.5495218113705,11.140777667632,11.6930703873149,11.4938553583275,12.3311887716281,8.78239060117591,14.0318662386177,11.9979795233238,11.375251464504,12.7094595222579,11.0184970097609,11.0382058943661,9.62043826943743,11.2363967775652,12.558919410501
2021-11-19,12.7975603332615,11.4629750420957,11.8640281263335,10.9747694060219,11.1131155823732,12.0852923464951,11.1031981009769,10.830766079185,9.21962826042572,9.67710115112309,10.0964575778733,12.3070681401043,11.7354717579538,13.6967023067332,11.8052464809124,11.4983177846238,9.34885691625135,12.3924746740644,10.9015861250632,10.7125947669389,10.8891747468179,11.1036607186434,11.2624499084198,9.49309407556314,14.9673538419853,11.5764610805404,11.3035244862116,12.4451020552978,10.3450705089476,10.398756424243,10.4349857927636,10.9123850562124,12.1191541482258
2021-11-20,12.9366014926311,12.5117414633259,11.8372311607733,11.214733645302,11.9789366878105,11.8599850557625,11.2004582508597,11.3620003942866,10.2957007384606,10.9542970777251,10.6314823600632,12.7468591576883,12.0105935395611,13.4451247171549,12.2396547677194,12.4454495823111,11.1339919248935,12.6550460042613,11.7534663215283,11.7966984594213,12.0046342507658,11.5110661415297,12.2684312289427,9.31332636588619,13.0128720908063,12.3117734786003,11.2943635754031,12.569652085864,11.5722371671675,11.6264758125122,11.1589882770606,11.399604836617,12.0601313634969
2021-11-21,12.9560154204092,13.2254875888732,12.3168658248819,11.9415264323121,12.0223670008549,12.5230090097062,11.2504797520399,11.7274670355719,10.1252054560608,10.6196914135036,10.9608087033259,13.847047586031,12.635835364356,15.5099819694137,12.3089850050045,12.9477957799819,10.1922631846826,12.7761211976236,11.8476783916854,11.5888762701437,12.0932746345675,11.6699429671084,12.8931928866602,10.3587059036823,14.9365856304958,12.5564554074317,11.4644835548564,13.6260472766424,11.260183528975,11.2704241051464,11.3302354551336,11.3993581903756,12.872454443903
2021-11-22,12.8918238331799,11.7650249325045,11.5170899339524,10.6607495990236,11.7729787283637,11.9785954162727,11.1458552068681,10.7909455558078,10.0404287669032,10.2367989547308,10.4235645474237,13.8087287111037,12.5915563384207,15.3361678998657,11.9348735874756,11.8665014868786,10.3445110817635,12.4772384468721,11.8845751174431,11.4537571304326,12.2142334712654,11.6578034637745,11.5356117968412,10.0687382118709,11.9763435228957,12.031780836859,11.3176306428994,11.7990305745837,11.2525208580296,11.2848094096384,10.5547111235735,11.2961902462928,12.60835428859
2021-11-23,12.9868293763042,12.1952940070782,11.9562507386588,8.47885915550742,12.8794258211404,12.1232108624399,11.3243036697582,9.08689324011935,8.69017912795954,8.75696546598023,8.74891999841827,12.7890944970933,12.2240151172844,13.8346306051119,11.3398199783604,12.436248015153,9.97423205652433,12.4647884788865,11.8138308238268,12.099853935205,11.5241413915141,11.7274577502783,11.9530476012257,8.45940291706327,12.8641954760728,12.7500222366567,11.4250124995184,12.1769086071649,12.3281685853813,12.2269174206168,8.73583483280378,11.9451214803223,12.3864274768192
2021-11-24,13.0382584647703,14.4157835602771,12.4975823047199,10.8456025102449,12.7469487629999,12.0350383702741,11.3581458920794,10.9681150837438,9.77297700117394,10.2115690437238,10.2674918175261,11.1539397453992,11.2941013050317,11.3514161959429,12.1090430431151,14.0291445552904,10.4988799371852,13.1273729105596,11.2503511410399,12.2011111808536,10.793604258238,11.3248366304922,14.3988242293856,9.57406200135199,15.2618137809803,12.944011722249,11.3837621156336,14.2097945179319,12.1335584740154,12.0779770198847,10.5787442270518,11.8341619064468,11.6376579861364
2021-11-25,13.103570057159,14.0616775382358,12.2289184996659,11.1383031701516,13.0295555483634,12.2940841143471,11.3661026093861,11.1325378424444,9.44678273427023,10.0123961686281,10.1928247414761,12.9958528702021,12.3444106399907,14.1428136119237,12.1869355734403,13.8410886121262,10.190341483778,13.137616108663,11.8934354986991,12.42170318403,11.6199890700151,11.7844315410905,14.0259055483965,9.45375512497339,13.603355080851,13.0452083279038,11.4732223526393,13.502097962801,12.3758151676524,12.2668655385235,10.5917051442995,12.0096825647483,12.5428586280101
2021-11-26,12.9653200812174,13.7155530005879,12.1853276154788,8.61945266019951,12.8483938626855,12.0541766576565,11.3380789491812,9.29599250405267,9.69691254741143,9.3772943940227,9.45304246620469,12.5676885587795,12.0558957185535,13.2810507780184,11.4480842599465,13.5213367437374,10.5242138088335,12.7109844916111,11.8318102953506,12.1039894581626,11.684724805475,11.6679603532193,13.5220742724513,9.74680903962092,13.3333029987875,13.0039240133027,11.3963341359435,13.3292158010978,12.2963699033909,12.2406869939048,9.13993708980954,11.8943651184379,12.1879913954147
2021-11-27,13.2126200494633,14.0265169916161,12.8214748495564,11.9526978791747,13.631824356627,12.0991637210727,11.4932751408279,12.4528613122378,11.6976207261294,12.9342124269712,11.3984096021297,11.9381494954999,11.6863513280239,10.9149645743827,13.0462617151614,13.8812056440682,13.8420281084228,13.0353060216752,12.614974477241,13.7231102058511,12.8565819124159,11.893198264502,13.5681439277297,8.60073996242438,15.0445827876716,13.7264441357583,11.4501758835532,14.0656166408523,13.7295589803139,13.7488269446523,12.4286631266595,12.3284288004428,11.6382917085452
2021-11-28,13.2138291938821,13.6591123539284,12.4192109441006,14.0027828948357,12.9388674938527,12.3440935227944,11.3776289122333,13.4618273422374,10.933156944101,11.9217130361572,12.1177919979457,12.2644029494897,11.9191529962573,12.7963097761833,13.1902177600188,13.5421557419625,11.0846682132114,13.391920094918,11.7976530627428,12.845140627706,11.5425545382156,11.6563188005596,13.675044576165,10.9120634391802,15.1936453236534,12.8688930445289,11.4834534867668,13.6127198109412,12.4975660493571,12.4241912642633,12.8854971243196,11.9704463556918,12.1877173403124
2021-11-29,13.323072092954,15.2426494579067,12.5514541734901,11.7774214086425,14.2689520807219,12.7338764778017,11.5451263357793,11.8616816877717,9.99504296512239,10.9269738860787,10.5905291806155,14.5347357424925,13.2941928188605,15.7198609682455,12.7011179742588,14.9771908461095,11.4203238344639,13.5290223216066,13.0824787038947,13.7322114514748,13.0196841837721,12.4954284812092,15.1912658690474,9.1194980259657,13.1812347847278,13.9941505747169,11.6631478934189,14.0441856485899,13.8474380763692,13.6653650479344,11.2893124407443,12.7194344756873,13.2870362551321
2021-11-30,13.2049123522208,13.5611481068295,12.3654120405962,13.5913359273932,13.0029746867281,12.7057112991898,11.3789605335193,13.3477302448732,11.1563164526787,12.4290107530887,11.9191880523668,14.4067923515869,13.024559673856,15.4069190625698,13.2261887939929,13.4740957770905,12.0981351828729,13.3004210076788,12.8323898874196,13.085105840732,13.2568928424836,12.1877791362085,13.5044870556105,9.81266870076454,14.670369586177,12.9450344679489,11.58210182885,13.4501560860183,12.8063072495975,12.7806262850988,12.9456886602593,12.0039435156501,13.0485830537398
2021-12-01,13.7715075031719,13.4349372952164,13.3904247517638,11.4137040953204,13.1484146235555,13.0302122077732,12.1498755208774,11.789164144749,10.3050010992997,11.5689608748331,10.5266889173089,12.8986566643929,12.498913236046,13.076641965409,12.9552721016785,13.3703590369388,12.3277525116502,13.3027354768677,12.5327735321902,12.8498292312322,12.669650124609,12.2901745418353,12.9158912431827,7.86432317449347,16.6309463874352,13.5803429508274,12.2348084902681,14.3405915820816,12.7437045949606,12.7921423705156,11.556234613572,12.4087560359726,12.7218875891517
2021-12-02,13.9552872103228,14.4897966844002,13.3438476963207,12.7697122874581,13.8363145485247,13.3133863084128,12.231936340042,12.8817097843963,10.8298460402049,12.2549817803573,11.3446537894875,13.8832264095128,13.1359129131211,14.3333835837431,13.5054742160774,14.3643580378959,12.6605321961638,13.9383028537909,13.1582384965604,13.6880112151946,13.2858541694455,12.7212092427553,14.3817686283585,8.68008074305031,16.0855476797678,13.8400412285257,12.3588093771505,14.5401155771505,13.5809547121788,13.5518985651907,12.4924650920562,12.8344063515402,13.2704322204993
2021-12-03,13.855428520522,14.6187987576043,13.4763750507691,11.2363490380803,13.637310691317,13.5169920049568,12.2204208125778,11.648332606227,11.0156912753234,11.5281403993905,11.0555195354942,14.2385541017052,13.302207830187,14.9829036692441,12.9540045230313,14.4050855160278,12.272017745422,13.7607500775378,13.1484089223262,13.2781539632057,13.3635645994403,12.7213699454815,14.4924315091565,9.88028269802785,16.9213985953756,13.7703567375077,12.3977660023232,14.8904249071018,13.2898585971097,13.2741150260094,11.4496749830259,12.7106224252624,13.4985084318427
2021-12-04,14.071721398107,15.152926633259,13.5653363772323,12.0870363118428,14.6623792754232,13.927278722345,12.3562288154637,12.464985547928,11.3496543080723,12.2609278512324,11.4406291955219,15.5492684830161,14.1367613555051,16.4168477117902,13.4676097560479,15.0699723828596,13.1312154842804,14.1927070093908,14.1336155306104,14.4612376597258,14.4403993623186,13.3415745722749,15.2302205900971,9.6086314676545,16.492087283033,14.2843643728379,12.5753790037497,14.8550689525798,14.5925006214356,14.4920095821011,12.1538300873706,13.3298120821527,14.1833724184231
2021-12-05,13.9417056200288,15.4941223606814,12.9377832001165,9.54252855960063,14.5509851942532,13.1866598965855,12.2753545104859,10.5470325715294,11.4875376430382,11.3859918613519,10.6815472917538,15.4334222311644,14.0386202898921,16.1509088409908,12.6773896913901,15.28066007611,13.1405924772927,13.9463951390218,14.1108469953204,14.1121547630603,14.5090963876584,13.2877387375432,15.5409360882004,10.2184133708697,12.772471914102,14.317334374857,12.3716806710274,14.1609130542593,14.4894813192478,14.4197019718262,10.5679586089008,13.2519723247495,13.8084625223401
2021-12-06,13.997804411665,15.545250050722,13.5667979359492,11.2615413293975,14.5416216057241,13.2238235466043,12.3360276328488,11.771953861733,11.2455972688711,11.7575343657182,11.1549203640658,13.3286657855466,12.9239130642083,13.3542270363078,13.134690898023,15.2833312760761,12.775677839077,14.0210659757034,13.2190619061673,14.1054979549718,13.0874510768216,12.7859692813767,15.4242439507187,9.9729046262612,15.8035283222121,14.4620987923919,12.3747803798773,15.1079590467294,14.2763875310565,14.1894508563269,11.5378343200481,13.2285607614822,13.0440064539004
2021-12-07,14.0418540850998,15.089671557861,13.4571954747766,12.44231039441,14.4684598885898,13.155120717588,12.318233937881,12.6721655060032,10.8335278569815,12.1408905181107,11.2181571876783,13.1483861189433,12.8266336245828,13.1231121197332,13.4989051228059,14.9448528883435,12.8253448232441,14.080929937789,13.1339284922236,14.1984374477319,12.9586368288734,12.7377764153121,14.988564934915,8.75372051317384,15.62708299031,14.3111615341569,12.3552659034731,14.7408633517211,14.2381153243657,14.1507785976292,12.2568702668004,13.1979404651714,12.9514997551147
2021-12-08,13.9288741505124,14.5669737763857,13.4327544014625,12.0091359339057,13.8346392596437,13.5025117854341,12.2423585104091,12.5075696009266,12.333744679955,12.917209771614,12.0259152314742,14.4672126654251,13.4018063664117,14.6614381352117,13.4366804251905,14.4364330179289,13.7029582283892,13.9292527241518,13.6645192252201,13.8885967143882,14.1768064027754,12.9187233853962,14.5520156521713,10.512881869394,16.8083960502181,13.7775582704326,12.4100976426117,14.7164741372186,13.8853388406943,13.9092820336208,12.5068577793309,12.8407174543377,13.4360080027237
2021-12-09,13.9893282045338,15.3789634512687,13.5830942294201,12.7129363827673,14.1235958082228,13.5169183630459,12.2880400667131,12.7443141996179,10.9056704737085,11.9098914242061,11.5083459489014,14.0671242695318,13.2905446314962,14.8071252712645,13.4360816346664,15.0705134267023,12.1620552362672,14.1060719679442,13.1554529533036,13.7490537546428,13.125034261918,12.7902712411344,15.2899280861447,9.80306163308705,16.5756749685227,14.1674278461922,12.4260922537824,15.2321756945749,13.6800113590737,13.6012990047971,12.2908771213717,12.9861581405449,13.5049702180851
2021-12-10,13.7026279269409,13.6732754519272,13.094718320109,11.1618020080636,12.6875982922513,12.9560936662006,12.0688890755425,11.4645500829583,10.6379031192987,11.1863674730813,10.849147495585,12.8320400813322,12.4386025593031,13.3155191281591,12.7346032329307,13.4997689728544,11.6506546800253,13.4778228930295,12.2313020039688,12.3769636221663,12.311599521702,12.1424255486544,13.5277894070772,9.62848685915602,16.4235232251914,13.0607274975815,12.1930480443606,14.2546405323965,12.2237599836063,12.2792644836905,11.2822708656875,12.1646798626076,12.7158801179276
2021-12-11,13.5972549890737,11.2171964419499,11.6303996822014,12.898290808752,11.3074939283753,11.7100931978452,11.7662662729165,12.4922112772616,9.67071629243168,10.9287201994219,10.9718671232157,10.9223717908164,11.3254657410449,11.3787828869125,12.9264516540604,11.4810178706634,10.236328851779,13.3334029411824,10.8381239842446,11.3150468823273,10.4963548144945,11.3573963128187,11.4057194051427,9.00066945464098,12.3406329888109,11.5067893920858,11.799418736257,11.442487123249,10.7602592472111,10.8563317963797,11.9810701507441,11.4334241874797,11.5791218840717
2021-12-12,13.3573962104106,10.1740720778247,11.1666171610675,10.161843159804,10.4485768889615,11.3170778463518,11.6187916498662,10.2604863336343,10.139778892159,9.63304425548919,10.5841974242103,10.3419191802377,10.9215898729066,10.87919319837,11.8789428436307,10.5380999608873,9.40305904467535,12.8144211649735,10.2533331494565,10.2423538484933,9.91100237183468,10.9905339750119,10.3975862509376,11.5120804013806,11.4980161896356,10.7829782315068,11.6470990077221,10.5968512091074,9.83021803667514,9.98505274391895,10.1431580583387,10.9494197369965,11.1967721767751
2021-12-13,13.6373753882218,13.3147051729636,12.9378769043402,11.2386215209613,12.3206036590934,12.6583940454929,12.0062682009056,11.1178416887727,8.24156169097413,9.5073940285569,9.46910111415554,11.8054498770825,11.9215326829181,12.8402844478769,12.3909548413952,13.1244844489641,9.55578826111216,13.2799905108052,11.1945802646729,11.5525060391893,10.6851931957349,11.6884473090783,13.0005135004366,7.42834992624627,15.704368814926,12.9220166354789,12.0887351907593,13.9911245366994,11.283093417243,11.2794406739785,10.4515064578763,11.9376146290641,12.4210740081805
2021-12-14,13.8695098510179,15.4048730203899,13.7156587439257,10.1992398344595,14.1237756276906,13.5577536086275,12.2966597017413,10.9249586935337,9.75084970840549,11.0026235500177,9.65932425118132,14.569906006825,13.5145887582875,15.2596732490233,12.7198612813252,15.0392513932245,12.5466593926041,13.6894120998155,13.4613981558767,13.5344503836547,13.7222964821517,12.9045897094476,15.0508271458771,6.84145494189087,16.5335910253402,14.3931622734069,12.4300469242293,15.4278563587261,13.7232517764166,13.6879822063388,10.6611912630339,12.9594606652565,13.6315355621096
2021-12-15,14.0252619239173,14.0160600849411,13.4866849674312,11.8336581436497,14.3893888120702,13.6217466455358,12.3177528053177,11.9108500375432,9.00027349120743,10.5655231418306,9.94420243055758,13.6486922631807,13.1712380915029,14.5489523249155,13.0770315098108,14.1715847864867,11.2422544411633,13.8991472403401,12.9148416774939,13.8177561196721,12.4477584692264,12.7672885913662,13.9724216019017,7.31567546547894,16.7559818722238,13.998920799031,12.4807056204283,14.2574023844893,13.9067881194568,13.7371052589995,11.1546758561234,13.1825611547601,13.5267116141495
2021-12-16,13.8910869637517,14.0070081862718,13.3843992582872,11.435545379538,13.7241148157657,13.4606178618615,12.2250945706158,11.9303650376253,11.1702369536261,12.0199351816551,11.092092742851,14.1112292173598,13.229775923385,14.4792106797788,13.1370470358587,13.9973083016576,12.947535885769,13.7347153473219,13.3283667046306,13.5906479902744,13.6242829539202,12.7776616335177,13.9198803182532,9.15403416599251,16.8201598197409,13.6608399770053,12.3934287846561,14.3967057636034,13.6214174266375,13.61995652057,11.7762959473858,12.7812374783146,13.359098015787
2021-12-17,13.5839489574223,12.9693896594285,12.8238174286367,11.4479810706331,11.8246463791769,13.2358761874938,11.9407115305223,11.5564578332611,9.57864650774483,10.8236655026128,10.2318153846319,14.224654191951,13.0916980762381,15.7010270857052,12.6396856781468,12.8112146980022,11.0370650606166,13.3558786294215,12.3102757922508,11.6057600622419,12.7788406994768,12.1904099273889,12.931213270659,7.80272481110455,16.6594946231959,12.3441151520658,12.2171307944573,13.876004115126,11.2697596787272,11.3819482407791,11.2445553495949,11.6771425970081,13.3813951032915
2021-12-18,13.9681227923191,13.6128522114573,13.3259576041351,11.9917793472302,13.9807878948816,13.833153586302,12.2532709606965,12.3385738047727,10.8999982376498,12.0709315949215,11.0961571252508,15.4291867677377,13.9912233564841,16.4148589928057,13.3316378829189,13.7882938931216,12.8725494320165,13.8084813180055,13.8477075960447,13.8933262384456,14.2700267391971,13.1395418804168,13.5804260476654,8.73398866491519,16.6155739070913,13.6781889575889,12.5124930549625,13.9917818524753,13.9220482562507,13.8770419221276,12.033401028233,12.9495090260861,14.073133303551
2021-12-19,14.1058390454001,13.1761938318344,13.2297457453657,13.9377986542621,14.2523527157876,13.8224613635087,12.2798915762533,13.7646092477815,11.996233557292,12.8207378940619,12.6765121027807,15.1789419986304,13.930260904368,16.2032986116936,13.9287334754912,13.5559647552705,12.6548811935817,14.0303321074198,13.7604299916417,14.303289027537,13.9143471213869,13.1582876619378,13.2165724984295,11.4875969080285,16.2618557199841,13.6801056561632,12.5322321791563,13.5032466660551,14.1826930601397,14.0774056541105,13.311003951488,13.1294963089779,14.0545441053656
2021-12-20,14.1089432718259,13.7438617746674,13.442971807003,10.8758115989966,15.1121571502714,13.8530368333348,12.4008688081625,11.2565476768801,10.3232675253223,10.5683457948742,10.6065651359883,14.9328720588926,13.9531268834845,16.1457721810135,12.9184670226257,14.1321316698647,11.5704916920059,13.8047792881204,13.68868881524,14.4264340628315,13.337828389144,13.2644556713873,13.5994043069014,10.3036181371287,15.5684626049799,14.4314695916701,12.5889368298262,13.7232315080908,14.7580869271425,14.5257712755944,10.7185637775305,13.6108164342199,14.1443365152758
2021-12-21,13.8989042962479,14.3778282402392,12.852080285143,11.9857250608972,13.5563664374293,13.1163809714845,12.1534755008373,12.0569610837317,10.3501310949073,11.1542750857759,10.9795288253688,13.840092753366,13.1416079787207,14.8089749816837,13.0652875321387,14.2788987345955,11.454398706507,14.0092893043001,12.7978053427932,13.2169294164736,12.6862898940833,12.6052559886584,14.5973659194031,9.64660169657986,14.6632840520871,13.3880524004634,12.2981349387215,13.8991449413556,13.1489269663552,13.0795687018294,11.5903126215384,12.7023234611148,13.3078135961946
2021-12-22,13.8378437574927,14.5871509679128,13.0255386148679,10.6413377747165,13.5896719742181,12.8204297447264,12.1720025649774,11.0191522511936,9.92753522699737,10.501776090294,10.222139231825,12.3927278309077,12.3613163087736,12.7192548910192,12.6327824778017,14.4108107790116,11.3261926719528,13.8222705243581,12.2843359775557,13.039554956155,11.8911883357477,12.2856359910041,14.6722376511481,9.07769579390316,15.0732096460682,13.5614056606733,12.2173482395314,14.2428174859173,13.1076272634577,13.0426036463735,10.6428666443492,12.7038315487611,12.6159967268036
2021-12-23,13.9063483191912,13.438295446227,13.1504355560369,11.4479026944903,13.7161872592075,13.3425919441069,12.2044876471662,11.9927469495214,11.8835437935591,12.3258105538719,11.594518658023,14.0572256951927,13.2020858206695,14.2651381888741,13.192914631533,13.6095650629307,13.224355756829,13.7222887517607,13.4094980905098,13.7302954649684,13.7326475686822,12.8064282198592,13.4546780547602,10.3677115355826,16.1864259611853,13.4537012537947,12.3682307036699,13.762337646182,13.7803692523215,13.7826914155568,11.9476419043826,12.8005842918461,13.2663313301018
2021-12-24,14.0186904812393,15.5232920814335,13.6364540581629,11.7420068856927,14.4733276519656,13.6294634661933,12.3386841885721,12.1537453973845,11.2861760220253,12.0030016576384,11.3257726585522,14.2302299646438,13.4049565096981,14.6322157060176,13.2972481100633,15.2876137076589,12.8770521192583,14.178057406829,13.5485917389441,14.1771123239096,13.6113658060029,12.983890762855,15.5956833596318,9.82718781778011,16.8513089951819,14.2585851502328,12.4817944405422,15.2383392514675,14.2991741027369,14.2141328327042,11.879257140616,13.2074167659513,13.5506693614244
2021-12-25,14.2012330601681,14.9797917006062,13.5370371234566,11.7853321211093,15.508890102102,13.8861125179414,12.4554324850912,12.3271017323923,12.0585770125833,12.422880155813,11.8228000380549,15.7469964716181,14.3533855121644,16.411284945062,13.5375497907277,15.1292010576354,13.5611908704289,14.1905975098716,14.5766747002054,15.2456415960051,14.7502048255095,13.6405312299856,14.9476921779187,10.9741012840007,15.1598303455661,14.8136236857246,12.6191038778296,14.3401138102367,15.5708873493817,15.3967300291007,12.0730705974011,13.8286959385112,14.2711460794645
2021-12-26,14.117528457725,15.0886245606267,13.5885495122624,13.3932258612469,14.7524513169337,13.7346205937157,12.3632158500985,13.5317601726308,12.9314638273745,13.341468409724,13.0192811660027,15.6066370917898,14.1463617664793,16.3555890722393,13.9266392613315,14.9792400782643,13.5725509401986,14.1067924735734,14.2263215719025,14.6400006028829,14.6381062759718,13.3614051061563,14.8116845735967,12.2777468855988,15.530880015744,14.6160888900745,12.5224121416443,14.798386091189,14.6296735458265,14.5500950044591,13.3304992489824,13.3501771829299,14.0880570053105
2021-12-27,14.0130296474651,15.5283307198238,13.1842797041662,10.8049917738103,14.7235189582066,13.0259928996399,12.3191769524377,11.2535036689162,10.1297015587985,10.7656621976804,10.3460789417635,13.6926875179055,13.1899456903083,14.2685032043214,12.8778336895979,15.3201293780102,11.8548805366227,14.0162653729705,13.1711608772174,14.0207013915766,12.8283366854261,12.8663035316268,15.4350236312756,9.1230397577488,13.5329965599932,14.5374156254862,12.3364922593245,14.4574630556209,14.2629955316985,14.1088368620955,10.802783123692,13.340323412316,13.2447685776744
2021-12-28,13.9512507154257,14.4760804863265,13.3904900688003,11.0180178680499,14.1751588837324,13.3150369506371,12.280585657427,11.6147006181864,11.4156317600575,11.8284385014258,11.1643986444319,13.4968427060265,12.9720489285714,13.5395415325264,13.058474773523,14.4592113128146,12.9235221762616,13.8849335131728,13.2572134002087,13.9355624126332,13.2760465463755,12.7724559625611,14.492167500008,10.0454786849958,16.3309883406968,13.923707744777,12.3845942337386,14.4563558785056,14.0951801242552,14.0418531783816,11.4757584498342,13.0493297340273,13.1025248354192
2021-12-29,13.7378110153441,13.513819846043,13.1469267019943,9.69729949139212,13.1873777500332,13.0272407972628,12.1376718011307,10.2900657652166,10.3767513127853,10.2638877679959,10.2596223160052,12.4901824706821,12.3552513126486,12.8865012184331,12.2931387584351,13.5216179049884,11.2572745420152,13.4311239863126,12.2129657035205,12.6339319729436,11.9690487416073,12.2074783763132,13.4510793822253,10.1869518067538,16.4915402915113,13.2389765246619,12.2476856245432,14.0287342128747,12.7358866186866,12.7139268375903,10.1239394101645,12.4751662829045,12.694996411753
2021-12-30,14.0265913226653,14.5471454155786,13.6149719807382,11.3141262901972,14.5918924352872,13.61405118281,12.3523157362565,11.979012253292,11.4155363348917,12.3122016511267,11.1109219795549,14.3203877909494,13.4402661356448,14.3795198721233,13.3008645908147,14.5888302897688,13.6353469953319,13.9136834291401,13.8370764269603,14.4437560267938,14.0643871177582,13.0910577660908,14.4512233515827,8.99332396424497,16.7458675184756,14.2646655807321,12.4873696254052,14.6325012467465,14.6514194412441,14.5893650847694,11.8279566648082,13.2853760072435,13.4940946809878
2021-12-31,14.0150562020016,14.5489061527102,13.391873787784,11.7814017367176,14.3623073633856,13.7493318590926,12.3037666092044,12.2308368782231,12.1971679438313,12.3649814314166,11.9936705726443,15.2688267015453,13.944340137039,16.0222930567592,13.3442966491291,14.5611427294359,13.1319468775017,14.015612174719,13.9655913745291,14.21390666273,14.3119713227607,13.2118660744905,14.5922576760989,11.46850606599,16.1562760595899,14.0207323555607,12.5117828442386,14.4146169664915,14.3303000723777,14.2614397112676,12.1021969386575,13.1619982798304,13.9744993584669
2022-01-01,14.8434951153046,14.9267301952433,13.279336292465,15.9617578177843,14.5460190949063,14.1928261745455,12.5615966613466,15.2812578342899,11.0407645146137,13.1399604411557,12.7404105307513,16.8254871802271,14.9749403937132,18.8248922358077,14.8756507775758,14.9718816043215,12.3394683780489,15.1577666224508,14.2844839402481,14.5857006873988,14.5615906823222,13.6766680469632,15.2161106634806,9.61457177383825,14.9211746299179,14.1210742413954,12.8606527506114,14.2049182870928,14.1890564997339,14.0787343586253,14.4094863299911,13.3948379437675,15.0089536755663
2022-01-02,14.587003611051,12.402938997811,12.7314764169873,13.0246618510539,13.5240259646255,13.4530770956793,12.3910512780181,12.8310701537537,10.1459056861747,11.280550664902,11.2961101848224,14.3456545887475,13.5623950869802,15.7376244228744,13.707267763675,12.9211675238622,11.1484969989205,14.349797269598,12.9369673577682,13.3696490003612,12.7610955876801,12.870750204815,12.6554436934403,9.60253070507069,14.5548059789856,13.0620359985431,12.613271268475,12.5261667209953,13.1220415652133,13.0592673853368,12.1666582602919,12.8424377752601,13.7771116762945
2022-01-03,13.6488905772019,9.62733197586316,11.8231065698663,6.33444093462507,9.4568168911008,12.2935613754788,11.8100457289021,6.89927044158116,6.70634106325594,6.03955659507859,7.23935686779417,11.0419670000505,11.3492601412967,13.0982493574232,10.5415091488206,9.93780866429837,6.70839248986878,12.6202814291872,9.58808514272896,8.42500131381468,9.1455156344286,10.8596397255923,9.72381696554019,8.22076841731803,15.4595149442838,10.3458750558785,12.0530504850667,11.5363806969277,8.10400517188595,8.30400694469609,6.63213434232074,10.4660440072168,12.116306596765
2022-01-04,13.6160560854547,9.34200406252541,11.3499927724082,5.71866468934875,9.2641700673227,11.8072192071599,11.7447142968233,6.5275722859365,7.1226836566371,6.20240868814962,7.24365157245216,10.2036484597185,10.8688166426133,11.6388660344017,10.4232291728866,9.74697549351422,7.19253193865262,12.687410529491,9.42810790098004,8.44601926715776,8.96485379047193,10.7000449569992,9.7512273051656,8.4360176299528,14.1131502603899,9.91952196864898,11.9224417296436,10.792023850375,8.19070463027582,8.4233375011973,6.44183364669982,10.3888502438257,11.5243558452365
2022-01-05,14.5792092725965,13.8135239999604,13.223937262356,12.446140545574,13.7800395549444,13.2659258016909,12.4652804491851,12.5530677281538,10.7723142173807,11.6823435458553,11.4045114636196,12.9191577562238,12.7740691377342,13.2604053449601,13.6675777994685,13.9728287744539,11.9672250598769,14.4687292411357,12.7036076595188,13.5896634586271,12.4217870995708,12.643396989048,13.9861562125376,9.80241126761863,15.8764920339565,13.5610599128339,12.5692856163835,13.8736765065734,13.43461921059,13.4050980639088,12.1087438238879,12.9530496392694,13.0368059787893
2022-01-06,15.0089370180765,16.1180058143055,14.0063847243995,17.1834902484764,15.4310893840849,14.1467844197873,12.7347500095038,16.9695069879521,14.8489788206617,16.6867236264597,15.2397582949344,16.2302682969419,14.588700282564,16.1142258067364,15.933675498294,15.9858103739895,16.3091157433309,15.4094411174771,15.3120106627344,16.1960029082318,16.1865655807529,13.9654738868133,16.1549182351527,11.8552455335349,16.4861605893775,15.0707130715275,12.8920879929527,15.493208969238,15.8566011822884,15.8613188815569,16.7731168169514,13.8693702471781,14.3328283494307
2022-01-07,14.4232295718681,15.3347961892679,13.4410175338219,12.7881126665097,12.9856444995821,13.3655220765611,12.3814660968574,12.7471248244411,11.0689029663148,11.8600853699821,11.7845309325816,13.6223193417442,13.0066807167747,14.5178512065822,13.6133613214267,14.8448442091354,11.6878437319957,14.5249540981199,12.5613969410396,12.7033450442179,12.6888688290479,12.4998539058363,15.3932758393805,10.402787960214,16.6761793192431,13.5233312388909,12.530669046861,15.3412304503323,12.3220538070708,12.3927176665701,12.4116917401088,12.4303578110271,13.2945742253437
2022-01-08,14.7337737433581,16.4126119436126,13.7748282576589,14.5599634522873,14.3825315591715,15.0957187989156,12.5860890858194,14.7219222042651,12.8819752489728,14.6454204055474,13.0946759699124,20.2976638658068,16.6588680370311,22.6170515276433,14.813022402538,15.9918127137893,14.9424123801592,15.1941127422977,16.1186939281255,14.8082831506241,17.8836775041966,14.4927380331197,16.7035207123745,9.53921707511177,16.9272149257506,14.3330575045992,13.0779201668778,15.7872414217857,14.5467025706034,14.6101146131779,14.5632499009687,13.2611616699267,16.3558652364971
2022-01-09,15.8445930769936,20.559794934248,15.1379252529383,21.5305078900445,19.7017567202556,15.5664039319751,13.3514070716619,20.5214000889979,14.2559009351149,18.2859338629494,16.0856838355433,20.3394141776267,17.3617574926253,21.3069080572321,17.8914033485969,20.160390451515,17.5419727103869,17.0083643680052,18.1298067610602,20.1553715748887,18.7113300791982,15.959334069181,20.5132557926457,9.69256228551421,14.8142292254715,18.4415896209996,13.5183064575951,17.5852250829701,20.0832948220293,19.6798904454739,19.3415581860683,16.3030034125736,16.7882848378735
2022-01-10,15.0305551637353,14.9081467752552,13.6645108771827,15.7832861735417,15.7107680797033,14.3995933774677,12.7419623318073,15.7917832348616,13.0553095405931,15.3200384050021,13.5304690685863,17.3340296690415,15.276476001355,17.9180106626618,15.4592027183358,15.2188659704644,15.63876825131,15.2377530608177,15.689309324134,16.3125251255003,16.4963758415307,14.295689183065,15.0947600525922,9.30571456050606,15.4713064216051,14.8546544685281,12.988942456479,14.2371478902203,16.198852480373,16.1229639081071,15.3870916610169,14.0806370714337,14.9825772846128
2022-01-11,14.7849050246644,14.5377656803966,13.4759570315026,13.1021789876078,14.9058974989885,14.1894533850816,12.6246250747907,13.4497730643033,12.1783014795237,13.2896606017328,12.2889509231637,16.7843789499714,14.9180322729452,17.8381705369569,14.3014955794747,14.7499231375677,14.0094885949646,14.7624149065644,14.8874230322136,15.0185071980654,15.5185728303489,13.8749444980453,14.6613381008504,10.0306817146475,15.3896948535638,14.3805793746571,12.8813869021696,14.1209297389899,15.019892239952,14.9679459064668,13.1800908278658,13.6028306058794,14.7791049355303
2022-01-12,15.2780533221577,16.2669696084881,14.6599626266317,15.4207939923799,17.4307988132485,14.8633458828012,13.0453569051019,15.7404409711193,13.3905415698264,15.6640781668937,13.4716246532122,16.7435206946597,15.1535069796479,16.4016612847384,15.6920375174096,16.5643778253763,16.7160288763821,15.511521532186,16.2480245400684,17.8455641818152,16.6796136669513,14.6601419808512,16.263963440839,9.09122378612497,17.665833626155,16.2537681218891,13.2099358578346,15.6388394451707,18.0735958812595,17.8747843867687,15.3194904032526,15.0558664438608,14.9365554805861
2022-01-13,14.5685184154432,15.9946045745812,13.9477709496646,11.9206411368496,14.1276864138374,13.9726822790137,12.5686947352711,12.0430995212451,10.7373328888945,11.1098822481606,11.3395349375638,14.5295736459636,13.6702101627498,15.8367269632657,13.4240130253219,15.5718334625689,11.3754028591288,14.631922947753,13.1351117125298,13.460156098656,13.0248515772761,12.9720141917534,15.9610416051577,10.8238799090425,17.5226594532904,14.3744280728471,12.759011170772,15.919514742875,13.3642860062558,13.3001613358255,11.5849042655198,13.0871274027087,14.0216377227648
2022-01-14,14.4087936851146,13.6661660171188,13.1170413694516,11.7483292057651,12.944052080208,12.9681852643418,12.3526914517756,11.8519272674746,9.80526742464229,10.8286643914464,10.5855818793109,11.8571478080622,12.110731222879,12.1779099126992,13.2253334623594,13.6664717738639,11.0925377348394,14.2569412071961,11.8671402823557,12.6145082827813,11.4567635977799,12.1386826642205,13.8349760135467,8.74053158102273,16.3162537014152,13.0660788964567,12.4364251629384,14.0113941104763,12.3661348881691,12.3928258155414,11.3855050965183,12.4570770619766,12.5206852236432
2022-01-15,14.3110842897794,12.4432914727618,12.4162355354744,12.2910531412724,12.083115260326,12.873876359151,12.1831190000376,12.1861021618647,9.69799139690794,10.9032273567183,10.7439578879056,13.148491380768,12.7088444504612,14.3021595423937,13.2546984015678,12.6136858230924,10.7375013033534,14.1076899942035,11.9926048484835,11.9785832238072,11.9864427816108,12.1961990507651,12.7467277932881,8.65697534960343,14.5491803904201,12.2214364354686,12.3668722576302,12.7286793663461,11.5355504241027,11.6234906122234,11.704017782714,11.9860867723246,12.9799038367891
2022-01-16,14.9271423286386,14.0268685035073,13.1624201406139,16.1288146185802,14.9043970537256,13.9905676676481,12.5976213543712,15.890241508637,13.0298807789817,15.0613764456961,13.7918084624607,16.6667945651252,14.8486104358337,17.4054068372677,15.3608952855901,14.4182026255028,14.8337194118945,15.1080322822496,15.0264951691095,15.5664618905382,15.7284162992723,13.9137958000836,14.3246614339356,10.1998918345783,14.4683375790912,14.1301109035071,12.8368519542574,13.4005852813875,15.2749846587849,15.2370223890363,15.4551406881747,13.631590047508,14.5990615127814
2022-01-17,14.4803159179464,13.4713713737717,12.4095776937539,11.2876412109037,13.3614388991366,12.5930684584647,12.3354605971605,11.4944274587456,10.0956701405905,10.5865976600381,10.6931755740518,12.4666854596345,12.5221111014155,13.0244291213711,13.1345918909787,13.6698725832638,11.017204743466,14.3835147732018,12.2301651534162,13.0094398371371,11.7532147669563,12.4129543897573,13.8640809878253,9.86591229910584,12.6343378020078,13.0736112622926,12.3736050217155,12.6944357289792,12.9080811594763,12.8715757905816,11.0380982319786,12.7331671452666,12.6772742574995
2022-01-18,14.4533350295998,15.1510352505886,12.9784750299029,11.5011601694183,13.3142675756318,13.3216355665895,12.3808409488569,11.5688416037848,9.65368253695721,10.3384061178016,10.5143211743538,14.0258138357843,13.3441032371679,15.5148387971695,13.1077252310179,14.8555485481147,10.5756657880746,14.6264888778877,12.5831622302723,12.7462073208841,12.3810949393955,12.6604572742957,15.5438667025209,9.45490968869308,14.7893843399539,13.3916164849034,12.5512113435276,14.4346299980206,12.5759153061827,12.5404966186546,11.0134188197088,12.6640850658149,13.6125572224601
2022-01-19,14.941894176936,15.0597389756415,13.1051855115154,11.9862955797126,16.1033327873003,13.8128219329245,12.7310841913652,12.5735670084258,11.8477431896004,12.4715928699962,11.7483404473532,16.7929578174519,15.1166851287089,17.7999993680784,14.0624394911802,15.420040741079,13.7689225323868,14.9269755943605,15.2143104980091,15.8799097281923,15.404566919936,14.1963155016984,15.2406803668568,10.4351205796176,11.7562934615296,15.1101960864673,12.8607295807223,13.3201437430343,16.2184118181101,16.0216086243802,12.1994193154311,14.3107917721811,14.7748578144166
2022-01-20,15.0002201402752,15.7084237008711,13.3510209612166,15.7095740707619,15.6036337226841,14.0615833138062,12.693788860422,15.4379019482862,12.4392170053276,14.2504284410757,13.3756756373517,17.075261386776,15.1824982339894,18.2679758508685,15.1817179494889,15.7750971293601,14.0984585332558,15.3628204996053,15.1429645627772,15.8103238366778,15.5737407045879,14.1057261583665,15.9570356338916,10.4026586206629,13.4832327313491,14.9072859917597,12.8903483253126,14.2482955098954,15.6506700816299,15.5161923211256,14.824464840124,14.0032883885301,14.9297038382372
2022-01-21,14.5344987424461,13.7258033219295,13.4789307455491,10.4226775998872,14.0747849993126,13.796680573056,12.5238079007798,10.9094788607024,10.0033822959827,10.3611162265497,10.2712025090014,14.404984844753,13.6236489308245,15.5944313536854,12.9815581830002,13.9381570648346,11.3382177606636,14.1512885154656,13.1664553467646,13.4573897301884,13.002178053232,12.9945467652547,13.6700263731259,9.50897666547946,16.3681719552015,13.8979388620161,12.7231906988407,14.0599317713802,13.5517446527934,13.4745804216475,10.5006159878223,13.1086271164329,13.9077538809696
2022-01-22,14.1752935102004,12.2210413883501,11.8943732765382,9.9715118518175,11.9446053374732,12.7382749624682,12.10694700764,10.3068173918544,9.08785606071108,9.55616853733253,9.62925829575326,15.2358970534221,13.8074294695389,17.5579320981344,12.4187157145158,12.3610712712417,10.0673226805378,13.6199056349177,12.5189602337143,11.4155721460664,12.9090474083754,12.5467074041622,12.1997056421453,8.61109230172113,10.9691818512778,12.3683251240678,12.3169937754015,11.8914898613629,11.1672196297619,11.260773999524,9.97485604765156,11.8767191701084,13.7919592856904
2022-01-23,14.1385077079272,12.8025766148452,12.1976473288436,9.56501733691972,11.866028418683,13.0215456448998,12.1268818275597,9.90132959518531,9.43392022698224,9.18915841426012,9.87685334716917,15.2754051862637,13.8309503116589,17.8418172942505,12.2037566336692,12.7645547908693,9.56401031977507,13.6728577630869,12.3726266831271,11.1621066018218,12.6966556092367,12.4948367946495,12.8234318209829,10.2499719002006,12.5078941827386,12.4085433506721,12.3832439178004,12.6798719409363,10.9278885634253,11.0118178794231,9.62619931630091,11.8197963588085,13.9627709756406
2022-01-24,14.1355541891969,13.224878844962,12.8750473748982,8.67928911598433,12.0734799654137,13.3151777498366,12.221628250336,9.11615321200133,8.94337208361553,8.35177096514545,9.34382524008152,13.664288661133,13.0241769025534,15.7403796666381,11.8616067429649,13.1263896124406,8.94281173595725,13.7072988242486,11.7304938516166,11.1068038129966,11.5273470753028,12.1727743788611,13.3048647727803,10.3958600305836,15.9803393908517,12.5621199769219,12.4714486269598,13.8074255291377,10.994428818836,11.0287432948247,8.78727317911717,11.9392200930807,13.52139201606
2022-01-25,13.9093640453337,11.8848353722746,11.7944353576498,8.80003287605142,10.6175437427542,12.662600790113,11.937519466066,9.10495524304914,8.29944977988064,8.19758152362224,8.94325247901344,14.5527274264139,13.3066937963139,17.3793659020904,11.6699827090957,11.8175385277515,8.47281745511121,13.315507018188,11.4977249759788,9.85031269141641,11.8234180258527,11.9593128346107,11.9409068403058,9.01342376881927,12.3702509597678,11.4922059013527,12.2131969993753,12.1627226363361,9.46558916872986,9.63335496804969,8.81653068445697,11.10014001704,13.5522649037578
2022-01-26,14.264733206447,13.9279670194981,12.8833596931473,11.4995891812776,12.2833328983721,12.6515842542202,12.2420967147253,11.5533188758963,10.3961351093511,10.6610707213661,11.0628344677143,12.1331491081318,12.1571562888549,12.8880486746083,12.9768564977769,13.65073165261,10.5609273580711,14.0272108959551,11.5886204031648,11.7987799426565,11.3793902692498,11.9505613584297,13.8638639913023,10.6326277847872,14.905951114686,12.9435808290627,12.3027185236126,14.0891346680446,11.4232940948456,11.5157378831529,11.2471411992655,12.0331652292739,12.4961624050823
2022-01-27,14.0418700849589,12.2870141039802,12.5093095361548,9.38145440985668,11.3215835235848,12.5107227332058,12.0941222035318,9.83990589257239,10.106312281989,9.60711116305081,10.225036565526,11.9317839528796,11.9390579141865,12.8457497416926,12.1531183405464,12.2566563011084,9.99287742576205,13.4737128294061,11.1757298424073,10.7999274752156,11.1107652587869,11.6636055388292,12.2555056976978,10.8419184868003,15.0719437580636,12.0415842831856,12.2132989441069,13.1065375591446,10.4952905941056,10.6625144541096,9.79066664236211,11.5020875851196,12.3294583506247
2022-01-28,14.4623334238704,15.3525794700917,13.6301644616533,11.701951325302,13.5168673494527,13.3959392278447,12.4634698764202,11.7497280878721,10.6557189538502,10.7154421858043,11.3311501721375,13.0016005911124,12.7905321616145,13.9654367652088,13.1935495330243,14.9610393570689,10.7373355537399,14.4135061605705,12.2686819979404,12.805554853701,11.89196719582,12.4520262993611,15.2834479271862,11.454260741467,16.7506966137609,13.9304157509672,12.5702143291251,15.3856998278313,12.617361723226,12.5885097623939,11.3191553302313,12.7345253891127,13.2157879165879
2022-01-29,14.705163052453,16.0570221881307,13.7942182476071,14.5931770249007,14.3857602777281,13.4452238200871,12.5797442543047,14.45719925128,12.4881581133007,13.6918629763153,13.1390034247101,14.1591627403864,13.4152772835344,14.4400033954709,14.5733572026131,15.636141722753,13.4491196269346,14.806528348749,13.543660455197,14.3131359360717,13.7519593679056,13.0468447264216,15.7992468745379,11.0433191194338,15.6690725406737,14.7180857987139,12.6317044595385,15.6011715432891,13.9919797154602,14.0004401470736,14.1137532370491,13.2175636968919,13.4582341539376
2022-01-30,15.7525457990645,21.3094424722953,15.789027487501,19.2441158185881,19.9436885320308,15.2273233108267,13.4367640957615,18.825085587844,15.0256757768036,17.6934085887317,15.8830166691127,17.9627175415352,16.0745148057761,17.6998339075963,17.2190885975628,20.6713687063225,17.6894605023986,16.6417867697735,17.404509277005,19.9983543373759,17.5905997832247,15.4747569298832,20.8299871830923,11.5612335726597,16.4518331105245,19.0906757224021,13.4283384463517,18.8075998301703,20.1767713706331,19.7910292817645,18.0228656218567,16.3864432784425,15.6685061136166
2022-01-31,14.9439217245199,16.6433047121127,14.3976358846335,13.2744302036615,16.1443693908813,14.8752511734714,12.8538216849865,13.5532127878016,12.256996465912,13.1146982323115,12.4804036504621,18.024213555993,15.731403054339,19.6369024641218,14.4293150623627,16.4702013416668,13.8313458839567,14.9839052254541,15.5357321154059,15.7529862892152,16.063469193115,14.3743070745611,16.3547083963585,10.9265776650939,16.5812729401182,15.8483212345532,13.1195909962048,16.0109992901625,15.8986398768333,15.7331729261472,13.1326313076144,14.2503365349683,15.6469781961903
2022-02-01,14.5597692013186,13.7695969256864,13.3559676459856,12.9949657835157,13.5813893664537,14.041783663777,12.4526694202588,13.196609422765,12.0049375837848,12.917307060778,12.2668912277479,16.2003022693739,14.4378845268671,17.4968987179818,13.9916949577036,13.8716396635791,13.1784135764822,14.4154363985816,14.0732928283058,13.7101649514824,14.8291474085901,13.3441770100797,13.8239566456746,10.3966125049709,16.5318125901192,13.5391851809626,12.7578713535636,14.1273873400699,13.4696259674155,13.5269510926881,13.0099758622695,12.8238207080336,14.4656467633479
2022-02-02,14.3925988608841,12.5007760815461,13.0042910201536,11.1587830737462,12.8519306370843,13.7282395494666,12.3365415512155,11.607899782876,11.1146397533637,11.5128399531853,11.1718003050167,14.8786090390404,13.6842202847281,16.0382865716609,13.2114029163458,12.82712961473,12.1383969992281,14.0697422869743,13.2191222568799,12.8468589214891,13.6790415242041,12.8605821589597,12.7401622500329,10.1049877960269,16.7574552798601,12.7168114840496,12.639665127803,13.277158323562,12.6873524608876,12.7641841044332,11.4825191362673,12.4374360053019,13.8766968237098
2022-02-03,13.8924310944332,12.6169125528399,11.8926544615186,9.26627469473105,10.4054874524302,12.0169395246954,11.9220543319841,9.44987225401055,8.99528273660106,8.53491861427721,9.64395877313222,11.48805649174,11.6367073046539,12.991183142874,11.7843005739662,12.3247472717651,8.4554157253245,13.552976090569,10.357738203646,9.70674569284505,10.1180082178568,11.2442227512278,12.8668178700547,10.4628273120116,13.2493635714232,11.362517624992,12.0288486533294,12.7957577878527,9.23254997312758,9.42166635787176,9.22695703138749,10.9748226084271,12.0741417554136
2022-02-04,14.3091709784508,12.2819490943066,11.9651056831258,10.0708752555647,12.5936036267214,12.2963203201981,12.1986410906196,10.3981566191601,10.0550834206413,9.70191502199661,10.4341321441236,12.4539403620381,12.4376382202548,13.4350490095503,12.5450681687723,12.6133058652254,10.1250564658613,13.9074554806417,11.8012211421353,12.087953131337,11.3753416113177,12.166866950287,12.543241147428,11.096289344542,11.4079791371465,12.5091212838479,12.2495636045441,11.7517273540821,11.9715685113868,11.9789188447626,10.0828262102714,12.2906790439126,12.5869276053633
2022-02-05,14.8515536266875,15.9279102225437,13.7320489538262,13.8272257491842,15.2768284535079,14.2577473566685,12.6887350259654,13.5036339132085,10.3308045918133,11.5666796577203,11.6913647063803,16.1747362895166,14.7467981164389,18.1563995610749,14.1522192975113,15.8172075114979,11.4349537473552,15.0368566430407,14.039787751192,14.6665778708802,13.8189206986322,13.6493547453249,15.9855112312655,10.1015422634355,15.3026745644014,14.9281776988575,12.9135292967514,15.059952566111,14.5894775464598,14.3790685141297,12.6130663088471,13.7839330212248,14.9198550784507
2022-02-06,14.5768422859053,15.5321787628276,13.4556392639033,10.8289349997487,14.245439597389,14.6888536447736,12.5412146694595,11.0874470681645,10.7642637997001,10.2355053809269,11.1654284760339,18.0329612902364,15.6205896792516,21.1555597545296,13.0200027867034,15.3399519720593,10.6748910056112,14.7069660863441,14.2813090829244,13.4672540573153,14.6285503989806,13.7690241985135,15.868136585433,12.3779456279354,15.9957879367158,14.038287124548,12.9686467605377,14.9184823352986,13.5358372576944,13.4056453404453,10.6431392014897,13.2052032802709,15.7947442850925
2022-02-07,14.3761949683731,13.8537569728518,13.2096429883449,11.7749153249173,12.8104984129791,14.2319687534245,12.343020628645,12.0958113524556,11.17185751566,11.8720281915136,11.3856677839685,17.4071683229444,14.9950359787077,19.6866055032943,13.3911391374788,13.7474965739868,12.271768251463,14.1967867792778,14.0403672824038,12.7232289413059,15.1165884642791,13.337290750418,13.9128433059169,9.79839308848316,16.5479053231289,13.1210199143361,12.7570015791804,14.3003758536797,12.4541110052006,12.5630094663026,11.9547015650724,12.3619217170134,15.0403985830656
2022-02-08,14.148350745522,12.2767005256992,12.7550043287217,11.3179443956455,11.3797891556159,13.5112668977752,12.1318862930498,11.5153648439083,11.097616020173,11.1778486535453,11.402700012019,14.6372996463806,13.3698229690789,16.3129440136148,12.93177054938,12.313947260549,11.1094450231985,13.8451453395281,12.4110788780497,11.3653871519503,13.0707731729167,12.3413630322601,12.5150105468493,11.0328850311784,17.1812579755038,11.8477321766173,12.4868823702847,13.448900063714,10.8995490983914,11.094831697695,11.4670495028524,11.5637430710134,13.6839781002726
2022-02-09,14.5198671012754,14.0541840113935,13.4641455241618,16.330449221489,12.5971487357417,14.1212333071643,12.342240606723,15.6556850205922,12.5247844297283,14.274309616368,13.8216130171574,16.1710812145487,14.2843441825065,17.803482482964,14.8509075777455,13.8373723716288,12.9464195106339,14.6484412348758,13.607253435263,13.063571971318,14.5772202696338,13.022456465697,14.103939700623,10.9582798207033,18.0664088038614,13.0504658823089,12.7115286485439,14.8742429064192,12.2681695225974,12.4176351678328,15.2739068887811,12.2287209630286,14.4505869650637
2022-02-10,15.0673026564428,16.8907800262444,14.2204051346795,16.701861532662,15.9442144331271,14.9268373328021,12.8165897016551,16.6876527321344,15.8995426934957,16.9000138065175,15.82187520103,19.051511534901,16.1498022370955,19.9448742594796,15.9020656661191,16.6653940448746,16.7169120442772,15.557445367037,16.5473966972682,16.6402796741332,17.9495009437152,14.7201842957375,16.9582542954207,13.8825246325841,16.6860427854212,15.4910221719015,13.127456531337,15.9869275592259,16.4445309874697,16.4188545718191,16.6634360816654,14.1599567651152,15.7401739496912
2022-02-11,15.2689774993963,18.6895731609218,14.8579620896901,17.3158175886304,17.2025017647629,14.7920365350014,13.0248035718652,17.1718738287856,15.0285979762392,16.8108657094097,15.3681118000245,17.3589227909728,15.4086318116773,17.3967862837564,16.2171430101414,18.2176327161906,16.7703255726169,15.9377576215891,16.2759262404993,17.5900069331075,16.9759238978684,14.6453641415404,18.5887567250269,12.2178161689058,17.16623262581,16.7041890741103,13.1588988308772,17.3010596860032,17.5209862469894,17.3745539199528,16.8249165357867,14.8508555581929,15.1194300931609
2022-02-12,15.3975940727371,25.0925248412979,16.2080143097691,12.4197910256751,19.8121472522006,14.6173944535852,13.4480856481868,12.8746259718027,11.3530759511732,11.9518587614592,11.653384690518,14.7647192994312,14.4522540897684,14.7555694362093,14.4511883098487,23.3520459601287,13.5093427990742,16.5013692515101,15.2138898770382,18.0500684817024,14.0322162000333,14.4560197567969,24.6999672438842,10.9470734665345,16.7302815313735,19.720738698034,13.2374007392007,21.4757276800397,18.8148024283748,18.3039829364851,12.0039148817774,16.2243000288164,14.5687442362897
2022-02-13,16.7354922828642,26.9043586407895,17.7407598641735,27.0665648562663,24.4529615119238,16.1771488064059,14.1579565677428,25.9150193731307,19.6607709979074,24.5667658700985,20.890728943808,19.5264242235483,17.2883896976414,17.1359438665642,20.971524152809,25.6825996749491,23.7158876266331,18.6395622064154,20.5439659623496,25.4039974546996,21.0113219481775,17.2005859787525,26.1158863635372,12.8537849214501,17.7121729567844,23.0191494740324,13.9319653698063,22.593933644498,25.5572984236674,24.9840849910049,24.9071755307917,18.9121777101463,16.3686282496962
2022-02-14,15.6381092266292,20.7046881244964,15.5870233997371,19.6058857364713,18.9955946562197,14.7198182644622,13.3098874897805,18.931918878183,14.882039300916,17.4167628333628,16.0589190043714,15.2098851844452,14.5209252613587,14.1837415947051,17.1151432068086,20.0826838205287,16.8665785523348,16.6941889260842,15.9942330780303,19.190991456468,15.6702204200622,14.6279936790126,20.5969659722784,12.1776173983718,17.8778041117687,18.126907116496,13.2445935169613,18.6328031469785,19.1768006814701,18.8359872095491,18.0895073453107,15.8717660524806,14.4134932683086
2022-02-15,15.2232795134985,20.9698580119543,15.0824645527599,17.4653164452844,17.1418624939394,14.6336415742318,13.0288720218683,17.1784773122505,14.3299167751603,16.4414575637357,14.98603808662,17.1798425949316,15.2899673420223,17.423170279759,16.1448482035466,19.8168884740382,16.2298294679014,16.2165110722645,15.9740823366533,17.2174693514987,16.6053801233448,14.4905204680214,20.809489810524,11.3464932506635,16.8289762724299,17.1874574254271,13.0976651913044,18.8544750409789,17.0672431949653,16.9282240879549,16.7088626238066,14.7532029873265,15.0279979751084
2022-02-16,14.4219419361541,15.5416141011716,13.5323566837835,11.6647598035056,13.2310038606233,13.4339872099525,12.4213786190945,11.6289313373499,10.0440491529184,10.3234334014929,10.9414080512769,13.03234218188,12.7922775985069,14.2497035345902,13.0833429700369,15.065315197252,10.2629621726402,14.5221266098245,12.0845809979493,12.4970068076939,11.6763941921556,12.3677186378535,15.6757240645803,10.7377944821632,16.9942850994605,13.6402119568598,12.5653124725671,15.4784730739206,12.2628802643353,12.2368591753478,11.1048767164634,12.5792972103082,13.279540482993
2022-02-17,14.4970851296496,15.3093693129322,13.2914517625255,13.1113187182008,13.2070829505368,13.9940813392061,12.3993697253502,12.7125339163282,10.3497848246534,10.8788972595455,11.6820855986959,15.4621535059227,14.1153477147128,17.8367846928022,13.5282822199413,14.9416795301807,10.2258963194497,14.7923230911816,12.9091178469679,12.6943296528904,12.9189235200036,12.9026535596578,15.696987856225,11.3287840888432,16.5554090041971,13.368430270625,12.719561538271,15.0251472131474,12.3213000616368,12.2753605113039,12.0460022737411,12.5957100224476,14.4907237374977
2022-02-18,14.35369737636,18.6938648275389,13.5774611809063,10.9131028583135,13.0068599963356,15.3575227565834,12.3990590876545,11.539206034345,12.1333804134235,12.0381087888031,11.7382100926485,21.4753299141935,17.1572059834102,25.3065433672935,13.2118169205721,17.4077350997726,12.7581630187483,15.3402146525435,15.6206692186465,12.8256660136253,17.6383086696709,14.2585407204211,19.6258079584369,11.3569025567403,17.7568322876093,13.4980095223679,13.0582581296149,17.3406138183286,12.6711934165594,12.8001011646242,11.6631877200055,12.4474449417008,17.0225191132277
2022-02-19,14.6604296072831,12.3341291856814,13.0853309327028,13.313059597617,13.8629645868467,15.3858672190047,12.4701507006802,13.3431727269364,12.2330283430822,12.6883806050209,12.6882522551594,21.1200178522379,17.1757001471757,24.8157604512753,14.0700619035816,12.9601241394001,12.6741425609085,14.4393584469568,15.7896878512583,14.0593274534936,17.2358498658352,14.5041895498008,12.6220478264029,11.971383113524,16.3082532194156,13.2081979333822,13.1458536299261,12.8604318599649,13.8722558266738,13.8427833738086,13.027211975629,13.0499993952354,17.0534674183405
2022-02-20,14.0798746283086,10.4752743862514,12.0934645711182,9.36329079524488,11.188963901619,14.4436944371159,12.0523923211449,9.80425017189518,10.4857489520455,9.56715761034473,10.5525200257292,19.1562447305924,15.8454211288131,23.3368093543764,12.1549841728397,11.0239292839846,9.87203788498483,13.50788626785,13.7123206818119,10.9643240345,15.0075967701993,13.2601353030131,10.9240354863229,12.0301634622442,15.4696039637558,11.196474579968,12.7376771687314,11.6246067953197,10.7021170716832,10.8368826977624,9.76322170305557,11.5144763458763,15.9769189003917
2022-02-21,13.7522158443836,8.65314744577736,11.2835372831295,8.66132756233424,9.28430207999995,12.2575088917462,11.7442010137028,9.0449786436923,9.22439643223734,8.65297074506081,9.52696042142175,12.2044099995483,11.8963058225212,13.9293608365405,11.5679045479881,9.26777679211163,8.75405248808341,12.916845087486,10.4936974722683,9.1455345820187,10.7210965980359,11.2304382576643,9.0989393305581,10.2430732253383,14.2747270155458,9.75909984040636,12.047665356473,10.3248288004615,8.61543453483685,8.90135755274846,9.04591969004283,10.4212680197579,12.3379384210227
2022-02-22,14.3555323021915,11.940136245964,11.8841093774489,11.505232826778,12.469926300428,12.6487589368927,12.1779319002415,11.900502837045,10.5380188471241,11.6758128212718,10.7862362150564,14.5150790548638,13.4358669424904,15.4765256775583,13.3088645180717,12.3518982153737,12.3098842936729,14.027682482113,13.039204665931,12.6602328169482,13.5631012654211,12.7083529922008,12.2645730577568,8.2936481513998,11.5015783459649,12.3172901011708,12.3380823749734,11.511052390213,12.4100378924382,12.5287937036804,11.7186154925595,12.2313938575734,13.2735323628543
2022-02-23,14.1444038107654,9.85820961343802,11.3017342858994,10.3986605971048,11.2776778975861,12.0162504777229,11.9831426359855,10.5865981993672,9.30832966443141,9.68022911624106,9.98441322115167,12.1514487531403,12.1236155879882,13.2321905054466,12.4845748298552,10.5970020939377,9.86458429802284,13.513662087734,11.3016267205937,11.1634171014164,11.1024314214433,11.7965624077639,10.2618130566532,9.2504254268296,11.1831444755704,11.1571095280671,12.1079765843452,10.0953898884256,10.813288760399,10.927503709345,10.2530291106778,11.5780249366193,12.2927240193011
2022-02-24,13.5711143214383,8.80108574113394,10.9172705359619,6.18552728904798,8.81453172356207,11.5033746456692,11.6488780391421,6.87878990329363,7.97071594247207,6.62202869593604,8.04932814788383,10.2168422001925,10.8175917577538,11.7037016274213,10.5247143802671,9.2678202086843,7.21450059190224,12.6444370981639,9.31335565051125,8.17134438796523,8.97649639300847,10.5982612279502,9.28605964282824,10.0867053364775,12.7661855311247,9.49391987459294,11.8186996305111,10.0757833284025,7.79661561142648,8.07169940361471,6.90529649204307,10.1410233686217,11.3793021936286
2022-02-25,14.2491736072353,12.6533504383607,12.8913009085158,8.70092298209602,12.6085179463012,13.1371109554195,12.2944931107575,9.23674895559476,9.72219521940451,8.7265023286201,9.86460500714317,12.2369912760734,12.3420164450476,13.3734090883639,12.0232144938338,12.8786231616648,9.45773902121294,13.8116974901097,11.5743653210693,11.7933528591008,10.9799435025169,12.0814394864255,12.8990271087711,11.6455898409148,16.3176235839078,12.6066282984547,12.4671684294923,13.3001828369237,11.8097496662648,11.7929475062616,8.9694294620072,12.2889927954582,12.8866896306386
2022-02-26,14.4733439132125,12.430268702809,12.9848358999205,9.50056654808107,13.6940109133096,13.2341057012581,12.4379883987676,9.94178963702898,9.379136723001,9.05552417453953,9.79327599104344,12.1479012156296,12.4543263843502,12.9523447085468,12.4689269247753,12.9816560399788,9.9298189003118,14.0221155185141,11.9911936369193,12.9315252567394,11.0894096082135,12.396589999966,12.6839346831402,10.5060715471874,15.7726770978986,13.1618232128062,12.5659119994412,12.8370273018355,13.0775755357691,12.9500058891723,9.43085219657549,12.9433881213524,12.9498277467302
2022-02-27,14.5573581307736,12.3984876528904,12.0425142934287,14.7001541884804,12.9263301215235,12.3352399133085,12.2481872401584,13.9439858951004,9.70588821302877,11.438486478364,11.6731830320372,12.1115983869969,12.3179858550979,12.9786435339065,14.0349453097997,12.7902449274502,10.3957064581094,14.4861731188557,11.7485868452834,12.8483597395473,11.0914984936826,12.1826645347661,12.7345389195688,9.31372010164632,11.6044661815691,12.6571120787341,12.2827500286584,11.782056205984,12.301429861011,12.2594643532122,13.031662443938,12.4939009266627,12.5211402252003
2022-02-28,14.3628795325245,13.5416775922811,11.9561464352744,15.3965888376012,11.7568894136737,12.4850085948499,12.0904599030473,14.2647882238992,9.3421076967262,11.2227130087714,11.8114987170855,13.5891039937692,12.9499020098465,15.7338497043731,13.9427268327697,13.3186865764451,9.39884853960562,14.5267294320102,11.5802494787567,11.560191841677,11.4112813787366,12.0742734680264,13.8480526893273,9.39243678422399,11.6183697949536,12.2616782406442,12.2376104991629,12.7760968740352,10.6797014662107,10.7362101766987,13.3030039368211,11.7648171659126,13.170378391234
2022-03-01,8.86116896599315,13.2516037426732,9.7802497843198,14.8694459066849,10.5017388451653,10.7307445061066,8.11407935674684,13.3072134839353,7.34269260850993,10.3222321627572,9.78758897700146,14.5773776851083,11.6818834709117,17.4230586829422,10.5408595745324,12.4038954382111,8.38691040325252,10.0357741478299,10.7432113495435,10.5306647744208,11.3943889792842,9.71799655595077,13.3769723540263,5.73451473533646,13.4134151526409,10.3489702386305,8.54968105465715,12.5173411420937,10.1020037081527,9.86468378657667,12.1854217791154,9.14200430076977,11.7755153676142
2022-03-02,8.84818389465486,12.6507074997428,9.59327462362354,11.7770929428132,11.0842269747975,10.774084013091,8.16922370459019,11.2219332160649,8.12766361060771,10.0024624042906,9.09031910314525,15.5136137521125,12.2172547281791,18.0059719543747,9.86828814305633,12.1211120209421,9.63339599274211,9.74263329043951,11.675346253578,11.1204875100454,12.6685906711194,10.1901487192233,12.8061111542121,6.24703841370298,12.1763045741647,10.5267936440021,8.60448132586898,11.6685458608538,11.1682812825509,10.9315474232981,10.5943240263024,9.50742814990268,12.0354665959024
2022-03-03,9.25126178729439,14.2067159689277,10.3483233825582,15.0235237913153,12.910965259334,10.4407712508493,8.45826204748043,14.5554816126443,11.13204601151,14.3251760145543,11.5419036141919,13.9555289622997,11.443185415122,13.6395199715222,11.7344308677617,13.6175900525668,14.1678135124512,10.371859919707,12.7472892127914,13.8135503598105,13.9210994585728,10.5478307502855,14.0917640348423,5.84410267680192,12.5303856150863,12.0932006464697,8.6198818085915,12.7694602881199,13.8776150129009,13.6688091250408,14.197648521746,10.5335963267693,10.910090599776
2022-03-04,8.46707161921535,10.1329712023882,9.02324973729337,8.42765971781925,9.43457492991818,10.2729953224977,7.91989872701683,8.60166274755562,7.86394469976179,8.69117746113219,7.80282315098804,14.3719659430788,11.383861906388,16.545886361451,8.61857593850674,9.92624594155693,9.20592181096656,8.81119650125872,10.8117885270543,9.50702478515662,12.0402418443737,9.54208923739117,10.2630243336567,6.15245787226955,12.432534049654,9.10809064857058,8.37877420526942,10.240588973413,9.64297619903082,9.56778781051593,8.47759832546948,8.58123043441102,11.2618501191467
2022-03-05,8.81983011276062,11.7611513642873,9.482495738836,10.8342849650271,11.0860822385553,9.86404788199108,8.16070067517223,10.5778617806335,8.55616256390356,9.94598656476427,9.02942506089137,12.0312606477049,10.3437213350655,12.7591905258134,9.64130324925441,11.4735315805931,9.9790456889561,9.47960884367353,10.6035635353144,11.1702057404792,10.976243079784,9.48904428187779,11.8414537541697,6.82355079553957,11.9159140012507,10.4078145860524,8.36827575389743,11.0335106793545,11.336219958902,11.1145660927296,10.1420682228936,9.52279381249559,10.2545723522131
2022-03-06,8.82566934992758,14.2103456890013,10.0997122175707,9.46737293153258,11.785425077669,10.227212132712,8.29311462421764,9.38529626271726,8.39541786034717,8.82807337963728,8.6531964115347,12.9662423886827,10.9340713803356,14.4157740756269,9.1355700603374,13.3317080452976,9.12207970050405,9.58986533985368,10.8418536348145,11.1607809652278,11.1002490966478,9.74460747999119,13.9976771027717,8.27631863302159,12.1307235761655,11.5451745641441,8.48733046120603,12.9029690785735,11.5279547473866,11.2277312495208,8.94707413403198,9.85177335246649,10.8933105647928
2022-03-07,8.27974112358785,8.96192538628008,8.38006599493834,7.49059527466902,8.4252257967762,9.05236297247954,7.73696181488437,7.47886963460041,6.58929590432671,6.92968319268253,6.95119171419095,10.4886234345195,9.26034658403314,11.9503736366629,7.90688000422267,8.8651888913741,7.08292075786229,8.46665959528728,8.66022759684927,8.18447311068108,8.8983419472046,8.35169185054451,9.17554899588792,6.49015721406317,10.9770522767085,8.23345234957092,8.00057049778237,9.13346893337596,8.22559489129735,8.14976828369876,7.19719643249866,8.01531468399157,9.42359793075293
2022-03-08,8.27490816974257,9.43555344287318,8.58561756631477,6.27915278816166,8.7818672210949,9.07226145925402,7.79690595262434,6.62582705043959,6.83557123567075,6.67696039522397,6.67370110654069,10.4933579152226,9.28517229557036,11.7411683079092,7.61477907010571,9.26136131847631,7.38384036226252,8.3691677445351,8.85074350629124,8.37313945609813,9.10246460691268,8.44880936499057,9.50573877804402,6.86492798427038,10.9981734352558,8.64947167124419,8.02267672798886,9.51883896033789,8.59825698710622,8.51304583564441,6.51023186452447,8.20256565376502,9.4064779832042
2022-03-09,8.29004053794337,9.62268979502286,8.89644391437882,7.45910857509744,8.57110214208662,9.50700103204182,7.80446344982642,7.52468019918462,6.77676091749385,7.16452695454632,7.0065074182185,10.8704797328727,9.45894206450805,12.329680891593,7.96010711263419,9.36333539280507,7.44096378364774,8.54796615421416,8.90902343503107,8.32321282685537,9.29053782019398,8.47318566459555,9.7950954564414,6.35929807368104,13.164367871929,8.48489914247314,8.1238456504342,10.172596873802,8.38598219918476,8.32043890373149,7.29868891771406,8.08224929535804,9.7095031731639
2022-03-10,8.72881140744994,10.5135181843266,8.93698827760817,15.0674128492919,9.37926737158633,9.45486853631574,7.90475361751608,13.2158064688548,6.94708873555877,9.70859983126688,9.7980619317229,10.4723110789819,9.41127112942706,12.1272370259462,10.3203173902325,10.2073133944722,7.17832811057353,9.6048908124034,8.74642308322711,9.56294139441285,8.54396613318628,8.54269336984092,10.7668546565229,6.41073622564218,12.1189312948172,9.0526925287821,8.16022476502934,10.3445497535851,8.94100996721289,8.73765823139623,12.0089176154256,8.55110859622467,9.7305426970702
2022-03-11,8.51975619025384,9.99523692771267,8.78541645973991,8.59279173069635,9.63574552583325,9.5202251401068,7.92294293828485,8.44264442592685,6.63234282331721,7.54405460477664,7.24830119534679,11.3576265293405,9.88250774290185,12.8526046583733,8.47150734849565,9.90104171320852,7.71611154293904,8.92073531809068,9.4503636321418,9.40398556177104,9.60140058708056,8.88488264057608,10.2566538923984,5.93078846198834,11.3358935123276,9.08323257261658,8.19812471776399,9.73540808230647,9.54858915791593,9.36623408805171,7.94720915733627,8.71768371617321,9.9942453013984
2022-03-12,9.07582093404722,13.054929123947,9.14776743314061,12.6033396364867,12.3508937741951,8.99958656421195,8.27068946743293,11.9349190552427,7.88202120789056,10.3207583352672,9.11945026225445,11.0172150023197,9.97694267156139,11.2336562789924,10.3140445856596,12.6620994638208,10.043111217966,9.8914067720673,10.554600535592,12.258384700533,10.3240130678919,9.56545258719358,12.9384585451427,5.43824326713025,7.16176025326231,11.544730415569,8.21271777655112,10.6495574217528,12.4346234295353,12.0822196871406,11.0651290024473,10.2270806547339,9.6426223920233
2022-03-13,8.71991916541885,13.7242894600751,9.22140309967067,9.01959621541327,11.1114245804116,9.20749540455262,8.12789697077743,9.05139580552768,7.52952243667407,8.59159211069908,7.79677869381026,11.3516584376893,9.98536058828438,12.0926270097896,8.94615681501838,12.8823136207083,9.15729724091289,9.57856574523496,10.1473623347125,10.691963566665,10.2738553488273,9.26268653561409,13.8243740636907,6.04423318734767,9.18480668101232,10.8082060651894,8.18645187596962,11.6722810969876,11.0123552405109,10.7758185123078,8.62505278212093,9.49204569563654,9.80183429362145
2022-03-14,9.32669940154045,16.675158478526,9.92081477259024,12.0167274359669,14.2287483716709,9.45305885755052,8.56606890914729,11.6963945097075,8.28086417647735,10.5241253350121,9.05990965773973,11.7991308911054,10.6032526205112,11.7322671723786,10.4722066844134,15.7199961551895,11.0231956063568,10.6816514613561,11.5899818236219,13.8121301840649,11.2187158903156,10.2382961701673,16.7043697090112,5.60280859472378,7.41410886884144,13.2172570031663,8.43679911057953,12.8597117446332,14.3664011066092,13.878717879869,10.8242787647375,11.2745636784036,10.1556174890677
2022-03-15,8.57536254984409,14.2075558643325,9.20513240520453,8.2641656448641,10.6552217845413,8.47913433326643,8.06042313850887,8.2799255322306,6.84328484991446,7.65899214806608,7.21798105785287,9.49416534673783,8.92900652547856,9.90692786037031,8.48310056558683,13.0400934702091,8.13830008915765,9.24582535550843,9.04907293520686,9.81954091629837,8.79397114683596,8.62587275750346,13.8969643893344,5.95894491916815,8.10209186990826,10.9933931240049,7.951525134416,12.0863113622454,10.0814097921783,9.87482978454262,7.83736417944108,9.16730198809387,8.83950420721067
2022-03-16,8.79478371637159,16.0621294422374,9.80881946825519,11.9590052519213,11.2298594953127,8.80187215257727,8.1848172734736,11.2147450285451,7.61863696110177,9.57409861055848,8.91135597830819,9.56772299959073,9.0140770391414,9.78036931341481,9.7698699036148,14.5022941601954,8.89954617557568,9.96190802801467,9.3103412346509,10.6605760358449,9.03268274610183,8.77931237585542,15.7657808890874,6.10309896185514,9.66813472797765,11.6835843510652,8.06248103028006,13.6932696697006,10.6109008177812,10.3778253083638,10.4731814298535,9.46664787652369,8.97924877501955
2022-03-17,9.22305033211926,18.2950620429762,10.638024933034,13.3004308010987,13.6644777123824,8.96954323739151,8.55505466334202,13.1734579362439,10.6572601688353,13.282471678225,10.6991141776131,9.95501026295781,9.35466283094332,7.9573886293078,11.1706239889325,16.651019403816,13.7220041390982,10.656593558512,11.3613693309381,13.7712695932272,11.5674672189468,9.74516447684195,17.855984278659,5.88544497744387,9.67155187046186,13.6229832299749,8.24917593665442,14.9944383370088,14.0599169909055,13.8083285888194,12.870752337274,10.8519046990557,8.81932909861068
2022-03-18,8.2096639429484,8.733939001408,8.12009652812522,7.28170384046281,8.06950204057141,8.49901752319196,7.66649953511679,7.31200630349929,6.46231513999186,6.86590540957377,6.77639919398553,9.30921555270206,8.57275043822914,10.2839916855694,7.7967494083544,8.60634266244022,7.05032284059686,8.3272230134146,8.1388521014778,7.85055179242027,8.25860515702,7.999523647372,8.88895165606978,6.10562827597317,9.89893517586661,8.03630537161565,7.83170815735526,8.78736750240258,7.84658826429219,7.81213952885,7.08411577155432,7.80267108974132,8.70942290341303
2022-03-19,8.11731078636651,8.59452868386456,7.46011590014882,6.11467290647625,7.76499021367328,8.19801709543567,7.56296114438577,6.253413046922,5.52099958568734,5.72407201414504,5.84900616564372,10.2306249995296,9.06079773457405,12.0191222508324,7.27048731079785,8.44835907801276,6.12943091917489,8.19532045583536,8.16084651735423,7.31079326009434,8.35816607824768,8.07495545868669,8.82645014498531,5.53475857063739,6.84581024386,7.77332530805513,7.7366535658061,7.88390945562547,7.3692967011215,7.32468781317573,5.97706064734102,7.63183343441675,9.03818540131513
2022-03-20,8.37407985861946,9.65825374661433,8.61303510218392,7.57553294070477,9.05984064413002,8.99541677066393,7.83330727171217,7.62340788420685,6.84073720066267,7.1660914416441,7.10348841092201,10.0928479427184,9.11550607951852,11.1479854695363,8.05456158313961,9.4931547832806,7.47614547020875,8.59148866594367,8.78792837223597,8.73852298581904,8.85708333061711,8.43733478866016,9.76241469290691,6.66075220274749,10.7873044025081,8.82249544445967,8.02024603470364,9.5540335684439,8.8756883131237,8.75725000286264,7.33182970421546,8.3664786084853,9.24873561032082
2022-03-21,7.99696759927054,8.43444200375358,8.09564584223908,5.51598425961296,7.26021926492345,8.19450158457217,7.56470557522713,5.77868689356977,6.07471395370753,5.65478903247053,6.08318769362115,8.00670567790041,7.78338083681055,8.86956051509787,7.00938722549893,8.1808525349836,6.04018797873647,7.93329247062417,7.2113956475757,6.75808481433673,7.14262202870142,7.4430785633152,8.49445255163825,6.76500759794969,10.6069630366305,7.6008707515859,7.69731923442973,8.9499320692616,6.77547052879688,6.79468787425276,5.71245511450831,7.31734620503006,8.1002815648547
2022-03-22,8.19859679293164,9.05909652323016,8.31732371111886,6.99648782344773,8.05885703370914,9.08268311832854,7.68630965670655,7.06297197923845,6.18173459470227,6.59388013053444,6.5015458252075,10.7589687076478,9.35570771402231,12.4527651847683,7.68308886794734,8.85703765642934,6.87163440583779,8.41282979445105,8.60066971723826,7.78702740663713,8.97643604758199,8.3004780667786,9.32877183642166,5.80615727911713,11.1420655342213,8.00171277233093,7.98523547630358,9.25829991108783,7.811565255917,7.7691244791014,6.81202456827544,7.7997164169768,9.52792258989983
2022-03-23,8.46721080956037,10.1466240374616,8.91200412036932,9.92318178177466,9.15888718963512,8.97806932162486,7.87103656865996,9.75550596524159,8.28517806171846,9.48109469062833,8.59011339718204,10.0460935679234,9.01261951052264,10.3090929268287,9.05617675187839,9.83436324351907,9.36369322181608,8.80682556107242,9.21275291695881,9.36843182926382,9.68905668271038,8.52276226809265,10.0879127427756,6.45015830744656,11.5628848571244,9.11350931831566,8.0146433704024,10.1982126411341,9.27937952824923,9.24638528779075,9.58099349362945,8.39763568552598,9.01032152316879
2022-03-24,7.98633273240349,7.32416401033366,7.95660897664992,7.45115223460954,6.57970988931607,8.49983745089566,7.47527353400513,7.14799352650894,5.54076138325691,6.07062819230773,6.40361608750608,8.60035551766599,8.04655525093148,10.0667557683831,7.46953394528399,7.25517296122016,5.59768993572786,7.97800399496063,7.09244622217803,6.37365604168903,7.1706766058243,7.38864065625952,7.53779135224728,5.72653606505787,11.7785955752088,6.86452686676522,7.74333968639016,8.47214421531088,6.07767112166845,6.12633545891247,6.81676759275872,6.95322494411454,8.47952608744248
2022-03-25,8.1236845039687,8.07012679066455,7.99833633844961,5.91203909682047,7.91101849861809,8.82584122845683,7.63362998187141,6.26877847699561,6.45204059116834,6.36093042995961,6.31051883344985,11.2844646637903,9.59751348255157,13.1236231997041,7.35256979499879,8.05578553606347,7.00307435875284,7.94434903083433,8.78901625313776,7.57035273332642,9.3914801214607,8.37607582041196,8.01495685269921,6.28097330134848,9.21860785128276,7.98618146535169,7.90667051177801,8.3199589857195,7.68057287075868,7.67093751075346,6.21611124856847,7.70345336718129,9.59161098000572
2022-03-26,9.0015446762074,10.8992841005246,9.44946839399611,9.7114515024563,12.7228633050913,9.90011609593174,8.34130416392842,9.6426020257382,7.47487061997084,8.76899261686196,7.97023869355173,14.138752223768,11.7017005068646,15.8801099861165,9.37261669514971,11.054818995502,9.44636746032958,8.82479162670551,11.6233932739799,12.0879770064054,11.8591939532727,10.2812580989037,9.92882936480913,6.06924706148923,7.3652780709062,12.020768772855,8.46641344676985,9.75254034897101,12.614292939454,12.2160720136664,8.9540245572419,10.4173734703262,11.2939817979259
2022-03-27,8.13718753089381,7.35152432080169,7.45420590425365,7.97828512490559,7.31178080808583,8.97019200203268,7.51348556090066,7.75328812037461,6.29691641435557,6.93528562355163,6.9569390813132,12.6929326443234,10.310884151635,15.4568790557258,7.87782272360822,7.46049602534741,6.6435896487261,8.17284600881061,9.00443440496327,7.31079379365949,9.89888425370274,8.53015577486594,7.61912546134959,6.00728154394022,8.25107565561993,7.23503535064218,7.91848640807754,7.42498987038641,7.11540503300202,7.12592208030904,7.46376664693369,7.39502383931715,10.2357227754241
2022-03-28,8.27882163423447,8.87333334147154,8.40731828664842,6.6051142735831,8.65247435755511,9.50548278022211,7.76632043068632,6.89374016995809,6.25875543893912,6.75602133270264,6.30315627805325,12.5278119786358,10.3611458459587,14.6536736381899,7.72517210118627,8.84034620791658,7.4958775260764,8.34322910904677,9.55957946136516,8.38027725355583,10.2638161732472,8.87234315078883,9.00044591142832,5.27773307668504,10.6769810923496,8.41440331125344,8.13355052296306,9.02155023919682,8.5615484740218,8.48683424950131,6.68395607815248,8.14462403250088,10.3648323170516
2022-03-29,8.32489090838706,12.7975905355605,9.21164279527035,10.1989230832567,8.52993862651702,9.28397856036829,7.81241269816261,9.47657752967438,7.08660207155311,7.9631700381866,8.29155973985663,11.0113320056597,9.5007677590695,12.9538406781312,8.65456714894497,11.5680342977219,6.87880904832343,9.09027023946949,8.60491979317811,8.04412374544553,8.96725126817766,8.33175149706446,12.714714221825,7.37123003939263,12.1583103403121,9.32528301644804,8.03669472793901,12.3118397067868,7.71897941070865,7.66425989238847,8.98187030989535,7.95509654070304,9.73972384320971
2022-03-30,7.9862869195935,8.00942597947107,8.14885155651527,7.48642354865002,6.6316754275738,9.00402011790156,7.49856794502004,7.1079082903792,5.45891809807862,5.85710827846259,6.43143827205751,10.156253027588,8.89342528325184,12.4809059102739,7.42622705245021,7.75812034212681,5.25265804902646,8.08914537125228,7.53537029018919,6.28887395147917,7.84666373594615,7.69752856535549,8.23444889352036,6.10673088726801,12.3849410473263,7.02469189635642,7.87549461653574,9.09237548786938,5.98207629029122,6.01419825250723,6.72762113666998,6.96868285848994,9.33374586027767
2022-03-31,7.74872128374334,5.96445609351071,6.97204133174639,4.62049050712656,5.69198157929227,7.95103000286439,7.27338205432057,4.84755315199812,4.82562535950279,4.49163080320749,5.05599526761538,9.08237586509348,8.21625134655864,11.0982208846249,6.39816460923563,6.09592263150983,4.76370569361203,7.45669541432282,6.88786658048816,5.32281583245359,7.17132559581873,7.25846484534522,6.29927225086991,5.55535708590774,8.49484541798755,5.98799417290109,7.55340319694226,6.71193529343546,5.18583967707643,5.28959683370505,4.76003420388178,6.46824386798659,8.46300478915784
2022-04-01,8.08687473446663,7.79908618534994,7.59667119594392,6.19255317313535,7.47497802987839,8.3385160314363,7.54640130671275,6.24242443032556,5.36743491103226,5.53772865111952,5.83031608728978,9.54308264310153,8.67815556988885,11.2090921051646,7.21730640234817,7.82157398165646,5.77706056507453,8.08631624433151,7.76742938975913,7.06708939048258,7.80407470922483,7.85267883038664,8.0824900853798,5.66258098418274,8.61881392047048,7.40504323726497,7.76000182280064,7.79772630790096,7.07504226892827,7.035239141058,5.92797488745001,7.4831276577414,8.8441842416068
2022-04-02,8.38579926851644,11.9520212624556,8.50707426912533,8.5802706880548,9.07405462849775,9.65766667159332,7.81507954533273,8.43433632782973,6.72515304973577,7.71288380767202,7.28039713771643,14.4531455463143,11.4125230091531,17.3879908552747,8.38405005573745,11.1486661071844,7.75999579179235,9.06465755878775,10.2952924617304,8.74494601653024,11.3562708274933,9.33145527372199,12.1493644493699,5.68284016510548,8.93910395436238,9.22345026266647,8.18496078404462,10.6030361002497,8.74623228999601,8.65719408886395,8.06524080207372,8.32827860284121,11.1941271847021
2022-04-03,8.36326592349722,8.26074290419356,7.82961904258124,11.4523410094472,7.94307810321727,9.06968478320341,7.62276936943004,10.4022446791499,7.05090335426122,8.36939949558849,8.70701158654466,12.3661031558906,10.2236741056719,15.0200655629421,9.01237369529295,8.23508535608817,6.78283716700732,8.65478949875972,8.99499059391975,8.06626984513796,9.60527927476742,8.58804666724246,8.39602897595185,7.22279709850109,8.66098866178314,7.88488528241046,7.97701401275345,8.16716456885986,7.59054060625024,7.53360171492833,9.75962149738742,7.73676244758433,10.2167378024617
2022-04-04,7.94089232481783,7.19410294066463,7.29517893706018,6.71533078191596,6.43912454601899,8.21611247246092,7.39196357003966,6.59384052803317,5.24918389608694,5.758228409246,5.92202853705254,9.82269852408072,8.68263593577125,11.8114955945229,7.23617455607619,7.14713259707033,5.60201359273777,7.92719556275221,7.50666447160984,6.23372155244906,7.88284174121681,7.62822712823183,7.50561944965141,5.11715310676798,8.5847577677505,6.67777813169613,7.66415223252803,7.49944301239419,6.00025452832181,6.06325024702901,6.32153455322869,6.88211552850438,8.8393888135744
2022-04-05,8.14241658076321,8.20746953179364,8.46164100633802,4.75072991349936,8.23370478543728,9.62731477003906,7.72392056323654,5.22588427430101,5.477854150264,5.12543045009238,5.37464612501075,12.0391877326584,10.0981239137261,14.5424001030873,6.90737077234523,8.26534956340172,6.10985473881693,8.00599864940418,8.95817993200978,7.59259497890067,9.38694859430376,8.59719178258106,8.33466720374658,5.91086082335202,11.8994168512546,8.04335795708588,8.14169575405244,8.93765566531413,7.88585091805011,7.79179047708678,5.03275310490429,7.9108009598514,10.3351713475362
2022-04-06,8.01018439211821,7.706725475212,7.96807377099877,4.86030099222545,7.25894552574752,9.19684842200116,7.56270410449827,5.21675433450801,5.2242656684101,4.97610478838262,5.2879192703215,11.0187230293219,9.44567164778977,13.3497601626538,6.78085920824248,7.74088175701988,5.67139075635507,8.03144748306374,8.24212784142227,6.81535033690947,8.62896457194488,8.13161033343445,8.18699789255056,5.64791284614987,11.5912582199972,7.10150876893262,7.97628592254409,8.40028827283057,6.94095326280297,6.91754821322703,5.0434488994306,7.37582415286189,9.74237376207992
2022-04-07,7.94815484946824,5.55601395346443,7.00487589931355,5.433123669685,6.5925260583043,8.60444869795457,7.38989767105017,5.47137225500433,4.76254880690352,4.62487858400946,5.31127936205174,11.1219373186125,9.46496007615232,13.9863818846189,6.75963084710296,6.0327690830271,4.7748886941049,7.65125817353006,7.87315384425369,6.22830629359305,8.21861005084623,7.95945751489338,5.95362241463677,5.75380536153557,8.10084105862492,6.35608651232396,7.78924528823736,6.14711310981921,6.18499512810309,6.17191797382362,5.14873728906906,7.02213168473313,9.62862919403356
2022-04-08,8.07217881864756,8.23187067961134,8.1211816514203,5.63445403946989,7.58735542555837,8.86580848016598,7.61125120885476,5.79319288397617,5.48523572267722,5.25833893043617,5.77039629452375,9.96633824111413,8.91637006798986,11.8620946861932,7.0301009053275,8.14455756209497,5.62843688817365,8.06319389486194,7.90221588185139,7.02465323123321,7.98489307442631,7.95008767133327,8.44924882287817,6.28967961846039,10.9677559958358,7.61160344633333,7.90094840993764,8.74262460103066,7.09932403087207,7.04922842915092,5.53642308309513,7.53316424065794,9.23022235066892
2022-04-09,7.9249118575232,6.21050324587135,7.48623705359982,5.04078551582202,6.65765722221563,8.56638691029052,7.44251834259099,5.34168081232652,5.68405393981263,5.20824747942619,5.69795806181846,9.99797161626735,8.81563853824528,11.9447376725886,6.76850773483831,6.49306691727322,5.64392408293963,7.63672786985599,7.71231753417012,6.36083540965808,8.06791332804807,7.76135955451775,6.49235242184563,6.45080805654157,9.97043603590784,6.62302083491986,7.77555605982872,7.16393468606349,6.36579076846014,6.40330410719158,5.28048614504673,7.03364254747292,9.04778023393669
2022-04-10,7.95353855309944,7.31357265130177,8.1330482770534,5.41061071140497,6.85058786802973,8.53257930790333,7.5275636865337,5.57770225337838,6.27704087169457,5.31824075724603,6.34218611866962,7.88998223135651,7.71219708245239,9.00277898586418,6.85600554493521,7.32105437733497,5.42455992305179,7.8365389427901,6.94008508688476,6.40968070216158,6.77695843209024,7.31906395818721,7.57204193210015,8.1613997816148,12.599938649774,6.976695540242,7.77055015960814,8.60719822014763,6.38630704837361,6.40169800702789,5.51866150949171,7.11965870893947,8.23658927969626
2022-04-11,7.87221539685522,6.60201699807918,7.74803411752379,4.21647599874673,6.58043562057194,8.26875464754289,7.45852934881154,4.64336791464567,5.49472546060444,4.64396375378013,5.35889184664758,7.85654428547682,7.66657361178708,9.00270330168353,6.4443985357988,6.75476104295783,5.24977697468438,7.59957221069121,6.85257722084971,6.10219578647279,6.73350501009803,7.25465368761929,6.89037965833864,6.7457264438839,11.2949544106078,6.65468390403985,7.6890328444303,7.78913890631764,6.16908514992276,6.20376031834185,4.62671786133684,6.9786354833311,8.11170153990448
2022-04-12,7.8452591880489,6.66351770887599,7.56458911495856,5.39871912250711,6.13712399606759,8.1388028850517,7.38582158083609,5.39820500350677,5.20244396970037,4.66971930969921,5.67431500832396,7.78260178488922,7.59375401972699,9.30612826066545,6.64757986721235,6.69971353737008,4.56304757932583,7.68966296742617,6.4816358092544,5.66790366387526,6.30206907750296,7.0705986056723,6.99189847989466,6.82645512962181,10.8449564861411,6.3858899006797,7.62649080982055,7.75142370309593,5.51459947962392,5.56023680937989,5.19793613238109,6.71637863230719,8.09014206193258
2022-04-13,7.63056578803943,5.19128296812026,7.26568274456393,3.59301528263619,5.15955637704433,8.2537077507663,7.24321307769895,4.00137014851727,4.81478819993418,3.9714374225131,4.76663899393489,8.51119003062506,7.85117745394742,10.4320012667896,5.98035319244626,5.42498798284914,4.41443736227235,7.1980790835477,6.48628826835723,4.77083859958983,6.74558016488019,6.99768132996646,5.56776894224356,6.04854192839482,11.3865730657993,5.49674957936572,7.60266158566903,6.9757365286323,4.65618489341267,4.79935026864775,4.05614174028813,6.17327644098971,8.33850623302372
2022-04-14,7.99763530890612,7.64922680649658,7.46630238571314,5.452265374833,7.09467485491805,8.35090164005689,7.48827679367626,5.67876848964935,5.52702654665295,5.34834253371018,5.69633955454171,9.92266732353246,8.82358134560813,11.7653448249646,6.95039495846615,7.63490028184133,5.76598098382666,7.97477371961635,7.8084732414912,6.7049040509594,8.05622081906727,7.84104631125828,7.9932736578733,5.98714612288645,8.59451386126923,7.11101945630173,7.74076309225188,7.69970580624179,6.72826199494257,6.73177052660651,5.51692140637645,7.26568152166406,8.95792710351595
2022-04-15,8.91942116114143,11.9087910384485,9.66543073478174,12.1089388790466,11.4322764933536,9.57181797905626,8.21860719510093,11.6421390508721,9.46708367031502,10.8790556837436,10.0610695365045,10.6481420288022,9.62962607608644,10.539536971213,10.142071942042,11.6354589573955,10.5088289051132,9.58978945389211,10.3202762691766,11.6424122809731,10.416605034417,9.2961711593665,11.8486916396423,7.97140701967393,12.0445475743319,10.7485994391977,8.30939583445993,11.2189836025082,11.7313659086456,11.4976976045133,11.1959789209466,9.71204957191988,9.56893680883955
2022-04-16,8.04735413799133,7.63717494133859,7.20971594440681,5.42239726069144,7.39657002109408,8.04926519655653,7.49813899980382,5.53555229955626,4.25535544346123,4.63059393739143,4.84965784781077,9.5526231760308,8.70233004616933,11.5003863227057,6.87663962209817,7.69422739064641,5.11604398013774,7.99845264607591,7.59880391053897,6.80562099258072,7.50859214308692,7.80631320623691,7.95706862354665,4.31177695488307,6.74181891839681,7.29760997246598,7.68142048690667,7.18082802020585,6.87713411827164,6.81334825952266,5.10165468014269,7.44385764508893,8.80785488828873
2022-04-17,7.90241068598714,8.82393803804726,6.98119541230561,5.22654678282449,6.79149505213996,8.57601957292709,7.39128671009034,5.34508000027547,5.1991916913351,4.77606574935799,5.53800044703925,13.8231341582771,10.8668852987255,17.8316746014461,6.69688537232101,8.358333723511,4.94146656662876,7.93178177972512,8.79045416463002,6.06251091870871,9.80622135482045,8.48597540806809,8.95000043759396,6.39882236333189,4.80323090760483,7.36348288920619,7.76937573219564,7.7297597041709,6.00357068228525,6.0253293504912,5.15097501216278,7.03449414512723,10.6468677268269
2022-04-18,7.67032588648151,5.88925326104523,6.63505565335661,3.54194952018503,5.48632845383839,8.0178476398703,7.21352885643135,3.94742609100878,4.34631006479036,3.75811143969492,4.41226130314429,10.5897014223698,9.00610523997953,13.4593948224285,5.97871084967978,5.9916754641943,4.31858121515143,7.30385717665881,7.25552309603445,4.95348389443832,7.83016188111594,7.50328645827219,6.21714138683705,5.26438670432554,6.86146250575286,5.86321725646696,7.55864177069315,6.26867114473336,4.88826486125399,4.99832362104387,3.90261052432066,6.3465922473726,9.11155932601434
2022-04-19,7.66151248721984,5.39203016745632,6.58128483454596,4.55629946533918,5.1403172183945,7.56831062896305,7.16852230476942,4.76104964717777,4.92711845405564,4.46413728365134,5.13752049613857,8.68513630617456,7.9327449289953,10.6479181096549,6.29476608176326,5.55933353059239,4.59116590820817,7.30636819912332,6.55532816696329,4.8535312489574,6.88791418148012,7.02684276319411,5.74671041850672,5.83994388507126,7.3589178318915,5.54528369078898,7.42082950140709,6.08356150991823,4.62867673073333,4.78176008453721,4.74509810977224,6.15474325460912,8.13094952339917
2022-04-20,7.59458549375145,4.22857704987074,7.07179009087954,3.61260911264183,4.85089221901923,7.93065484212794,7.19011573619017,3.9760915335358,4.67276682897969,3.86348418311247,4.7007255805544,7.31776387778041,7.18766520309413,8.81764086691885,5.93102792320415,4.6669322469407,4.21632864321153,7.03246542952758,5.95467550189702,4.54217713941403,5.99639514136279,6.67177128837767,4.61608783644645,5.94420883967646,11.3119984780035,5.11735536218578,7.50344658670354,6.32256588413871,4.38221068421837,4.54039909706314,4.01938277061253,6.01351300164798,7.74466564907588
2022-04-21,7.56116197523196,4.46610646040941,6.26402888533996,3.64848780906655,4.67744817963847,7.01320352921727,7.08372969615542,3.89231605565812,4.492027497556,3.5273444068572,4.69579868835172,6.8534764211267,6.93277328740766,8.42797096597252,5.83153572563853,4.79156180387043,3.65145312905124,7.03368662105698,5.58069572384651,4.23895092816787,5.45814142378428,6.48272701959806,4.83755972388075,6.36808591199037,6.7585345167141,5.08234047106299,7.25045176214797,5.3375025077651,4.02826376799879,4.1816231587738,3.87794916404072,5.90257232003908,7.2624718736727
2022-04-22,7.57017001260756,5.1909790641093,6.58200217646085,3.96038461193032,4.73843656030919,7.12745115356377,7.12015081422052,4.26521978356396,5.18537503932608,4.22778880551656,5.17689173034504,6.77719971305895,6.85715312240846,8.0000606509285,6.0341537107093,5.31668217695576,4.37123355389896,7.15169816963333,5.73178110111847,4.41518472364064,5.77175385370257,6.50140123122955,5.53005801283943,6.69520021690983,7.90921553451947,5.29206893886121,7.27870435567355,6.15715500061043,4.17824718344235,4.36886329944707,4.3833308207946,5.91812990531071,7.18577581531225
2022-04-23,7.79015458700856,6.36307824612033,7.64168925474002,5.0470391943863,5.87349775411156,8.3556356452923,7.36298527809552,5.26807072398544,5.6586858698189,5.1095154430291,5.73924205186462,8.43324050779854,7.86990821041297,9.92604155290642,6.62248150067545,6.42197600533009,5.27638697998931,7.57426053858824,6.83241911062345,5.59970316807645,7.05199369078205,7.18718100353656,6.68949498010583,6.61312046799498,11.7722710804054,6.17833879418564,7.66772102341772,7.82399155616323,5.4511739657999,5.56225375924748,5.2745080775277,6.56608848763956,8.31287585777338
2022-04-24,7.68252503258418,4.83984608668544,7.16446942821213,4.10393911922505,5.32130797594916,8.09736961176618,7.25342271973382,4.41554868732742,4.9517574126685,4.24458500716905,5.01968768913392,8.17706127259732,7.69712640925828,9.88660414829924,6.17866052018706,5.2064687183329,4.55712504420892,7.20214552451953,6.45181317634627,5.0041090340376,6.60356540412981,6.982714087189,5.17962012239289,6.13712218216364,10.7555149467505,5.54572708788524,7.5736128083362,6.56840065580806,4.87051853386758,4.99715488012881,4.41921138066351,6.27479909091203,8.1522641050782
2022-04-25,7.6665398800994,5.13353098090128,7.32862364144861,3.55570748748855,5.41098890408864,7.58142493046053,7.27875135137737,3.94072652472416,4.86255041235482,3.8226804321332,4.84043058886344,5.66639139418249,6.37206767961551,6.37358436080591,5.96695511325466,5.42464476206387,4.23630761964523,7.15722073238104,5.52256560666603,4.91388451791945,5.08480322040851,6.44145429471838,5.4060305305064,6.5712862376752,11.1887069694973,5.7120911059622,7.43965379037058,6.92085863203866,4.84135390422044,4.95013742436844,3.95736693641023,6.31454914473731,6.9950720985895
2022-04-26,7.63979639240262,4.6643318098421,7.19904235256858,5.64476030520978,4.69486643621411,7.79672591522578,7.18136511539516,5.44306593529997,5.54423194490385,4.62988264504746,6.13801067934589,6.48646236410027,6.73155214102159,7.86876258216205,6.47417927968264,4.93161519260344,3.89931915846134,7.24688415050487,5.46666101342659,4.45558726489958,5.28947043582457,6.4046762836995,5.00709755618288,8.05549899201598,11.7906596187819,5.15659716853804,7.45379430763476,6.80608156140153,4.03078016861701,4.18878810269068,5.36609145447329,5.9053098182932,7.40548222211167
2022-04-27,7.39808091915567,3.91042319882357,6.8880094933072,3.06473984875885,3.81603310316975,7.17080242563523,7.04587467329623,3.33529714754965,3.4776862520776,2.88647664823774,3.80903512613205,4.52698432318724,5.58231723451985,5.37999955921291,5.47188474564815,4.18930990281716,3.07614449659663,6.77836518851499,4.38846175228887,3.35681318894873,3.94631493657482,5.72975053037189,4.28439626260296,4.68712262691622,11.6301060312222,4.48410392682963,7.23648953926184,6.34564245517712,3.0480513546009,3.27032952091973,3.30811183322052,5.40199211241054,6.38160153309109
2022-04-28,7.4219733159368,3.63065904471178,5.63033313418675,2.37999674637198,4.06980810338393,5.94807682256307,6.94866531041564,2.84708680158071,3.92096408615196,2.75849682790975,3.90446354737014,4.36937182963757,5.53699038570555,5.03124177651604,5.31908714648491,4.06003014379638,3.2103688003049,6.73776389544765,4.47869092254166,3.5884986385347,3.94893072028376,5.79154338216661,4.05353758313438,5.73401234705637,4.58307289113774,4.52811201921299,6.93712949582954,4.2403611694297,3.41229510623525,3.6092793219432,2.92853709978555,5.56517339616502,5.85855487830441
2022-04-29,7.49150084120687,4.28395794174446,5.94103026273054,2.62584347880164,4.48417978988338,6.18269428844327,7.02806503446224,3.09432795555623,3.40159542336976,2.86829979476929,3.52198332345588,4.5810895709684,5.69296620991735,5.17662235061271,5.48043080173266,4.6212377285152,3.50909036496249,6.89774006106385,4.73140038585391,3.97712713651372,4.19252805083328,5.94939150605724,4.68662616714169,4.17912393219715,5.37102772864334,4.91084988702828,7.02128145129519,4.85482377832571,3.8436834851495,4.01396099847536,3.06167659522806,5.79468891029287,6.03188139417941
2022-04-30,7.65207394435635,4.78824676993548,6.0194617670057,4.10451731425247,5.10897878709773,6.56092725147029,7.11049667495495,4.35538407963096,5.13852482440977,4.12671786524721,5.23112568775671,6.22070953245254,6.63605061579793,7.21197415757598,6.11145545564135,5.13388357414306,4.25404788056599,7.21543831288574,5.64013513164763,4.78101355004219,5.38098787557563,6.49828381698374,5.20865231534792,6.98381728715958,4.81858737465189,5.34926091954513,7.15970205891743,4.9577904587334,4.60951792986429,4.74165984661707,4.37713558833315,6.15723366463228,6.809828879094
2022-05-01,7.85032377648007,5.4388546146148,6.36446099523384,5.61210132817907,5.9795663427828,6.94629288031499,7.24888245970112,5.74382256976911,5.88445389962509,5.48014015905353,6.05664412463458,7.18852925365086,7.22968721430283,8.01219497647764,6.85764029030181,5.79956393933119,5.52556138558723,7.55699951108937,6.52068655257962,5.89253715761311,6.46059214595267,6.99376351740759,5.8225623237234,6.73639454289576,5.23172194415329,6.00051561871521,7.31337737490521,5.4171974673699,5.72745743222151,5.82301221461291,5.71070925993269,6.65760243109577,7.27805550664521
2022-05-02,7.52203657822112,4.19816709700254,6.26565117544848,3.20420612146417,4.52821226388224,6.74625876739272,7.06699229881563,3.56936666693171,4.14778436771819,3.35332862618332,4.25627616907336,5.63016134554575,6.25386193845063,6.62024203927989,5.69235528736212,4.56549103149183,3.71595803603552,6.93345121482499,5.14789927702309,4.11030101714553,4.84563423043463,6.1937801267973,4.57326801440263,5.47671401711344,7.12494104293752,4.94081870074464,7.1717943628112,5.26560321207482,3.92552793459749,4.09864421446497,3.58426741476987,5.82034936447419,6.64843965069616
2022-05-03,7.48628111831192,4.06018860743881,5.65841283258312,2.9667546572341,4.36357082717176,6.2596162952044,6.98456525258039,3.3916681036435,4.37456256808087,3.34735926317893,4.34514273466522,6.03301093865567,6.44338228650416,7.2004900754978,5.60481734516443,4.42786739435435,3.73202483599857,6.8678920478289,5.25084976152445,3.96303864632607,5.09266055204482,6.23962540411109,4.43643812107715,5.92986793789018,3.98740302926862,4.8194073159261,7.03507347903087,4.37445973895044,3.77580592885266,3.96865961605649,3.48642939470776,5.72551397178896,6.60331226276865
2022-05-04,7.65069739786631,5.23011533131336,6.20001891457571,3.39047996003526,5.34400526025643,6.56759498037448,7.15419911340573,3.80581335538089,4.80121350881289,3.72660415248492,4.74668046503935,5.99020082778692,6.53844976341637,6.86426143607276,5.90264752002129,5.4887015054012,4.18471339086859,7.1817571345777,5.60860887091439,4.8419828297763,5.2461800125623,6.49353978023302,5.56280373648837,6.51548104489424,5.021096678459,5.64436915190582,7.17184193084736,5.34656691723575,4.77653184864448,4.88973151578273,3.83539960617404,6.2781429071209,6.73718702085221
2022-05-05,7.35562287103147,4.00191707907032,5.50198462475321,2.13124456784314,3.7941617223915,5.70316845453905,6.89917273198269,2.56513257457545,2.69620644032475,2.17404271232028,2.96081219863212,4.08962848225825,5.35597385058232,4.87129177116798,5.13175047194624,4.25082799824176,2.72648601380613,6.69863031265504,4.15873673887406,3.17249949999494,3.57214311242549,5.61333818056628,4.38422872369245,3.60893949296416,3.81359141935515,4.48369529013895,6.85148066819572,4.36799022083334,2.95393132190146,3.16615148614637,2.5097145672865,5.38752644148207,5.6796109924843
2022-05-06,7.49653920097032,4.35235247021221,5.68558450548612,2.67539884201367,4.51075782351047,6.21658305944784,7.00438291214051,3.11339547933181,3.92017866653478,2.93435363822349,3.96748148898892,5.77415182246197,6.33842185978127,6.94588142067014,5.48326443464016,4.67523509290039,3.4184907498399,6.91197697855247,5.12431144125348,3.97555851887573,4.79814797110518,6.20321632277299,4.74905234833943,5.52138704376633,3.83973777031151,4.94471666484718,7.03216854484081,4.50345432898618,3.83883674387329,4.00222095070692,3.13157953262556,5.80830323377892,6.53324548908397
2022-05-07,7.98858977474136,5.89370154183312,6.24940448443197,6.12489112802709,6.63311130852028,6.84813474285158,7.31806976392632,6.17958180532033,5.31876402340447,5.57280872409373,5.75859475681481,7.09130665964996,7.27906742982411,7.72717733646548,7.12670391941469,6.31435988813365,5.74203010644419,7.87660114887311,6.74130711347959,6.57474266256453,6.46578199199396,7.1732758364195,6.45747334772905,5.3412292564444,4.06172777294838,6.30992378015777,7.33272693005799,5.20485028713555,6.48536130198478,6.509300045253,5.9403199769622,7.0545487813244,7.24928551031248
2022-05-08,8.71842978786577,7.70794940314928,7.65714719264399,12.7220709493049,9.57567014053624,7.94751738568495,7.81054440715962,11.8635223673305,7.78476363261905,10.2429186011141,9.18247167949888,8.32577651516774,8.23447872154417,7.88536035561417,9.99240906432657,8.26903843271615,9.31132566555297,9.06072070346749,8.78024196911382,10.284335937178,8.55136257968967,8.36073554711828,8.03537700897072,5.36561044666327,6.74484425272344,8.52558959769151,7.79745154206647,6.90485944168518,10.0417251028048,9.89902081113865,11.1857814055566,8.74406356997843,8.05390564792996
2022-05-09,7.52773252947917,4.49516077030276,5.75516654417018,3.18066208854342,4.61341673193331,6.05626482070838,7.02216122069062,3.60845914276775,4.37607881395414,3.56503645040659,4.36025680483039,5.26560806466511,6.05152246327963,5.95174635968474,5.73479908632624,4.78867941180972,4.01006624308684,6.95369339884379,5.11251692115117,4.21017203167441,4.79593998280122,6.14430754835417,4.82284187724156,5.53094089894462,3.81949413482266,5.08884930891715,6.9940003746911,4.63176847668119,4.03984293066009,4.22334158997416,3.68093243181363,5.85930673717182,6.20702485982201
2022-05-10,7.53293433970888,4.38366085319052,5.66032620742415,2.85663149602591,4.69840278383996,6.26245016172435,7.02373663933719,3.32625044067837,4.16168474368619,3.26019588607908,4.13348750499715,6.29223969457645,6.62565674360298,7.50766324843505,5.61759142269379,4.73465072055666,3.80677454799331,6.934752952517,5.45419921091034,4.22697055291021,5.26638264072649,6.38271220691256,4.73814394871414,5.48240221507917,3.33942820666058,5.0912677825935,7.05558684629683,4.39722028198771,4.10841996469274,4.27069103192956,3.3718304414877,5.91541760077432,6.72662105472594
2022-05-11,7.4063486963793,4.38200809385016,5.63447150604505,2.35367098672719,4.14412009681237,5.63006124096445,6.95031247163856,2.73915407965305,2.78139765514127,2.24678364806796,3.10592417202739,3.93258689382701,5.31065211879741,4.61977895669784,5.23092263791679,4.57035272723349,2.74850273854718,6.70478453087039,4.17916427998017,3.40545177213487,3.47666462088752,5.64753949457433,4.57622324776983,3.8552347360933,3.36230952237197,4.91391591082424,6.84830372232426,4.59769000386142,3.20864566558815,3.39247127201268,2.63794786621512,5.56865534050828,5.61354229560809
2022-05-12,7.32846321061504,3.52723314904409,5.51877215521712,1.74469061582417,3.73099158731118,5.61373064663003,6.89303675035451,2.21901262971461,3.05943006675333,1.94829029807263,3.17745371411115,3.606128035189,5.09762992055372,4.28904991993132,4.96372021689587,3.87381201082267,2.45008649017056,6.50744709707642,3.90707567606809,3.01775024592357,3.18595158758125,5.47748335557457,3.78396832148277,4.93001064993181,3.92658880477622,4.45537516915023,6.82345133481502,4.16513503312897,2.82429923846677,3.03221937923306,2.23656638439501,5.34897005205127,5.47706939943514
2022-05-13,7.48607673824386,4.00982564753619,5.61759527823583,2.87673590854171,4.35891569359246,5.98396614618276,6.98094574657791,3.29368109412808,3.42980266164446,3.0163100612041,3.61243093116321,4.86959311732329,5.83126773567215,5.58721368620158,5.55495552175046,4.40022802364994,3.56657395277301,6.88277593996392,4.81251933315026,3.93381253973904,4.37224848636197,5.98767513361911,4.43595694138301,4.063881710085,3.94113280820434,4.76500208751479,6.96364346616491,4.29245537645521,3.75715356780402,3.93979183682068,3.25457904327267,5.7288879811052,6.05752448648731
2022-05-14,7.4062055581167,3.65601689482972,5.36992035680388,2.17579913019666,4.04268369685418,5.86004681767336,6.9175203835923,2.63104016754361,3.41350753435554,2.38864188870754,3.51115637221835,5.07310521258639,5.92036643794272,6.19518633062258,5.20247751685709,4.06464136550039,2.88661755590002,6.69367652943731,4.62756783330102,3.45803769037511,4.1806787447504,5.91143392302756,4.04188855516771,5.1214227971802,3.02314288963694,4.5488965966446,6.91182367818619,3.88150745431084,3.29053950501149,3.47730203634202,2.64186450525613,5.54470401678614,6.13929437665722
2022-05-15,7.6353527139119,4.92169526358454,5.9265853141542,3.66472919749867,5.15101892981938,7.09780149823855,7.10421701206203,4.0490674243998,4.18820734353848,3.84369539879125,4.30857718638896,9.06521119018648,8.1513530520482,11.2542167500515,5.99780411146167,5.22762753538625,4.37524079778311,7.15705926730346,6.66895268962174,4.77705464159191,7.0257784897657,7.11607425102801,5.2811626350159,4.67171753924635,3.98242082817618,5.45082523682008,7.3021539842514,4.86993684211698,4.655858582041,4.79546438946811,4.00759406821424,6.17306656908889,8.12576239427134
2022-05-16,7.39651344782704,3.87139444992726,5.46704399573228,2.26957408611998,3.97345220750506,6.09078093285593,6.9187027578343,2.74492114343846,3.30923685043996,2.55298211059306,3.40563763271815,5.75290092157904,6.26158795828654,7.08634100271932,5.25669737561924,4.20719091210481,3.11271202616727,6.74143546666354,4.89648454716828,3.4510998538708,4.66876820508142,6.04733713258089,4.28751372324648,4.45017168891335,3.59589467705961,4.52917370386467,6.96728511501665,4.16974245289313,3.26223681740091,3.46916690302395,2.76545338559868,5.50110387688713,6.46203751723507
2022-05-17,7.45780510999376,3.84416813229646,5.48363112267611,2.10792963185172,4.37992767960241,5.90578497594723,6.9693849798005,2.61493548284324,3.09378803843549,2.34611422195458,3.20995189917617,4.97797319853806,5.91221128443972,5.9485360404319,5.24395148262774,4.27724270052714,3.04975392226237,6.75239031155918,4.73654566691964,3.76231998136261,4.20237822057527,5.98914883446436,4.21717933426401,4.28396558155493,3.11681953098717,4.78694786448684,6.94450178047223,3.99665405251414,3.66379253438526,3.8220286451318,2.56413690736967,5.74022477325322,6.12913704352254
2022-05-18,7.51475459282587,4.06021596017009,5.55350913980732,2.82711686934221,4.56507447314488,6.33775580277265,6.99807658305184,3.25710002678105,3.5433407033544,2.99000618344395,3.69158368895519,6.73954575565369,6.86010291218185,8.27614227623184,5.56007522419552,4.47404648462211,3.56332198075641,6.87538196184578,5.51448005320585,4.08253028455309,5.39247522800286,6.43629555762567,4.4247557434586,4.42678625018473,3.13205041898168,4.94193734058999,7.06905973679182,4.13005647356525,3.94466173341692,4.10642314679086,3.2134109241711,5.84467885435303,6.95383815828061
2022-05-19,7.62753464832606,4.49191524737019,6.00491130895658,4.31410896847921,4.91435001817724,6.45123793088069,7.08537569361969,4.56986716806467,4.62747259765746,4.31208689555515,4.82519028471622,5.91343388709557,6.42830673182675,6.65775850994176,6.19875151537728,4.86388264746238,4.55058165982127,7.1283853061048,5.54855096404731,4.7023839814397,5.36231454057622,6.39546557757187,4.84779311636467,5.18709947586313,4.96602179796779,5.2331859416896,7.11811447598847,4.86418383659939,4.47665734385167,4.64533007505562,4.55759956145762,6.04186421923658,6.591307117969
2022-05-20,7.3957654971475,3.07210001965304,5.83948933268523,2.18339049894234,3.93408958587526,6.21660346654155,6.95526804946477,2.65330419790368,4.10022043600076,2.60035918572484,4.0284927731283,4.36789432434861,5.5288738751347,5.13677079130228,5.21165046145061,3.61825021558118,2.98147046630776,6.585532123565,4.38965989916396,3.42715510540979,3.84437176046793,5.749285697419,3.43552837135117,6.50503953769611,6.10998654443011,4.38700557191182,7.00024260925091,4.31141688056729,3.24884933696043,3.44765226175085,2.77212084240284,5.49187147388347,5.97627830496208
2022-05-21,7.47730359714695,3.69542199777616,5.74186280731009,3.19203015299116,4.21775095537398,6.33072110841039,6.97741656221183,3.48323608905681,4.14759100928733,3.1552153589815,4.33316241468492,5.59894304177882,6.21358842374383,6.77772449317509,5.59939694146084,4.13589692664119,3.33045418266306,6.8304609503505,4.95598295343336,3.79794045809313,4.64179113611903,6.09278376008321,4.08747140109381,5.99440739014852,4.90970017898165,4.64983482964883,7.04644644914228,4.37087945714321,3.56029666894931,3.74422609943292,3.49576275567293,5.64889033040533,6.50076568766534
2022-05-22,7.39671712069249,3.37030797284795,5.44055197662074,2.19747701749957,3.9480513706695,5.97280696010816,6.91500171543594,2.59693795526885,3.87045064744799,2.34485533645223,3.9342292754366,4.94852475741537,5.85578148590907,6.13884297420782,5.16272077580441,3.84205623413263,2.63294384632292,6.65600261809079,4.4980795817229,3.34900737904441,3.9835628143074,5.85307787431938,3.77603832774759,6.56047223837804,3.7746006325809,4.42081668046516,6.93724678443496,3.87807275802254,3.16409400929599,3.34501922845902,2.64777985615059,5.49712005583608,6.15908300961514
2022-05-23,7.3476012463019,3.16904403764528,6.05656004233277,1.91798258996587,3.7195982130599,6.27270797308734,6.95145403003449,2.37453735961545,3.33293935556821,2.13460132314572,3.4232695734207,3.63186605041621,5.11757929078577,4.26774233036879,5.04408197688346,3.6390862692566,2.57794317279713,6.55225716242856,3.96738012533113,3.12302856300431,3.25458940112743,5.50923952476534,3.54965414883397,5.35218038200123,7.56412919009342,4.27254604602537,7.00005198293037,4.7776354515625,2.92612196551816,3.13139450727168,2.41158253081581,5.36312895793046,5.73106699702929
2022-05-24,7.30845588570241,2.8055799832752,5.45048795782745,1.58196733031322,3.52340450393651,5.68641277518615,6.86700962303347,2.0665238378023,3.3336256570052,1.86696918940056,3.36952576895716,3.31134581497246,4.93354625794288,3.93127861867046,4.88224425862192,3.33973154699096,2.30215756584417,6.46351393496248,3.74591422851983,2.90235171698975,2.95912707685663,5.38509958729018,3.22210009301133,5.79214861054269,4.71852314373331,4.0583257631558,6.83709654920264,3.78530461864187,2.70968601292846,2.92004820724651,2.13447032811394,5.25838046132885,5.39650831131019
2022-05-25,7.39019375022311,3.3867047693903,5.55421078113854,2.1614228092222,3.92581756301186,5.88625527732521,6.9237161993709,2.63113238748313,3.25498386321231,2.40195985801022,3.36500127103035,4.28673058391907,5.48256349783535,5.03753309233601,5.19689587243554,3.84561934065377,2.94595475387638,6.64220860590856,4.34413653375833,3.39333330536583,3.78366199099113,5.72227444827694,3.77760117594316,4.61572397996219,4.38617526928212,4.42406702277428,6.91216731943528,4.06285037975039,3.21144513627514,3.41180117655863,2.64133620030737,5.48197919281702,5.81972372710965
2022-05-26,7.35223567077983,3.06224888557342,5.41129245614387,1.825936773608,3.75712667035113,5.77037631873744,6.88964056211302,2.3247970515805,3.02757599402228,2.08926154714844,3.13166007782288,4.14907485301703,5.39723502889076,4.96324457891738,5.03680156883717,3.57228439377901,2.67435151987529,6.53484836751374,4.18905381922828,3.17944963375644,3.59043925410153,5.63922690103455,3.44443940947666,4.52890129870696,3.96197652839792,4.27033389312175,6.87252367600268,3.7569884773994,3.002997687033,3.20786869676052,2.33529829950076,5.38829627284291,5.73713572785527
2022-05-27,7.22951005716326,2.19770154553511,4.99645227532943,1.01208188026804,3.14293703257514,5.20332966867672,6.77622111641877,1.56282606684194,2.05049728711967,1.21611692730741,2.24727924060492,2.73321965337,4.58716655269664,3.27711834829749,4.61369434190956,2.8145730165741,1.92271801669213,6.26732130860831,3.35917525950259,2.48542428946639,2.48726289363442,5.15183525590778,2.6107076608546,3.40852792878869,2.98565838895425,3.72360491053584,6.68922205884034,2.96795373347656,2.28718049093634,2.51926085393438,1.53335683466469,5.04566002756222,4.99140002281259
2022-05-28,7.23679930297166,2.21137129959672,5.93333403454444,1.07450663728426,3.17145247919403,6.1460768209073,6.87683797424446,1.61298922179571,2.2970430755747,1.29538983208103,2.45885864337197,2.80294451937738,4.62839696230773,3.37013635653322,4.63834469956772,2.83138709517897,1.93973044402744,6.28026133388751,3.39482307075134,2.51860268384806,2.53019748962949,5.17512116545901,2.62559810624005,3.94984670584927,8.22388257046577,3.74135503117894,6.93709295178268,4.33867556940681,2.31914683183642,2.54853196063371,1.60672344315544,5.06247467810953,5.37938817108074
2022-05-29,7.48815893817098,4.21835906623385,5.63424943470464,2.75784829690643,4.43947392702223,6.02647329413108,6.99051621135091,3.18148701317297,3.72754844711879,2.9561020437588,3.83433180199077,5.1977122265026,6.0180173903789,6.10673506254225,5.50546858894733,4.55806890358513,3.45068903267695,6.87678744745789,4.91049756014911,3.93133075067843,4.49699003143904,6.06270324413899,4.59071647979259,4.9789588314626,3.64930179738962,4.89757076646566,6.97764617499581,4.38816662226977,3.7733531195554,3.94598268535356,3.1776873216722,5.76659888117524,6.22159139494526
2022-05-30,7.40647985184025,3.67213840277902,5.55469262476981,2.24318746045232,4.03103905746272,5.94014218419354,6.93513604376582,2.70878848006484,3.31253136891557,2.48017084167022,3.42176555110117,4.71397974224104,5.71989720838201,5.6153121634839,5.24275955158101,4.07282902186215,3.02569834416995,6.69933517912118,4.53427062311732,3.48384392365126,4.05222138906361,5.83867506275354,4.05531370357199,4.63959476173431,4.05861082905264,4.54792691820985,6.93149618938864,4.16645739746379,3.30850639725534,3.50364482172681,2.71488840350716,5.53709163411443,6.00861914674739
2022-05-31,7.43759807650961,3.79243003910494,5.55589016626647,2.21174891447946,4.22107440940158,5.81714685823876,6.95834684848417,2.70101425281527,3.26007454754163,2.47147322367537,3.35937530546321,4.23506918031091,5.49032529422057,4.86878220037975,5.26637016535611,4.20847567592443,3.09851458726091,6.75394857825096,4.44648151183219,3.66031343615884,3.82035723338608,5.79348635261654,4.19859345322452,4.49667118317877,3.83592637672989,4.65985823805612,6.91147801711272,4.14792348296963,3.52477819098422,3.70163507861227,2.68502785943283,5.64990506917066,5.78062556013378
2022-06-01,5.21897227774548,4.28950257122226,3.71901017004794,3.06810197062887,3.76077712034443,3.84929256875719,3.68739886976095,3.21735963184733,3.69097423586532,3.03209820742512,3.76138444729836,3.90127955017323,3.80903895684089,4.34569377829896,4.30734579512355,4.33026068069863,2.92841062344873,5.09101290858816,3.50854281152788,3.64104826432245,3.45513915096727,3.64346422214928,4.51543921375491,4.94767215409311,4.21427556314596,3.87620624398276,3.73746907467999,4.03512616363817,3.42084311897391,3.48950895038981,3.1999193084064,3.62119635972501,3.9081864561813
2022-06-02,4.98783407006594,2.60884582178622,3.25986890745054,1.70413562322423,2.56657849292665,3.4959111184064,3.50257248458113,1.97732730903525,3.41258572258981,2.00040756682496,3.2918392276881,2.96956249004817,3.18925245297609,3.52270139270931,3.61255333508984,2.85391176384198,1.87954728407913,4.58145168654167,2.6272709241588,2.39992267199461,2.51208697706604,3.10537093032853,2.87699237420412,5.75985221613746,4.2209756092635,2.82796155002642,3.57728696124476,3.01066702867112,2.11922821284082,2.26141578115867,2.11412114436656,2.95323547438775,3.41727580301934
2022-06-03,4.90666616103215,1.87861264409075,2.99742196879807,1.10606587004565,2.15872025555627,3.32813704468827,3.42938614916085,1.43685381715696,3.41175948958178,1.56110468546695,3.18221991388633,2.74395905525375,3.03355015616202,3.40954986017953,3.32337953744803,2.23996494108007,1.43196171870065,4.3782091234241,2.34341603611476,1.95967284689658,2.20054583250854,2.94189175135782,2.16975461767321,6.4322732915915,3.75593765819269,2.43077435210277,3.51158025468827,2.42384080931001,1.67467689075499,1.83594682674279,1.64214272734939,2.72975894669126,3.2801563753334
2022-06-04,4.97601518612406,2.30869302661692,3.20804451000381,2.49827522996968,2.27156499569521,3.87129721745334,3.46318645480866,2.52419604366606,4.92509899041872,2.4961812737284,4.79495697517448,4.364091115232,3.90889946959163,5.71158713134741,3.7860043353435,2.57535445245414,1.63818402466665,4.59923519982237,2.94779727219417,2.19139642922631,3.126865344198,3.31316781916657,2.60953222474251,9.38332314953113,4.55881523180919,2.57408834455618,3.65945541240818,2.90963910199369,1.77367968704299,1.92993075856569,2.78011007871379,2.78761919354215,4.12920727411475
2022-06-05,5.19465070022377,3.39330257137121,3.8367415054309,3.86748060689646,3.32607102436102,4.62045480056662,3.65179482855096,3.81811002735345,4.98957016510925,3.65706617060678,5.03532153977686,5.891217994438,4.82356955037042,7.28382204846153,4.51387735578004,3.59804914506114,2.94675618365518,5.02401010259029,4.08127986576525,3.42973932885837,4.53293603320418,3.9728728604178,3.67658446147311,7.60791784429799,6.12999361753448,3.40139324536067,3.91838909357195,3.93303211525596,3.06205123228913,3.16653161487818,3.92801725115687,3.38912493409951,4.96726188840008
2022-06-06,5.04995507140739,3.06139766018094,3.44338665473114,2.0978139459261,2.88271097221157,3.81121210883472,3.55782400061119,2.32726105721459,3.734344704751,2.3289254679291,3.62473141942657,3.87863391971301,3.70807896932123,4.7068913248527,3.80402015639618,3.24950542968657,2.14456382725257,4.71836780681242,3.08491339054345,2.72643492798796,3.11757105811853,3.38757747943483,3.31476617218801,6.12881790104324,4.55270220169027,3.11002040148611,3.67788409898188,3.37674473016083,2.45769804780444,2.5798843517308,2.45116716946205,3.12951826757412,3.89692228102566
2022-06-07,5.02717579530815,2.85212494375325,3.24448269362569,1.79533779922312,2.80266196436323,3.43830407988022,3.52835148227027,2.08078118382964,3.48906227922067,2.11963259728149,3.35003145423706,3.02309159692869,3.24363485773844,3.50529024261726,3.69053740736125,3.08072815958912,2.04973941032335,4.64658554999826,2.75237715615788,2.62584344029172,2.61597916949865,3.18409412620926,3.10318778166403,5.7404222859555,3.65481125816936,3.02420750709471,3.57594341466664,3.01004833105014,2.37679272123792,2.50280607746094,2.20579543068336,3.08659080280835,3.41695686294598
2022-06-08,5.0553698870408,3.21637726417117,3.28494787075671,2.01957437774119,2.96050702690698,3.47780341675937,3.54950420108647,2.29574512390449,3.50338088441777,2.32879168760914,3.38666009670867,3.38133660406827,3.44339685240983,3.91531102675605,3.80735023648155,3.3720530328198,2.28201066102454,4.72069751524937,2.96662924231715,2.79471812155134,2.91667865995131,3.3039219145044,3.43478712983402,5.40600985550395,3.36789662226391,3.21441647934766,3.59379449347133,3.18921802011838,2.54584811869443,2.66948179000052,2.40535898536274,3.16874298904184,3.55882047727458
2022-06-09,4.96311347007298,2.71386358159165,3.18765625793369,1.15796040221053,2.58270785680861,3.39245630765077,3.49549904706915,1.57377050723482,2.62769825970445,1.66335140970105,2.48240662475054,3.06882320990669,3.23595489811022,3.62808582277997,3.4507983982329,2.92211582158547,1.9151776273791,4.50785979128132,2.67975963450968,2.34855456052868,2.61141368152705,3.12729465695001,2.92607146543556,3.97583067002212,3.56404142046935,2.90503487336713,3.54932367591855,2.94999203432611,2.12437715732611,2.27272108972388,1.67549086329834,2.95478303215121,3.40488496531376
2022-06-10,4.98511479131281,3.06472414664456,3.11541819439931,1.6583951406386,2.63584846066978,3.35143804190554,3.49237541249505,1.96304481677417,2.84435068582222,1.92890946072952,2.80703130113483,3.47246544122878,3.45271872451577,4.20333904726385,3.61373239630264,3.18016140992534,1.97895625311631,4.59781525846113,2.82713719732565,2.41469251218052,2.84159957789144,3.21722946644563,3.25169105168878,4.29470355260882,2.79253432881443,3.02772792124055,3.53957209408458,3.00356640107891,2.13934064338336,2.28737354755538,2.04118059558631,2.97547233764253,3.54863999880917
2022-06-11,5.08814911755092,3.4230651325829,3.28653080670044,2.30989878548035,3.11734106138263,3.70935644547467,3.56709013645445,2.54333490930638,3.43131620773772,2.48751626877769,3.39922294093738,4.57134048666618,4.09428645288542,5.57283581733653,3.93171902565436,3.5493834345986,2.42407501810258,4.7751309284368,3.44636290788812,2.95772951421731,3.62422247592822,3.59853254086567,3.60100965113176,5.01998169449545,2.94390447172559,3.37823694073083,3.66309351538787,3.22847216530776,2.70253769486633,2.81764027636317,2.60780085581089,3.25335914329641,4.11800693591485
2022-06-12,5.12357281660954,3.78909899842327,3.33756658610035,2.30005157842612,3.35044663488981,3.86367969155536,3.59958547320653,2.59318479380502,3.17490876808273,2.5707742102648,3.13555374861606,5.23515979449899,4.46969345021864,6.38197939112192,3.99679842427844,3.87053800442282,2.70781549855889,4.87157288796563,3.81552147745231,3.20229222593154,4.12625757650284,3.81488028360508,3.99029255994442,4.06295564577571,2.79200245209693,3.56446275556215,3.71751124806222,3.39323363801425,2.99150888405057,3.09652944520931,2.62513257255244,3.38592866177613,4.42561537158327
2022-06-13,4.96494849136424,2.64505350990733,3.03733082090476,1.52565199760628,2.47417783450553,3.42070154307728,3.46826465671579,1.83951741875029,2.38724355155089,1.72639801277496,2.4287820815988,3.55756543225306,3.48944628022017,4.38538354948025,3.54499896661508,2.85982205059569,1.85754806066442,4.56298512274432,2.80108559775962,2.30093981120722,2.83582891274721,3.20490936723795,2.92535589681986,3.4267063430537,3.08498573928724,2.77356186478265,3.55203512221488,2.74457037329367,2.02178168964469,2.17443042434723,1.87217992103652,2.8983794190077,3.614050278668
2022-06-14,5.07859737556881,3.55736437937272,3.26634348240339,3.34745168403575,2.85323996997026,3.17666512241161,3.53102366108528,3.27203902681307,3.30368211218338,2.73092169046126,3.70077391837419,2.60982363933674,3.01335481360918,2.92857399667649,4.17176812555564,3.57099663577279,2.16114485208462,4.82510671845422,2.58028176410711,2.72640026022876,2.37509549932279,3.07542292216571,3.67827670624028,4.85880239711285,2.87804788158127,3.30536936423517,3.50297942643541,3.38440900087741,2.29865690898163,2.43087142415244,3.21579457436299,3.08675374175616,3.15036948617812
2022-06-15,5.02881005853792,3.07788044227106,3.2026176281377,1.98996005395908,2.79703644746397,3.40968054208811,3.52182599526153,2.24738194632118,3.80802716874701,2.32820732452834,3.63985304214561,3.30002628578976,3.38192593807344,3.86827088057216,3.76179030781435,3.23591725818115,2.15726972965299,4.68153816778031,2.86090988163273,2.63624018568285,2.81550393709022,3.23834904124218,3.30583211391346,6.2440386258442,3.20993076912158,3.08657636332097,3.56626555767431,3.06871168048142,2.361116455901,2.4958881479949,2.4082328326342,3.07544831757199,3.5012073696619
2022-06-16,5.06316334921207,3.37874222403193,3.3829605345007,2.31203856008291,2.94663490456957,3.52225796408837,3.55751193209594,2.49565184771923,3.97236463257177,2.47444403722896,3.87629212315493,3.18795721063614,3.34204308084279,3.69674145577201,3.87767567135343,3.4873647280869,2.18120590720132,4.78004179240687,2.85858010830945,2.77594123958899,2.74584925571355,3.24864798482268,3.61278153170843,6.59391511329946,3.87460455615197,3.22696012114351,3.60374252197623,3.42551661498453,2.48962450618756,2.60955452939461,2.6264742650505,3.15804705532326,3.51270428414034
2022-06-17,5.04904017760383,2.96978992825619,3.18240984368795,2.20315393524553,2.8328907705366,3.55824083556789,3.52562291848239,2.32595148780906,3.1972661707399,2.00510909205622,3.33584929263025,3.64170632317961,3.5960999725992,4.56600979469374,3.76814122936361,3.17745518857313,1.72376352512064,4.72701139926934,2.87905069164625,2.61126988137645,2.76767985526401,3.30318929195212,3.25078461078684,5.57031886740588,3.28051366930965,3.04037741921238,3.60978539992034,2.96871870030001,2.31876022367495,2.42281338442031,2.32807061786213,3.1047301932436,3.75800845841358
2022-06-18,5.04478306151465,3.15029234463483,3.19182524461292,1.84944717644403,2.93227781884358,3.41419149054597,3.53672052738228,2.13080084821239,3.10553863839811,2.07064875470742,3.06102618230298,3.40101985233521,3.45851642070959,4.02760794936368,3.72380712606189,3.3183221570462,2.08962837956379,4.69107873151634,2.91978110953665,2.71681951326302,2.83769301823321,3.29166157762251,3.36943554408539,4.83079515621185,2.92127765267169,3.18445138026445,3.57581331489749,3.03028037042301,2.479191574915,2.59646602711582,2.19073604990094,3.15356940665764,3.56269228539918
2022-06-19,5.0185270394078,2.92096324050161,3.08259112474517,1.91935688343357,2.75691804931329,3.34292201346385,3.50431571072783,2.17760666104342,3.12165728207677,2.11384502310438,3.09674807128986,3.50933526821257,3.49074997081927,4.21407046510139,3.72193484101092,3.10560886550689,2.06741827952996,4.61804128709183,2.89776511901517,2.57194345392422,2.88939965855403,3.26593473424099,3.10175315399157,4.80944077214036,2.54562934839277,3.0711442629999,3.54613742832412,2.82549724961752,2.29472467347109,2.43039949038164,2.25296352989645,3.05065837696402,3.5652721898437
2022-06-20,4.98025024010236,2.6080287859089,3.05871374122568,1.55614110934863,2.56554115136296,3.31781432021789,3.48117025087573,1.85893046741999,3.07440557000289,1.85504734565285,2.9849453728591,3.1012982815278,3.25933526696088,3.72558515386673,3.56087048893188,2.84897195778269,1.84151852353246,4.55260100594836,2.66346841428573,2.37042724340313,2.57230025583908,3.12940424121726,2.85429776787763,5.06585445526855,3.02616353398143,2.84540150154947,3.53029324466219,2.71418501973281,2.1032959427701,2.24535954519519,1.9655175514468,2.9504752450966,3.40402989173202
2022-06-21,5.20751505858973,3.52355412365018,3.57135621317981,2.81999276890846,3.66713338756564,4.00495488698642,3.66489659369192,3.06638361892784,4.77508920902993,3.28470230913138,4.4823175617351,4.65215526171736,4.19950225712912,5.33163937533403,4.26054878616215,3.76852368215929,3.12518796832331,4.97027378007081,3.82450408993214,3.65904647651843,3.98069924565916,3.8144566817717,3.78448518723132,7.13829045350035,4.09473813863928,3.63759612893986,3.77807483017538,3.45872005403168,3.46759501313926,3.54823525456905,3.24140700234172,3.58739921648264,4.23743097145548
2022-06-22,4.97819095347375,2.83891523548619,3.15921895571192,1.69536202979348,2.5713466924295,3.39081748100285,3.48983834307571,1.98818216336156,3.64023554616077,2.11080798618902,3.44358117623489,3.35390885212322,3.38189092925637,4.03996985893249,3.61806496227332,3.00120654577786,1.97454596348799,4.55301840637742,2.76921015073756,2.3748637470701,2.77455762449356,3.17797096160017,3.01226324833097,6.09716530054022,3.22163678929683,2.95663111118044,3.54656252436359,2.97721470773656,2.08655835019074,2.23989897364487,2.17323792806966,2.94111404067802,3.51256093496472
2022-06-23,5.07221090855515,3.54004589111192,3.54576077590831,2.16296801892934,3.05023463305038,3.70861843831801,3.58625008425636,2.39761822600949,3.91168807860689,2.43527939475243,3.76509895857691,3.41490838752791,3.47367583535089,3.97831102007795,3.85329269423054,3.62670844303396,2.25056085708149,4.80003582993321,2.98609824396344,2.85494369714439,2.90955250218599,3.32638913214444,3.7715908966588,6.40538741118218,4.5597659087421,3.32010701356636,3.65830084842488,3.70322840712629,2.60224221965432,2.71607269818315,2.53240402182661,3.21573190986869,3.67218980449893
2022-06-24,4.90408346390269,2.66751503811923,3.20952608758976,1.04133517578346,2.30092959093004,3.33070940742469,3.46174506953375,1.38766615902836,2.99324257465189,1.44797747556434,2.83323838603899,2.80592218364306,3.06669894225823,3.49924549756188,3.30309913380455,2.80346681987585,1.4260533086453,4.389605707895,2.36485077662316,1.95287173985903,2.23457197824603,2.95510616900092,2.7838974145649,5.49232137566318,3.76097345896625,2.81747191707877,3.51229527994435,3.07871510108932,1.67467689075499,1.83594682674279,1.54462565261404,2.77819254255349,3.30578381143947
2022-06-25,5.00745082356741,2.91492305431938,3.34227689327811,1.67563776700538,2.73692414277547,3.55645422661268,3.52946658579139,1.98351326373714,3.68526480384401,2.11144296006744,3.46774466272156,3.23922291905109,3.34633908832948,3.83544923276151,3.63927751843339,3.10273896234415,2.01931533923716,4.6103534627555,2.79552975965812,2.53414183820515,2.72831668987857,3.20497695714445,3.12890150787542,6.21617500129324,4.13155222549564,3.03112234055364,3.60122792709177,3.21425407234626,2.28142956502922,2.4166069475014,2.15698595608523,3.04214461005083,3.54166597111171
2022-06-26,5.0198077996604,2.51568971695465,3.00915057221777,1.81773468550013,2.71285974889958,3.31827802963584,3.49503438620998,2.08901165719679,3.34060006556512,2.07857114983508,3.24965128058051,3.2053462432316,3.33552875508391,3.79501629641811,3.68510171138468,2.82423051001268,2.00594261710525,4.60649061610261,2.78843391821184,2.57606744786365,2.69448245977394,3.20682362081028,2.79234733189826,5.44570319738563,2.72765303153485,2.88365813303014,3.5415821689257,2.52862434472419,2.31484442069234,2.44420039336657,2.19412765914515,3.04369353167729,3.44474359997698
2022-06-27,5.16475954734599,3.12277170338895,3.48183083046566,3.01175727219255,3.33375239706578,4.23512694076743,3.6168996616171,3.18047479823473,4.60363838453268,3.27961320342751,4.4363915361422,5.65997740264255,4.69913393868331,6.89430804694148,4.26243339902093,3.40424854684637,2.9801979032614,4.89234672743491,4.03972592740704,3.38854483404764,4.4626510336053,3.93789006316341,3.39084346595572,6.81119774096538,4.25584613471569,3.36285025869246,3.81948253168783,3.26525957842299,3.11899351261916,3.2259138704175,3.33704804709956,3.39880125332918,4.71705658757434
2022-06-28,4.97447051772342,3.20302425309719,3.4254685505352,1.85351988723772,2.55502084342283,3.90127161708392,3.51337610211999,2.10387271766624,3.72674096679483,2.18734612719361,3.56633739707626,4.62464608333061,4.05363754420879,5.89868631772924,3.65696940024907,3.25301861404734,1.9599171625862,4.60358717809949,3.18296365631668,2.33422108509455,3.459759937532,3.43084594427125,3.35643730154448,6.26639849070315,4.44259268794616,3.0387472235094,3.67677453086302,3.56615849861191,2.01757989471983,2.17635079859601,2.28892794157131,2.92052469984113,4.21016095502958
2022-06-29,5.01075391334642,2.92758358718356,3.27366959873947,1.65886024303617,2.76002819316128,3.48359124897042,3.52515893398563,1.96653726108591,3.29780290008224,2.00557202565831,3.16505142559862,3.21101630757123,3.33608148523445,3.80422859768693,3.63296497240446,3.11775521898902,1.99224765932232,4.6152617542699,2.78599669032544,2.54624380666613,2.69874737741723,3.20384718605509,3.14395446950843,5.38705689099945,3.71739995814588,3.04466235775204,3.58371520504071,3.10995794727384,2.29912436957717,2.43031962765908,2.08491195638003,3.05586831905605,3.50826770537802
2022-06-30,5.08221963692552,3.17490832300387,3.50418936223087,2.23414579972565,3.05623866102826,3.73206608078557,3.58441757479383,2.48995702463786,4.08676744348023,2.61261348785698,3.88143840626407,3.51101582363361,3.52292320457932,4.02413911142077,3.91034531938743,3.36829703472039,2.45018368992566,4.75967524376962,3.08343382462536,2.94322738200898,3.05970662916434,3.36983350928808,3.40834123541304,6.48268615553724,4.56408273162663,3.24700604577061,3.66718933296848,3.44751219157284,2.69375535480859,2.8124430972275,2.6543797386376,3.22840053519534,3.69900528534532
2022-07-01,5.28661259448709,3.71907439541282,3.7555414993159,3.89977224726601,3.87540495782826,4.24868414328213,3.70926684524824,3.98594564269359,4.77967330714007,3.9765802173476,4.73274930899782,5.0497469913705,4.42515408325351,5.68560212317245,4.69514514397003,3.96516868758996,3.66139566111998,5.16012444773433,4.1410628329512,4.05283327728459,4.41440896334415,3.98221896949921,4.01903138944603,6.18975837643946,4.87901194285342,3.76183163060881,3.8554284048044,3.74118419704474,3.79144458817379,3.86994883713961,4.06445585795746,3.71085280012491,4.45366380090977
2022-07-02,5.08681003187183,3.08775689359464,3.35845178480554,2.31040858471188,3.01911816770753,3.752195852075,3.56702934344746,2.55863701416351,4.18563162826343,2.69514516308378,3.97149816796077,3.90408200614122,3.73226730393999,4.56855230016254,3.94345276639807,3.31562459104504,2.50854175208705,4.81140436710804,3.23574686102416,2.97085191190982,3.30152604552559,3.45912946590997,3.41886020114621,6.60448554993795,4.12733303027873,3.12715352290207,3.6732889397529,3.20877423377686,2.71570914590008,2.83595275448364,2.73212792832354,3.21800499572895,3.85739208886437
2022-07-03,4.9028493314002,1.91829090420976,2.80585899963627,1.00963763042439,2.15872025555627,3.00686799450746,3.40951702250484,1.35621310430082,2.50266700543127,1.30914099442414,2.44765444724367,2.19434158915981,2.74138061434047,2.63280281200803,3.28711027324788,2.27007913084182,1.38242957340551,4.38018629004932,2.14244195065693,1.94012631704077,1.87779460039143,2.82228023934156,2.21922196713782,4.44524016827678,2.67954388068541,2.43077435210277,3.42737295325236,2.1637921274085,1.66455885913862,1.82377084764562,1.44769430685188,2.72975894669126,2.94440668538383
2022-07-04,5.00270201754414,2.49597163909024,3.02703724273019,1.81373053700961,2.59309684401711,3.37756189276288,3.483322912255,2.0985591860761,3.01034703009431,2.06644802345291,2.97021136103411,3.26571956615393,3.34900647749686,3.86103681440217,3.68288290526358,2.79103795652981,2.07257728852241,4.61841660919042,2.79686234531801,2.50631531322679,2.76604305598033,3.1961342272819,2.82375206269342,4.52794831294784,3.12712384886302,2.77007635092089,3.5505663021954,2.60030881482835,2.22798209277807,2.37229344188041,2.18123741553952,2.97771014615615,3.47289471493236
2022-07-05,5.03197797637036,2.75943530236645,3.2836904799351,1.83544014294951,2.79413027480421,3.60585070409817,3.53270993181872,2.15479440509965,3.55728585859115,2.28364624832312,3.365049561682,3.44491896202052,3.46212090307787,4.01128847834801,3.73961641342682,3.02152978936508,2.27583797016909,4.66647937240385,2.96313607970965,2.69785439543883,2.96099753309595,3.29231741611909,3.05790103352364,5.52156114242933,4.08423794694081,2.96101179019407,3.62113711809273,3.02493726465624,2.45146619539202,2.58651535078604,2.3048539548016,3.08843655713631,3.6221546559555
2022-07-06,4.95680275758048,2.03164269483326,3.10334639344601,1.56978909869803,2.36069579946265,3.33944690941806,3.46406007396285,2.0238224965581,3.57523523899652,2.48155791211507,3.18896818297134,2.85309754997802,3.06740179932714,3.00555303396641,3.67314798905387,2.39483789436273,2.65210478354473,4.4655880965948,2.75023379485048,2.44037699146967,2.85714593900208,3.08535086922606,2.30866158537141,4.78547714817874,3.97986078663876,2.58695674668378,3.52641122141911,2.56927759462528,2.15839954305767,2.3575983755322,2.29751172857574,2.8452391532231,3.19671989500629
2022-07-07,4.97531047926281,2.26720702539033,3.15319998358896,1.51470629991926,2.49985715374036,3.47281540503772,3.48531122246102,2.02882938182121,4.2874378380181,2.7350111373796,3.67718677659021,3.38454786292157,3.35980201783056,3.64910367270964,3.70710883681854,2.59792881492413,2.89344755448651,4.51766371006586,3.03677393415568,2.59595923334908,3.27057617801333,3.24693990773887,2.55393954994518,6.08372627973118,3.97503101404186,2.70509100090541,3.5695229928361,2.70488261809856,2.34654195053356,2.54397150900829,2.41056237121529,2.92355485130405,3.43975089582814
2022-07-08,5.07432555666362,3.06471892428089,3.39158229488863,2.09640283993443,3.01782336434785,3.80253860608749,3.56925630672004,2.360662215729,3.3370318011484,2.32631807909192,3.27812214984431,4.05680339562106,3.81840425871624,4.8734881331427,3.84618971317384,3.28742938394207,2.31226547128916,4.74843967988134,3.23464940251118,2.8875864517616,3.29567343126089,3.47498138732274,3.33476272716047,5.00836236781858,4.15278581675217,3.1724660573649,3.68507313995057,3.24299691142624,2.64807715468818,2.76207651729071,2.42985125976616,3.21176270236015,3.95746046270099
2022-07-09,5.49383517888133,5.66265700606369,4.40330056413322,4.3911669504751,5.21789657884914,4.74065816617484,3.92772784432347,4.5118922135677,5.34562728370928,4.55717248738652,5.20342291205972,6.23643992186312,5.20161284982155,6.96869516377722,5.087404901976,5.63665281672775,4.41848849684771,5.54537746411172,5.07490380106893,5.20910068990088,5.38653987424761,4.58085467398874,5.77225977093498,6.69183402184421,5.1610358056109,5.0701709763855,4.05639653529437,5.10790231639922,5.11060419525647,5.0971360922171,4.53461807798413,4.44632467663279,5.13224598707286
2022-07-10,5.53742227864879,4.60967557714787,4.36969195389387,6.62714866660685,4.82124352588926,5.47640548946379,3.8819794682946,6.24800380415511,7.05626696817976,5.95148717890113,7.2246735580785,8.61594834141068,6.42725476402825,10.4009382987215,5.77873511428416,4.80353091942548,4.70903397013924,5.61343171661926,5.83676536586778,5.23213503407054,6.74733498748378,5.01731618079931,4.78559049537407,9.6507679960439,6.309996988304,4.5770460945337,4.23205959371257,4.68451079614935,4.84573137430095,4.86844687339848,6.30804437162371,4.24168130617113,6.32083367725704
2022-07-11,5.07981756320575,3.04148396874361,3.36897496181886,2.2868517198533,2.99929916335353,4.27031882896392,3.56496557271549,2.53920235839619,4.60183599535525,2.7755628923278,4.28976028581786,6.07049484651985,4.88571420483836,7.70836010770345,3.93144814426864,3.26848477153624,2.50539611237961,4.76845154052502,3.97424451174833,2.93799702756664,4.49216641126937,3.9113735163105,3.32249074612323,7.5502498556381,4.09382587784636,3.14821750649783,3.80771207464308,3.20634064258859,2.67892562453183,2.80321765694149,2.77475225955371,3.20235041120851,4.91300591847617
2022-07-12,5.01017202294843,2.85898588615921,3.40191784714121,1.68463669574688,2.72317739396689,3.90839187488329,3.53530747898159,1.97541535411745,3.16061115002758,1.95462316805709,3.07866667365293,4.23282333018042,3.88383512062606,5.31100406521113,3.63127021112237,3.07018398474134,1.93688001104099,4.63722231997381,3.12117219290111,2.5273575570346,3.23059171003107,3.41569846112212,3.12944149361923,5.15643389542688,4.6842945181492,2.96500173594062,3.69466208653937,3.28124380707289,2.27476853866382,2.40417019428772,2.06840997966378,3.04087703425711,4.08282365027242
2022-07-13,5.01246405412683,2.48808876306759,3.25693853088258,1.63354868062237,2.71064398442118,3.62219614075253,3.52061552812958,1.95050632835699,3.59775638031704,2.06595308755137,3.38832779141726,3.43158682732701,3.45572949943331,4.11262727701301,3.62966098772724,2.80424420106977,2.01001863136192,4.58443824920609,2.87259586750291,2.56201221425676,2.82956850276855,3.25655607804829,2.76588925791413,6.05705711883711,4.14711514400254,2.87580659987168,3.62109392495995,2.87912071679058,2.32099541030396,2.45132151589731,2.11087318264375,3.04315585981528,3.6478265788019
2022-07-14,5.47891588368714,5.78687406350338,4.4408162384053,6.35508282806409,4.66758779898091,4.69430587987105,3.86459639916526,6.06186871471958,6.30364842211228,5.80662661296009,6.50835333741475,5.97741981132292,4.96563520605409,6.54853137171044,5.68043469677515,5.60083702686155,4.81328365380485,5.70807313181992,4.87364887879489,4.99529710439209,5.3761497814293,4.38517367798258,5.93764784073104,7.6531709435926,6.03996703291935,4.75339157921449,4.00784841383861,5.47546552046325,4.58793516134892,4.64961320466864,6.10316122030155,4.11876328412044,4.92928209625573
2022-07-15,5.06624187326595,3.3988262044012,3.75240076441246,1.61516873380939,3.13644929027621,4.15542005038364,3.61857762352429,1.91378893704592,3.55792317750127,1.91707961395364,3.39277329317241,4.24527785798891,3.94769997232001,5.32080952347157,3.64043376170251,3.5438115860729,1.8762644591988,4.72803323715087,3.21613398501979,2.80229004134271,3.19559325220673,3.51065266942854,3.61466042691314,6.35143608403362,5.67191615718712,3.35246094897663,3.78174911195371,3.89332171752585,2.62056791263594,2.70704084044671,2.01307525624553,3.26910182257872,4.22316221073749
2022-07-16,5.23004316507766,4.51245753268059,3.62997032285126,3.75431843077405,3.68441538502913,4.7153253279805,3.6678498381784,3.79041054795016,4.3984049709346,3.62830171989788,4.47540098905313,7.99991521700326,5.97546419728479,10.1789754862283,4.55019805729502,4.47139565966802,3.22795513458826,5.18153489493651,4.95946339224886,3.68562957023913,5.8309927313092,4.5044506318677,4.74146797330078,5.91527871566909,3.66268261092211,3.87663771765635,3.95989676975745,4.05577862524021,3.37788955469205,3.46982566787461,3.8319219220872,3.57047016952829,5.82852099308519
2022-07-17,4.9513629357473,2.32195223447107,3.12636354218562,1.36341185131141,2.39822049486571,3.72751578613275,3.46996794509965,1.65550578986428,2.71308866187229,1.54803769074224,2.7015523319907,4.13024381763651,3.8029616690857,5.35654494085016,3.44240729117764,2.61365748869352,1.54346222867907,4.4996098465253,2.90721467486414,2.17894837697329,2.99853420514718,3.29811306594043,2.61458176590574,4.70403794519125,3.92134872988137,2.65452708494622,3.62987672765593,2.73981852572257,1.90493490708927,2.04727867078165,1.72304529891461,2.86211394881615,3.99253961332446
2022-07-18,5.00853676723205,3.04613570203094,3.37740738025066,1.78842661276977,2.69618401746099,3.74203328035006,3.52914267178509,2.07050060610582,3.48012612383842,2.11985277434783,3.34200340661376,3.72438829097294,3.60269312048154,4.54031610274821,3.67275527980213,3.20252772558166,2.02855685595999,4.68735480801257,2.95677978125617,2.52838924283497,2.99492909431299,3.30269179453606,3.34563206719724,5.70289064766202,4.53875434001479,2.96413478850511,3.64864920872776,3.3570891389635,2.25975232007546,2.39725713698486,2.20783570394609,3.02306676722714,3.80341500401076
2022-07-19,5.02896515237937,2.77571297904964,3.33397202379131,1.89363793851561,2.7742157006726,3.76035821817953,3.53493922323301,2.16678416576658,3.59344455823762,2.21783047834811,3.45003255574985,3.89182481738039,3.70389459968023,4.73909019025258,3.72857004173597,3.02363058160842,2.11285374776579,4.65602574468339,3.06337417898277,2.63795600996973,3.12127985797248,3.36900668939673,3.04904649570026,5.85278210471051,4.30633731839038,2.974097447736,3.65974179890578,3.11503547087011,2.37690269720509,2.50712877810939,2.30255463128898,3.07366636036622,3.87698941167083
2022-07-20,5.06975934179894,2.95011075772422,3.20190325789868,2.18891776263593,2.95744984146273,3.29827262755065,3.54282220600694,2.44066968386224,3.67234888663909,2.47270712089564,3.55729823260701,2.70669233037981,3.08615355464839,2.9006682415132,3.87745882368835,3.192036593767,2.37076744789449,4.73612749490777,2.7661442334187,2.86754638007462,2.58191960933694,3.17657697784286,3.22424968010695,5.64109484798805,3.24080494256806,3.11176124317818,3.5493532912286,2.93118448078944,2.61000335598959,2.73217383360586,2.55616703445123,3.17890942975575,3.21724160467337
2022-07-21,5.08113294161585,2.97385488826801,3.25542126495796,2.13005052335314,3.05823992541275,3.5773521458036,3.55964261672539,2.40553820608946,3.67743812477709,2.46589653298907,3.53385454324496,3.77317129277122,3.66722124957424,4.41383823373308,3.87564743152853,3.22393299857019,2.41476591947235,4.71702966626427,3.1727538988933,2.94168242208941,3.1896556908566,3.42922845951556,3.19893728743126,5.62821735608878,3.26853560309219,3.2138311422527,3.62819733713919,2.9750539399436,2.70618109383586,2.82145600907989,2.52180785058249,3.23366972127035,3.74948404758976
2022-07-22,5.05991523887217,3.22325785993361,3.23128704742004,1.90267961408286,2.99771292109102,3.58594403043117,3.54929722865416,2.20674841328564,3.49394245578146,2.2706275267042,3.34326471211757,3.93056483937442,3.74567796770355,4.70345139814889,3.77700059988149,3.39425645466777,2.27478515187636,4.74301387463427,3.17412788856092,2.82956154122119,3.21791383403008,3.43630464633298,3.48624227995432,5.44134613746389,3.14837607824836,3.19959574352025,3.62596064737526,3.09955807027595,2.6033301940709,2.72081321147166,2.32022849486037,3.19519412053337,3.82343610537885
2022-07-23,5.19315669999367,3.8424977785468,3.5496248471838,2.66973680115332,3.65871641308944,4.13468842070443,3.65965797308728,2.92556312043199,4.4512146642656,3.08350627996779,4.20907650797233,5.48380678434498,4.64259908824919,6.59996987204176,4.18747280859158,3.98921379408519,2.98204025878891,4.98196440562802,4.0630033850733,3.57141186392323,4.37301718219844,3.97074712859805,4.07905327041302,6.63391834409398,3.70155508717214,3.7185671813513,3.80935410942724,3.59715934435574,3.38485912875136,3.4646472289287,3.0671399341512,3.57219436868152,4.62920227361893
2022-07-24,5.0947690395401,2.98530984377595,3.2426219439696,2.37316340723884,3.05405244359245,3.90022419698081,3.55909612954946,2.63565710994558,3.72886674524518,2.70998691241472,3.60077973979204,5.04190820275334,4.33949471616804,6.14695454297254,3.98924569105636,3.24440950685977,2.65643581054409,4.78694431744174,3.6766972315379,3.03763710086461,3.99792842940942,3.71885624779174,3.28130986750691,5.31560948703944,3.40015619452063,3.15487854599649,3.71475183071415,2.96751344185566,2.78374096946431,2.90747436526916,2.75263890093786,3.23789429052679,4.3514692554052
2022-07-25,4.99977890961316,3.29887636297237,3.34972407708503,1.64226220108944,2.697084159042,3.5024502794116,3.52550744059022,1.93269611587449,2.84020087326032,1.84732042487887,2.82426326334624,2.9308988278515,3.18163743095194,3.45552218689691,3.60407344884477,3.38591871206193,1.88062357579695,4.71736732798939,2.64134006623666,2.46711282827113,2.49084693865273,3.12084967198766,3.61469413388867,4.49692931876583,4.26334131075789,3.00290841836961,3.58448924471316,3.44974480749967,2.20866424449043,2.34136581883633,1.98961206612329,3.01905788526132,3.4119597445315
2022-07-26,5.09084770090738,3.30656725968449,3.51807542545705,2.14755435998688,3.12920398104421,3.78500464126491,3.59462829825658,2.44710351326652,3.70274508366629,2.55725589741867,3.52774556461653,3.72152795731691,3.64145187565854,4.2679845132179,3.90926218010113,3.48432136588958,2.55916199541323,4.79487490000134,3.20892942205907,3.02190949371548,3.23242171487179,3.44122506352922,3.56497214953053,5.46814222082301,4.54505875442151,3.29409093458921,3.68577152934359,3.50584427734984,2.79657918969397,2.9129036633593,2.57223607455993,3.27122795655004,3.79512770662729
2022-07-27,5.0589290586789,3.34513919221394,3.42140197016854,1.96552868483364,2.98293435936586,3.54174332147202,3.56691802850813,2.23770424970696,3.07766499817618,2.15815732580537,3.05752630241979,2.99293401820712,3.24501912988993,3.39149395175757,3.78048422641261,3.48031534620362,2.187035669208,4.77308506279634,2.81848879945489,2.7966625639747,2.6558090495147,3.22503389407873,3.62276506087747,4.61366560483346,4.19852736019067,3.20414993698511,3.61241164702494,3.45020676081675,2.55827103194127,2.6734713662634,2.28304024698241,3.18484578915757,3.44343683711762
2022-07-28,5.1030871531434,3.81435962290712,3.6106820430844,2.2225296801543,3.24571388506188,3.92952310713663,3.61534723557191,2.50105319144319,3.75146805043213,2.57656090257354,3.59672273285006,4.32942477388637,3.97623176636487,5.15308520042568,3.93587945174553,3.86682517104695,2.54377557743898,4.86351867167895,3.42968994081492,3.07079404759047,3.55258158777395,3.58446961475223,4.03376662581629,5.62105283498621,4.48632474688061,3.4958789447031,3.72744739502781,3.85522127329132,2.84715827220763,2.95607638049208,2.61498125575408,3.32457386937003,4.10017910749555
2022-07-29,5.06368797351541,2.92671551326328,3.30670513640151,1.9909861397919,2.94789861806635,4.04683354537134,3.55354855175385,2.27980252987485,3.55109138334961,2.33539381879211,3.41006948257391,5.1876944186959,4.41721970395467,6.51116678389198,3.80916690634841,3.18210789504675,2.30880021644561,4.7417214751149,3.61623410847065,2.84599076596114,3.92146285997435,3.70624994875305,3.24896710500366,5.50258161432441,3.99736213688128,3.06161751060388,3.74717995561378,3.07936167267584,2.61097031155611,2.72961926475109,2.39403861734811,3.17852805418236,4.49579416226444
2022-07-30,5.14669688139048,3.37496263602425,3.51377068086313,2.44809397003535,3.38526340854095,3.55814995528641,3.6252753953628,2.61917437043981,3.20175720925851,2.34070144783748,3.31425053036036,2.71597061733644,3.15890649268132,2.93869275156421,3.98458527342797,3.59585105519208,2.26072498486969,4.87571237966699,2.85201462092987,3.19650114305201,2.50229209306545,3.27823523166288,3.64049115320128,4.90033437156488,4.20377801425193,3.44552334554752,3.64267189646438,3.42176272114763,2.98142656118562,3.05153773680068,2.57790300242142,3.42316342665539,3.37574780739294
2022-07-31,5.25635486436994,3.97640905552289,3.66153340469244,3.68225064244089,3.79877968206304,4.02493702255301,3.6877823972271,3.77460409898389,3.75459388355807,3.55528725311571,3.90834320155079,4.76011085526653,4.26060963424441,5.38411544776093,4.57697544690597,4.1186025896838,3.41300013296423,5.12383435999051,3.94169279930497,3.86879527245853,4.14325726076361,3.87208020469026,4.21480879661949,4.22525405199233,4.08902451220106,3.82289886500029,3.78862030098938,3.76966978043977,3.60333860382168,3.6850274050922,3.73491962300483,3.65274831079475,4.26968383714147
2022-08-01,5.31606776051723,4.96657079295197,3.78198239081346,3.5405328932432,4.27487759138284,3.79548838682102,3.75362978064417,3.6742348494857,3.54548974980398,3.40593366229643,3.70614203081639,3.94171529280538,3.88237375791432,4.15036401217507,4.58038630730919,4.93683756115667,3.42622151632379,5.30623184801833,3.78223856531479,4.18751059853828,3.69171726276852,3.80513582684265,5.19624175855394,3.93608039124911,3.54714249696956,4.29973476989721,3.75327720739029,4.25491969594964,4.00882088497752,4.04718958096377,3.57153536232727,3.91204772267566,3.8917337310664
2022-08-02,5.29267755634643,4.88014634511698,3.67071117230219,4.01107943970327,4.02205652547941,3.71741315854743,3.71154994273422,3.97879795374967,3.53940948039107,3.46670764813909,3.90968982345003,3.95245543273393,3.86194743801397,4.32443114475379,4.65659452268868,4.81397815416608,3.17878805653794,5.30416625500162,3.63283759875241,3.95732077406707,3.55838342948019,3.72147311090897,5.10663996263588,4.14078638492552,3.25715544047298,4.14313632906793,3.71667726634576,4.15849406952987,3.67763981468551,3.73030921548801,3.83045421761065,3.76287499799372,3.87840646482432
2022-08-03,5.4701524592003,5.69006060927993,4.22080684055789,4.15530223026034,5.12997940055891,4.57221398575954,3.89835220797021,4.32988651474476,4.902287154488,4.37984779403176,4.77807094458118,6.25412992204007,5.1979224104476,7.00236268597664,5.00307514554084,5.63924312634501,4.39657059318049,5.52666849798205,5.05572635120849,5.11306720005726,5.39956183666556,4.56165947946959,5.82181953605586,5.70651256057659,4.28032955399518,5.00816120492677,4.00702067847901,4.89447313085799,5.02418931006659,5.02038019669369,4.33043533075726,4.39534799737325,5.06688885584984
2022-08-04,5.04073143737963,3.95929386805333,3.38875111363751,2.91210252297603,2.71121396592122,3.74281415784433,3.52763836132576,3.06035802964197,4.08757433263642,3.12724131058544,4.02156610264352,4.47717591416695,3.96373594652676,5.33991019601972,4.11987610883824,3.85449937065431,2.77624351375009,4.91889573091748,3.36473976593414,2.7315811485096,3.74182250504549,3.47963818907337,4.24613600378596,5.63427108028608,3.94889018831189,3.17036263056975,3.64416243245371,3.84678831485533,2.33872781440831,2.51773167783712,3.23671217969101,3.00854143131607,4.01364655168128
2022-08-05,5.18420987962709,3.7106948917776,3.48745545678554,2.76507750859086,3.5647719986182,3.8591793636492,3.64270327631829,2.99769207941619,4.18054418901791,3.07682702015578,4.02575745480773,4.48958883255486,4.09908772342228,5.17101154422516,4.20832719600752,3.87622408594817,2.98445623373141,4.97202303301869,3.69446876368029,3.51586905407832,3.82679724018656,3.73753449149366,3.96579251227771,5.95722701499676,3.59941573106354,3.62353400041776,3.73183861902652,3.47924210936206,3.30498891735125,3.39320845231468,3.10335937955681,3.52114103028634,4.12214590229032
2022-08-06,5.15022291646828,4.21322562455531,3.67330207533622,1.970718773568,3.60909139871788,4.12548923896759,3.66467238182582,2.29179398049531,3.74129909691503,2.35583379560656,3.54212456810333,5.02351745708097,4.40506978388015,6.16860296664535,3.88023449728618,4.24134274105904,2.42719274986169,4.95417644602485,3.74720874033427,3.30931775477184,3.8721787872365,3.81991708152918,4.44897052191978,5.99850713961529,4.20898953661443,3.76750276041397,3.80109276070548,3.99590478893652,3.17356822145294,3.23866546322937,2.37473740552731,3.5334489237821,4.49627225438308
2022-08-07,5.80488100132068,7.23831158041856,5.07692421933103,6.38628273299337,6.71337846641156,5.84921898090403,4.17230747248071,6.32965824088822,7.29093601749963,6.4328030696421,7.08236015866924,9.41698106725847,7.05369309488285,10.7992978444089,6.09085057022591,7.11257809100433,5.99476249888778,6.1540344198708,6.95608452228251,6.89933052577204,7.79232089725832,5.71449431725588,7.31688131271207,8.88199062392436,6.11916076139952,6.25622691512546,4.43603463849028,6.25849033667228,6.86105738864893,6.76053706383661,6.35551515094962,5.2978504958763,6.77748014747948
2022-08-08,5.14067625322842,3.30261653968126,3.43040189415216,2.36281434767023,3.36465564085938,3.95289033898801,3.61442917004165,2.64032718119983,4.08027525300821,2.76739441928049,3.86945180799672,4.76742127170725,4.23317084270886,5.69764804478331,4.02566391263812,3.53914561984773,2.7112468614081,4.85335309895336,3.6792478588486,3.28159417189946,3.86478354090028,3.73873639254754,3.56705869441832,6.16647818901042,3.80218841988055,3.42005287869504,3.74607912033672,3.27037714921085,3.08026679370434,3.17518331010494,2.77283154645599,3.41251360682285,4.28236344520082
2022-08-09,5.08281722190587,2.91810135333495,3.39079066941288,2.25002102085115,3.01954681280068,4.17536575120919,3.56996176060113,2.48282642783713,3.87129409074658,2.51274389775291,3.74114561009019,5.51126345825748,4.59760640864016,6.9669305882979,3.89978741255421,3.18227482888911,2.34947635984412,4.74059920068444,3.74806148728763,2.92082963089665,4.10566430159408,3.79028042835152,3.18237020981044,6.15454900581208,4.22583818593573,3.14815957664059,3.78426760398605,3.16366912406502,2.66794802299554,2.78152922538227,2.60675714425878,3.2157939739036,4.67637965480843
2022-08-10,5.19123427485386,3.78774262183775,3.62932652290515,2.53438873981912,3.66477910564884,4.42971481902786,3.66938053015321,2.83458253663307,4.31510906466932,3.03608313031198,4.04442554194861,6.29222011363223,5.07530613143324,7.73704799687173,4.15727655891266,3.95618758580862,3.03689595948589,4.97685531394914,4.36690489031292,3.59046914706513,4.85067475339823,4.15287236774443,4.04846639551925,6.26096311173489,4.24979243745865,3.69063748108406,3.88825487901626,3.68387778343346,3.42323792425309,3.50399992291829,2.97647650919158,3.57953566696498,5.05661046139847
2022-08-11,5.56731104654505,6.51288314838892,4.38225271164679,3.99593295809773,5.80331462525449,4.61887769636848,3.99372006349533,4.27571226919109,4.8604426315538,4.40444538032358,4.63911457064744,6.32375212443593,5.31653327834295,6.89374364531519,5.07277175340976,6.38943258457487,4.70831193560571,5.72550374454272,5.35137707420429,5.6909507284273,5.58060819217878,4.76365019108957,6.65652076904582,5.41521713069223,3.91363904360378,5.54394384365611,4.05894181974436,5.26503077182794,5.73702268582822,5.67897424813124,4.23701829738521,4.77853465311882,5.13150468219978
2022-08-12,5.88843101287008,8.44838149652602,5.03374758983094,6.60855439672585,7.29255524281622,5.37077357226832,4.23129318660754,6.75571375618148,6.38139559149819,7.05686365087278,6.15351216855452,8.96358655535602,6.82165394671392,9.50617594317855,6.41058497358259,8.09790045968137,7.30201777048513,6.36983849138078,7.27419539592084,7.59577933254277,8.18579188290827,5.81425815424452,8.44174279833205,4.79131557729662,4.17083903354034,6.89944691646728,4.33919282211886,6.56951185574479,7.63466406227018,7.54817606080947,6.71027106847259,5.60578867395145,6.29517251788358
2022-08-13,5.38746549623364,5.02897243536818,4.0420217759083,3.34287512253329,4.74525075689595,4.58763943314388,3.83757918221942,3.63943723906142,5.04942395076257,3.92159165950188,4.6997224420392,6.34224925104511,5.2131106263137,7.30263533496937,4.66264203678306,5.092332339678,4.00836815586057,5.35506509801283,4.91429072119463,4.70433531124973,5.29927298137243,4.48139474790908,5.24874582672827,6.67243548255355,4.40385395764713,4.58404829863465,3.99207771934893,4.45969318924179,4.64312271849699,4.65749200218493,3.75277843121786,4.19041937836478,5.11843741137813
2022-08-14,5.51248488803075,5.3835066912279,4.25248770504081,4.38623637920657,5.28170780671284,5.34775117552282,3.9221121637163,4.53589333124823,5.22603205951389,4.59664762860318,5.07967701873826,9.06644120765142,6.72683232316308,10.9911652876223,5.11981334569348,5.46218428155024,4.5554279862254,5.54661362246933,6.12400419343955,5.334932808581,7.00659429444529,5.22300927952168,5.5418180698541,6.24405499943065,4.56384005961984,5.00813855333518,4.22400700151594,4.71342435471661,5.25958986216696,5.24019172901709,4.54222713246522,4.49604021075778,6.4826712052012
2022-08-15,6.30809048140235,10.8032420375818,6.31358301579709,9.05350118879022,9.43078217183374,7.00401497091826,4.6114265550261,9.08665841221594,9.99102632029303,9.89683526660476,9.30106022626667,12.8257363611794,9.08379038874886,13.8798920243805,7.74780003066088,10.2617167939648,9.76850142357893,7.1486073024759,9.778396837956,9.98472436980247,11.379897108413,7.29000717936393,10.6503206264961,9.50332830899579,6.96064199643857,8.70090658137249,4.89079534474398,8.72861500581773,10.1480908660047,9.95555229285721,9.23016256569873,6.81074216003366,8.35644814008471
2022-08-16,4.9028493314002,2.23829327614042,3.09192424428944,1.01024965623913,2.18239876996665,3.17673000066798,3.44091289345384,1.35921798709074,2.74817207095307,1.36909769438921,2.6369575755577,1.88858898793679,2.57710620180602,2.18307667473078,3.28949105005784,2.50707982052031,1.39785313353305,4.43788592774638,2.0407739604863,1.94371586334455,1.71780966947912,2.75798139959866,2.5566673363327,4.98229574988835,4.10411543972369,2.4951612915444,3.47147479782676,2.74259627885963,1.66838372315299,1.82837366626234,1.48455380755435,2.73782336520891,2.88548611223545
2022-08-17,5.10453438286078,3.41927978489229,3.40263062881374,3.02675841396002,2.99485506932572,3.40114905346132,3.56660172121955,3.0966516168661,3.62932942768481,2.84769881157552,3.77753778503889,2.53937420233221,2.9952207301558,2.63585683968493,4.15201034630765,3.54117236863322,2.49634063266605,4.90929116522521,2.72246737989559,2.97222484491223,2.51442411656556,3.14504540665886,3.72439016946443,5.2069598501433,4.11049191520497,3.20317957402466,3.57638347426939,3.45762782514833,2.6269049929413,2.75092963562679,3.12284877318832,3.19287185000867,3.18424472612412
2022-08-18,5.14873304704061,3.73342540095779,3.53325641749455,2.61222883742282,3.39056149340225,3.49983385043039,3.62641047200219,2.86508656787025,4.34635702227274,3.03355638440227,4.11718092110729,2.80062713564679,3.17135477841959,2.77314867672679,4.12960064931261,3.85401338689068,2.90425929301828,4.94610985521011,3.0404813049807,3.33759463407998,2.87245319372206,3.32602620662753,4.00662501443427,6.40962643362287,4.0943638798483,3.51563450966728,3.62566304239051,3.63694555135827,3.11015594519422,3.21501855360397,3.0255715200002,3.41835025631561,3.30475791285935
2022-08-19,5.10884890975152,2.64804250099436,3.41549936445952,2.04895718452685,3.26646359479603,3.44234137261132,3.6002817614781,2.46055141362453,3.97228275013963,2.83063544097302,3.60539061787999,2.93765630838121,3.22161669384339,2.90848462011533,3.96325921547921,3.01277890225045,3.00928291674993,4.59763003537167,3.09921434330205,3.22859202947814,3.03244194818755,3.33680621453676,2.71900988774313,5.41199612120899,3.69726707209913,3.39168102443574,3.60416742826394,2.93872437970905,3.04498113996752,3.16942806232451,2.66086122262714,3.35072223400046,3.30741834102443
2022-08-20,5.34926693054599,4.09237267914772,3.7200450374884,3.73302270703662,4.38012040110631,3.96984379712191,3.76215842159923,3.90191273260331,4.63037092955166,3.93752977454483,4.52750672391584,4.75199689328441,4.32075214959811,5.11830622495387,4.72150318337513,4.31935966757771,3.85607293414329,5.15593419995456,4.21766789483352,4.43151268685253,4.34215226289284,4.04355773130176,4.21683655514258,5.74933570143503,3.34584717919484,4.26680458278949,3.80904991678474,3.65221673249118,4.26674907115523,4.30849268543122,3.9435799418517,3.98580066294822,4.24299395968811
2022-08-21,5.48667975579611,4.97322951101948,4.23070398057406,4.29304703096623,5.14807871311185,4.85156905716422,3.90380523037567,4.36667111661703,4.62806123714221,4.14830860406849,4.69363951875094,6.9450376708156,5.59432686887309,8.1651204429478,4.99834371173569,5.12145976692292,4.04436013964602,5.40844483137868,5.21708819386594,5.09747506823521,5.5890079983185,4.70519002131023,5.04485080903364,5.67812841004774,4.61109475388432,4.92126142193726,4.08466273865884,4.52102778972451,5.0000527508298,4.9703966776055,4.2703003683048,4.41768252912664,5.50081851676231
2022-08-22,5.0980177064282,4.58282328092552,3.74880616255867,2.59568692752412,3.20715326717986,3.46416311242064,3.62105822470832,2.68571128636721,2.5351296668857,2.17474960847064,2.88190038465912,2.21671342688359,2.85173717636509,2.35594387039829,3.9587056245607,4.40217091464142,2.03860603308385,4.99031895439063,2.51898474860749,2.88343519532189,2.12011360351122,3.06917916802777,4.78610669834824,3.56139137875878,4.75667462727975,3.64531656338576,3.59684165346377,4.4787453254142,2.58915652796022,2.68471460983367,2.5612827567647,3.28123149920918,3.13931695897194
2022-08-23,5.44663078285162,6.24426580360928,4.19196589912981,3.76298023833907,5.17929082688807,3.77090690426932,3.89673070035411,3.9375166697026,3.57595396941949,3.65955524416856,3.72178207493155,3.55862938062827,3.77028592310859,3.32381341625588,4.801129653166,6.02565767971528,3.88686543426815,5.5016784352057,3.98346541370728,4.92239242714305,3.67814225982242,3.94634097324896,6.26760532863901,3.55548269901108,3.38192728091457,5.23956958130264,3.79315012727231,5.1165091720231,4.85923664667603,4.83684721126063,3.76216499390125,4.4005810287854,3.74522473599248
2022-08-24,5.11803618361175,2.99920857607194,3.22753171000543,3.05162516531835,3.09066872276492,3.27304038500184,3.5589825649718,3.12149824736657,3.51821988285463,2.83868260578757,3.69488904023278,2.87662384540727,3.18611114131138,3.10558255993551,4.17225915281186,3.23385669308383,2.52337888528636,4.76530330650746,2.86795843805031,3.04317083209028,2.70931819808174,3.2386535244469,3.13948499740397,4.93953459616022,2.81086435811014,3.30768743500185,3.54798055044771,2.9289475048281,2.70915343476989,2.82590592367526,3.12287221667662,3.24404007344713,3.27379604557175
2022-08-25,5.24995282094211,3.64033151513335,3.55504054281922,3.05074260310676,3.92659575060864,3.65952042916727,3.69152682523193,3.30851260777351,3.81421059257359,3.34571475354626,3.73465554192692,3.83255447921674,3.7774242531405,3.98196599577172,4.40516224158072,3.88606336238269,3.45961453132854,4.95344703308743,3.68301886422248,3.92200043190085,3.68329253363149,3.71156704335189,3.75244924522579,4.43614659741865,3.19622521232633,3.9304967607139,3.69996179912386,3.37352070481765,3.74649004920098,3.82038342758438,3.33817075015868,3.72478678512707,3.7594792960984
2022-08-26,5.04617111427447,2.38209498350925,3.1702077280309,1.80057598512746,2.90412899045492,3.28635212705543,3.53337794649168,2.06723547458695,2.8096553414188,1.90209978655778,2.84600209806223,2.6194836911897,3.04977872803657,2.95791703259377,3.68960692225766,2.75166700095528,1.94778976389766,4.53647626864678,2.61883642925527,2.69640245782728,2.3372227230333,3.12230715551114,2.5348824418045,4.40692327622749,3.14308952008704,3.06629866226667,3.54321252473738,2.60383207747653,2.46541836794203,2.57349084908969,2.07650827661165,3.14892568146554,3.22254142959364
2022-08-27,5.59653352302315,5.65045718597351,4.42890410559622,4.93578375664468,5.70192536521419,4.36381584313949,3.98861998543151,4.91237922341087,4.33503163760913,4.42195799687127,4.62964791572581,4.6360880987313,4.42640284761022,4.66883364134769,5.29529444173618,5.73475511699357,4.3347363723772,5.63688453083398,4.62909351681386,5.63939819684232,4.41948007663682,4.36213958222389,5.71019082075346,4.66652818009001,4.61449122310724,5.38005764861703,3.98786632704968,4.92109119738535,5.56817744594945,5.49298628440553,4.66577951758724,4.73072039279876,4.41638486248429
2022-08-28,5.26767512322597,4.57286430776516,3.88672480609543,4.0652659555376,3.87871757997549,5.0242678388189,3.71580207011185,4.1453855686201,4.82653255199763,4.18585210539528,4.77682630982728,8.71404458010374,6.35382563874242,10.9250349974064,4.75680946180705,4.53999637016396,3.84831147517941,5.17841034440872,5.40858178248664,3.98206883910323,6.5207914350246,4.73223851059397,4.68964273710877,5.88431886326361,4.52005742053317,4.09109138954049,4.05051830647205,4.3728044387482,3.67776644213546,3.78241137166152,4.25111872766149,3.67393569935,6.16973440275195
2022-08-29,5.46393204146812,4.8846392755845,4.13233174119388,3.45905655682824,5.21353086291753,4.8021137873334,3.90152030317971,3.7325890307027,4.52584291652728,3.79089631122537,4.34123103959982,7.16015733105482,5.71759926494964,8.44935877547304,4.74748909897956,5.06917051130032,4.01235184848173,5.30513987833421,5.32322553780284,5.07432284728522,5.72773999520439,4.77162084285905,4.93035392774786,5.65659136853478,3.9650013671818,4.96126487360384,4.07613717564993,4.29954049478616,5.07859557977935,5.0436909289152,3.7059467001734,4.45636534517969,5.56827091496685
2022-08-30,5.50520471975248,5.93759083032798,4.32290423612567,4.747049676888,5.23298279501262,3.88057588691045,3.91955745436844,4.60430921829392,3.91437837533947,3.83388386113088,4.41450556081659,2.96842030469483,3.49386655264856,2.68128512281243,5.05267669074585,5.83237176995042,3.49700933748607,5.60860374078485,3.684729553505,5.00905228255635,3.10269920949165,3.82248219464978,6.02681652942514,4.88880889078833,4.45113036708722,5.15194676439486,3.82863067107256,5.12673879796221,4.85390622331015,4.79449605099934,4.30569978758156,4.44662134045942,3.62424342646711
2022-08-31,5.42337009043361,7.1165649091351,4.27977539046882,4.23537396617637,4.94788706041771,3.57710220762232,3.87687569266586,4.16537038342208,3.89050887164914,3.54134180834623,4.27107057609588,2.30109255729761,3.08971947146186,1.84729461671488,4.81605967085671,6.62527923486273,3.23860581241958,5.74667275234426,3.28883094636413,4.59935091454055,2.64256750490557,3.56871740203147,7.31845650235804,5.16637773448931,4.08796736653081,5.14051689951204,3.72556802432753,5.81590555466389,4.42895111435486,4.40059860999466,3.94515080197987,4.25878486112095,3.23430464690856
2022-09-01,10.5877883464442,7.7624968656229,8.15645394877196,6.68738491869388,7.5632699508941,7.5039660091679,8.42801454039808,6.87336605706145,5.41690039821543,5.92174202688397,6.1576030482436,4.29630130481347,6.21188683074698,3.58790994745915,8.84521531931724,8.01960303013416,6.08031421726461,10.0679940892107,6.08313934885336,7.23493619693399,5.09115171596943,7.19876025825748,7.99935305230211,5.1392273667007,8.72819478304791,7.9581010276865,8.26538180337763,7.98203665362253,6.81578838082498,6.96694387518619,6.5406182847239,7.86286546684718,6.64818826417575
2022-09-02,10.2185676501046,4.60581295039512,6.64855844390302,3.3490700822615,5.83965425103735,6.79600187104484,8.07923920013918,4.01257744305016,4.33805713699435,3.64276194982593,4.53879211677772,4.78787501764082,6.32199027065669,5.08608017367472,7.40755011922079,5.38993293105464,4.35536236717885,9.16853809519887,5.45933737547542,5.37723327935578,4.69043157543133,6.84089753482756,5.02114007908465,5.37885395287229,4.80013103744153,6.19749601038428,7.99146666532308,4.88298953929547,5.03704811292956,5.27654680854058,3.93222323532951,6.92820151438481,6.6170781037118
2022-09-03,10.4941587806933,5.90382778406576,7.16838331046621,4.80894308565235,7.25629778224977,8.67770491493086,8.29816992326904,5.35496538034214,5.60467070887324,4.96701460465536,5.78867356446131,11.650489342588,10.1458465868994,14.4046593677614,8.18187878311085,6.63556463227457,5.55745475755314,9.62927350978615,8.50321116135827,6.86562249525624,8.95482349843073,8.71823953114384,6.21613225587032,6.68027284452184,4.95505534967729,7.34232673395653,8.57019920459371,5.69332369133304,6.62248870798352,6.76800753869236,5.22235657300756,7.73230634885816,10.0544640360121
2022-09-04,10.395318993748,6.51487263129311,7.46163738392716,5.15784885927873,6.63808350060828,9.47072694337362,8.25129295571068,5.48378720917202,5.38872974677249,4.75250927102362,5.86966840276842,13.7536226892005,11.1977619361158,17.8349065533925,8.10939049084301,6.93338553118605,4.8932229057526,9.69533106399439,8.84398449347816,6.17481004299858,9.77920399013314,8.94259756554662,6.88435813311145,6.91423300753903,7.078774997074,7.07407947221117,8.73538253411032,6.72362895640803,5.76045870298762,5.94796839328297,5.3061729113027,7.35391620083742,11.2153104992482
2022-09-05,10.3113831782894,5.73156889354611,7.13907760398977,4.20950868123137,6.29707166416801,8.9597736598977,8.18002118107235,4.8444905430789,5.4163862990427,4.70031329310966,5.46786554725163,12.6513974363327,10.5434176597285,16.0377588309249,7.8524296389899,6.29504420681843,5.29683954546362,9.45006622982925,8.51233127267294,5.96025488070818,9.43707238063322,8.66275569681044,6.11011265378774,6.31379661448818,6.19303011508176,6.71501049359821,8.58372248249315,5.99014568538842,5.60516821173645,5.84849730464946,4.85738604258862,7.17027169959215,10.4932974264904
2022-09-06,10.8084886753493,8.27565850412135,8.18415657232285,6.24934449907438,9.0080504665606,9.71563019187741,8.6042120148046,6.66441694660833,6.24849844226886,6.05078662694582,6.57685108891782,13.7031457559348,11.4381458228834,16.7888784955967,8.96035671043839,8.72452598269216,6.64838923619576,10.2738746012123,9.92442162739003,8.52421359216744,10.5122746318044,9.62730381179272,8.47257071318166,6.85773514027999,6.77851747499675,8.90526135890245,8.94053228059317,7.64711564110617,8.42134792213483,8.44044029278877,6.35633084384874,8.70912533177353,11.2942943863342
2022-09-07,12.2674631982869,17.2698903387046,12.3608963662597,16.7956332257532,15.9939962048402,11.8158122310234,9.84108560138782,16.4481552147461,13.8804904206353,16.169692693303,14.1745996487644,14.0626294272746,12.2116217496097,12.8950216778565,14.2842758455791,16.7356146930529,15.9121435444054,13.3036048710141,14.0938649364723,16.7476013321822,14.7165002131222,11.8652386815726,17.0674731914724,10.2556486401987,15.2415025034355,14.9923290498684,9.88330538623366,15.382187002403,16.7747951471733,16.5071949579388,16.0534738452169,12.621984744408,11.7882613218455
2022-09-08,10.9685708900722,9.91897139400925,9.5210017772966,8.17784124034167,9.652305727132,9.54714545748585,8.81329763636089,8.56709385935938,8.75382312692873,8.61426603578735,8.669935472377,9.34398979243913,9.08473563974531,9.44146072567319,9.95744282610552,10.0445148682755,8.96973674420968,10.7638000857012,9.13308088120989,9.64009118826602,9.19877424720639,8.95710522704429,10.0855621143783,8.66269696861724,12.4029076434524,9.62813840352689,8.92459942844033,10.1867454823157,9.45490754286333,9.52593733064935,8.54022056069401,9.05078758631166,9.27203680232433
2022-09-09,10.1328027332329,4.27099069970059,7.32848807574497,3.01136234354546,5.40796969181321,7.32193684170407,8.09773857040338,3.6898492367611,4.2430987239211,3.36430733431707,4.41361280639761,4.03029531550943,5.86349936938188,4.16967599580812,7.20491778447894,5.03922400041367,4.02218768811996,8.99913075475742,4.98844749993609,4.90992188871114,4.13670528253415,6.54472468349267,4.64102517390883,5.56001637218847,9.21107866874686,5.92484576581209,8.10055719999724,5.89577312305708,4.52251916135444,4.79598986205239,3.65983921879126,6.67411869333059,6.51209649588567
2022-09-10,10.7756022219882,7.58459852005008,8.11788290222578,6.66571706192104,8.68029168281955,8.29006460801504,8.55929785427622,7.12952821313303,6.90105720060707,6.87554196131283,7.03302400620093,8.16646409913674,8.39518864638634,8.44925313785861,9.17614667646984,8.14113592802133,7.45019465510634,10.1343813074329,8.12360578249034,8.49745874283835,7.87552965136457,8.41098272482296,7.71620966376079,6.80353101303373,7.04391118124826,8.63434991276367,8.54542688059382,7.32917306430333,8.30804942128169,8.39951931866062,6.9824160761336,8.52380283754002,8.42315889816128
2022-09-11,12.0098908191003,14.4859552220479,11.2991892875591,15.4237366928022,14.4644105471027,11.0032075014932,9.56181899924786,15.0458250463539,12.1014399596119,14.3542350259392,12.7092892166523,12.273082919679,11.1456502665464,11.2215901845888,13.4450380925753,14.4307416936827,14.0485533511785,12.7236393412945,12.6524119726076,15.1848353698593,12.890728405309,11.0536707693093,14.5291077928302,8.91508653267727,13.5548526692888,13.3610000533869,9.59277721249099,13.0513609107594,15.1107453267845,14.8935428847649,14.5461953124997,11.8007246541937,10.8693560190109
2022-09-12,10.6424390103997,7.68593559842655,8.8406947401319,6.1462286970287,8.04231299611733,8.95387210947307,8.55579018894005,6.6147279544905,6.86359971008857,6.4133806736506,6.94727885661485,7.89499177228508,8.1712429207042,8.37747052530906,8.84914443900417,8.05952842170515,6.84413617312258,10.0023362935295,7.68141203527179,7.75066980414582,7.46691037648527,8.13852973197253,7.81373911138929,7.48429770579437,11.7666073630923,8.30119895401659,8.675526449545,8.72824597410235,7.48586923310804,7.62571853205297,6.55074736985249,8.14000712958502,8.57312577355001
2022-09-13,11.6663534606196,14.8899647146538,11.122780098718,11.2853092815573,13.4836421896551,10.5583631215449,9.42183815446889,11.6626195805697,10.5766115961624,11.877404640871,10.3889635533479,11.1859153542629,10.4436268391132,10.1838890971214,11.8648951168632,14.4834085995966,12.7205714365318,12.2207443065027,11.711294332227,13.642332908672,11.850942887928,10.4809666872844,14.9338235152687,7.75878677409419,13.4197874510564,12.8943038966825,9.40858859566728,13.4417123773239,13.8030461453267,13.6583103743161,11.4419027205748,11.2053128621307,10.2845553696784
2022-09-14,10.3991578639554,5.58776166139092,7.4500553983887,3.98739809135793,6.87609177278458,7.80659973697776,8.28206958141332,4.63523907228147,5.5681400095299,4.40934463647804,5.58735060639138,6.70741191962799,7.46352245394287,7.48112215637485,7.8131409258164,6.3155972120512,5.0550604522222,9.43752546276036,6.56985891107531,6.36965250969669,6.03639178549043,7.53894296665212,5.88150983788607,7.3826767641649,7.12975919494096,7.08011045144959,8.31580986973327,6.10931316758977,6.14031620536004,6.30646080499064,4.59023798241916,7.51114602510499,7.77457881994971
2022-09-15,10.5560361537789,7.3651773826855,7.70341278033903,4.48167160702841,7.87624883942588,8.38583021642211,8.42029774294361,5.25612177808892,6.17186552600085,5.34924348890514,5.96354495644108,9.69689936489445,9.13505192408762,11.1740481582771,8.24808917950604,7.8034689809928,6.30614537386929,9.80817683507082,8.1687284314867,7.38857747597051,8.26395187277691,8.4693727959889,7.55887586645174,6.99682914496302,5.95415057013794,8.08767424400575,8.52136081314816,6.9660917158881,7.27453722397373,7.40801876256053,5.25163543938701,8.05517047807195,9.11128008635399
2022-09-16,10.7297554245259,8.6645648481144,8.54826046922853,5.00070339528315,8.90688162508125,8.80117420572507,8.62656081192281,5.64364585941331,5.82050740537152,5.28217799553388,5.90839545722402,8.82150880020682,8.8137078784781,9.87312945769193,8.4994277617619,8.96515499066661,6.24109326712351,10.1451785325398,8.10791634997305,8.18205287426508,7.68865126001166,8.52338765097513,8.79631902091116,6.66618783615121,8.49966947379888,8.98257038133888,8.68771788376676,8.42848915539976,8.17708793639632,8.20070785658736,5.40305598972684,8.63280382689499,9.02487392913178
2022-09-17,11.3581107716437,10.9670034352119,10.2114077592907,10.9366366431771,11.3957134261282,9.65709527915615,9.09118055451652,10.8825058971089,8.70103880803115,10.0496014588205,9.34941424946624,8.04032845449572,8.60494790752109,6.98827447555021,11.1595645548614,11.1921336779795,10.1109532110594,11.3747382292816,9.41279136231671,11.5315034751506,8.87096598014628,9.18134113270151,11.0396860789599,7.02102766317552,13.3354884007267,10.8970210571466,9.05877353495781,10.9710109396557,11.3682710197573,11.2944223881991,10.4250967762538,10.0570014931549,8.8453648220571
2022-09-18,12.5556122739301,19.9719978154668,12.8493117776035,17.3242644013269,17.8168036842668,12.4185796793734,10.1007021713237,17.1705472716361,14.9481692515494,17.3127208629685,14.8684604182268,16.7101403577507,13.8046675646988,15.8550811704216,14.8725154421491,19.0882686369548,17.5222152683417,13.9482241000249,15.90072651086,18.5035479328748,16.9078846880091,12.9542495173325,19.7142314879009,10.7064920233841,13.9716341824316,16.6128602239604,10.1445426951762,16.7062759073432,18.7895649913907,18.4185923206626,16.8051220863416,13.6391145276215,13.028706325685
2022-09-19,11.5173980211057,14.9435251753549,11.0576592841093,11.6532596611315,12.5654334355815,10.7646149221013,9.30134152160213,11.4538057483091,9.06849991426243,10.3418216536762,9.875832368929,11.7578862126434,10.7119720678141,12.2677420977626,11.4849799249958,14.2880740183873,10.2388552508073,12.0913840484286,10.9474266183857,12.2745884931695,10.9128695321447,10.1889094458721,14.9173996778646,7.92036401288087,13.864302901276,12.4495147548144,9.40036794245587,13.7799647414412,12.177874876084,12.0182363574326,10.8703272250325,10.6488141648017,10.8141886618944
2022-09-20,11.8421293324024,14.9794459183164,11.7350912727213,12.8023716698111,14.2404607338285,11.7936839879493,9.57318254897165,13.0555020638667,12.8783971049529,13.5788863862769,12.4327931698332,14.6633995275319,12.3584947012681,14.6269348470082,12.59850606868,14.6873068842449,13.9988580961686,12.3551908706361,13.421184686797,14.6422193831575,14.3173194080749,11.4752326869303,14.8023430113744,11.0000999425228,15.3006107638789,13.5199768023311,9.77709995550905,14.0405405300906,14.7840890393665,14.6185741486979,13.0028853400603,11.6332216657585,12.0605795830614
2022-09-21,10.8887679298846,9.12003903717901,9.76517680671607,6.10708760504834,9.67618667409,9.86808409969405,8.84151047112744,6.79196160492093,8.56089154243694,7.13087883206033,8.07838839678886,9.37597971131656,9.14751230398909,9.91004732800061,9.1601812555606,9.44358777421112,7.85953163731123,10.3250474261723,8.90715444103598,9.22573572757086,8.74407859901984,8.91644634386553,9.08792098740031,10.4062035774989,13.6969980288778,9.6428380370403,9.01011368081931,10.1050830995943,9.25165275061379,9.273613996721,6.85924780127368,9.0648890968095,9.52595393447688
2022-09-22,10.4697687986954,6.85653466313083,8.37143123363754,6.42540614843648,6.78135294014772,8.74524787976786,8.3627150919562,6.53738708003009,6.2859864924022,5.69123839541876,6.88812964409324,7.29956374135889,7.74866242234716,8.29804590408135,8.58799429451939,7.22268733445833,5.40226071217396,9.92824755048568,6.75686691451046,6.51712615969691,6.43056084089053,7.62682113413953,7.2869419747248,7.99406669057344,11.9915782989866,7.17370200944591,8.55033560947699,8.17880384248571,5.99907749206841,6.19051865536419,6.36643564232098,7.43715724900964,8.33559499744666
2022-09-23,10.4009093349745,6.54164246080563,8.42660057419697,5.8474275237488,6.53426817185347,8.27746504600837,8.33743472498722,6.01244995710986,5.23761397114634,5.02718786899806,5.9678753965591,5.16609151913982,6.58347014147068,5.42269053156769,8.31172699303972,6.91628499542673,4.94382318783157,9.71644848533835,5.82989541671666,6.13332070785822,5.06197547363805,7.0741652723915,6.85115528741097,6.3126830282446,12.4397590140496,7.07131965764003,8.40937377203173,8.19853578735205,5.62077248863091,5.82286994692433,5.75935562218143,7.28535046303478,7.33365101948895
2022-09-24,10.6342844461061,8.43952539697329,9.48760708978202,4.16085217263285,8.51480654518409,8.74894962930105,8.67785704576655,4.82836326005839,4.98643603769195,4.2910311995907,5.17521688749147,4.34409453609743,6.40022260228147,3.82172433289621,8.05966316111642,8.71767396677464,5.30859059323504,9.99740120447593,6.22198475332273,7.58546857537125,4.80592445269342,7.41846228518418,8.60845689144805,6.26308544080358,14.4942455273359,8.68604590359701,8.64748524393414,9.86634746336467,7.58960467245532,7.61211795548031,4.52807469462465,8.40784273456108,7.29650187278986
2022-09-25,11.9685788352913,16.028172085939,11.7063243792595,11.6875795256949,15.3235393226112,10.6229466902612,9.69798449359214,11.9568565749378,10.8096495965758,11.7236556166938,10.7930478172674,10.1063394624042,10.1390602325886,8.53442888769556,12.1614870321711,15.6984908966958,12.5965397946691,12.5527458207082,11.8046952125466,15.0794555310251,11.107020844705,10.7046097705686,15.8718700477859,9.2735452980881,13.2716790259814,14.3240254405697,9.53443820134711,14.0684092370266,15.5063225187574,15.1583592086006,11.4762628141136,12.2564514361118,10.0674887004489
2022-09-26,10.868997742025,9.85876940700014,9.92335976277107,5.96482518659945,9.64675382976078,9.17692937951846,8.85169681642482,6.53596908065373,6.25354705895411,6.1383291432701,6.39985604704525,6.01937522729643,7.37386808497884,5.4169280817782,8.98798731587871,9.97121916796497,7.07309711341921,10.4348742337138,7.51481571949745,8.95965211297532,6.50713907369783,8.13196093018517,9.87061195155587,6.41184566509091,14.2643032194553,9.74133465294194,8.82209135908113,10.7412195174442,8.97264041238381,8.96531435838041,6.24633806650507,9.03365576176884,8.0175711749054
2022-09-27,11.3714123894693,11.5073259206153,10.5309370869823,7.51543992329032,12.4426952609245,9.69194197450786,9.24386285769623,7.93334310731269,6.99532675914467,7.09167728652636,7.34421078822469,7.38241116317916,8.46943144460601,6.71568843713962,9.92032352500241,11.7708479471675,8.13881013224787,11.0596634578979,9.01539933209134,11.5412108560981,7.62384466771801,9.18943841101357,11.2733084855716,7.37495495770531,12.6899126292781,11.8488596988679,9.12596736311426,11.2435828017353,11.882235379168,11.6214096013466,7.31707781013172,10.6387196883202,8.89595483843881
2022-09-28,10.7214257457511,9.17154485772823,9.31655867073689,5.44547059681536,8.85202697425363,8.97183070139052,8.69473011004122,5.92698652685452,5.91879606039468,5.33164014859755,6.19130228084458,6.95567804067094,7.80480373754305,7.3264418140788,8.57666944425718,9.28909586922052,5.98088342371494,10.1705481687416,7.33532978151243,8.02736526394864,6.51565675175371,8.06502666334224,9.17453349768539,7.18254393506003,12.1814604521155,9.1629017648641,8.72087759037294,9.84203340704887,7.9415820932928,7.96798512289959,5.64307389139225,8.5749783438288,8.37050211832522
2022-09-29,10.6694520471892,9.5867377961047,8.57727138574756,6.55298258868702,8.26158881517996,7.84609849722513,8.54739069587066,6.72658074638961,5.68591538144125,5.68700683777591,6.40037752124591,5.11751185019181,6.74329869576363,4.84050093507338,8.82364243633664,9.47700174305017,5.82344617132934,10.3673516042352,6.4575535409701,7.59992077561269,5.39588257876959,7.50070018023947,9.76931596488354,6.46073561302001,8.94337300231545,8.76826563625605,8.38872004167336,9.24606904365082,7.28631619297254,7.36570502012462,6.34762233567275,8.23003564704308,7.18711552148515
2022-09-30,10.4689421702687,8.38661574486309,7.96592194762499,5.46934835336982,7.27749143612982,7.68390295101822,8.36758330452188,5.80292657689315,5.11626195517136,5.00765027640737,5.67600350450531,6.36212837012208,7.28246500400236,6.92167793567947,8.30960969590824,8.3677158987909,5.30967297178966,9.89524145385139,6.49884958188726,6.60370728446808,5.90458534852685,7.4879107705162,8.47401899558548,5.72269412464383,7.13707227243872,8.05040004709442,8.28724597093272,8.15067375717607,6.22849809119767,6.39393472639698,5.54713337990785,7.66225309541909,7.58131391518143
2022-10-01,10.9526530879877,9.2918852575495,8.92060420757197,6.60106084962883,9.94703178130206,9.17096119580098,8.78610433243625,7.09255624582301,6.9440675494803,6.69567535512553,7.07772703671462,9.89711607614628,9.4871708343598,10.8452113052968,9.27981804062443,9.63019799165833,7.46135969882581,10.4345923176188,9.04715869687423,9.39423544140089,8.7917736744854,9.07224181080547,9.25523094466073,7.41739779014161,8.50476503112195,9.83345860022011,8.84544606485852,8.8340154926474,9.40775050166769,9.37749446831227,6.81400201208904,9.22198111717022,9.54987996875645
2022-10-02,10.9490530030833,11.0350782364209,9.6180802265764,8.16614014690812,9.72205720108926,10.6183068541651,8.82296077425258,8.29096351143549,7.91338155707969,7.60896031223266,8.32529501287368,14.0388565282269,11.6416841852323,16.8880537315053,9.72856109833468,10.8200256074829,7.5853395041357,10.8023847576624,10.355032931087,9.2210071760236,11.071418567738,9.84583454519638,11.0067989716226,8.99890122182293,11.5695862396036,10.0581092896554,9.2003487386769,10.8760978779169,8.99452484702822,9.00887947241452,8.02799992450579,9.04599614103987,11.7118862997985
2022-10-03,11.3011737795375,13.8175531941162,10.7965714438225,10.9777254975278,11.3662164447543,9.66140792943696,9.13291809745008,10.4519895116566,7.46205179537386,8.41011172772282,8.93430955556281,6.94609890437074,8.07374457663057,6.54017379476747,10.7668960122721,13.19661776794,7.73002609020084,11.6959995062987,8.29512646375244,10.6865793607575,7.06007504292467,8.71229511876315,13.784722463905,7.98793760941103,14.4854427548077,11.5528967595169,9.03706106489429,13.3381077670401,10.417612547609,10.2636323552967,9.62967214008755,9.95951005515685,8.68027802868491
2022-10-04,12.1010834280925,18.6989790603266,12.212251835962,16.3179825728185,15.3304950665467,10.7677874858528,9.73521050113139,15.358954390589,10.5748395760379,13.1577034205778,12.2659401775288,10.4824370534458,10.3288225329005,9.51350711043668,13.463416529489,17.5679264609069,12.1530462062699,13.2664451902341,11.6043032577426,15.0941442448893,10.8787910339054,10.644020078862,18.3535256525555,8.61102950997411,13.8082881530571,15.0329721304047,9.55150576098386,16.2043563196643,14.9532081332601,14.5988875446404,14.3167448840115,12.1768459107136,10.3508115281362
2022-10-05,11.5240931808908,14.2837689088344,10.9822684590455,11.4628725544637,12.6421172578184,10.3658249903656,9.30326598145841,11.4348550251957,10.2237820858555,10.8927978827445,10.5694441604726,10.5954388802065,10.0731018259574,10.2677273148403,11.5362087235468,13.809477204095,10.889484035486,11.9036700352484,10.7490338346046,12.4824265185009,10.6141650971454,10.0039259269645,14.1147254806996,9.55179430930307,13.3692939803468,12.475933776296,9.30093133742764,13.2812306733565,12.4325303331834,12.2966759421301,11.0804114643559,10.6965643112189,10.1235607507796
2022-10-06,10.7409402984674,9.54103776352605,9.59148252925641,8.07607993623998,8.31645442743613,9.83660313131561,8.65944085949451,8.1066604352333,7.41572856806202,7.3332124878012,7.99206667384625,9.45695037391053,9.025169855953,10.6210367583706,9.47856488710361,9.45699794892944,7.03587062106255,10.5205061849744,8.26146717695211,8.06139370732117,8.32642373406751,8.50538355163996,9.72040042891197,8.19472292352661,14.6130365293275,8.79227591240176,8.91476754136905,10.6872003030921,7.61317955717652,7.73979472107567,7.89778548100614,8.26359301654529,9.54075665112248
2022-10-07,10.7774269451131,8.83535450481807,9.25346311844798,7.49687216597852,8.63460225038472,9.96010499827855,8.66467778058633,7.65753401125008,7.87395436924364,7.10975015788381,8.18580877101319,11.1061303231713,9.96424514408055,12.985301869871,9.33094078586931,9.01194810364251,6.9586958392385,10.3496868738018,8.93270797884204,8.29447000246257,9.20571135685036,8.95294665498902,8.91613911171474,9.63794804037734,12.5220467218026,8.90756929244849,8.97118856480727,9.67307046749944,7.97318295897375,8.05768131360384,7.518725979415,8.46102463608869,10.2818716278427
2022-10-08,11.895015572737,15.5357297062772,11.354941658006,18.0955137012453,13.4363896664265,10.4809640675532,9.42892392383574,16.3484618049884,10.8573406793702,13.0748162173072,13.4371717315095,10.4694521292782,10.1500117520338,10.52826654731,13.548834107548,14.8511565404604,10.4215888902861,12.7209869186407,10.5996790997622,13.4496569417449,9.96493921900971,10.07891182071,15.1477388497378,11.0752923040336,13.1001020288018,13.3593286919098,9.37032351303773,14.1229468497242,12.7867082218356,12.5265515613898,15.1876077120952,11.1187112607606,10.3145769663732
2022-10-09,11.6184290396754,13.719302525298,11.0861246402697,11.8358475646141,13.1142695162797,11.6200096860418,9.37098998340184,11.5149425915991,9.31979917181055,10.1142923013094,10.2509568976042,14.9960995158814,12.5512227253061,17.1040948173735,11.5391945580254,13.4872253136326,9.81959931088259,11.8215316194618,12.1185560010754,12.6613790279612,12.4448797552711,11.0055724445246,13.3728931589814,9.44379461267006,13.2686000243405,12.7718951300848,9.66187973753769,12.9180980045359,12.6405027936211,12.3949836791462,10.8246797046172,10.9747328641784,12.5381311289663
2022-10-10,11.6186193446596,15.6563774142519,11.2363317392397,10.2942836435229,13.5800528139112,11.2119707038932,9.43835113389947,10.3720028743919,8.13284488518176,9.28815752036077,8.7943500916588,13.4310686037463,11.7623574621247,14.7048604097685,11.1246840498074,15.0185589559466,9.88994168494158,12.125360902969,11.7453222126446,12.8599699431231,11.6798317722059,10.7857103908629,15.5183756312852,7.02155970393482,12.9162823487869,13.2566568519728,9.57826271741049,13.9600597819255,13.074735929087,12.7972780074292,9.65830707345066,11.2262457547607,11.7697922071816
2022-10-11,11.0639965902093,12.1135417604647,10.7297797560301,6.38888379233501,11.0013003666447,10.1015916503016,9.08482953484085,7.21770231591368,7.6683367296778,7.53688373710372,7.26078919301153,9.10116805652974,9.10596352443702,8.94707448230348,9.51868657824938,11.8495519654051,8.90847382815748,10.7974613938705,9.37599701665706,10.3140667999893,9.07888490673938,9.1834095912085,11.8402135570841,7.0381925011775,14.9456936238801,11.1990754785512,9.13347386488082,12.4948079781495,10.5039481126022,10.4657384542625,7.11021264774508,9.75937888089496,9.47144915534347
2022-10-12,11.0611868385921,10.8110413665883,10.0342903050309,9.23069814951472,10.1676286977893,9.67736494362639,8.91825994752105,9.15794880195571,7.14350901987081,7.96435657014347,8.02273145672577,8.86031459044717,8.92581533799281,9.25658276283373,10.1465881300875,10.7341795808453,7.89252570294618,10.8329710854101,8.74192068908609,9.72844249494926,8.31815077366248,8.86540891250814,10.6063851054754,6.75808819820098,13.0376834022467,10.4081945301705,8.97757598373269,11.1627380821621,9.46649342259343,9.44432220533854,8.64744966945351,9.30009544198182,9.3075936695303
2022-10-13,11.8681810691288,16.1189566963468,11.6081810992673,19.0158056754549,13.0962103261727,10.331175166781,9.41205056708541,16.93350125912,9.16042175669994,12.7842157115828,12.5340770214952,8.86298488305192,9.26029087631117,8.53745482656668,13.7001379941088,15.1964787128381,9.86191091411558,12.883082691871,9.75766973474162,13.0760334095923,8.76691636999507,9.59410446515879,15.7913399341339,7.79318871639607,14.7080464028555,13.2383481380973,9.30555982580222,14.9561304142919,12.2343833392751,11.9855669162202,15.4384346803936,10.9073347808311,9.66286825541742
2022-10-14,11.2007222022536,11.7517950196036,9.97424674609597,14.6433478171684,9.72984984288898,9.87629305324651,8.85738510251346,13.2413937794717,7.96237725731166,10.2252631906502,10.4677611631524,9.95258318018158,9.45682132354085,11.0928087008854,11.7443512395612,11.331530261908,7.93962128704125,11.5526172127074,8.85675615792344,9.8007715594227,8.70374946233006,8.94239026419145,11.7175670608697,7.49969094692523,13.0784806941134,10.2144199841746,8.99975360098187,11.7725160122727,8.86755218933894,8.87686602824793,12.2888813269449,9.03259806576545,9.82889158472583
2022-10-15,11.050896650875,11.9525905449431,10.05355498007,9.14211472812305,10.1577667800492,10.3108573552407,8.91766749758517,9.19742888225802,8.14978234115265,8.48723166027027,8.65064404402707,11.7281760532143,10.4279813950033,13.1486765707819,10.2006952934447,11.5844913114072,8.45300326067657,11.1077097769003,9.87356131874471,9.81819560921665,10.1865508515662,9.49983652247806,11.9565591874332,8.12160373719711,13.0150288262968,10.4633709660601,9.14225345928195,11.8058113409924,9.56760028976447,9.57860603533514,8.89255093458635,9.28699605529747,10.6134364715589
2022-10-16,11.3755655568529,14.5659432222785,11.1777837699341,12.5727791212925,11.6185271916586,10.7308023239036,9.19370791435891,12.0129403211726,9.25372185263894,10.4963632983084,10.4461177150125,11.5500340569763,10.4675410669101,12.4037114937827,11.5444441389441,13.7304840414171,9.59767810495492,11.794090273813,10.3630578863549,11.3067676834633,10.4687234373007,9.81159062824017,14.2135791555728,8.75595894626107,14.9221063348306,12.1132723179886,9.32282286923236,14.1641453631869,10.9056002592068,10.831536577742,11.427940519134,10.0603761951866,10.7061098658647
2022-10-17,11.0225144843436,11.3172017684593,10.1402060250493,9.99951981856267,9.78081583361419,9.59019365813535,8.88113372150242,9.72757348728329,6.89082228783919,8.24086258816146,8.07839895841923,8.18439771898706,8.5041378286463,8.36631674678472,10.3278973754911,11.0169841598047,7.85836770210632,10.9741684079626,8.35551914133983,9.43620926794209,7.90953321619173,8.60185243978576,11.1920552049316,5.91493139932414,13.9755922194199,10.2293959167404,8.92756874743892,11.760665374887,9.01441909174789,9.03459049168236,9.14893232541347,9.06464084309734,8.97806458374308
2022-10-18,11.9325892610257,14.7475246437905,11.3379706553286,16.5596280008934,13.8646656304274,11.0025331677436,9.48694808558919,15.8643358079581,11.8708718057422,14.7425055693346,12.9258123372993,12.8078924196997,11.3294002532742,12.1893318704017,13.6818790377907,14.4296113267721,13.8857145275926,12.6433415184992,12.5461747282386,14.6259660452165,13.0762432304805,10.9520308890295,14.5585183046724,8.12606858124822,13.6115984489579,13.2719572029639,9.54569707271155,13.502070067035,14.292055976805,14.1455000690517,15.2876266951018,11.4133019553931,11.043727016743
2022-10-19,11.5464689531314,12.8107307823793,10.8204160707339,11.7024572911048,12.5927993898955,10.7068596949518,9.28646326524183,11.5653744161645,9.09498761498193,10.5705875378028,9.83051800671677,11.7614123506274,10.7219996464446,12.0850142540394,11.5763638066868,12.7391140599525,10.6166189155307,11.692082869247,11.0962024637442,12.5023678147067,11.0998749820264,10.2555347931869,12.5948249453208,7.42023034229947,13.3452058285718,12.1851584337448,9.39561868061401,12.2883938393972,12.4357128930707,12.2764064341245,10.9966126895668,10.6983796840157,10.7620512445415
2022-10-20,10.8898537257931,8.44518566694812,9.2861575093813,7.55963682013262,9.2389043661469,10.4497022091451,8.74347833708807,7.84491864976013,8.54103475885464,7.59249915629049,8.58914576029024,12.9398865448,11.0157556176471,15.2568823999609,9.53161235331621,8.87659687155847,7.65838548005334,10.381191146266,9.94768009698035,9.0132113371842,10.542608182125,9.56308199600068,8.51355087431199,10.3075144847225,12.2351272491829,9.17611940211902,9.14228945001747,9.24605610096558,8.81596344357241,8.86042143429614,7.76955355856972,8.83014645908846,11.1738871718005
2022-10-21,10.8743195192,10.374195933879,9.7332200696274,7.49964082348603,9.39257704359946,10.0760998347184,8.79726536439451,7.70325433624402,7.54508362082779,7.07058142936724,7.90208828668121,10.9287854923525,9.95034274353939,12.5837443936033,9.4276047406425,10.2651866325288,7.15426869984484,10.5824605972042,9.09577178427853,8.8247811896802,9.1854126318133,9.08341154587995,10.3203320679243,8.83820354871211,12.9544126527173,9.75940522348235,9.0384173464873,10.8431596084867,8.61155243363042,8.63987938216106,7.46247202851919,8.86283302289609,10.287294546261
2022-10-22,11.3717442759708,11.3772951132615,10.453127815075,11.3125683708233,11.511550238448,10.6836154475329,9.12424465355111,11.1116479118051,9.34323990271765,10.1530364144044,10.044074131922,11.9474881734451,10.7078308757881,12.787756688877,11.2301588814849,11.4704136936574,9.83692726533232,11.345140401469,10.679513689006,11.4918343032414,10.8584438852647,9.99390850484609,11.226844657714,8.89060420094648,13.6453184890569,11.2315172170625,9.32885452258468,11.4796841046431,11.2821768724458,11.1938184627603,10.6689120005213,10.0941352635032,10.8286727650891
2022-10-23,12.014186681068,16.9294943367652,12.0818912824064,12.3730935390459,15.6695711906445,11.8843022488538,9.76722874323533,12.4299509942321,10.8765532981893,11.8313579489219,11.1343379967137,15.1806132414931,12.8836265832643,16.0054385771933,12.3464746659994,16.3470919811515,12.3665194990451,12.5378553477516,13.5137306606075,15.1735153793365,13.7385642174683,11.7983692465074,16.3645171328317,9.7595714231191,13.209434706374,15.0423368377299,9.87405125186684,14.9206110805227,15.5421199185676,15.1671930134546,11.8416409379578,12.400750021146,12.6138659032511
2022-10-24,11.6125486800813,16.0266290304237,11.5807050958592,12.1405643363313,13.231131392431,10.844980211022,9.42560986032824,11.7779163751424,9.56902677731992,10.4044586037616,10.5041283106976,11.3150383999588,10.5581389695977,11.7158695142961,11.6469056282765,15.1580729392699,9.999009589731,12.1770210655773,10.8529508943466,12.6379043981657,10.5054366302016,10.1999501643184,15.6724404981476,9.61544362579416,14.3822881484656,13.3170224198464,9.45003457385305,14.8058362125645,12.5670932922957,12.341615539732,11.1188046614053,10.9875243196731,10.7489540342945
2022-10-25,11.2476547592761,12.8559050217868,10.7129700409001,9.51433780259855,11.3890579273592,10.1878000102771,9.12767306414953,9.76045324308249,9.79076717662372,9.65807317019591,9.76809960422189,10.0733070985837,9.64818381349187,10.0076513017441,10.6549218982377,12.4785396781039,9.87769605114262,11.2921435528214,9.99516296596675,11.091919855181,9.94802012310013,9.52351012049957,12.6193289698824,9.97333210329699,14.0269785861607,11.5378276738484,9.17847685713038,12.6896107102964,11.0217285165809,10.9787498657459,9.6281055481753,9.97645822498605,9.8380923309006
2022-10-26,11.3476397036653,12.2233656560083,10.4702894607639,9.47616155600423,11.8216461615124,11.1391437102005,9.16302331231883,9.92857943595603,10.3495224658876,10.2701431703167,9.98185674463428,14.2130502751363,11.9116935097262,15.4812368075619,10.864737467053,12.1782525915467,10.8725212097834,11.4193974366307,11.8739268409373,11.8289725823324,12.7094742796197,10.6298155574365,12.2352504281824,9.89144230065861,13.3041963216339,11.4436652900436,9.46842205822909,11.8195030196034,11.8891853499747,11.827215908045,9.894054818715,10.2747173595936,11.7796192051128
2022-10-27,11.1601502506364,11.1336058160008,10.3375164168628,8.74278635329693,10.8385135595183,11.4550568527586,9.0325477207099,9.09888817222596,8.9565894919582,9.00954189415331,8.93607102369086,15.2375512589999,12.3738432362578,17.6694643948004,10.3205241050335,11.148758808625,9.47226733441968,11.0012616232218,11.5923402264773,10.6499626613149,12.6258837691797,10.5138978193664,11.0551795770011,8.69243927336507,14.1336807419989,10.7449320755683,9.49124447003281,11.4849374403876,10.5953401601188,10.5739514748892,8.9489468582293,9.7053021617233,12.3842642597211
2022-10-28,11.1604384716303,12.3696307077302,10.3516200119606,9.93302180684766,10.7083947634456,10.044139548445,9.01079235705429,9.7450487329861,7.90075920898423,8.48439694171445,8.80181652863133,9.94896926773253,9.56399486674047,10.6905445980626,10.4513932931007,11.9831712680236,8.1780023452035,11.2207209207499,9.30351443795542,10.2094112723107,9.01222265765231,9.22541011842107,12.2103470284533,8.11634705046934,13.3147853589274,10.9928381652076,9.10119784974895,12.2099457421611,9.95334247178613,9.89393473095624,9.2258172562062,9.58950238357739,9.89372629016799
2022-10-29,10.9366794193792,9.07521478615988,9.54374987867191,8.40807746364688,9.35924674857958,10.0151257300134,8.78249263968123,8.42858264330731,8.06340341547195,7.61279496009699,8.57260585242859,10.3154470479291,9.64038595668729,11.6245146475637,9.75254869410965,9.35986375346169,7.36152842019133,10.5878974753172,8.96199858001229,9.07845581639479,8.90569955523444,9.00134860428871,9.17238883108904,9.6160577617485,13.2182658565601,9.34875225843617,9.03187264187152,9.90359148863763,8.7982237844491,8.81529200937894,8.15267033772949,8.88949924404511,10.0194402064017
2022-10-30,11.8797954063685,13.3198937746533,10.8677227010618,16.8225517831964,13.3736685282486,10.164142833352,9.3842639580051,15.6745916492347,12.0728858063888,13.7258389162434,13.6236952653293,9.88725109061663,9.79965724825799,8.92680808454465,13.4131603430687,13.28829201064,11.8996906654105,12.3862669875639,10.887978353893,13.8680534868725,10.4558118343406,10.1079269908199,13.0983147703002,11.6887677633342,12.3676338672785,12.7313902712477,9.30092862367642,12.2775643419811,13.4057967045277,13.2012024202708,14.9417930535707,11.1516863093145,9.78097807763562
2022-10-31,11.5618005908036,10.8085236050828,10.5609909276355,11.2079241119293,12.5870738131392,11.6955256585855,9.26922447476552,11.0965126010248,9.19381348518368,10.0659506133161,9.86582199115516,15.334594606331,12.6873943284717,17.4500626976013,11.3721468809535,11.3207214469559,10.1109667617114,11.4024109841105,12.2730244327714,12.5196262086576,12.8176094375581,11.0478035974389,10.6448444796827,8.67184965947155,13.3577362063317,11.7278684387463,9.66978321052226,10.8591708000244,12.5371671983146,12.3305490877918,10.5167263450641,10.7489052480629,12.6388816845424
2022-11-01,11.3546063769219,11.8774852451155,10.4906861340574,11.3844762668074,11.4575175277321,12.3214995699847,9.11850755755303,11.2182666554546,10.044446376375,10.5153883581023,10.548818973771,18.9602215723287,14.4283041909502,22.8225585560672,11.2815224152968,11.8070711193601,10.1199600421186,11.3895857209836,13.1433441980086,11.463678133831,14.8560756771025,11.4733709418882,11.6906969211015,9.95551516860485,13.4843528788918,11.3340752158918,9.7534595571868,11.8203048826589,11.22905055016,11.1682630228671,10.9049465698398,10.0460945590411,14.1949539321901
2022-11-02,11.8182865167987,18.2692563219415,12.1455650201723,12.4001137360674,14.6644303855434,11.0982695061016,9.64433561560396,12.0881009836393,9.96323004267147,10.7251566031254,10.813499623853,12.0864529008325,11.128623167453,12.4831935619202,11.9409790684773,17.0562577990655,10.5403753200777,12.5650520549418,11.6055270960061,13.7637451079671,11.1479323639941,10.7113669983938,17.6810536540083,10.143148308963,13.7700993431113,14.7738233717038,9.59149702773293,16.165557366544,13.8861029214961,13.553476428755,11.3485483356682,11.7656205485368,11.2007721364964
2022-11-03,11.6363049690098,15.432172812576,11.4283534571461,13.6851690427298,13.0092438138551,10.6415634124777,9.38257909223764,13.1480831736689,9.4305231829606,11.6375480437753,10.6594204278674,11.4298730035399,10.5410677986341,11.4738072601857,12.2553392456277,14.6524251547874,11.0726610608387,12.1250371238492,11.0709363496363,12.8249852914016,11.0552981005288,10.2163113013201,14.9247807082537,7.15190261867074,13.7225055697209,13.1982640221875,9.38194826095088,14.3609277941596,12.5614548266483,12.4093730918546,12.4357790704097,10.8543842546937,10.5763004505173
2022-11-04,12.039178323899,17.1577318589237,11.9463029970209,14.8566715458145,15.2193679021906,10.8140763216288,9.69875397706977,14.236275151866,10.2191100499652,12.4822777489156,11.5184618563579,11.1442700812866,10.6792801786891,10.462174956848,13.0004935148707,16.4180360762687,12.0412659111658,12.8107593191712,11.8346722040245,14.9301585678449,11.2549933328318,10.7821401577409,16.6797609070622,8.19715191438622,13.0641085801022,14.7648199872899,9.5630017178197,15.0462006168625,14.9424633648496,14.5911913919457,13.3051414969469,12.1349560031039,10.6271098299386
2022-11-05,13.3384415586463,23.1766962061121,14.0841172131308,26.2253160463504,20.7591626193498,12.9290729612882,10.5636589152045,24.5287103312011,16.1239068509788,22.4054841572198,18.1255892058511,17.5822661183423,14.5531188444812,15.7600608415957,18.3621832577448,21.983868808788,20.7679659872352,15.3881275202094,17.5991729821123,22.1313659512904,18.5283577067889,13.9671528279262,22.4168625583566,7.8445791666737,13.994351572208,19.3345167075588,10.4399213798378,18.8711191929382,21.9655216371692,21.4284500103114,23.2908126814447,15.2683859641675,13.5095702526249
2022-11-06,13.1705736269263,24.6016952693038,14.2131032303755,23.7550008510702,20.4634224013794,11.8108685872938,10.5360386657581,22.0092079078175,14.2988356107926,19.1109052695127,16.636751754399,12.1514276789105,11.7290551679753,9.40157351655789,17.0441741123349,22.946202438438,17.371571016839,15.3496425954842,14.7566817796167,20.7900831711355,13.9365404824293,12.5122043162024,23.9367250874455,9.52319156006401,14.3992659198473,19.3823903133522,10.1188624159942,19.9464126048513,20.764131122774,20.1137694080528,20.5197169513725,15.0664404908007,11.2861317066771
2022-11-07,11.8443249549684,17.8547544589349,11.9194225996782,15.1481783985594,14.1152337722946,10.1259931597033,9.55652793301661,14.1058674176109,10.3655822280237,11.7452978573658,12.0994679151608,8.55635932816707,9.18391277911005,7.65476138111299,12.6796608229132,16.6369201263572,10.2900030219205,12.7348653129792,10.0979959619327,13.5122157312934,8.97061454042405,9.79057729609584,17.3083448068504,10.8173969137373,13.5185267151092,14.3466545865693,9.3026814121108,15.8619963326171,13.2406815973713,12.9407885396499,13.1482787816765,11.4519112509368,9.44065915887931
2022-11-08,11.4551179520335,12.2414109591772,10.6059279069689,13.119527070182,11.6512847666334,9.96641070235889,9.15310668604444,12.2911317163504,7.94405355457611,9.93321575720793,9.78220243416486,8.56842548540106,8.96082896962881,8.41208556833364,11.6394743564416,12.1196542938163,8.8770869155266,11.6654152538455,9.22848398698991,11.4724800867659,8.42174891149285,9.22307101162392,12.0905005407067,7.04271871991062,13.7771790190952,11.4873502945312,9.14339291501762,12.0963941382648,11.0630430895637,10.9110193550796,11.3505983452226,10.1564729797292,9.36057180923482
2022-11-09,11.3836963996213,13.9196568241532,10.7319445345953,12.5501469935161,11.5034244587038,9.31122394287977,9.1416367971661,11.9178540729484,8.64943492442959,10.1038774383568,10.0618715345711,6.36349408545649,7.71988736530636,5.08013585034717,11.4807826997193,13.29379562084,9.1861972214925,11.8596488048585,8.47597866511335,11.2541236481469,7.408290044829,8.69593404524577,13.8414993394666,8.08873535639421,13.7655563730773,11.6883224478185,8.95227853631792,13.2336065340047,10.8586482664588,10.7578126558477,11.2062834169879,10.0344752953398,8.1598290506968
2022-11-10,10.8188070949197,9.66848350023372,9.6164572952957,7.53754662235531,8.99229046053622,9.69176428238312,8.73971959361374,7.77426198384868,7.47260843719144,7.26775428554724,7.79208311240594,9.48301482815459,9.11335447721038,10.4162363053307,9.43664549144291,9.66776073526695,7.38887062958035,10.4386582724902,8.55539734211705,8.59697869831312,8.52371236760039,8.69623941826009,9.62286357700519,8.10709900470092,13.2421235294588,9.383749352126,8.91517115959995,10.4791517459314,8.32111828833964,8.40001908198656,7.58994900503439,8.64182329305503,9.50314524127865
2022-11-11,11.8793501580147,14.2943239717071,11.2967695032209,15.1582934878312,13.8554784243642,11.1158359344938,9.48303631393221,14.7640437019571,12.6408193389474,14.2467426214441,13.1088603674412,13.2133429090225,11.55381944249,12.8163011199897,13.2238453805181,14.0981259318141,13.66459761816,12.4174933797975,12.6686647260831,14.4731540919648,13.2513008096221,11.0389993970634,14.0716778101436,10.4858854110652,13.5897917897273,13.2018271787976,9.57695450418522,13.2056550549326,14.2915004271828,14.1378867141282,14.4234521733478,11.4155364800241,11.2618228791446
2022-11-12,11.7541869448409,12.2755202253845,10.7454841120727,15.1002306611013,12.9405375277956,10.7329328080117,9.32416607201787,14.5886254527845,13.2533872599652,14.0761806809191,13.6952159420186,12.4215292659017,11.0451483945648,12.0330314136692,13.0240814690115,12.4460159894307,13.0238672314197,12.0277599378734,12.0069472195271,13.7041764625093,12.519810893638,10.6337878572708,12.0854609901239,12.6139382566333,12.9522433057339,12.2485378533158,9.42950503792317,11.743110739166,13.3852711655545,13.2833973214456,14.3690512239034,10.9216152107975,10.8099361110922
2022-11-13,11.1098704978213,10.7422546584809,10.0746495037143,8.84798994319289,10.4676616638638,9.99145715291207,8.96269366298104,8.98591674014328,9.34634880206015,8.58338522248086,9.4941398546211,9.69012787680427,9.40037375621275,10.1253330807213,10.1652825283227,10.7895669297888,8.49703943611702,10.9350522315128,9.31416738794988,10.1587344143678,9.08714987610214,9.18448187650586,10.71013251008,11.0436850727128,13.4692402472263,10.4185877640828,9.08470624799847,11.0603720200923,10.0182991949624,9.98446361208165,8.81927366548712,9.49796766909969,9.71359343691874
2022-11-14,10.9297465607145,8.22777247359811,9.40589580712989,9.18669010767507,9.02302979273809,10.1940506261918,8.73271915682931,9.0751081217514,7.80477220394365,8.07626378803589,8.55135523423013,10.9709148934732,9.94413919424859,12.4821432596433,10.0119976236359,8.69135378134838,7.67798924762376,10.5574975892786,9.18506262351573,9.02567355359535,9.40018300248949,9.09312246329401,8.4106154651973,8.26227328088637,13.632381489713,8.91552073410675,9.06419715441038,9.4091866737512,8.62413424351271,8.6797847565839,8.73976362754548,8.71784707095922,10.2947422875708
2022-11-15,11.1682427690952,14.0566311473261,10.3570380049402,13.2871452783048,10.0115196727557,10.4709373922991,8.92409082699203,12.4168292107998,9.61472146079814,10.6750462254375,11.0704133484663,12.1500948230256,10.6006977446886,13.7259299293205,11.5049566189251,13.0751482246549,8.97095634998714,11.8792904272615,9.96518383578332,10.0385988356703,10.4990872181675,9.5159155938996,14.2009545695869,9.8349710574599,13.9181441659156,10.6963778204739,9.16492470788468,13.4301693612277,9.29316091759349,9.34536105128567,11.9247587852591,9.16226325842084,10.7956545632295
2022-11-16,11.3567090611624,12.7856654641392,10.3897723088989,12.3968280542951,11.2517351876816,9.88336884795008,9.08191992536197,11.6758893396599,10.4431461723083,10.0485519350571,11.5609661212558,9.04409518411779,9.16291096198814,9.25712990660865,11.3218535399492,12.437226745005,8.55512789310172,11.6939631119834,9.20255433289366,10.9905442055574,8.56884330097968,9.19789741157025,12.7711212242545,13.22157598769,13.0563243696807,11.2619675071113,9.09567826790418,12.2496473248488,10.5798597315011,10.4620129876791,11.1700071462031,9.91810019104356,9.51018231713009
2022-11-17,11.3846259150005,15.6127555210008,11.0647425687252,13.0032038657101,11.6290788644903,10.0503087829244,9.18053386233004,12.9243978991545,13.2066287361408,13.3525899739895,12.9760552352847,10.5592219146036,9.79170690277972,9.57091233921703,12.1398442161717,14.5004151495272,12.6711957365776,12.0510116612345,10.8132789659536,12.0185167979631,11.4839130803543,9.76612080472579,15.3744072687118,12.5865350395884,13.9178122965315,12.2390982332441,9.14089480580013,14.5494537560253,11.6108602320343,11.6951836312254,13.1330858373445,10.0524305912034,9.66285871866386
2022-11-18,11.6788823398541,16.5709282552694,11.4870771706803,19.5081911622658,11.9217386634503,10.6647503264571,9.25452421529657,18.3802017181535,15.6818656279326,17.9753818386658,16.4540755658198,12.7907313502062,10.9108606879441,11.7355122034695,14.5775202473329,15.2428175685379,15.5407578505787,12.8445639158372,12.2433964357329,13.3948693632033,13.8654516319754,10.4256757869839,16.275857835666,12.5578633899292,15.1671686301827,12.6465954293829,9.31420897588381,15.5407549268402,12.3626059032182,12.5400992918871,18.440364844242,10.19823468998,10.5145887240735
2022-11-19,12.4075707071886,17.3690647472474,12.195496339997,22.1236672894773,15.6694373596126,11.0824331818408,9.7787161370384,20.7118292010889,15.3019065076294,19.2937167349041,16.769649228407,12.7541754843717,11.4039913573719,10.6647354192852,16.0533970003301,16.6779108500225,17.225189657361,13.6412545480101,13.7243500726834,17.127833908863,14.4366158886762,11.5118756585625,16.8978109488059,10.2845390080695,13.8335121355864,15.0545026783053,9.66182740005552,15.323216912589,16.5171574144827,16.3424747046722,20.0909536195753,12.3992159306609,10.8402525415083
2022-11-20,11.9875240685125,18.4011494047275,12.0579001246328,16.9177168228932,14.4549931121879,11.3974889731651,9.61618767233101,16.1601329179992,12.8832997388966,15.1233572705943,13.8187044309273,13.7975698015491,11.8919903069289,13.553399561062,13.8376936204735,17.1706817409158,14.017527009849,13.2447735671589,12.9870629298337,14.8898504748153,13.6607553627241,11.2345819010896,18.1893895120804,10.290657620768,14.5251074171206,14.3706853040826,9.66498217811736,16.2173534156304,14.5636690992758,14.3944465581408,15.6565046479809,11.674526461663,11.5989175781546
2022-11-21,12.1303028133622,15.5436568295,11.7587202516247,16.4021583556424,15.1850931276021,11.9030199864358,9.6850508941894,15.8006832859795,12.988531262941,14.8640794384453,13.7345647746885,15.6608139293691,13.0338073987581,16.0870239058188,13.8080748894551,15.2831296790832,14.1237627120325,12.820877158522,13.9643829055202,15.6902930124776,14.7238837604889,11.9062637546423,15.1910983089612,10.9101164698401,13.4720176862215,14.3103145675539,9.86098728428902,13.9428646110972,15.5998678660569,15.326731030952,15.2481363181138,12.1662050371966,12.608744506723
2022-11-22,11.7738854859504,15.8693939359229,11.3392431787992,11.1794298452944,14.2911947275657,11.7958542834107,9.53504951223219,11.5820549299637,11.4716153105638,11.8984941884829,11.0839450597055,16.3247392920325,13.2974953139368,17.567306858179,11.9037081180789,15.3425411928096,12.6937916118702,12.3489472142,13.6839927022379,14.1872625499741,14.6375093633339,11.7572461064787,15.7394570368038,10.1985091069738,12.566095441339,13.6916967808331,9.77806544315692,13.9068466132035,14.4811594528618,14.2592240754659,11.3978781392035,11.6464896012437,12.8674147621429
2022-11-23,11.2613873514321,16.6538486395951,10.9971015416639,11.0254813093695,11.47842214916,11.014147455438,9.15015949212445,11.1387707604093,11.1374371321985,11.3067134297754,11.0321070137583,14.9887005006643,12.1826197182343,16.6306974278556,11.2753677190566,15.2053842936486,11.1400146908,11.968695001546,11.9096972296047,11.2771162136844,13.2346632158274,10.5611551629107,16.4113158458947,10.5798728136152,13.0132557083041,12.3717837615156,9.37917010891988,15.0646437585492,11.0118504095699,11.0577652065778,11.1789872710578,9.9366894807339,11.9376707281366
2022-11-24,11.2455398414617,13.434421397409,10.5129681111961,11.3653670206452,10.969983188253,10.3188883748804,9.05453260858466,11.734711781808,12.595808798884,12.8465081823305,11.8712982135859,12.5183583858574,10.7540208707761,12.2636408946178,11.6312106025903,12.8051218237288,12.9180881941244,11.5466571607435,11.4672906157955,11.5723371020734,12.7816966770527,10.0894815697699,13.2771274187946,10.8098719298557,13.2307578689968,11.3560007647027,9.1843540895175,12.890600377542,11.2662015429782,11.420267702054,12.1347083833852,9.71995385882943,10.4512195969382
2022-11-25,11.776774181657,12.8971952899088,11.4229628739432,11.5631409732721,14.0101856574202,11.1776283446315,9.51976783845635,12.3038782632515,14.009518531727,13.9561438535093,12.6754917667531,12.8437371071741,11.3221216782728,11.5050393803182,12.3582962872861,13.121827391279,14.957106441429,11.8261953306799,13.050457700557,14.684478103312,13.8725503933724,11.1260553198619,12.5797937089065,12.1348137595514,14.7652875882516,13.0806385225064,9.60908802059816,12.582687367099,14.9591741633397,14.8580091268399,12.6526861673898,11.5325997763804,10.9571038354374
2022-11-26,12.0997580851858,20.1363846445145,12.7161093484627,15.1539370270274,15.8878442184442,11.4697877802193,9.8412915944253,14.9759613666144,13.5255571918669,14.8636039359245,13.5983415199501,13.9924687985145,12.1273037257054,13.3296376709633,13.5342345382048,18.6515226156063,14.7238574738796,13.1734427545074,13.6135156929488,15.824319079136,14.1703658754465,11.6252030756383,19.394257131004,11.3858396576604,13.9097156567994,15.9695430000048,9.754332445009,17.4334190633406,15.9002333604023,15.6494715275515,14.6823478738848,12.4354494031423,11.7010026992297
2022-11-27,12.2573413615789,19.020904996314,12.5752434368688,19.1428978716206,15.5767992590314,11.6841795332013,9.80307163733492,18.9949329952705,17.2134265058846,20.3109420872331,16.6121545838658,15.1392879388356,12.5140703963532,12.7269697250461,15.5518027867779,17.8725942174119,19.9912092393802,13.6819532143017,15.3066987549786,17.3715794278445,17.3149707763265,12.1524017733483,18.7614170458905,10.4065309136019,15.609672467861,15.1653988799228,9.80869861988096,16.8012451816209,17.0948634592212,17.0934895663015,19.2748093604061,12.324565478024,11.6145389087082
2022-11-28,11.9166500319569,15.597225960886,11.6047894741434,14.821712383843,14.2547651386336,11.2183541428268,9.55875884698323,15.1801598830476,15.4600703358905,16.777920291723,14.4079624797181,14.1340518948025,11.9340840615298,12.4988792882098,13.6887606189129,15.1333340067253,17.1393532016375,12.6520634062026,14.0112732766225,15.5098052530783,15.5443148395062,11.5249533708351,15.4326232154938,11.3347890111383,14.1810822339547,13.6443021359022,9.62331596675155,14.1683233609206,15.4750633876431,15.4632294584045,15.5649112049282,11.6279447039907,11.2517176308918
2022-11-29,12.052771686125,17.6420383140283,11.8262709488598,16.050012735632,14.9343204251458,11.517855839017,9.6558197334642,16.0114568468133,14.0041861180923,16.526205776091,13.8200672640427,15.3750745231874,12.7072972630155,14.5429959589982,14.0404771116078,16.7600859280875,16.6127560395094,13.1726633234688,14.4238000841777,15.9236456785983,15.8763423663529,11.8915622980017,17.5119280882245,8.94206732148295,13.4086582925042,14.4154042827117,9.73554992366815,15.2681531958046,15.8414288613715,15.7384819441712,15.9398999520598,11.9873036020909,11.9912175909576
2022-11-30,12.4004138183124,18.1065311035305,12.569739419369,17.4531142397446,16.7727257305018,12.0975498667364,9.94989487133484,17.3394663129785,15.45799356042,17.8751340255114,15.1825203421976,15.9854011920831,13.2493411379766,14.7074428316863,14.8674423077462,17.4785603135962,17.9427674122173,13.4600052440799,15.4728547714908,17.8093546023257,16.7579861095349,12.5638911046259,17.6903030576685,10.6841833014854,14.3551570879515,15.7775688227344,9.99864333509967,15.7719590231439,17.9133868321008,17.6724321956964,17.1996632857091,13.0454778135313,12.4724624919454
2022-12-01,14.5038637022973,14.7988492906974,12.8388385954526,13.6858947825382,13.3239517047082,12.2818677959147,12.3564539711946,14.2250897214992,14.2310541151879,15.3399403625049,13.6090614233226,13.4201724496337,12.7540857370827,12.315286765691,14.553952882641,14.4808970786272,15.8468168910865,14.3790933655082,13.6553172696569,13.9710701723623,14.6593404680392,12.7691440342081,14.5207639095468,10.6851466171222,12.2702182470252,13.8825758741858,12.2640672132319,14.0080749152387,13.6066713131097,13.8523724781455,14.5946114771646,12.6121866057712,12.3099909962046
2022-12-02,14.7596012555726,18.4348539390457,14.5757698902364,12.9352151725647,15.3895961033863,13.9771178429299,12.7686997409409,13.605359188193,13.0492622275315,14.3228107095808,12.5702275491903,15.7262967912899,14.2671904805617,15.6308323739958,14.4635099727437,17.536000425613,15.4777135253373,14.9852171533714,14.8832499394445,15.2537369810107,15.7035201618093,13.7068240948825,17.9877396446525,9.54175230756295,16.8096587014682,15.9250897020551,12.8178603697875,17.5437555814609,15.2761129564484,15.3115413222644,13.6353061833515,13.7403363428463,14.0781253901522
2022-12-03,15.3742895183382,18.6480157130224,14.6464091989955,20.1172978749479,17.2648824482494,13.7936831118687,13.0050877025803,19.5113658854327,15.2168432906006,18.6091002178454,16.1855289917039,15.138855909596,14.1713249863485,13.761595746258,17.2446541999934,18.1477058690347,17.9515891957951,16.0400354513331,15.7385076777734,18.0625719860293,16.2317521152852,14.2129367543408,18.252830269753,10.2212988993172,15.07388332015,16.9753093309167,12.8935064976068,16.9266758002597,17.7000585535607,17.6056605614133,18.9966441298064,14.860043875098,13.7344218365475
2022-12-04,14.678718699383,13.6898212262431,13.2697502660489,12.9521300310967,14.4003942996586,13.0191409467366,12.5377874241848,13.1005144751952,10.9081615711771,12.3330071666192,11.5024290705559,12.9863107709037,12.8473507077331,12.9474554364344,14.0036180666603,13.9484441268738,12.8047987457657,14.3076511662488,13.0780454965012,14.2234866330011,12.8455874980784,12.8323583271918,13.4092638368244,8.86523417260537,14.1870354936689,14.2596886519503,12.535107317977,13.5780040549441,14.1128584471483,14.0692717685496,12.6381788399266,13.2817317605342,12.9153862285894
2022-12-05,14.223131885525,12.9022183370069,12.421965240611,9.30247798505951,12.5987721191233,12.8886094590455,12.2308168057772,10.3418637117008,10.780367282908,11.2883884181964,10.0975906869743,15.9900755414418,14.1509422388436,17.291591038356,12.6931865644245,12.9285840693275,12.8505075223897,13.4871436017731,13.6707316641515,12.3827364535252,14.7656625558081,12.9969317449473,12.4820271442459,8.15429616467804,11.5838542293312,13.2057945766941,12.3850162918259,12.7143938926303,12.332253210583,12.5179672032169,10.5344421212087,12.2113455237869,13.8317461072889
2022-12-06,14.9373714209833,14.1475784787688,13.4807194318853,12.1730508116365,16.1770657034241,13.3558165847275,12.7720186705073,12.9170492887148,13.3104984521834,13.5028376327975,12.7089524132961,14.6635495343628,13.9186320544821,14.2397998882341,14.2738739162437,14.6759635017086,14.8337441890139,14.459564985854,14.735131060914,16.0837240478145,14.7758595406773,13.7845684649986,13.7335142381026,11.9435967209837,12.6539135611578,15.4590419394195,12.7351863942397,13.3308365127179,16.4059331437225,16.2700903665472,12.8332945585512,14.3182799734757,13.6137631771941
2022-12-07,15.1303373979485,12.3047512135061,14.2216884816515,8.38714320324717,17.9703152864011,14.7831513207526,13.0782380482468,9.84146140788637,10.2162183541955,10.369507725134,9.36558284340615,15.7201840250477,14.8473895973999,16.0000788498323,13.1641323190171,13.8097158572542,13.5623016003491,14.138429425679,15.472556447929,17.1988651403527,14.8006434365845,14.5164555295111,11.9792929514054,8.56277234604848,16.2441283535235,16.0111535598622,13.2413505653259,12.6552096493725,18.2869963445713,17.8686018192925,9.37214287502056,15.4427207835662,14.896920815858
2022-12-08,13.5255422399906,7.07466080775716,11.0163943100643,8.28012853235341,7.9805869799565,10.9125046885965,11.5611976287544,8.58471307046206,7.99625727576,7.9454647638822,8.58988758468926,7.11658780532409,9.01510532711638,7.05874919776988,11.1796378606191,7.79605831998943,7.9076295675368,12.3655269297354,8.14108015996796,7.85789500665558,7.56128330976613,9.75510371146536,7.33957473225756,8.28533054831589,14.7714668785382,8.85597697938866,11.6121768332426,9.67432725031159,7.12530183270488,7.51453456736982,8.55186511738752,9.66338997243127,9.78143156963831
2022-12-09,13.5711637744496,6.96174577177317,10.5069112828652,6.86248515117368,8.58823966020698,10.5339442199885,11.5820551124472,7.6794775912447,8.21831648215423,7.87226284043178,8.11474405014292,7.95756556678584,9.51748279119583,7.77895055746698,10.9442549613295,7.85099102166664,8.72568605753341,12.2583288592677,8.86836391318169,8.44395136270241,8.48577989762812,10.1574556646541,7.17111635758908,7.94185497648153,11.119700928364,9.21912069727314,11.5533671455468,8.59321123336853,7.98975217275938,8.35650127286267,7.83856761798976,10.02349775155,9.91157741942678
2022-12-10,14.3450302369735,11.9610948693155,12.5312955278318,12.5078265567243,12.4274546246301,11.8083286194618,12.2273804679102,12.6165753409622,10.9548291745887,12.0638158581173,11.4857220985741,10.0265336022119,10.9999071456557,9.13731780025056,13.5499128809617,12.2340462971151,12.1227861738708,13.7171631126715,11.3209467369717,12.4460803795208,10.9668130709536,11.6518294651502,11.632737850145,9.26084120405739,13.2809216008901,12.8405235122658,12.0960669550056,12.4606290451845,12.0289981021911,12.1685029917004,12.3970648396255,12.1410498377551,11.1737687770661
2022-12-11,16.8946279174205,27.8217050816881,17.5071190886835,31.1491555047016,24.4975168331274,15.7112609949265,14.1351115418958,28.6930641233577,18.9837617212769,24.9837201462761,22.0995913511635,18.4805426954086,16.8109991082698,16.5184650738229,21.9696749603567,26.3494134280742,22.1633177958596,19.1920727972048,19.6570920253686,25.3580810487344,19.4473863352712,16.8534379372754,27.045986747387,13.2595895591239,15.7800658983922,23.2216394755224,13.8076016532336,22.7140341334407,25.0386264599181,24.3724293628098,26.9745496693294,18.9176899563267,16.0167748253495
2022-12-12,15.901240221012,21.8813214559849,15.4788268207492,23.3097089193505,20.051316423393,14.508332072167,13.4078688472429,21.9731413485454,15.6677407408758,19.6036968964789,17.6547124200695,17.5876141270793,15.8560407893862,17.1359438665642,18.5113794772338,21.0336063190948,18.1309167166882,16.9088865734609,17.2634627488091,20.3670349261434,17.4216493051908,15.3726648196618,21.0231219242183,11.6284107098272,13.1036872912487,19.5830887762795,13.234320662199,18.586822750519,20.0953731964459,19.7238013270281,20.8486088516619,16.3993692539833,15.2280144093502
2022-12-13,14.5655486632686,16.597097428759,13.9028660110014,15.9668384343287,13.404401816444,13.9444567814825,12.4637653109956,15.2647486829424,12.1054847263117,13.6148414072067,13.5271821231249,16.3892074468108,14.4840720335185,18.3585118797488,14.6854520063483,15.7375985933641,12.3216540790616,14.7195595714291,13.6330825827257,13.1894876394991,14.3791837896036,13.1319813077469,16.0842644321313,11.2741247622629,16.306169967259,14.4915996066281,12.68884217177,16.4699243396218,12.4893687070266,12.5678485559804,14.756216175484,12.5932238300783,14.5804623895911
2022-12-14,13.8984919070127,10.4372311361014,12.075305581379,8.28105587343634,10.6018093175818,12.4411488075819,11.9685383850821,9.28560245710305,10.8280569953657,10.3365992112261,10.0606174999064,12.9863157759598,12.3404281320523,13.7070912047616,11.975453083078,10.7527697167727,11.4497268162263,12.9652251746653,11.7792645565464,10.5511821390758,12.5135553877323,11.8203841951257,10.3368013551939,9.9379875962466,14.4651903190479,11.3165946885321,12.1577014289215,11.8134051800598,10.2808257191871,10.5939740957085,9.68704190814456,11.1105606549458,12.4666944021265
2022-12-15,13.8656090922959,9.3721552606195,12.1512397691255,9.91711224596911,9.84955772073331,12.8187163661519,11.8932475474323,10.2230593430896,9.65718194040541,9.86710028031178,10.0274907674495,12.5998471260496,12.1173207547918,13.9732203958914,12.1736379518556,9.85019196706806,9.9372384012537,13.0029441751259,11.0258025072413,9.84115176594564,11.4708418192541,11.4789922198404,9.4685101181895,9.2459678254096,17.0255045414146,10.5134770695297,12.2181714096922,11.7091750984565,9.26188208981728,9.55889546506866,10.2081662073744,10.7067626377469,12.6099825298688
2022-12-16,14.4534434554105,13.339057589847,13.0838173949454,13.9364526795159,12.9647492983305,13.6080328876544,12.3383197292192,13.9186305228016,12.8711136599662,13.6471036354889,13.2103323175554,16.9948142896179,14.7276631122052,18.7169457300676,14.1966894061341,13.2900768479162,13.2903640176187,13.9415927154397,14.0973417433197,13.0931810557149,15.3127024982952,13.2810922189547,12.718434398723,11.6308168373185,14.0223142352131,13.6668762473818,12.5898415124571,13.7438013473129,12.5954752429759,12.7525719227123,13.8669180155506,12.3994385389925,14.5289308717988
2022-12-17,14.5710781108291,13.1972344833504,13.4760987551761,12.7591520346269,13.7319457681315,13.2395024607459,12.4820845924852,13.2174086939515,12.424061877584,13.5235013756594,12.2814443594913,12.9572141458996,12.6746193220086,12.3066549366895,14.0914990123464,13.4591650591996,14.2029758116809,14.1993183768023,13.2670802189418,14.0333579728348,13.5803534463061,12.7480868288206,13.034738151168,9.73954101957572,16.7808158971089,13.6863479079087,12.5540565224392,13.9254011029227,13.8571253748003,13.95292820832,13.2012785194175,12.9062498257007,12.7494940229166
2022-12-18,14.9432566699293,14.560861404708,14.2007959917731,14.5358445006534,15.6953413740467,13.9319787287038,12.7860136851468,14.9660707847703,13.8654647602158,15.4362925141177,13.5953271471634,14.7651685584519,13.8350282439197,13.8843769989343,15.1485444607866,14.8557416744481,16.2490482234188,14.6886516647332,14.9284510757525,16.1647250106322,15.4671351533419,13.7312032296114,14.1514310620692,10.2250304546702,17.0021974541647,15.2703167826133,12.8508965612379,14.8207695324577,16.1556996351756,16.1414251166007,14.9032593628868,14.0210197837099,13.6690305060663
2022-12-19,14.7555387411726,12.9560873522567,12.5784827711374,14.8694060780474,14.3353091112233,12.7865423589622,12.4612811134185,15.4052295095176,14.1962104509239,16.4489199959506,13.6879856202123,15.7927691605533,14.152332146874,15.0235869971119,15.2718751474163,13.4070453338448,17.2786365554555,14.3816480590538,15.1909272356129,15.4254080356787,16.5920757729537,13.6831500904635,12.6600851187774,8.62227599421236,10.8053703361205,14.0856045479614,12.4753414820166,12.2049152290076,15.1771922201951,15.3505302411599,15.6166964162399,13.2592209843216,13.3971856590704
2022-12-20,14.3788432260716,12.9588929290001,12.6399777543969,11.020978488825,13.0598952359724,12.7184836280428,12.3116772787153,12.0381202241239,12.7687741212958,13.5090690762915,11.7741805462136,14.7423931169042,13.476624062662,14.5547507201827,13.5904022012804,13.1012563183056,14.9171387252718,13.8057463750519,13.9004125065759,13.4419828362897,15.0390116445074,12.9830518464354,12.6538233238919,9.24421941687399,12.5821453777979,13.3798197130347,12.3724713759531,12.8644825958115,13.3322557651535,13.5552558918631,12.4383663725629,12.4966807359573,13.0788543895667
2022-12-21,14.2035000163904,11.4375498173117,11.7985749638005,12.8646603302385,11.3877895401621,11.8849206378266,12.0311167893558,12.7766818874729,10.7280679267475,11.9784582783526,11.5191581327019,12.3108439215012,12.1023183233086,12.7884386684998,13.4726811675957,11.6538096612298,11.601279239908,13.6754788126089,11.6854869468479,11.5738147370639,11.9738324456313,11.8534896386585,11.3347728752664,9.10440511251262,11.3439953075638,11.9636615527976,12.0579087330225,11.5828359263848,10.9400122533995,11.1580110440239,12.5593643251847,11.5552800786119,12.0907542361904
2022-12-22,14.768637600814,13.9605728434378,12.9650647529076,11.9544850484262,15.2249473982666,12.9737563228822,12.6035442668776,12.8780652098672,12.3513532800743,13.7987054754096,11.6908708919847,15.3081693997384,14.0827012773567,14.936736923699,14.2053673623709,14.3185443876375,15.5196547457454,14.2909442737208,14.8607447948314,15.4240817974484,15.5303792751461,13.7044070575701,13.5696406080742,8.16268595506516,11.0289772702162,14.8685173010715,12.5744264122286,12.9002934752348,15.6060612042095,15.6149427892688,12.8931215967102,13.7565914183768,13.5414852435607
2022-12-23,14.3562442272009,11.9161665041438,12.1059914551322,15.5058531121462,11.7461129901644,11.8924037646955,12.1022005198605,15.0218001003886,11.7172039449395,13.9092690855292,12.8915536440912,12.0141022269799,11.937539178604,11.8402741798011,14.5073223282371,12.0578183153855,12.9116652818217,13.9814813157463,11.9480214381091,12.3330710918909,12.3469084126201,11.9272440939328,11.6905983666464,8.91021957415685,11.9936941180997,12.3644803824232,12.077022031533,12.1206900908282,11.4841582070478,11.7246095113919,14.7300430628125,11.7454530575158,11.8670145060332
2022-12-24,15.92871553685,23.2897909658498,15.9389539418984,29.0938430406483,18.9182414874527,14.6748918802374,13.3140074042963,26.2470681545506,16.1953229778051,21.7996765340891,20.071888819855,16.6132877535721,15.184547200562,16.2672124616563,20.070000780219,21.7992245379345,17.7478037329014,17.6367013231737,16.3131303449563,19.7341886437601,16.4642855333949,14.7755040517163,22.6117329467478,11.9947610865461,16.5902513478304,19.0879865005207,13.1978929943351,20.5169131481706,18.6058069238607,18.3290479697379,24.6585152410837,15.706258845753,14.8995522153181
2022-12-25,16.3268220995201,19.9829000511246,16.2397472456326,23.5283420265487,22.204342087397,16.2884737206224,13.7625476220298,22.2658150013052,15.4060574431624,19.5640229803753,17.4788206555602,20.1174768480111,17.5727376622458,20.3216280038348,18.9435767693714,20.2356654074905,18.6734323611188,17.1078246249483,19.0203690813732,22.5986058028213,18.9793259445561,16.6182183661378,19.328227834264,11.3022974069011,16.7658280137135,20.229637096556,13.8603982491921,17.7564398420675,22.7656344882339,22.1360692999363,20.7997361345131,17.7513446285096,17.0895209807728
2022-12-26,15.6710550196343,18.2284223982804,15.0597918139043,21.3422381380699,18.6492920983307,15.3645057243344,13.2196000048341,21.6803804202654,20.0830005990101,23.7450876730154,18.9719373828846,21.4571999645683,17.4941232090628,19.8537066705652,18.7681114743618,18.1864710164882,24.3674171245265,16.3205465701971,20.0423993208591,20.9002070815023,22.8772413999725,16.3330421415608,17.8627115888209,11.1756110273322,16.1799633656774,17.6396515970672,13.4016167793838,16.6978280444361,20.775913501755,20.8302495843395,22.1249033487014,15.6998388487256,16.1900983099659
2022-12-27,14.7829916735954,15.5153248160807,14.2243552012527,12.7593101619602,15.33809635152,13.5936941892822,12.7372267600451,13.4676779188368,13.7519971446209,14.3556075774012,13.0749702870997,14.1072583782849,13.4299957658024,13.2753887901317,14.4258929535104,15.4193018982535,15.4494228949196,14.4845573175024,14.3745591474127,15.3851865845076,14.8010700124979,13.4104116171682,14.9414582583251,11.3165786308139,16.437942530541,15.4028255928228,12.7284091159961,15.5087751396793,15.4596493574051,15.4736128830145,13.5826196278822,13.7682041914949,13.3075274922935
2022-12-28,15.201557267374,18.5443204061639,15.0113301378058,16.4325742019903,17.1877232175385,14.4906339587929,13.0305867935555,16.4021671631262,14.5783972553841,16.0986245582207,14.8342051749098,16.4571616498565,14.9173390770737,16.3177106684579,15.8456505470711,18.0215448541342,16.2377822093797,15.5299113475722,15.7876067692032,17.232270430454,16.2569597271826,14.3751659119471,17.9694356980143,12.119122135962,16.7622744209199,17.0602467925102,13.0675515085519,17.4339962426152,17.2158731789631,17.0683340835403,16.0679366974096,14.7987493081847,14.6846981101483
2022-12-29,14.2519211226828,15.5628657014705,13.2314618686002,15.9579397499117,11.4134282144389,13.5081741685037,12.1597263123324,15.3543432377063,12.5456881731801,14.3617235895489,13.670620214153,16.4986254135317,14.2247363344855,18.4206955643108,14.5610330791102,14.561956245586,12.9108712291702,14.4250364911958,13.2695373411683,11.7574881519895,14.8169798602843,12.6825064021101,15.2587175993231,10.3849742420408,16.0887878709072,12.9915542294874,12.4547680581993,15.8365726199643,10.7263574664679,11.0482896297698,15.2192621058985,11.4501827033494,14.1996859533604
2022-12-30,15.2358232237391,16.6532175080047,15.1473985856306,17.8585019735149,16.9294410027228,15.5761273254727,13.0191883433014,17.6287388572468,14.5418910081306,17.1210740724474,15.0984883872325,19.7710818364403,16.6383494401044,20.8237303924341,16.3847488702926,16.5840292956363,17.0282369347722,15.2878602106685,17.0671661951888,17.4200135759419,18.4202045904366,15.0825752448366,15.9298782596363,10.4263283173616,18.6338259946519,16.6512179654793,13.3439751903785,16.7471311445277,17.2360567778493,17.1377385406502,17.2268110894554,14.6759407072241,16.3188014002541
2022-12-31,14.5747328264856,14.369556767473,13.6141951717165,13.2153373937654,13.7359069313391,13.5412368762721,12.4925331479397,13.8567407670177,13.7453303272748,14.9204401709279,13.1098526269771,14.6794325253619,13.5138400915635,14.11359329088,14.4567467132094,14.3067387736631,15.7467609119659,14.4417857139079,14.2361354105747,14.3579174762461,15.3003489529088,13.1800329545598,14.2666698482408,10.0727148753222,16.9575944669281,13.8794591759239,12.6280670273686,14.7459743235215,14.1406597803448,14.3221799216252,14.1329753540204,12.8859372809476,13.3501035146219
2023-01-01,15.5413408002428,18.2384200004602,16.0023756964114,17.2956166527708,18.1747579276559,15.8372699932068,14.7982123708616,17.4808585807239,17.3611034465678,18.1707881133792,16.84419337863,18.2667188777427,16.6972584060395,17.8380728124324,16.5969557240347,18.0124122534189,18.6548643598551,15.8496173824313,17.7190041845115,18.5039495538886,18.4366482826626,16.2112750953486,17.7932352023955,15.1668310296647,16.0792654230855,17.7029156510319,14.8205245230432,17.2115863746305,18.7587885799657,18.6131302926349,17.5231755615766,16.3575133554381,16.2331652727773
2023-01-02,15.6734121281127,18.2016118176661,15.5735381448241,14.8464245878347,19.5601660007113,15.8462264270706,14.9205176283375,15.3196123835249,13.3370322123637,15.1673177228504,13.3070094407264,19.774003464928,17.786709920507,20.5851599513894,15.7456176604882,18.2927376192745,16.9246286669013,15.7090113834574,18.2519777157335,19.0495820096484,18.4372484452659,16.8183210908338,17.6183705790798,9.88232927106227,11.7019806027031,18.5856074226145,14.9128411698692,15.9385550842536,19.7929612695495,19.4139405886924,14.747148320634,17.1720314070337,17.1622924943085
2023-01-03,14.8831841881567,13.941413739398,14.1362112619043,16.2237051760695,14.2245456635504,14.3677503246552,14.1412811532496,15.8020263655902,13.2959517018661,14.8593718961101,14.1884547895246,16.2177591293439,15.2243669466053,17.1931759822347,15.1856500272178,13.9927370162788,14.2866471167594,14.5653291804994,14.7778190565376,14.3159078520445,15.2671288537384,14.5259339298281,13.4456175324841,11.5264003812683,12.7621557902934,14.6525609364876,14.2004351164105,13.967514604137,13.9476116376446,14.0064594290907,15.4813858805811,14.0984622016269,15.0410577565146
2023-01-04,14.7808067718899,12.8464381641217,14.1793030697521,16.758823363576,13.2303618370093,15.6844355593792,14.0379583226933,16.1572902218956,14.6043054287604,15.3187708073477,15.4188723436483,19.6152749701875,16.9382889393341,22.2974376242275,15.2323530326028,13.0581527526869,14.0845637300175,14.610120428454,15.6652959841857,13.693531131838,17.0334117383812,15.0348461066563,12.7996196701442,14.4218442789233,16.1679634490639,13.4982282241091,14.4988873127846,13.9190769092046,13.1295373780469,13.2602756879849,16.0274690883719,13.5758375506177,16.8531997444467
2023-01-05,15.2202811672576,16.0949693968911,15.2713594932264,16.8486175377779,16.1590103771904,14.9803295993389,14.489041816561,16.7876722650947,16.3737398638997,17.0131706863213,16.2702581908045,15.6310650424782,15.0843881907875,14.9913594144211,15.9849082075789,16.0293131414603,16.8884902348269,15.3207033786926,15.8081037827723,16.5372060016703,16.1763340714557,15.0564588303037,15.799619429341,15.0437452205707,16.1116774980779,16.0104209151693,14.4791117519711,15.9154477257187,16.4825354126706,16.4566983284728,16.8152683432452,15.2208944255705,14.9003005869679
2023-01-06,15.2059293640694,16.0780513285102,15.1805280999029,16.8470733356468,16.0959760676172,14.5862512926253,14.4709515352102,16.883434031788,15.9859415473274,17.2537204024284,15.8456331927902,14.6828593940584,14.54094702245,13.3949519408208,16.0521727850577,15.99175661785,17.3899789141141,15.2746832848082,15.5879746678326,16.5822371530636,15.9164688469073,14.8605778986167,15.7274687324477,13.273453651475,15.5225645536442,16.0175864480235,14.3700188761639,15.7985846648657,16.5198186099433,16.5290327762952,16.923257981549,15.1782125462637,14.3010177137682
2023-01-07,14.957411568956,13.9102694479583,14.4408755255591,15.9754500301846,14.6327486383651,14.0972776072456,14.2267396570187,15.8595402956565,14.882927155519,15.781098722887,15.0739988135057,13.7432006234195,13.9206530249646,12.9719491786285,15.3594420282818,14.1065842586628,15.5426145999841,14.7204934067988,14.412659165441,15.0098510907536,14.5446677999532,14.2104192547898,13.6172270434066,13.3471939898568,14.6217381961269,14.706098332849,14.1602622376449,14.2264305589196,14.7803212814602,14.8460303486861,15.8369308956001,14.3629924242368,13.8406727953013
2023-01-08,14.9332325462959,12.1077475012402,13.4878352038671,16.9107553837292,14.0874281467972,13.5402349769118,14.070393239446,16.4859049598487,13.1753890355955,15.586400954933,14.1320365851239,14.0066823951945,14.0262321152243,13.6160796813982,15.5404661254838,12.6978675235119,15.1374039470086,14.5157250998955,14.2618843091485,14.6837360612137,14.4515719019093,14.1367371707647,11.8502743878044,9.78584689834442,11.1655182813587,14.0015812620524,13.9913126654273,12.1229962278806,14.2785079571294,14.3618756223292,16.1401768228176,14.0848038176843,13.7595299656845
2023-01-09,14.8221650122699,11.8490557901725,13.0863581165439,15.6812080079299,13.6790154080181,13.8051249867476,13.9816023746691,15.7453508440817,15.1448906716271,16.2074837633832,15.017625183631,16.7320280161443,15.3767808942506,17.0811324053596,15.2776028599883,12.4306236015692,16.1357322834108,14.3477047340119,15.3918253947681,14.50552960405,16.5338280519153,14.6845774419533,11.6721010922973,12.6402496878454,9.77589218161063,13.6529775439505,14.0387088251038,11.5829670455965,14.1827779540713,14.3638813634685,15.9518018623263,13.8551876915626,14.7674347598414
2023-01-10,14.9002172123643,12.0924287028757,13.3919256486144,15.5652550040669,14.214888710963,13.7971009860037,14.075917254087,15.6903336944379,14.0121375874533,15.9357925732675,14.0744272401357,15.8456905869183,14.972796584909,15.6847139471202,15.3197303013782,12.715861257383,16.2696608807886,14.3895940274444,15.2709628388558,14.940900709552,16.101487171533,14.637986136543,11.8260161432913,10.0772469666521,10.4636439976982,14.0772158016792,14.0676728526385,11.9168496699127,14.7225134276113,14.8545095891953,15.7076063819555,14.1604035572436,14.4418169937816
2023-01-11,15.215933280936,16.2959545153957,14.6626248667197,17.9138443997375,15.954046219592,13.7097583788959,14.3973661235786,17.4303370637163,15.3327730728487,16.7317923669299,15.996155227808,13.0857308906297,13.7205967982285,11.7609650297151,16.1502354293021,16.0980393383001,16.063334681395,15.3425982272984,14.5968864190127,16.1974483265985,14.3156912089897,14.3820254430886,15.8658228722309,13.7367705380551,12.3935284212102,16.0489702152782,14.1276961291407,15.2119113205239,15.9626137743875,15.9226894260153,17.1527492878153,15.0802971819329,13.4936228254251
2023-01-12,15.8059693942413,18.6189127577921,15.3307234206094,20.7103320840391,18.9469851162706,15.2215083538194,14.8208607783867,20.5092046972633,16.9518712242908,20.6338956721252,17.1632977625742,19.3118739295001,17.2827773704431,18.3582811107434,18.075881921919,18.4665558653508,20.9645846511775,16.3488748008043,18.8357606904207,19.9647336026001,20.0033177909862,16.7561426160195,18.161310969178,10.2098339870598,11.1274717900675,18.2235256968691,14.7086376472595,16.0805321064127,20.0235748458357,19.8922429735295,20.2418580671558,16.8081288560492,16.2352321203353
2023-01-13,14.8735029936298,15.7142637028475,14.737833951543,15.0770275923178,14.5673851443253,15.0187681818285,14.2391874158105,15.066322533609,13.9550907800458,14.9424818207452,14.1714825818401,17.4984638545406,15.9087530990421,18.6714374870495,14.9633068557844,15.3574785999227,14.9476889259849,14.801913301884,15.4907039893924,14.5566747401918,16.3554961437775,14.9039939193832,15.3200819703199,12.2135331734306,14.8896857447397,15.123606314315,14.38519782746,15.6358693246533,14.3629745291578,14.4353601848966,15.001756289211,14.2700169821379,15.7224244878841
2023-01-14,15.0420140322629,16.1341301494633,14.2055990731372,15.6797271379779,15.4255055837989,14.5263807082436,14.2876535450706,15.7872015251223,14.5461193093334,15.9691574798477,14.5542620554492,18.1394193677328,16.3268490153943,18.9226078733135,15.4503162791223,15.8706760382509,16.2910603775506,15.0686361940398,16.3119305487764,15.6425712781087,17.3338685287768,15.3501441181539,15.7828115790128,11.6486747598262,10.7598748296413,15.6544121481537,14.3122348741764,14.6946762752303,15.5617572653731,15.6006857264735,15.7526845656976,14.7764214491716,15.7107543668497
2023-01-15,14.9954002766677,15.9426984644322,14.9066635764512,20.0499568505224,14.1891084009483,14.7493664648906,14.2064773576827,19.2149218662815,14.597763533557,18.2592774591868,15.8520617677326,16.7936499967557,15.383255308397,16.9400657416897,16.7428600089073,15.4003659510565,17.043553948757,15.1847735883908,15.5400161692165,15.0696911836414,16.826589765791,14.7211064801226,15.393463198653,9.18901617038228,15.6717452104698,15.0876291939353,14.2835553332545,16.1651758043876,14.2842446174779,14.4933076924601,18.9457945195719,14.0232601837836,15.0853061024014
2023-01-16,15.2502790429957,16.4294769513496,15.3254441907149,20.2087125668571,15.6166524542733,15.7196111127386,14.424945657034,19.7220257654954,18.4244972130234,20.0685464733782,18.4992274596447,19.4956957468664,16.9707822147646,19.8071074186082,17.2597233791473,16.1188534063214,19.0126198736689,15.5657529275332,17.4384070078308,16.7870115300524,19.2543791669043,15.8157603258491,16.0346659646106,15.3695513423966,16.5273466069223,15.8581399532581,14.6337245928702,16.4077410576323,16.2870488108426,16.4248828171779,19.9394002771127,14.8790672645038,16.4267697735046
2023-01-17,14.3447443577288,13.2832522243084,14.0565405503813,13.3097497622541,11.6520404855407,14.3707759579893,13.8257318844661,13.6717428633636,14.9295888293484,14.8159647550765,14.2925246281688,16.0635851847623,14.7175621467273,16.8623637182414,14.0874153573951,12.9446620356438,14.761510935762,13.9416668934696,14.173667554843,12.0740927118793,15.6653957768765,13.8560293985189,12.9915130127182,13.6959978945472,16.2818928578054,12.9079917505427,14.0397188988423,14.660023276992,11.5709409035947,11.9540546104027,14.2891423706338,12.5985558877408,14.6403580506596
2023-01-18,14.8455785322272,15.4402462612971,14.9166493621303,13.5874200368571,14.7086381730798,14.9226302607231,14.2773038367077,14.0413214600712,14.3239712658687,14.746037030716,13.8474045657673,16.2763046551473,15.2559813358727,16.5887273969731,14.6092660079594,15.206310647982,15.4480630041945,14.6679245690472,15.2956793749431,14.7089776895903,16.0043218446741,14.7335992629739,15.1004044854129,12.5435182127905,16.0733175288286,15.1012921705656,14.3715836443612,15.6940466881863,14.7196228539009,14.8020332377641,14.2208751747447,14.3664057443607,15.1375698382084
2023-01-19,14.4759130016975,13.8378264036019,13.4825972547511,18.0415154586743,11.2630281609072,13.5477100100911,13.7207301796273,18.0167383629867,17.563058854593,19.637989837842,16.9991088852607,15.9424548122237,14.4314191601623,15.0444770271843,16.1080624598485,13.2924609979957,18.8256103763423,14.5922658662492,14.9888351655636,13.1209978877836,17.4742562302609,13.9461064602972,13.7907791309479,12.0347048505332,13.8425763830421,12.6005658319859,13.8010123700593,14.293606027582,12.1042339638969,12.7112423001292,18.9060220189506,12.3769223610695,13.7830424778573
2023-01-20,15.1745019431203,18.0736474280094,15.159094536143,19.7698978720296,15.4195722140729,15.6561332849715,14.3768161165869,19.625348953583,18.5303444073094,20.7355427608119,18.1364688521693,21.2168862998042,17.779899608716,21.7450088794102,17.2758571034184,17.2521283629377,20.2400369448171,15.745631301257,18.267787831175,16.7452174950248,20.8642276322918,16.16358049531,17.7261842895524,13.4553555017561,14.8739165154242,16.0456935291549,14.5958776072794,17.1182955457902,16.2486398220604,16.4899459978296,20.079980898446,14.7260005058063,16.8922929388275
2023-01-21,15.7512258870807,19.9691768804691,16.1134320832363,20.4888984065566,18.8179710795633,15.0191866102197,14.8795830055525,20.1370437288111,17.6662038960382,20.1051516053904,17.8829768760446,15.8895745751201,15.4560235424559,13.9021477432199,17.8168612944674,19.3940904220946,19.9228688608459,16.4787688838833,17.298807091819,19.4742317738946,17.610915101411,15.8920728508121,19.4916707925652,13.4921135163047,14.73828955436,18.4448072835449,14.6360893635277,17.997032371106,19.4912265297346,19.3396200742219,19.9191579727667,16.6962251534502,14.8997952810684
2023-01-22,15.1662206951779,16.9361680518966,14.9690451146154,16.3468847798198,16.0099383849812,15.5470738494873,14.4372584622377,16.6507504470438,17.4251908693405,17.8514132564208,16.624106518224,19.8805980683233,17.2666763279618,20.5545885478322,16.0037417976523,16.6100380733619,18.1550133619372,15.4190770137858,17.5675389308803,16.6209394518618,19.1919356524639,15.9856110458815,16.73155165405,15.3130960481025,14.2912752800848,16.0240825330669,14.6168330075492,15.984584667902,16.6038451265465,16.6671366781364,17.0316354930103,15.1203447707568,16.6199993852361
2023-01-23,14.6212103237698,14.0820195857772,13.8332864850106,17.0722207469552,12.342758016443,15.1571728687631,13.8883416041734,16.8192462217242,16.3381153718994,17.3395078618113,16.3237134384642,20.3336289763663,17.0607450830629,22.4004296385602,15.5582703802781,13.7304296293331,16.3494461712331,14.6980183168199,16.2018165423027,13.3855564214482,18.6166866286541,15.0408706957866,14.0606727448983,14.0565109436163,14.4971130689852,13.2336517287602,14.2953246396148,14.4573837690499,12.6357836710254,12.9966623346324,17.2541682362551,13.0182398935542,16.5535171785154
2023-01-24,14.8219436932493,13.2036985944581,13.433516730197,17.8339518426932,13.2915859646299,13.8163191731126,13.9644595027315,17.5866719362672,15.3911411777998,17.8399601384682,15.6514964934022,16.4724961699342,15.1130868555206,16.3122320996493,16.0504604477747,13.3081418212666,17.2923171909799,14.7110128074351,15.4007853501715,14.5203403448591,16.9033933783388,14.5439404466624,13.054124886989,10.6857864239719,11.3641294622614,13.6912009433333,14.0077068047331,12.979364959361,13.8875587306345,14.1765490397347,17.7689305592911,13.5935421315455,14.4957511677597
2023-01-25,14.607317102367,12.9435154439024,13.1070551891909,16.2499970742889,12.38283615399,12.7102390744173,13.821323215419,15.7016020310461,12.6668511051783,14.6682250922865,13.7772833823859,12.0309266993523,12.7524063141214,11.5443093421488,14.9219181392893,12.9097188436039,13.7363645636564,14.4041008445227,12.6886135675299,12.8030958013104,12.750432827679,13.1515950614884,12.8209951172189,10.193014569402,10.8145514113104,13.1066820594916,13.6587995105572,12.7690993819,12.1214725919152,12.3414487884821,15.4630952791731,13.0599201670361,12.6527477514405
2023-01-26,15.6866838082325,19.0742324116845,15.140225226464,22.5269738799414,17.8511631055853,14.5929937075884,14.6662401283007,21.8903855906376,17.2829911906152,21.6254051641306,17.9716159464208,17.7121839053755,16.2501268188503,16.1748043892434,18.5153210204489,18.5392176276326,21.0823000789516,16.4754907199493,17.9250956056604,19.1809626893328,19.1449752250423,16.0994640132338,18.676130606444,9.93269472520787,11.1820944770233,17.6540747397878,14.4695085664492,16.5312275726025,18.8351328081934,18.8328421227927,21.6272284165264,16.148572592906,15.2532124459836
2023-01-27,14.8195046726585,15.7012063544571,14.2701032542895,14.8761835689862,14.2414910045491,13.6895262244564,14.1538337294521,14.7145575578396,14.2264112374813,14.3436080088551,14.5454539756929,13.2827629050841,13.6565537921564,13.0580321716469,14.7140269300342,15.2987312619746,13.9271117114101,14.8293998753127,13.6841456808018,14.0722792040243,13.5372591931514,13.8716349968412,15.460212567537,14.4410287061587,13.0827752622932,14.8111580242717,14.0179900987943,15.0944185937718,13.8345768103272,13.8877420171443,14.6410189108819,14.0908663924624,13.6398776450209
2023-01-28,14.7978138646073,14.9678161898635,14.925981614287,9.29010629447096,15.3128800327458,15.5624088316017,14.3582120331511,10.1955036273606,11.5545529174786,10.5239798931927,10.9915408695148,17.1073386557586,15.9452834178798,19.0144499364185,12.8988336176045,15.0534079644678,12.2519501713257,14.3854109396872,15.0635431844989,14.23068593268,14.9943619376225,14.950293602021,14.8343224270631,12.565769724079,16.3457417606506,15.1710614128389,14.5880494336936,15.1998659794776,14.7930821370868,14.6484249254913,10.0713963574801,14.7591023569556,16.1408767580281
2023-01-29,14.7219823074951,16.5066770201225,14.4728363837216,13.6615138478141,13.9468510222282,15.3993296849173,14.1396598934878,14.1929145774373,14.1661368065659,15.185518523785,13.6003504060362,20.0417703793165,17.1290060834814,21.8695936968973,14.6275358083119,15.8471549713981,15.9768411386861,14.9237931890046,16.5113717160793,14.2045005348155,18.3701618372767,15.3622038855001,16.5060131949048,10.9158322176194,14.7320786750335,14.6116428637094,14.4499408687506,15.9585792241424,14.0773691663262,14.2724682006422,14.5001621995616,13.9190403534419,16.6765362401815
2023-01-30,14.7553275328415,13.6512239295309,13.2634120101148,17.0136253997619,13.090921079236,13.718737864136,13.9226856827461,16.9423676729352,15.8206367403939,17.5845651018319,15.7329986730382,16.7111666260934,15.211841511053,16.6971800917966,15.7596736818854,13.6034136666931,17.1715002520941,14.7417032226694,15.4120390231565,14.2553767841503,17.0194908062106,14.5381899443234,13.6321646305669,11.9006881071455,10.7216500539776,13.5621667680193,13.9696312699283,13.0605004647275,13.6732290722019,13.9827112205486,17.2896767171026,13.4757065449301,14.5397144662215
2023-01-31,14.4483867995995,11.5379946997819,12.8379539969717,14.3466587671029,11.7950032441838,12.9077783157524,13.7272764387097,14.3820364018517,13.082696849096,14.5131360910818,13.2993765455796,13.4768899653056,13.4135976922687,13.3142761362942,14.3834930489,11.758013769631,14.3584878039146,13.9067042963985,13.2555100457875,12.3765212729241,13.9738866960794,13.3745249491434,11.3674465380996,10.1567340313108,10.754631301747,12.5292961423731,13.6798320399881,11.8940922623482,11.8214365115952,12.1374492944209,14.5462899884745,12.7384166733594,13.1538630388824
2023-02-01,14.7507990705593,14.6463765925573,14.1417638741317,14.4081487114965,13.8750152326287,13.9385908439757,14.0996673767026,14.4570184214555,15.0532099331181,14.7030708846671,14.9066275859571,14.5081837490587,14.2405726195127,14.602105775897,14.6166405200039,14.4489058656254,14.4411301524063,14.552491705218,14.1678520483069,13.9033519858703,14.5082131949584,14.0853507385764,14.3512023340237,15.4029942761106,13.3141923626912,14.4347183673828,14.0646778810648,14.5117371218835,13.6703639015147,13.78551273009,14.6390088851287,13.8923871977806,14.1222784192274
2023-02-02,15.3661441373138,14.8052958904724,15.4313420692032,14.5126808365579,17.4282311397934,15.9025131789684,14.6665461144435,14.4518939556957,12.0887213764484,13.1638339756767,12.8827299694925,16.9709704628271,16.1547860443133,18.1194230034924,14.9669099194978,15.4131778372243,13.809621002052,15.0862342326288,15.9379655506759,16.8243199143098,15.3852605199711,15.5625945544179,14.5010084471182,11.4279357718009,16.3820357841814,16.4637626700328,14.8133851643396,14.9062004418132,17.2349153526774,16.9009555426348,13.671385937358,16.0093145622152,16.2884842106869
2023-02-03,14.5550346317104,11.041092059494,13.5800281953115,14.872262048449,12.0840800222883,15.8479883332632,13.8496719242919,14.7682966585343,13.6833203512928,14.7049782749716,13.9814615772542,21.084868242039,17.5684120931231,24.3338155359698,14.5899111866558,11.5503262674535,14.2888459147859,14.1904590699476,16.0081206800743,12.8325727135792,18.0706103585331,15.1284585471322,11.2807850829937,11.8196318444168,16.1237043494718,12.2481268505987,14.4851909990147,12.6134486436862,12.312764522441,12.5645458187728,14.8751358997635,12.9636552451506,17.3644959312642
2023-02-04,15.056146961136,15.5735976344176,14.7294034940135,21.3735428745269,14.0148319758065,14.9660653710237,14.177489099841,20.3952087782407,16.2348089794077,19.6594009511948,17.3625590122532,17.2730569822411,15.6084317965816,17.2440537588021,17.2960985476567,15.1841248586717,18.0004756561679,15.5387355145845,15.9408326309418,15.4413333882314,17.5164397325734,14.8843031139342,15.496217633373,11.1606053284751,16.4887356444845,14.5220925850134,14.3430624834773,15.8107058282757,14.5359553278194,14.7821182487418,20.2826861998345,13.9747920548802,15.2567617169648
2023-02-05,15.630250176829,18.384776642585,15.9099484359174,22.0134666987276,17.5343968246203,15.7803638406773,14.7128506432582,21.2803219680624,18.6630744172156,21.0619292366171,19.1377454841316,18.4080307968308,16.6387538072112,17.7024677142872,18.1603656090551,17.9940253990108,19.9522169560614,16.3585810004652,17.8146557128273,18.6960030481962,18.9801719635123,16.1265822431653,18.1046351611063,14.9638247900741,16.6754305396234,17.237288782927,14.7664109712399,17.4459266032153,18.3498342700853,18.3172217365003,21.1703875071131,15.9878745137227,16.0986932946908
2023-02-06,14.656596720663,14.7262510759138,14.7095077958383,13.2533021248697,13.6435149330046,14.549828491951,14.1281266542305,13.6726845075986,13.2940724593462,14.2348190207648,13.0231300940037,15.1821407359089,14.5318878997195,15.3505727686524,14.3028014559048,14.4327089761161,14.883725634581,14.355210791452,14.4622945045618,13.6702939108658,15.1715684371585,14.1843481720457,14.3375730290749,10.6654179807305,16.4516954706448,14.3992569226516,14.2062780936153,15.4863962054659,13.5167943763438,13.6920847015887,13.8391314926135,13.74297245505,14.5254631862052
2023-02-07,15.1436966657882,22.3397510233211,16.8246636206379,15.2738994913652,16.6416976012153,17.2176195600397,14.6815070927201,15.0799220581638,12.5145863129484,13.9898760166644,13.3416089880435,21.2364923238174,18.1885190510662,24.3054130185685,15.0810984139231,20.6115689517518,14.164412946682,16.1325936734851,17.0376887205598,15.7035598531125,17.9340379124741,16.0786269073809,22.130751513636,10.9558980649835,20.4574655010734,17.48965706312,15.0623094451776,21.2709877220177,15.7615474150968,15.6147089525189,14.5101567667851,15.3654834378016,18.3016062996652
2023-02-08,14.6884677139704,18.0454396503088,16.1317554006231,8.14145736671695,15.3093127517525,17.2708621354501,14.4650870172618,9.45230416384385,10.6498924212156,10.3704870902652,9.73099992954429,21.7682097305918,18.3461458957119,25.4502577436379,12.6067695184196,17.2127079072054,12.8952305205861,14.5759808792406,16.7631537377398,13.9680568705832,17.9535291474658,15.8865384583049,17.7360075568209,9.40605751937824,20.6070115415228,15.9465738876751,15.012847208386,18.5831175094134,14.5959270761791,14.5319534943777,9.45753071498451,14.664605690722,18.5132996240639
2023-02-09,14.1740268322879,10.8827546042298,14.4358922710273,6.21006901892893,12.0835493306322,17.3414694574675,13.9296773714761,7.6034414510266,9.59534592336696,8.68737721714052,8.61225256564521,24.055283370941,19.2437671664469,29.8119631733488,11.4298196865762,11.343948984673,10.9754613349152,12.982153465775,16.3134324591514,11.1720914713889,18.4201812695119,15.564712221802,10.6250341188803,9.2232610686392,19.600353178154,12.6288842196979,14.8658127864727,13.7639358378997,11.5034283700197,11.6493867351521,7.84719728634825,12.9180698417665,19.4157863901349
2023-02-10,14.7884676687445,11.2949169314596,15.1391602841033,7.38550885590584,15.3374266150823,18.1026094529885,14.4015148600635,9.10352185988499,11.7735259994417,10.8813979741261,10.1228829508753,24.8370931331491,20.0552542727897,29.2700396122103,12.6365267718025,12.4517032019335,14.0120350790601,13.7302630858884,18.3736345271313,14.818305844318,20.2167858809353,16.8228301942538,11.2136658925211,10.6097239746617,20.0825115195344,14.3880326495872,15.2819797929462,13.5725543912688,15.6880090589345,15.5946595137711,9.3520079570749,14.8684141607343,19.9764238697519
2023-02-11,14.2739249849288,12.9315476533802,14.0677650748965,7.83535877589213,12.4416376244633,16.5436725411601,13.9273834617701,9.17562025337381,11.602699713675,10.7661834762296,10.3234010037703,23.8184259807507,19.0734997758447,28.6855583539401,12.2229213914355,12.907144730275,12.7785545123234,13.5322495020235,16.7322174302983,11.90145783943,19.1302256312803,15.6670628344692,12.765591507229,10.6602150211837,16.0391763295854,13.1732517179945,14.670288985125,14.1457224522213,12.1228521800242,12.328753579903,9.65531218353698,13.0910334672342,18.8279726049658
2023-02-12,14.8769709920232,16.1768255664851,15.5849624334165,6.29283825769358,16.7280503017083,16.2456632619108,14.5869459937212,8.20956758324918,12.0939269312946,10.1755333480638,10.1239436125104,19.2896187870858,17.2243599403376,21.3016981251942,12.3329653949741,16.1871085922118,13.6146082694186,14.222259485232,16.6126144139925,15.2976861661215,16.9867922408961,15.8375376539731,15.6839206828787,12.5636070409862,16.5981634824946,16.5099634033592,14.844552132844,16.1562621293665,16.4241572502797,16.2252708276344,8.47679427856623,15.539174224547,17.1781094443711
2023-02-13,14.171005030753,9.72675525616414,12.2907571441641,10.5386118729848,10.8413911929519,12.9751067793797,13.5658337390734,10.8596402262424,11.7323561727337,10.9067773079832,11.7089820625217,13.5265456483981,13.4622758075395,14.8406421700774,12.6285708730713,10.2712443570019,11.0103160951456,13.2500023115383,12.2562031705568,10.6558099393032,12.4932533471102,13.0089647057148,9.73099444770449,12.885897074391,10.4619536281808,11.4787139108091,13.6507470779183,10.5707190774717,10.3259573811998,10.5750695040137,11.0376546561953,12.2303907815598,13.5075887970294
2023-02-14,14.5431097059328,12.5617345673567,13.2261817411945,14.0129353217352,12.5616892312271,13.6147531733789,13.8542435517054,13.7933523184327,13.0543773489596,13.1962019251693,13.5990845320303,15.0904892818201,14.4568191765133,16.3946194591972,14.0825496572195,12.6501905224182,12.585214457791,14.0501670719439,13.543165922489,12.4770462286235,13.9398987602018,13.7913915495284,12.2774264515277,13.4267682427598,11.0606688398785,13.2629914294323,13.9073229483046,12.6558962672429,12.0484159122487,12.202766542984,13.7221383209441,13.1600408313393,14.3494796829369
2023-02-15,15.6531839059243,17.2541727052913,15.4499907115585,21.2300863181274,17.7683684040622,14.8601614363826,14.6976256285703,20.0325668324811,15.3292849719059,17.9319879225229,17.0699269835839,14.9090765747856,14.971116553374,14.1659154105615,17.4316574117564,17.2306936278315,16.5084056683561,16.1147730356844,15.8041754664519,18.0999469644481,15.3152362384602,15.2697905411155,16.9006361545139,13.3618092343487,14.3463657781635,17.1973752585806,14.5453538748849,16.0678654366561,17.8433464310964,17.6037125691139,19.1752643125675,16.1478836375646,14.8165927409184
2023-02-16,14.6786268038173,12.1198778623523,13.6351519870654,16.9947683462691,12.5125589008618,15.1460203862936,13.8974162193631,16.6278121692999,16.0296222663793,16.7570402743709,16.2322801000904,19.6895221504332,16.8043212679267,21.7577736579894,15.4670705214276,12.3698785226531,15.6418821714029,14.4383674537189,15.900566740104,13.5172683279433,17.8890356979542,14.9603162225483,12.0824156550853,14.721881030531,14.4288133775058,12.93964535766,14.3153231789803,13.0578214856221,12.8307369041917,13.1150190210505,16.9092045310813,13.165849995862,16.417425883004
2023-02-17,15.1969535114247,17.1676807907715,15.082035566385,17.6975066715738,15.9385866482565,14.8453465589976,14.4369119218591,17.6607597954759,16.7971061863604,18.216762624275,16.5923429020245,16.9550397888466,15.6868082134312,16.4101283914271,16.3920995902106,16.7354802572858,18.1140231389204,15.5024571950547,16.4683738984573,16.6060110106082,17.5057902743182,15.3129134272938,16.8437015023827,13.6654597442311,14.5097058047838,16.130862710644,14.4224651950034,16.298450092161,16.4158423439949,16.487165338445,17.8196571994019,15.0603092827854,15.1961617807482
2023-02-18,14.6704322636518,13.2549867777722,14.2412688281719,11.4334491290192,13.81159428414,15.5750284084307,14.1168615375151,12.3881164039262,15.2254434554773,14.1501129316206,13.8377421575072,19.2396349533832,16.756103145424,20.8908352712311,13.8760968562131,13.5223180476167,15.3282325273241,14.3206915513359,16.1855900428643,14.0580253903692,17.6936438845948,15.2280403214589,13.3867254091016,14.8834908117571,16.103634049155,13.7589170172331,14.5102084986063,13.9745459685353,14.2043586297907,14.3506925647115,12.9917284213698,13.9305838624407,16.5031786297061
2023-02-19,14.2173710518117,10.0242114210598,12.7068456840439,9.50940314064915,11.3996395732688,13.5799178249656,13.6748041695699,10.1201084351766,12.1103379471347,10.6238744967072,11.6363941333399,14.6679708331723,14.1428098744493,16.3220620435536,12.4007642360005,10.6074395049667,11.1768999274669,13.2330878178481,12.8778399898494,11.0481228808093,13.2335022473089,13.4106090496607,9.97651418376419,13.8876245839455,11.8202421210208,11.895375320189,13.8431249006521,11.0872081361051,10.9282519425359,11.1304564744406,10.4113686581418,12.5513552396369,14.2101420602533
2023-02-20,14.3770294875578,10.2284421841312,13.1217509419434,10.6875175184627,11.9853424406647,14.3874574898254,13.7924390749619,11.0866553155876,11.8386184707271,11.1216166729802,11.756547547456,15.9278763348923,14.9087932195191,17.961270733434,12.8920077022796,10.9332231191828,11.5489067667464,13.5958349298696,13.5830395684378,11.7953917498172,14.0334678792291,13.8761038286866,10.3920382704242,12.7886590296749,13.9679388855324,12.0894438259564,14.0976111819997,11.5531965650143,11.6757234490321,11.8148250018445,11.1548306105125,12.9169825568076,15.0508335505845
2023-02-21,15.004289668119,18.8797957295783,15.2796334021186,15.7418718761098,15.421567184787,16.0244967403908,14.3873595952975,16.074129695092,16.3379538432298,17.1738299268104,15.6779304140028,21.783077368287,18.1812897242147,23.6354013195251,15.6360065666655,17.8426502314541,17.5600036597757,15.5003908272278,17.8370748435536,15.7424553359989,19.9928004095537,16.1367189836927,18.6151872054519,13.507041188162,15.2622173664474,16.1432743790627,14.6900854271773,17.7224465286978,15.6314452431408,15.7613934414701,16.4313782571188,14.7157319886504,17.5465406249942
2023-02-22,15.7987875758285,18.3078456871051,15.8390288259396,20.6275132814228,18.8651455948807,16.2931515047528,14.8665084446225,20.2870362684049,16.8257932473706,20.0759317578167,17.2281360489935,20.9911202567613,18.2148732185702,21.1696039868668,17.921138317375,18.2397421085527,20.1386658830969,16.3351690926626,19.1921404438282,19.7460945599177,20.5064140085377,17.0598294495297,17.9274621469169,11.3047068546457,14.5127816106552,18.0497187570812,14.9881344688293,16.7036796671576,19.7968444681026,19.6268931202911,19.9308194400468,16.7744666961147,17.4128467081565
2023-02-23,14.918889659502,15.106025709062,14.5157210340307,18.8399832509129,13.7902252878854,15.0381447644164,14.1290581731521,18.2047948243618,15.9144364316723,17.8126987692539,16.5847738809044,17.9057903189159,15.9698904576228,18.7385782360292,16.2807141326458,14.7869191129847,16.5565246317137,15.1534989703034,15.7763289521126,14.7160196571878,17.2516013349686,14.8918871276736,14.9748745471169,13.1281605499672,15.6927738262947,14.3451727161644,14.3492691017973,15.3483874231344,14.0243988545781,14.2332478468617,18.2196960896854,13.8467570117263,15.6692015085936
2023-02-24,15.1509627499565,16.0261983505908,15.0901535146746,16.6755177434605,15.7737648957366,16.1622264850893,14.4243784483199,16.5785053772537,15.7076752440577,16.6307135322647,15.7689116592794,20.9295469015599,17.8783211879615,22.8719749468651,15.8297002157715,15.8964445045487,16.4929238036346,15.2678269082835,17.4288111764858,16.118163734724,18.9059658456037,16.0629880379537,15.7766108147589,14.023009924466,15.7101572918508,15.7426335773447,14.7673897000142,15.7869013343531,16.0079481925,16.0055306206794,16.5480911592672,14.9970516538687,17.4696254851771
2023-02-25,14.6582410497889,12.2522060163903,13.7331314316386,14.2521520934778,13.056618642853,13.9113708713613,13.9730442930127,14.3048349721616,14.6195399050853,14.5422328575072,14.5335600189537,14.0002449182396,13.8952749876352,13.9822779213757,14.4867004322107,12.591049612124,14.2823199985826,14.2444852530051,13.7999085994427,13.4211446805792,14.1757680707363,13.8287006454677,12.1950529464958,14.4464966165093,14.2141399495564,13.287688268991,14.0241359948734,13.0280364948797,13.1084516371159,13.2751882408324,14.5011761276893,13.4855503776624,13.8777273840356
2023-02-26,14.4504800224891,11.7107135476622,13.6873728188009,12.3045442451913,12.2006400055575,14.8471095659116,13.8691304143155,12.5346185551092,13.9063807434542,12.8662690362076,13.6475424898868,16.922407216988,15.4004528203945,18.910151625362,13.5722436883959,12.0280108144756,12.7498638230738,13.9465741692256,14.2212820198733,12.2530495724329,15.1173187717656,14.1633238543082,11.8040868619234,15.2972008566518,15.7292238562715,12.5723583502195,14.2211609221806,13.0644772279213,11.9865487241528,12.1730994985451,12.8069361540516,13.0024883453834,15.4926367385286
2023-02-27,14.1813292375943,12.7748554508613,13.3823517804302,12.9767694465482,10.4907021676852,14.0154495520279,13.6283278996842,12.9310829590906,13.3108259086088,12.9729268169544,13.4637739007481,14.7461657831295,13.9861539803451,16.183896878972,13.5004553112973,12.4224192571193,12.256902558491,14.0702877365834,12.7922345638548,10.7111446369449,13.7080489205204,13.1860919931078,13.115506397381,13.7896095563959,15.9880091184559,11.6279253161067,13.8889691847484,13.949707984535,10.0411648067585,10.4019893622002,13.2377025113372,11.9799416239143,14.2074425562843
2023-02-28,14.5758021228317,13.6414514968255,14.4352196062527,9.19651054980813,13.9017490991538,14.6896892132279,14.142250048915,10.0153619877659,12.0941309817703,10.5022716548901,11.4571761711498,14.5170498547027,14.3793053223207,15.6153539077346,12.6452617564813,13.7804689739113,11.7511841626288,14.0312664122436,13.6476919117707,13.0135278682088,13.3715783182058,14.0153531137964,13.5661062264971,14.0192591799938,16.2361798571583,14.0608082162316,14.2748783559407,14.4127217418267,13.3407205562252,13.320123713411,10.098450822952,13.9545480327079,14.7130943565534
2023-03-01,8.68507153381872,12.4538174031026,8.56250680585153,8.89072650881877,10.3108377910194,9.35561121051398,6.85662030023897,9.04762340129736,8.78954218653832,9.1872029259327,8.62020646060086,14.3699560590568,10.9241529269742,16.3448188603743,8.97558178091493,11.8046773503319,9.43342602306714,9.26942656874311,10.7685029862224,10.308488632879,12.090562856023,8.97451984801637,12.3595761759629,7.86968331173775,10.7808682207149,10.0997653726721,7.22237236387951,11.1622755537175,10.3790280247343,10.2532922924141,8.92965850651662,8.33008963026881,10.5801448040482
2023-03-02,8.35205811342492,9.12003883780861,7.51167174249627,9.77003531439041,7.88845532863559,8.47331461003591,6.46599908319027,9.71532404067544,9.68627569447065,10.1295360796102,9.51681250912548,13.3364480074509,10.0263806547862,15.0312450090068,9.01362894984264,8.83436443392571,9.56960354065151,8.51664297610465,9.76855128377661,8.56938663064034,11.6392422613814,8.16009357134531,8.95536601906691,8.48903340484999,9.61779097924729,8.11863825597491,6.84998443684396,8.94091906966798,8.14565059567597,8.27414474230217,9.9276277400541,6.95790989303025,9.61054239384989
2023-03-03,8.95325874809339,13.3332471104349,9.00513175305175,12.9241265158489,11.1578600838442,8.4138020308348,6.99420951806366,12.582415488369,10.3081972232605,12.4342267350337,10.6034843501684,10.9194513412063,9.07685612297653,10.2888181484934,10.6622524719973,12.5587911615884,11.9741313019421,9.66396920235705,10.3383727694541,11.768563204436,11.2829318779336,8.53632837509804,12.8350254764792,6.7904066384409,10.5513385672932,11.0901071663342,7.01401317850206,11.8784959106805,11.5570467361782,11.4689598535654,12.378963473162,8.77453721121665,8.63518879706622
2023-03-04,8.24872115275364,7.78672629627129,7.56508212181099,5.47792125575922,8.12969815841918,8.5839506549158,6.50915708517814,6.08289296724934,7.46175597982412,6.74951657470534,6.82216657069778,11.9471506469066,9.42579746924687,13.7642798521244,7.43642240158668,7.96095249540931,7.47697168718543,7.99944550267385,8.96244222763647,8.06942311959721,9.98948119943071,7.87796075155498,7.72240906112578,7.75026406895516,10.810466445406,7.89676824664568,6.90520871334929,8.21532775530824,8.15344750254244,8.14849228002187,6.22126079607745,7.14436041387623,9.3564873573705
2023-03-05,8.78425520457671,9.74265053512527,8.21637759469398,11.461502571846,10.0371886016443,9.9983919988801,6.79947519914225,11.511487505337,10.9602120001237,12.2577857724845,10.5527677515177,17.6112119478703,12.5396013806473,19.8821921331064,10.1737695492902,9.80186690285973,12.1741439430152,9.10495066530845,12.5470367844961,11.1413717623767,15.1561292310176,9.80548814777077,9.62132134880897,7.85372314137862,10.846263522694,9.41303501937053,7.39005642441066,9.34836224966796,10.971827265556,10.9754897798876,11.6707358460993,8.23007364230903,11.7935045952208
2023-03-06,8.90887256792943,10.8378898010988,8.60666733616963,11.6764139581639,10.8756606490628,11.1756014117814,6.9341239056353,11.7831913794265,11.0560297443625,12.573357182168,10.5985428328446,22.0192905095455,14.9819823203704,25.9592938250519,10.3999125683203,10.7526635602515,12.709871349052,9.29154595748632,14.4157780703203,11.8648785120512,17.8137987220269,10.9638056379984,10.5518935620288,7.48201648288427,10.88666688105,10.2438989476216,7.74472089446828,10.1164056542317,11.8067285228695,11.7572968440979,11.8915393667726,8.6877927937152,13.99743965233
2023-03-07,8.63302948737652,8.79735419809689,7.84553437904222,9.56870428936454,9.51687771134665,9.59666970131497,6.70180743369012,9.90560416389815,10.2627101216208,10.9332239433857,9.56349760527563,16.7024181622427,12.0176868144294,18.9490995101583,9.40826739482682,9.00263610288932,11.2626744549564,8.70890041779987,11.9038502143636,10.3945731819505,14.297087503398,9.44742142922633,8.6722006380737,7.85089843985672,9.96255298258652,8.93108979176409,7.25611390138803,8.53801072220161,10.3341216718939,10.3515788226131,10.1563856343,7.9420407300827,11.328918028024
2023-03-08,8.79423303179733,9.91277200354157,8.33609384628418,8.93052314051997,10.7811521784244,9.24935737648706,6.89815593875277,9.47452101019072,9.74494942208594,10.5372682728452,8.93133729766437,14.4740163963966,10.9873922290541,15.4974028198313,9.37228207424145,10.0638742192695,11.4641733851251,8.85234986250244,11.5356841478925,11.3237354561042,13.1624280930744,9.29059541045248,9.59033018267055,6.96904443485452,9.97244758411802,10.0315505952511,7.23562825531949,9.27271005104208,11.5390427193629,11.4420320567929,9.59922252074137,8.6503019500683,10.3866037502639
2023-03-09,8.08898190140445,8.08194385475349,7.23721281276223,5.70543006700171,7.24133982275318,7.20174774181901,6.36220331063082,6.1280318464987,7.18389516503104,6.56521104343179,6.78957518567438,8.07838102625332,7.22783793801531,8.55053266307148,7.29771816926754,7.92798543932179,6.86823037816773,7.83554719970775,7.15531620815347,7.10087722140069,7.58210280124297,6.74194123265878,7.85708012970319,7.604544136726,9.3187833951875,7.59354292891664,6.47709579788744,8.27714525244031,6.96666491040705,7.04526260391748,6.27821436416212,6.59085345207703,7.27248280449758
2023-03-10,7.96993472893351,5.51028261881538,6.96391051196389,5.52912753961091,6.24450719818619,7.57732223773639,6.22928138689645,5.86414348791274,6.65126024123273,6.10005281669812,6.44163462331504,8.33117619830981,7.28801427530407,9.27307840930114,7.06858434529534,5.9070543225039,6.21729740571822,7.49687274469122,6.87433992437957,6.37375491425512,7.4219245607527,6.57703214956034,5.55662677834589,7.17310761052246,11.3981231033869,6.28264062368352,6.53243565351752,6.97993676459093,6.12638832810786,6.24938464273955,5.98822010244198,6.0850711742045,7.53112017213926
2023-03-11,8.36190954731247,7.84667673660873,7.33142870204757,8.80267041690711,8.04711991355866,7.50650703101557,6.47279464802714,8.72910399199884,8.3359054522853,8.6217769604073,8.45552456157352,8.90855862066278,7.76070284360197,9.17910755228012,8.54527096196765,7.96644906880072,8.21475924804846,8.27399633453783,7.98739549014733,8.41667501675741,8.54657713110573,7.22050273086492,7.68966612249591,7.95054640579867,9.27984143615751,7.93990394786319,6.61360866682061,7.93603559939465,8.12945361441291,8.16079408028856,8.69537348451952,7.08443566504021,7.67047595512443
2023-03-12,8.88744381099187,9.74199269275729,8.1251723520639,12.319414335665,10.514998238013,7.90527498968898,6.8442885234799,11.9227516137416,9.87924016480342,11.523589943463,10.2982054535543,9.52617027284604,8.33821488088474,8.75312775672667,10.2898221901396,9.87554347111853,10.9279332616749,9.12520399236227,9.51925845757036,11.266406339755,10.0195010004309,8.11383540942529,9.40488232571808,7.52958994359894,9.15845677950253,9.85974083030472,6.86466582514296,8.99093107003339,11.0588692858526,10.9490921591484,11.6580304264648,8.4940883810252,7.98893811190158
2023-03-13,8.62283401471145,8.56504193548584,7.7033471017726,10.0334492935908,9.34384742267785,7.68494314653401,6.66609025257716,9.86882240365507,8.88735517289336,9.62263521129718,9.10291713872414,8.82057769318788,7.86742960361194,8.50359322384272,9.22216880601693,8.78644710123671,9.25677447503031,8.67010397816894,8.58017260244965,9.82111911092345,8.92411737288808,7.59851733694583,8.39137066726761,7.89898484280086,9.37102850532166,8.82692501967206,6.74093185713276,8.28173313944848,9.64711384623194,9.58118945859153,9.70282059769429,7.83958949042408,7.70905981364768
2023-03-14,8.50858702883155,7.3164797804074,7.60021318655079,8.99297289886339,8.86439978975214,7.79319995836892,6.59991690744781,9.13764911543204,9.27312040321542,9.57095003247034,8.97035083659498,9.43401967777514,8.11067272238556,9.24961651960228,8.90279029707669,7.75434885696389,9.55517754275108,8.23599324653164,8.76900142100486,9.44123034096696,9.48088722371248,7.63585829974431,6.99756369118654,8.23247455533498,9.73575424767897,8.42322224635288,6.741887250079,7.68017199875517,9.30599363108145,9.30913088531003,9.23057969398939,7.56937907324947,7.90197731463491
2023-03-15,8.7718205125321,10.5499364785805,8.24551940716348,9.49115289100221,10.5632707149835,8.58531907664537,6.85997221859585,9.62332698986193,9.44477540231494,9.86471706927374,9.20397636854663,11.9674560577941,9.67095017150567,12.5684723297612,9.2960576996457,10.4736581610812,10.0584752213062,8.9915183886135,10.20030549508,10.8179302853244,11.0486339669307,8.59696653018861,10.2701600577789,8.41664831334076,9.41728160932708,10.0048101609733,7.0435476763033,9.57391576434972,10.9014871054638,10.7618230831953,9.5365328670093,8.50888885718996,9.29544979793553
2023-03-16,8.41331674735878,8.12679655831371,7.47598456260595,8.60030163522877,8.41152760422132,7.8209459755009,6.53136224127704,8.69293974728707,8.57168362127932,8.89808105220762,8.4470491057194,9.89737442035933,8.31745854792502,10.2966302563549,8.61430889766591,8.25720550880397,8.80200600643151,8.35555405213167,8.59697986865883,8.83478901175356,9.38636657705917,7.56372145047716,7.98938987637716,7.71294981567273,9.55026285662968,8.18503351123239,6.71911683972133,8.1343080346418,8.64360373080154,8.66480223769495,8.72541446057931,7.29714182737351,8.14143514229352
2023-03-17,8.20316765775116,6.6807992771611,7.10934489835694,7.58347824632754,7.22804164713002,7.30145380080601,6.35886680821424,7.68280863660311,7.75717695048656,7.77276863479669,7.71527428218957,7.66294472167481,7.01641036735288,7.67807709503976,8.0037293280079,6.97565162354272,7.58197731709816,7.99800099892657,7.22318698357384,7.6178486519593,7.62188486274459,6.7469536984332,6.71871974698567,7.5494165271289,10.2990361074213,7.08024675858795,6.51734719935643,7.37070968426415,7.33331897720847,7.41309748338817,7.7360214653919,6.64300713575251,7.09894620557185
2023-03-18,8.24218861617324,7.37395033864205,7.07271006414832,8.23833346047445,7.35254239967587,7.45696188845674,6.36773864826516,8.30149583659223,8.74008700643258,8.60165410766588,8.55848814086462,8.95639244530416,7.69308862441532,9.26979320265088,8.31088943359228,7.50650920052156,8.23407106648469,8.19910348018293,7.85043007118281,7.88828198805343,8.63278198711449,7.07804181322996,7.44925437441336,8.64866131085827,9.60391640355415,7.2610252424486,6.56354910266042,7.62781530623283,7.55702196851966,7.65803234034962,8.46604602664998,6.70415180051012,7.60488867581028
2023-03-19,8.44856098857532,7.98829708691289,7.55228505204209,8.65593047809545,8.53087557655456,9.1655590648815,6.55739825730133,8.8445651011406,8.65801647471376,9.24652197715362,8.40986769300722,14.7744549159964,10.9319967413562,17.0819641593639,8.73944611164346,8.21578528531377,9.36069766816652,8.45476135035243,10.4901775404859,9.13488632061955,12.3407561988492,8.68991085845335,8.00337160140902,7.06346385179533,10.3782920152444,8.09666303308811,7.08596602814123,8.12760783691132,8.98233899867872,9.00892023509702,8.91269358390235,7.38684138847114,10.5423530557613
2023-03-20,8.15000468086271,8.12451582877875,7.18914817202753,6.48858722300237,7.33338944881173,7.78563361931253,6.37231124594165,6.81140276899894,7.97335154695542,7.28026153111822,7.56772345250162,10.2720622606201,8.41009956218113,11.5210046645255,7.62890394212046,8.02046519668174,7.34826004592025,8.0669769121342,8.07494808894772,7.42623100283584,8.98890657763633,7.28137263525468,8.11291543882041,8.57761189814276,9.53565623117407,7.47649952195445,6.6421868167235,8.19806140823133,7.24697484878559,7.32607963959457,7.00147614806414,6.66584365904157,8.33279158464225
2023-03-21,8.56962238923298,10.1299747035345,8.06144370418375,9.79901288633221,9.27981244513849,8.30077714615395,6.6860822184216,9.62566862763376,8.68750872475041,9.33355327632351,8.93588282073683,11.0112542170535,9.01296318324858,11.8433967720299,9.07020669827925,9.86651699952508,8.92365857896904,8.78367652217208,9.17718249214385,9.50463178301658,9.9777122868941,7.97649029840413,9.85100212033055,7.90650790646045,10.1266602655722,9.1996036528759,6.88644896912549,9.65443805882591,9.30310954645528,9.25132769090554,9.46139523206011,7.75282131272986,8.82888576275018
2023-03-22,8.20981564835406,8.66295574812103,7.45052012412829,8.79225133415652,7.21320210158391,8.58720988845681,6.38105541581882,8.39371257604055,7.28705877828026,7.53196335947675,7.98603103252135,12.6532188646536,9.69869694503583,15.4528712471898,8.18461650100909,8.36382717888049,6.55402736077344,8.31805328365335,8.57061972960891,7.26916096855671,9.78721694901372,7.67533987437929,8.59011402825898,7.884325070868,10.6131954567269,7.570577272799,6.84032744435437,8.91584836620116,6.7916408434952,6.84287641655887,8.17543448858443,6.57490906186027,9.69348040649323
2023-03-23,8.10338820928331,7.92671131034296,6.98906613788945,7.26901326428932,6.79236543509826,8.99497354517389,6.2898971375022,7.79873011600661,9.15773726759383,9.16659336809271,8.25710970065491,16.1139111244983,11.3705183215726,19.0858787436346,8.13476868916584,7.78429476095603,9.44393879484309,8.15681709603451,10.4948423999573,7.58939951358884,13.2540931827036,8.5198502104641,8.09951044920824,7.43864616019963,9.69430260056526,6.97979373691189,6.93148898697577,8.04990039551553,7.27349673151011,7.50788940249638,8.33414862168625,6.36581869494565,10.8142695339966
2023-03-24,8.03674905132154,6.21255534308653,6.60735843938104,6.5262128527646,6.36565890224203,8.83434753108027,6.20876213804062,7.04299164833328,8.66602095355946,8.21201755030361,7.84763205722129,15.3460471928935,10.96850136974,18.4286384241321,7.72972342324225,6.48558363067728,8.43728031486484,7.87278581172481,9.91449198781015,7.10857438680267,12.3598176531459,8.24154072748031,6.51979246300067,8.00266958733055,9.54977854794869,6.27759830852518,6.87517910084261,6.78402808794663,6.81737482704386,7.02946300775757,7.52487374925294,6.1660684999426,10.5453842667061
2023-03-25,8.4290340013975,9.18327291225417,7.38344470955609,8.63921319298541,8.59428313400653,8.88119720246127,6.53912838306973,8.82467981797148,8.76644131810094,9.26138722531459,8.49292822849141,15.3948801776734,11.2477687619737,18.004486496631,8.71670215678334,9.05381980994195,9.32929584346788,8.52829499265098,10.6632802584222,9.03179319709986,12.6706463219741,8.78993791650657,9.04523508403928,7.31225714369517,8.12440038008905,8.50454383262599,7.00498368053947,8.47265085963061,8.86006936866593,8.89800118485866,8.92104926586051,7.38046427239308,10.6736649401916
2023-03-26,9.09122525039469,13.2457993501441,9.1512118262221,10.2573080861783,12.4813079203951,10.0643506164468,7.17593777801758,10.4011561515514,9.5508281113004,10.4772514215505,9.38002809355423,16.0923529146501,12.1051965656416,17.9676396259262,9.87115549109145,12.8586317597214,11.0145973290092,9.71966010367577,12.3767542300562,12.5497984877991,13.6991261792097,9.99610931216274,12.9847717670639,7.78369067501036,10.6082849511351,11.6157620468923,7.54286925129199,11.4687501270119,12.8795465463507,12.5877373791151,10.1051264123235,9.5903526889635,11.55563667261
2023-03-27,9.11391654558249,11.7156117585738,9.09996836117726,10.426247840107,12.5115124773795,9.04192067620128,7.17729340442142,10.3282833303809,8.51810572395304,9.67076993281656,8.87420675609053,11.3997930741972,9.65796746739192,11.6583703076998,9.77251299517646,11.734021772721,9.96554086971358,9.3959200556547,10.4982439931799,12.3988544192407,10.571959444082,8.95812972782697,11.234105854071,7.19180940296398,10.6483145493269,11.5021143502412,7.27902292594891,10.5646487425801,12.7109195367033,12.354697111933,9.75634856414346,9.6238980641321,9.44423607132655
2023-03-28,8.31649547907196,10.2871588024298,7.83939365183264,10.0362385846624,7.76204092549924,8.22207073748471,6.47746841011034,9.56372470924067,7.94257258299787,8.79825650533786,8.65428769820842,11.3350067685867,8.99675893767814,13.0153639535259,8.78363618011876,9.61977722692354,7.74526955067742,8.63138810196128,8.50129621724826,7.93449072111579,9.60214256380102,7.54890889553017,10.0374476400711,7.36814774586698,10.5939548723051,8.3579608255001,6.76552622922866,10.0885045478103,7.40248949759751,7.46951874441307,9.36616620569044,6.84558811767317,8.92640860733174
2023-03-29,8.22483691578937,6.84110626307452,7.14678544416723,6.78675891492366,7.57291685691617,7.84919312185598,6.40324227680636,7.0233678138294,6.99609666231208,7.07298214602129,6.93539922815626,9.8528906883935,8.24955143689357,10.9346204743079,7.74839181749311,7.16390153386948,7.255582396976,7.95930063441046,8.00957694774189,7.74395380430175,8.68189377619598,7.28641076992768,6.83240554917785,6.62911327115171,9.87446348234123,7.34492584973239,6.68254207867755,7.35417353559405,7.59902014074632,7.62930081674905,6.99028131461937,6.84042876974083,8.24221406431912
2023-03-30,8.20080970131509,5.74252826110902,6.86797426916559,8.80773082622073,6.79527149151503,7.94154855278135,6.28746783238528,8.59409957785156,7.53390100132424,8.19743893765861,7.9545148316714,10.3745982626495,8.42612057292446,11.7070802429281,8.33350039927698,6.22399492521413,7.53462994649287,8.00253612694533,8.02574391906446,7.45074232707988,9.04080074431302,7.23152097469785,5.89142101170838,6.77848101030709,10.3739114619824,6.55330488381404,6.66636479391048,6.7206895705038,6.97638052624689,7.08352217875451,8.51509709061692,6.4184132408012,8.41129583561219
2023-03-31,8.12873700424462,6.77682546686877,6.99376816548908,6.35225701612845,7.05983986273255,8.36798115823816,6.32759997019404,6.66317814940279,7.16442619155318,6.93390764940171,6.93913291769954,12.2079042680236,9.44131804299176,14.4365089363769,7.54071284878062,7.0207037049299,7.11016838225465,7.91927771565072,8.65638183810374,7.2801060288093,9.93992660742319,7.65528223900196,6.90520287366598,7.09583915289875,10.040760320486,6.93059088920656,6.78947943158484,7.33068220115393,7.09444949250599,7.17297790044483,6.75066045929044,6.54916442573809,9.34393367638613
2023-04-01,8.27524721401855,6.34274123074487,7.02631304484461,7.14671002955761,7.68542038228943,9.54178347414895,6.40920874455781,7.45199990688271,7.98827969230438,7.8712143474022,7.65347174025239,16.860716054716,11.9964123742855,20.6983513059959,8.00637524455083,6.85934986994952,8.06796423164118,8.02246485405458,10.7051008272034,8.14349608019838,12.9214761745849,8.88504032327906,6.45969021603653,7.59432323274574,9.76038920146106,7.20122014693124,7.14277168113166,6.87091574640572,8.01164656884555,8.05669004437072,7.56276284310125,6.93215995669773,11.5962328656421
2023-04-02,8.73255909554953,7.17809722805309,7.77727581554574,6.91271652557066,10.5206786445245,10.1949914110942,6.82687262052086,7.529645171899,8.37643446422923,8.14473314351067,7.69435598439548,17.5354965674582,12.7359633205936,20.8530395969255,8.43359871392017,8.10883533345565,9.2547794876928,8.42840777408098,12.0922530350606,10.7375359604542,13.8007602115366,9.85666047146206,7.15530774385681,7.89503092138669,9.79152827758646,9.07573421602695,7.49259288450765,7.1436685341601,11.1581248736193,10.9455614786902,7.46180415818846,8.59099643997524,12.2329665191551
2023-04-03,7.69320696335575,4.07890076535431,6.21856117942796,3.14540901287957,4.98967572210437,7.50738986196279,6.00915413082498,3.9737651385218,6.52888724037187,5.10582640609332,5.60587188498249,9.70571615794613,7.86574425369288,11.4630991267687,6.15540215740937,4.62306701023368,5.7829179378184,7.00668962632408,6.97190581609677,5.16765475902455,8.11023653574514,6.56566486474172,4.32332697602575,7.45741571241112,10.1523442434301,5.12199919269167,6.44607271326374,5.70060852131518,4.97503881120114,5.21019211062758,4.45588731774963,5.39022582220289,7.97297567412769
2023-04-04,8.23449285857952,7.75932519190151,7.54714059540608,5.4973839064529,8.04055977865792,8.19181494022537,6.49652226055801,6.14745226933006,7.42442376556561,6.9235443887912,6.73546392610606,10.4957242896578,8.62351541865734,11.551530171925,7.47246592099324,7.91989864994938,7.7387238435193,7.98450369818462,8.50272609304789,8.05684981324326,9.32944744829229,7.55940111098712,7.69428997555324,7.17971565188138,10.8272780185231,7.84185079814252,6.79604808959074,8.21423702844804,8.1264630530276,8.14485638147186,6.31774282814214,7.09173077074501,8.58804732245317
2023-04-05,8.38804046187971,7.99108381969447,7.59059384752869,6.51548640754523,8.72997224986528,8.5565910704311,6.58332502996669,7.11299499063713,7.89348746043823,7.89635478892747,7.23733490978735,12.2971597144802,9.65043446738488,13.6784195627135,8.01101531316606,8.24226347481277,8.73584970182191,8.18948772358984,9.56633117031637,8.93819670759754,10.7552019637668,8.17882114028962,7.88215024438202,6.75870217439319,10.0035200369558,8.311772288871,6.9354328428263,8.09075647911216,9.03570609804545,9.02295294590692,7.2399505492555,7.49341073270002,9.39456525388102
2023-04-06,8.09303325891706,6.38536427477836,6.89962310254332,8.32754983120569,6.4174264725019,7.94916569133224,6.23800008676393,8.09630313309536,7.15550497507252,7.61123207711642,7.63663360626726,10.9643861690251,8.68859235450744,12.905048648414,8.02323002524207,6.55595707219373,6.85351725787126,7.86924452800511,7.90288734434617,6.80886330248646,9.05902456364119,7.17660613054031,6.34543197569433,6.86639207485924,10.0124445583148,6.63064218487162,6.63498939688129,7.26467625750533,6.27949195871766,6.41483102233009,8.02405178574074,6.15848141132881,8.67796926741196
2023-04-07,7.86747648839491,5.12791854330276,6.43180451673679,6.38212256745748,5.38370475412026,9.19436035430964,6.07228683442681,6.495370578813,6.78556283679703,6.55875178116073,6.81328470221606,16.6598715768058,11.6209718286507,21.4531251860209,7.23169197192241,5.44337956712355,6.19588163606474,7.45995180831809,9.48449164947442,5.75528794144337,11.9766830781029,8.12528648345701,5.25621904275098,6.98731317340536,9.87563676547543,5.65425541490481,6.90769874930936,6.38458121348865,5.26610748777987,5.47752213737385,6.64840155592602,5.58847912186584,11.3923447416916
2023-04-08,8.48496530358626,8.40235584922472,7.62660031307075,6.34090298726347,9.31919390478052,10.4368122403748,6.6596847589083,7.08339381385788,8.4512895039371,8.1551222495069,7.51927258756339,19.853900250384,13.7660705347599,24.3182640562007,8.10545453391794,8.70223279638803,9.23935010855674,8.39630424330292,12.5041881061764,9.56153999363041,15.1467913507312,9.98963770805699,8.42909300667816,7.52506921417814,9.65722952463855,8.61314563998557,7.47120521877915,8.10393000447928,9.79925844930863,9.74170719301459,7.27117912255578,7.84862557162166,13.111175636238
2023-04-09,8.32031009336478,7.80116060366478,7.22841232304585,6.19925293909112,8.31606850550665,9.75881717686946,6.49988913386914,6.63162688109337,7.07637436037278,6.90144595158305,6.76934148646377,17.6847046841549,12.5371430197269,22.0720269971239,7.68619154259567,8.04518501786554,7.48739901133343,8.19850231975336,11.0076297816511,8.34524482134888,13.1010527887176,9.16681917104948,7.89243092931227,6.86261168335694,9.14470858798671,7.87469800133193,7.23207321825614,7.6527538853212,8.39742982511714,8.36074968484291,6.60345531842329,7.27066081277032,12.11800861226
2023-04-10,7.96244466753557,5.74412464833857,6.33120142437614,6.96476455263784,5.86840321941107,8.51144843580624,6.11758967323587,7.26672789521869,7.93619439384409,7.98524982142113,7.52920504637429,15.2300409053863,10.8470242485784,18.5782093097173,7.71908767479367,5.99304518190113,7.9038143652854,7.65172786104302,9.55732481997973,6.56037665107128,12.0233965492183,8.03364083541214,5.84163811005314,6.88649927025275,8.26040147953031,6.07754301081408,6.7555970470663,6.34354457166558,6.1128831759842,6.35889979168643,7.62218470615794,5.85984744126724,10.3953370040781
2023-04-11,7.97662941710708,5.03485255564484,6.66275681889421,4.85575860918088,6.36121937082298,7.99792962524297,6.21628078239912,5.5160026956907,7.30467863882174,6.45633732975918,6.54229261636685,11.0136516781876,8.71442222311483,12.7284528655789,7.01279311141321,5.61359156389727,7.03819021442871,7.43833162326158,8.09798830075633,6.67800449241539,9.34024393519014,7.25632699194138,5.1734854357116,7.4992340411184,10.1495133686414,6.17372981250839,6.65697067075997,6.23988206669209,6.5534743693037,6.6977663553706,5.85993722100961,6.17546172550284,8.66601200784445
2023-04-12,7.60334207203424,3.84258074394546,5.89840289608603,3.04390591659166,4.50468545385712,6.20057458272808,5.91610148199529,3.6895551631182,5.65158346030371,4.32350692251133,5.1127130743575,5.44966979326826,5.55693654424052,5.8355108767862,5.90431288309585,4.32136196438804,4.72495977725166,6.83927864031788,5.06761719687337,4.48293336090266,5.25536133293527,5.45711721269368,3.99699304644637,6.98174330077052,8.79716329616232,4.87689466615811,6.06934672648925,5.31780855681479,4.1911146556335,4.43198033234682,4.0286229873145,5.09749605883922,5.86546087074779
2023-04-13,8.10155676021732,6.98787158002804,6.95943912500135,6.62747208198352,6.95395936800531,6.89549271865116,6.30544530063017,7.11378002947951,8.2690272691653,8.0797673208558,7.59368379064571,7.49317379692769,6.82643436866245,7.05402371736935,7.79428188347756,7.0994715826129,8.38805087643554,7.80606803013898,7.29050157807107,7.40957973334062,8.00290412929976,6.66166760598698,6.870141278815,7.33624801015931,9.11351365305998,7.11921691369886,6.3870169353722,7.42674641336243,7.17265522876333,7.34039269573398,7.47754511658897,6.45649194734462,6.72647151588849
2023-04-14,7.71420348884118,5.24343352429524,6.65829569678403,3.90339210619733,5.1209728552367,6.47940501620356,6.06153292056516,4.4821803250099,6.0330142268597,5.09168629654249,5.54719077143086,4.81827613856061,5.26014152842931,4.57761863615552,6.32916128109583,5.44670736044522,5.45556295935427,7.13441709362798,5.15799290440031,5.10711029613179,5.22457955239454,5.48409577903814,5.28686467370094,6.72431333427252,11.1287445261365,5.60144419533592,6.17071758014267,6.89104850587313,4.81666620048698,5.03843847562613,4.7865380837643,5.42039968371433,5.68227470564876
2023-04-15,8.66291689349127,13.2659542467651,8.77712534240438,9.74482458148569,10.1698429873773,7.60901647359561,6.85243296092818,9.81180386772927,9.11234628683625,10.013522580611,9.00157258319573,7.78199019695306,7.3214306269397,6.58050350607524,9.29514610495571,12.2959586135146,10.0744336370686,9.26693401680572,8.53788464985516,10.2463605329131,8.77481419277553,7.51072539298337,12.8861325496156,7.24125540021237,10.786112717197,10.4248403659142,6.74009739558202,11.953966302035,10.1727669307507,10.1140579221506,9.75047487780378,8.19790483640921,7.19007807213299
2023-04-16,8.13434496989728,12.5561765967951,7.94292376080895,6.12291183802862,7.7996064635906,7.23412804660472,6.48417597717789,6.46618417510932,6.81426369029527,6.68292549853802,6.62050830477517,7.88651857879763,7.14834554538376,8.22389419022744,7.46101185467345,11.2656124610729,6.97812962445599,8.61495231703842,7.15851129731527,7.30434545302948,7.50645506729971,6.75125367206554,12.4121988203723,6.59222008141562,9.95163309114763,8.75647554191051,6.49629722566109,11.422400957179,7.15754795901699,7.22034546967756,6.50816656212854,6.82317447515695,7.21607980858018
2023-04-17,7.75296200954565,5.65922418841148,6.62772666933402,5.25640669185628,5.07844214999035,7.33427043950213,6.05070613196145,5.61194235983529,6.66563908079732,6.08737861365133,6.36297952964635,8.89531042298681,7.40573841894984,10.2789973633225,6.81804867619561,5.72772358790653,6.03377982850221,7.30452131511802,6.66030309437561,5.27668422605616,7.69970193818051,6.35432279320261,5.67560274745956,6.95421144336958,10.6534083743939,5.68541000169461,6.39042691347711,7.08251944294766,4.83162340385694,5.08714340591656,5.91719384693144,5.38220061948977,7.56261234003492
2023-04-18,7.71652005018913,4.49616841863359,6.22490330926791,4.45351445703372,4.85745177037725,6.81641981880832,5.99167493224358,4.90887496548747,5.66722050021613,5.2772730087051,5.42705560555114,7.01035408648363,6.41366063653448,7.7559805664146,6.4929656206202,4.88838304671649,5.51983013662387,7.17609266710233,5.88412853294846,5.06877860032457,6.43987739296862,5.91993395218562,4.73895559518821,5.63572936389946,10.0604709314472,5.13493530157966,6.2525228091792,5.98824030932806,4.69794407788912,4.93403415741845,5.12492512375419,5.30094299948494,6.66916880671372
2023-04-19,7.64156679125298,4.18150349330524,5.64909645684461,3.45647123326154,4.68977865418358,5.97880894332605,5.90989324186188,4.14950489182844,6.168922486936,5.03088554831172,5.48318676307458,6.15888080888944,5.92305893586934,6.51212060514303,6.16220992412219,4.59372991025373,5.49381246549738,6.90785833490497,5.54576777940815,4.80498815777645,6.01468654725672,5.68635370565492,4.26361617803294,6.88103625433201,6.74839705241426,5.11012091175211,6.02011190165201,5.04398912071737,4.50411687794894,4.76710055742844,4.57102457508464,5.19262020005522,5.9829642671114
2023-04-20,7.94045370209226,6.71378474546297,6.81038090933027,5.41703942128629,6.33514798098871,7.49672773156825,6.21289040097329,5.98019125641343,7.53380195951886,6.90707130596023,6.84634603006118,10.4643436798124,8.35768330850981,11.8837559497664,7.17887921870741,6.72806237804202,7.26915374071629,7.46658449180764,7.85058374091039,6.48461424075787,9.14452973504456,7.05428214041766,6.44919879202527,7.38069153440883,8.73431337484779,6.83871734327324,6.50316825947398,7.33232421400724,6.23886447951192,6.4323621658394,6.36155607669617,6.07916110035587,8.19951343681398
2023-04-21,7.75997846544544,5.46888259121785,6.35202117044251,5.1951525240559,5.10561811181394,6.02704220544866,6.02679834190472,5.53202147066079,6.74746744411026,5.96464070209925,6.44949103730298,4.44422779602867,5.0411273798321,3.90931345107029,6.77867618881884,5.60332792368326,5.85742310900896,7.29214419417435,5.09210006138001,5.27797366798722,5.16559687337704,5.41042295876091,5.51042056777671,7.47413051089532,9.26787513771189,5.64066455130992,6.04986917195133,6.56650448714555,4.84717474008611,5.08760781174576,5.82923648042459,5.40555071646598,5.32162440415264
2023-04-22,8.18961398456916,9.12480236058792,7.05714204049757,6.8955050300772,7.74234371045826,6.43281182814168,6.39500097259622,7.25993717603303,7.21450203370454,7.69257618784841,6.9464062655212,7.25513576148993,6.78644628114502,6.82560381114893,7.87943980816154,8.74350047710612,8.06787203443931,8.00898330449316,7.25374848652735,7.7440562208955,7.67657469143497,6.71549170880026,8.64493633530206,5.6380964467662,6.30447557579578,8.29987047201575,6.29577503935847,8.32588757127045,7.55688896774954,7.65462542014971,7.35873555364033,6.83941773434069,6.54460545027974
2023-04-23,8.230602991538,5.85289582110142,6.61848038554063,8.33693697805129,7.15768192023668,7.46854752739991,6.30206798697304,8.74959277393911,10.2580319014505,10.1572156002427,9.32543582536141,10.7839517010323,8.56792152987792,11.0261534701407,8.62941803263076,6.35722029044243,10.1847445585262,7.9123266670429,8.9716912039111,8.27348837398482,10.6366577391271,7.55719811520246,5.82926432847193,8.80407589011528,7.97964981862133,6.92222717537942,6.56155900541144,6.24261568648321,7.94545128565344,8.15485671690917,9.3157254798559,6.61508765358964,8.08062824638842
2023-04-24,7.64664086023155,4.75803107300596,5.75382337014476,3.24539588697815,4.87581213001277,6.4221388750373,5.93818892041996,4.00035825827043,5.86662459019641,4.9059163256152,5.16680106706981,8.24271333045728,7.04755416510134,9.49114722655007,6.11439248788407,5.0235886285756,5.53873416985093,6.90579454247761,6.30800122119365,4.86563845496956,7.18880659265727,6.1565888957525,4.70363506702219,6.18446342258289,6.3494169769993,5.44598873793488,6.1424680047427,5.41171982512939,4.60302935415821,4.8599817980091,4.39980161798691,5.27617470576952,6.98042969096632
2023-04-25,7.65365807613504,5.62560357668066,6.12036489477751,3.528046932787,4.99401356420444,6.62805206849698,5.98353821960831,4.16899151342879,5.58464862876159,4.81484732109804,5.09398192231689,8.44240956542082,7.16197234783005,9.90172039456678,6.16193168000988,5.64009268139068,5.30766460084667,6.96862210164644,6.30066886361067,4.81357520815968,7.16746375744732,6.1767809644497,5.41083225617382,5.86857240058784,7.24186433817034,5.82342536905447,6.19467546471708,6.34620617454829,4.51187215420014,4.75890119015529,4.4788289009402,5.30977643534015,7.16832406012003
2023-04-26,7.58821241154243,5.25658063435937,5.63970514864706,3.55402631852839,4.58124775984753,5.6479873238206,5.88462905343764,4.0812195992614,5.60538556513296,4.56404787019573,5.23095469405601,6.0657931558426,5.85332709968372,6.74799038078297,6.04228993708033,5.27447768013748,4.77137747329844,6.85052409486121,5.21668712339438,4.35788644585016,5.60179902389347,5.53043907798205,5.0227464778727,6.61593411605811,5.19386784411869,5.53254343407295,5.91185784563803,5.62903872751072,3.97260084625984,4.2378516919236,4.38962580630012,5.07041430723793,5.87934999957316
2023-04-27,8.0161510393877,8.70631473069346,6.574204521594,4.14373882478983,7.23886476957527,6.05199568152435,6.29048101184173,4.8933906563309,5.51734875761585,5.47001029803874,5.02408463947133,6.36139433594179,6.30780396444209,6.14694503804253,6.77006944038097,8.37502739793553,6.55862054922468,7.77121879724196,6.50010737589762,6.84755565446404,6.55677670975701,6.35030453013693,8.49578779241848,4.51089984572928,5.21940608034885,7.70830107374041,6.1721868439128,7.63346978982103,6.86641992818785,6.94331609399818,4.9788054560231,6.57557792298759,6.16709790321176
2023-04-28,8.13028947341675,7.80330818518501,6.4051569289272,8.03078062476723,6.72727395303937,6.14699839045679,6.22334931066703,7.98004688434214,6.79144904221265,7.71002321554536,7.13480111727352,5.9314324154546,6.01603392715173,5.33012329368126,8.049466709208,7.69447586713649,7.39192421239093,8.2546919477865,6.40016682691469,7.15569348161178,6.57388593738978,6.21641026216975,8.04928477109334,5.31916312387074,6.77439172777503,6.85721180232268,6.17998199698653,7.15976463719049,6.72034204361847,6.85059672942623,7.90918905378699,6.33718538562674,5.94682142084533
2023-04-29,7.71169943248897,3.41876100410408,5.86635071556911,6.01353379626344,4.36137931230929,6.13883027050833,5.89897115823367,6.11486774521681,6.95763192554223,6.29346902591466,6.91024693283071,5.07910948779811,5.31549867411268,4.9793387162494,6.94883895986199,4.00190806201533,5.70599257454326,7.11805427507455,5.10612135996055,4.904610091072,5.41705718603215,5.40048635524481,3.66349996676486,7.84735302972417,9.32183533718931,4.634658333313,6.04828689992906,5.11592643968175,4.29430156148909,4.57883507624337,6.39657055971567,5.03117289335944,5.59794982828471
2023-04-30,8.34959958244284,7.09934852109144,7.18271693096193,9.45633891703436,7.63434528225257,7.4937415717978,6.41628993616361,9.54112564979166,9.24762948945748,10.107447295867,8.99510356124357,8.77794453941149,7.58149342035424,8.26770691905748,8.97397919385606,7.39261545771034,9.88461242878353,8.37212689909259,8.30135156775515,8.66728542655305,9.31011178084532,7.22475058226413,7.25007987122755,7.03343998360269,10.3010583848015,7.29973121714545,6.59501365498657,7.52300039116467,8.29338140680091,8.43224492059094,9.75562806730396,6.88656273959933,7.38660616052141
2023-05-01,7.93468188663642,6.12251611041463,6.66577818141593,6.24488241044232,5.86695073500447,6.7879785475599,6.15252813625189,6.3963384974766,7.02211481484763,6.49013218369571,6.96580368431049,6.2794670756931,6.1345222075272,6.3776569389395,7.2398190188791,6.28396828330928,6.20064475108373,7.70258765091877,6.02805259393719,6.10914748859963,6.26804503196616,6.03052335708729,6.33515049986313,7.75500569000847,10.2329057657038,6.05863346693507,6.30039556171903,7.04015679383207,5.71424465969107,5.87687938940782,6.53771577984439,5.86112996485019,6.38744225092883
2023-05-02,7.7260618072088,5.63712326627197,5.66953166340788,4.56237815943103,4.99096462092571,5.940135528648,5.94525775745942,4.89146321186308,5.96104250495828,5.05862478476243,5.81505745785843,6.17288302168852,5.99426954295466,6.78259812012418,6.45041256062624,5.73568586996117,5.00685145697642,7.36820913096231,5.46449111599199,4.98431779184967,5.71034139995033,5.71887583148843,5.89155075029981,7.166661865237,6.06462482116126,5.43400766908011,6.02536689973838,5.71369112506611,4.59943419831467,4.8056467257355,5.07687798729609,5.35401516306664,6.07188896082864
2023-05-03,7.79289695622854,5.18750581497128,5.86978111843676,5.22581246597613,5.17982789792211,6.03921236617655,5.99120021944192,5.50939797336454,6.05811472043839,5.65049113105806,5.98367952647636,5.65203840892615,5.72824907606968,5.75760162727592,6.77117847500057,5.4605643153425,5.60578896481741,7.40104962077908,5.49852925877211,5.38038402482202,5.69061497557608,5.70422425752059,5.44173524959399,6.4021209276543,7.2710854038148,5.44766690799335,6.06607911567371,5.6871834403828,4.97661916746515,5.18265268432281,5.66082388881566,5.47772531964197,5.85754302450514
2023-05-04,7.80712800950504,4.37267672529777,5.39756847349284,4.66799455405538,5.33066741085308,5.53643449759667,5.96369690833135,5.00000804207058,5.52216729881856,5.01009714127817,5.49246695019525,4.96297903552495,5.41308316914398,4.93508525820664,6.55387869124503,4.90851034984685,5.13096802569574,7.23049318713947,5.21315099797066,5.40659033165855,5.08622900117817,5.59194348827415,4.58651926279856,6.16025838642666,4.85677952734761,5.3985469230037,5.94860205845863,4.4958262691726,5.09570961733175,5.25531683440726,5.06606550160663,5.58366031529142,5.46731812201684
2023-05-05,7.6287259612004,4.61940809469377,5.09866412638773,4.01534682499494,4.41693222038849,5.26775820697868,5.82273514846067,4.34058663127486,4.78980150701974,4.25772249467324,4.86067398512931,4.67646289990935,5.15367404463223,4.96199178619764,6.12541929713755,4.89287897221347,4.30085803327721,7.16075431984934,4.63824690267232,4.39657456388864,4.57015255103296,5.23912475911812,4.98142793930398,5.52645846228741,4.48776205098884,4.81451126076185,5.82010743364367,4.60065868739408,3.97756331182223,4.20210313035398,4.42281046376797,5.04667256309867,5.25987695742204
2023-05-06,7.52362260430729,3.43639367070685,4.85827812289391,3.01319620136249,3.93598134510497,5.10525203670605,5.74432579473446,3.45633170739433,3.86461891803165,3.36006575100021,3.93621468242052,4.14830166190908,4.83683327220968,4.4945887995688,5.67676816373958,3.93177001377445,3.64427970641295,6.82184224206724,4.19040509334375,3.83512659702699,4.00615444211888,4.98860465995087,3.7843664317805,4.46833372813267,4.42010030628921,4.31433857971282,5.75265933018522,3.83887118288917,3.44369435726933,3.68388134863131,3.51625735867626,4.78692500453978,5.0217438175947
2023-05-07,7.60478086731911,4.22916504472809,5.02603308867509,3.58003986466191,4.37529665938778,5.39499546906004,5.81037459536704,4.01055244778732,4.95012866689061,4.1326679219701,4.83970765688378,5.46796222403134,5.56972192519927,6.09564744200899,5.98773145582227,4.58926825895406,4.29429188400083,7.00603677581863,4.90983199945513,4.3264651722645,5.02365428605416,5.39972145172968,4.50853895273832,5.95308464587526,4.14206038988809,4.77987345862467,5.85144639540895,4.3033205003833,3.94761763186954,4.17815381182429,4.16812967761484,5.02315740735184,5.6151867142903
2023-05-08,7.77490552801947,5.14368772440145,5.15797410331072,5.08807538364357,5.07007579744039,5.8547655521907,5.90584079675125,5.47353821422562,5.99665957806927,5.81595813976621,5.8038692132373,7.65136839668037,6.76957632217413,8.48906351123975,6.77545827224228,5.41953465736758,5.96005887593854,7.42059768633834,6.2656539215548,5.38902967752489,6.97984978195167,6.13211222618915,5.48596605366882,5.65293626439108,3.67298916936096,5.30404656073739,6.01452921662522,4.67164530109897,4.99212348352244,5.22512522415137,5.67909011948913,5.42195379483504,6.52875947761782
2023-05-09,7.87765730420649,5.80537686576306,5.65989445807917,4.87529648761425,5.82067703469323,5.87853410429383,6.044339073155,5.2143209249135,5.67158949488728,5.23132540781717,5.62579469649422,6.1888309995968,6.11453198443381,6.55202067549291,6.70256334602292,6.0499237034442,5.41512892500561,7.52501164116926,5.81847857955213,5.80157057546621,5.88053195921024,5.96968858988423,6.03431883649298,6.17689580362336,4.87672109759784,5.95412743931892,6.06252693942235,5.41719360590945,5.54042705929503,5.67098814480302,5.2551574046154,5.84283706977774,6.0878858652281
2023-05-10,7.82731687399919,5.9135559405825,5.59530799720056,4.60219989333156,5.61300817354739,6.03182731192923,6.01128942307494,4.90985150020002,5.46214679403042,4.81924671553994,5.47812207200107,7.06573216726779,6.56882891829533,8.06340912979889,6.51606852813679,6.07246324667486,4.91435800259169,7.4668653877859,5.92528051952038,5.46495617650673,6.1274201145877,6.06500480518985,6.11739941623731,6.46189466866265,4.60639086855819,5.88094130025898,6.08816037039064,5.47055020167396,5.18270271378724,5.31611033296687,4.93475532414311,5.7137188900484,6.53246080897426
2023-05-11,7.96158413240892,5.86843210820069,5.90046242532793,5.09237853066361,6.31867428395688,6.14509187104552,6.12700519941223,5.4269111184274,5.45987327513847,5.33674080386588,5.49411424320312,6.74410906431804,6.4717906942262,7.21635719832098,6.85495511483436,6.18644556043976,5.64531288138956,7.53342267620904,6.20033029872726,6.24980933431975,6.27529269587,6.22219901293432,5.94866852967359,5.4920879413215,5.18769063183522,6.36943691064617,6.16125321606259,5.5748082303099,6.05054006835398,6.14043812835678,5.37778004496369,6.12397847143902,6.42751713870173
2023-05-12,7.99214188374577,5.60374287832717,6.47042930140066,4.99032135681475,6.50496998188909,6.74366085744208,6.20961116540246,5.3819085755785,5.97257665539368,5.46905896596128,5.83155275638143,6.82952731556633,6.54202436282778,7.24194369291651,6.87172261409095,6.03750381781554,5.80544743533511,7.49683487733706,6.3369601299884,6.45228968443254,6.40099606926805,6.30671573192024,5.65721672424335,6.51660433470937,8.28045437871264,6.44167369910619,6.33079520951333,6.18853151505198,6.30452832121466,6.37927442849382,5.40027853936917,6.23902584154608,6.68813421085041
2023-05-13,7.78728779929662,6.17045823274941,5.74723479406358,4.88412611171335,5.334389102015,5.97908175421981,5.99210896621089,5.31453942038987,6.14643519195644,5.73266212604555,5.86393656573365,6.69166330422926,6.27592562893604,7.09401295489046,6.72249451342559,6.19163240116339,5.92849483246539,7.50004678757864,5.96713968561848,5.46774419062394,6.44142597226139,5.96018051340097,6.39005898074331,6.14056858937351,5.65780319589468,5.76457977787156,6.05421887537044,5.95372070364376,5.11495192680069,5.33322049969837,5.54316573568231,5.54264610803653,6.20801739859631
2023-05-14,8.02119360111408,5.99019523820845,5.99088611642185,7.4407452461005,6.1276877826928,6.71709988482468,6.11236068763544,7.3191313660604,6.34451417802289,6.81146008088008,6.82375808438568,8.95276067212,7.60075812871413,10.2341044698186,7.64386647956653,6.22616240431888,6.29411842706796,7.75604646463217,7.01587486533224,6.42305989617113,7.71797015913597,6.66116358246703,6.06393458612884,5.97329258166888,5.81648169920922,6.29291020683056,6.29837326264748,5.856455016822,5.94149168731868,6.07732377894464,7.21322402031386,6.00632783885783,7.44831768477087
2023-05-15,7.84838305999591,5.78763451664101,6.04750592453778,5.28378721451751,5.60078961875592,5.8418723632138,6.05544985379599,5.56230497982334,5.60177064530374,5.54502903664854,5.64889377997724,4.84145622983003,5.34287443807892,4.54360957543768,6.82946641671516,5.96160033853602,5.63435832744794,7.45621052405555,5.3189188757442,5.65791841511713,5.24466288574915,5.61875550350786,5.89458999664632,5.45387572907704,6.96768511089702,5.92882374374648,6.03438386739877,6.06938330039608,5.30605261153544,5.47702503839477,5.60688067360665,5.69992211134651,5.48811125623233
2023-05-16,7.95585045807037,6.83320984193435,6.3607980646939,5.04190400174304,6.42596853618347,6.10135050335683,6.18154803711838,5.50725514945609,6.1715829182654,5.84663553816763,5.89049731634538,5.7260374344369,5.89531339293052,5.45592564278434,6.93198338289044,6.88199614729088,6.26497790522135,7.61507664101983,6.00782779131319,6.37159462821988,6.03760647883221,6.03601334927414,6.81906167479486,6.08395445335363,6.74908991283459,6.70584364970045,6.1476076912888,6.70619351279555,6.18365258385023,6.30749325124147,5.62424494586951,6.15521628217375,5.92445822625517
2023-05-17,7.81991945914268,4.79226244705436,6.33353397018683,4.65552013653281,5.42210333593099,6.60155039688556,6.07121930129276,4.89689987710615,5.46567379475778,4.6822201417729,5.5604453224084,5.46098340152832,5.7140764378266,5.87389533178496,6.48394675298795,5.24171757704857,4.64230482605165,7.34013927017955,5.27942943929624,5.35826061945498,5.10631913460135,5.6909624832158,5.07136324217895,6.88938658126601,9.93770246204384,5.48153374100519,6.23206837619398,6.05373105240964,5.05560138654803,5.18157050400081,4.89596585434501,5.63448006218399,6.14058071488545
2023-05-18,7.92879572499474,6.07784447807882,6.19996230208826,5.37293923219826,6.14825876145836,6.21046805976402,6.13308182589995,5.68457087988176,6.24602126716683,5.80101022079743,6.13706256086621,6.43438438749686,6.25455018150774,6.68540751483811,6.94954860384302,6.26322040388335,5.90357078468684,7.46047549945886,6.07643308960491,6.11296111672601,6.2350288778589,6.09840686545422,5.99002910579868,6.69116911540074,6.44257454394519,6.45671240214358,6.16113085350896,6.19282990209962,5.83954033193435,5.97122829325825,5.7691587809877,6.00051970734992,6.27388959226538
2023-05-19,7.9031575653787,6.38655183597928,6.09413890540963,5.53226376850124,5.88486731065079,6.05205970707797,6.09376867604761,5.7927699756773,6.58727621254605,5.9298412575415,6.46395186881022,5.71205835424835,5.84126343014686,5.68752612351006,6.96841603962358,6.47226802133818,5.85413854133823,7.6551152253463,5.75234608086356,5.95439614697008,5.81312320988294,5.88862761366262,6.57704030017242,7.43865750491809,6.75522579993716,6.14122880668622,6.1069962793202,6.33033357156098,5.62813494041014,5.77846642701978,5.92499119783293,5.86320754169978,5.91563893305158
2023-05-20,7.89961859926439,5.08225261226991,5.49420041046904,5.97166330962772,5.60620890888233,5.75375222898285,6.00514279250227,6.0963265443263,6.36276364730986,5.98052013894724,6.46444531467239,5.87955868699863,5.91922780926956,6.02524112074432,7.06625270591921,5.49106196039484,5.71498286121736,7.53355520740254,5.724333269014,5.85243854589031,5.81786018671281,5.87912345352924,5.35339945884876,7.02748908773149,4.78663759762599,5.65067626152813,6.02111478008985,4.89098414697278,5.45316010722793,5.60900106591935,6.15171990463738,5.73656181791173,5.87905976499467
2023-05-21,7.78974080561446,4.47695510642654,5.35292585136397,4.53756052167868,5.25390363030053,5.47629055916496,5.95001499483466,4.87712768000347,5.37883600248928,4.86797200169411,5.36262636911756,4.82481843125215,5.33306080745362,4.79410130741006,6.48691978688738,4.972450832352,5.00605539188796,7.24739210534864,5.11373799432441,5.30575289390678,4.95533623748721,5.53619610009583,4.7336696576462,6.02522016159533,4.7494712760873,5.34132530080388,5.928184140911,4.52133786933715,4.99380106050718,5.15598725667861,4.93621826268576,5.53951639564662,5.3967074977902
2023-05-22,7.96836748722102,5.30016241892217,5.93230404123864,5.85057091692007,6.07357904846456,6.26786268540262,6.10562101495101,5.91316437621613,5.7971671798962,5.44340028859983,6.11083594326787,6.28634302367883,6.22754228869687,6.79897849267801,7.00264374382954,5.74829505191015,5.21422556003901,7.58363074106927,5.86600173415159,6.0941393299823,5.77235161290337,6.05629501259001,5.51689473148908,6.80189552592795,6.41787545180555,6.00221431903475,6.1838881736841,5.43833675603868,5.78021506463242,5.86116120280897,5.79680073493923,6.0049544731224,6.34183745009931
2023-05-23,7.6272324907827,4.2507956513633,5.13573445379895,3.51056226332991,4.51259517064392,5.28545183500246,5.83902247783676,4.12258934944603,6.38563629823796,4.90083669630394,5.7483455281933,4.7796044647994,5.18572583571426,4.68588198680111,6.1144981715661,4.64356160901512,5.15047481657564,7.04076824472035,4.9465587624367,4.64692067747077,5.08246304001346,5.34493594488988,4.56173844257483,7.89633491571705,4.68052929558005,4.83491617662693,5.83195561365983,4.41617159387742,4.31693827028751,4.57363000540779,4.54457371158817,5.10773204203381,5.20493470099692
2023-05-24,7.70842128314187,4.38666435880678,5.62612054429891,4.59215362447353,4.78037587193485,5.96081237260391,5.9200440715702,4.90821142434617,6.25009164016081,5.13359046360107,6.05329964520174,5.78380108539196,5.76974257672616,6.24119252812008,6.44320087073132,4.78569512350625,4.98532079245869,7.14372777210399,5.28990312780786,4.88754433370626,5.48874522841942,5.60397501961019,4.59667733579319,7.80609624319874,6.75295588363081,5.09658014167117,6.02326989853244,5.0838732191177,4.47867762851709,4.69650943792427,5.14133800289457,5.25435065450035,5.91705387780622
2023-05-25,7.59480602200114,3.8938400651103,5.27076175326731,3.26261932675225,4.37116154928235,5.57785295897019,5.8362681932824,3.67637097905846,4.849265916853,3.69136605549219,4.76863364865389,4.94558973410462,5.31404596168321,5.55192584912211,5.81752582717527,4.34382106551898,3.80190273720445,6.9096345447508,4.61109613841371,4.1991775250141,4.49849845574806,5.26570244268672,4.14396371871615,6.60280079107326,5.66011612025562,4.73309905143031,5.89998497608055,4.48686719602001,3.85011626249192,4.05535588657208,3.80406440175439,5.02596998642192,5.5374876285582
2023-05-26,7.91135684052055,6.41812168740007,6.08536928726515,5.08155521113411,6.02978221377979,6.09863048168819,6.11093711865809,5.3921992294727,5.73540235264807,5.36282535225789,5.72508513644797,5.78566523917,5.91828145335815,5.91240174558327,6.79918508689449,6.53472705614609,5.52445496861557,7.65197537344951,5.74820000456007,5.97150414509729,5.69938590148027,5.93010044606436,6.63621130871,6.18272171411249,6.5997102211667,6.20587193377139,6.12938006865804,6.2708103269733,5.71738460912666,5.83519787785359,5.40852396985635,5.95169603239786,6.01467087875878
2023-05-27,7.85615160591295,5.39552540343393,5.49494627834828,5.52494115069519,5.53450689806102,5.59250160818265,5.99276694713903,5.7923537707791,6.48226382783335,5.97381609994399,6.36089296102889,5.77773084956043,5.83121517980302,5.79086857758697,6.94055073239291,5.67506565921737,5.89256844109236,7.44707214303789,5.70217509616668,5.72880833482898,5.88040845320286,5.82922718214408,5.54933897808166,6.99836677083303,4.3255495167566,5.77234255576891,5.96919574810499,5.08323390643525,5.35301072326074,5.53718832330746,5.95340106387724,5.67452544074147,5.73451798055964
2023-05-28,7.64303261740541,4.28324320962287,5.11078565676783,3.84093070367859,4.52566186733045,5.57346887710762,5.83802796201076,4.2728187319218,5.09999707456846,4.4363872232727,4.97336065701809,5.87652918090928,5.79994916868925,6.52873019171928,6.13687038308679,4.67129469316866,4.62712721988799,7.08579896242299,5.18265305703693,4.56484836477031,5.39981927308884,5.54992073112607,4.60203591162078,5.78061892999055,4.5266205550537,4.8423592067411,5.90887058447491,4.39114416986882,4.19316841270652,4.4203654962722,4.43202840667866,5.11551910438274,5.82265188030724
2023-05-29,7.81646625990228,5.66781288783332,5.46463357696014,6.06025603103565,5.168144872063,5.50588588257019,5.94541409847453,6.20839224772256,6.21157448448275,6.22221232335904,6.29874179457683,5.51152642169555,5.63041208802167,5.42645935666426,7.07407620859354,5.79917775240482,5.97186479342303,7.54602244402669,5.50850174183149,5.48543212522992,5.7640948985513,5.67469623272156,5.91744961411287,5.98423155632757,4.67395281254767,5.54345981315139,5.9228382465127,5.34970051196709,4.98600805301419,5.21357311799308,6.33045279214248,5.45859225821796,5.5559640854446
2023-05-30,7.66668260606839,4.61502644811147,5.18432930823247,4.10824802317298,4.63873917738872,5.52794561474488,5.85756313473517,4.51662695282061,5.3999626807831,4.71707530068599,5.25086349307264,5.69721584475058,5.7071477209435,6.17259761055869,6.2601190731545,4.93138890264557,4.8450206559841,7.1622611549372,5.19491480647156,4.702625415062,5.39742634880726,5.54388056609245,4.91528464974537,6.10046439213866,4.53961796050571,4.98911275654791,5.90175725921657,4.62243802178583,4.31949460090908,4.54766203983524,4.69673305584049,5.17312507588716,5.71697588517906
2023-05-31,7.70850109851217,4.73396548618371,5.22483984348325,4.13244066321611,4.88069516150271,5.64258452070932,5.89104742370546,4.56166386228864,5.44073663306674,4.77332005839306,5.26935286301107,6.0594997578046,5.93318770215567,6.61605035475816,6.31471490130244,5.07702088067268,4.9725708787347,7.22465267345418,5.4263844036594,4.938897890074,5.65092624654832,5.6947108827276,5.04916513299657,6.09589091888199,4.45641694642933,5.13651832886771,5.94757400320955,4.63742632919172,4.59963875577125,4.80625543113861,4.72436799338555,5.31617964426131,5.91271027973417
2023-06-01,5.50772056143893,4.46632836245775,3.61021500798669,3.88491049932876,3.68450832942676,3.83264314495367,3.57327753743155,4.1141037702572,4.98377413144827,4.44553239743285,4.75445366363935,5.11520692711633,4.32839616523774,5.54257579288455,4.91193973373341,4.44541014751632,4.24934325693543,5.33259404994109,4.1770915537328,3.92775611511691,4.76789824594923,3.86345248686579,4.56310005073871,5.45598572873832,3.55376842980082,4.00193763462206,3.64864611376162,4.0590762376108,3.55085114708759,3.72034592888862,4.32942085236401,3.48258618898505,4.17854371406937
2023-06-02,5.60978696869522,4.08350828622495,3.75376635474025,5.13152843599952,3.90492633706087,4.07832443804025,3.61897730528917,5.22441990326856,5.97841837296314,5.59434847819224,5.76214986400386,5.25656553819624,4.41728128871441,5.36599183058258,5.45996782686664,4.24620267443869,5.12616315347487,5.50690980537571,4.52062987482075,4.49652550229458,5.22399021738404,4.02216107194514,4.29051670478662,6.22973119578352,4.68243074234151,3.95514862888942,3.73252005907796,3.97561082610168,4.05494949334993,4.22758171845791,5.47632534211059,3.63441772828431,4.26181060449542
2023-06-03,5.44011395837702,3.00446322578993,3.5422384809317,3.31810561154716,3.24745631312828,3.83604553443036,3.52159022987038,3.46784246271185,3.57989638067497,3.29943470947694,3.71628188743078,3.94472356579091,3.70988197085319,4.37305416294426,4.53610867868916,3.31759925299643,3.11663204084942,5.07800811251607,3.40494323173648,3.39173652243723,3.58131674226309,3.47761194749974,3.20156113773309,4.08862958947783,4.92293346517333,3.37405715452286,3.63173732832383,3.38973731569896,3.00938876398165,3.15497994541819,3.48301717690983,3.26714208728758,3.82526014689378
2023-06-04,5.53303998945734,3.90820436266508,3.6262022094044,5.09889098398373,3.4537253080637,4.01098041715663,3.5513381633975,5.04097674635453,5.96316506009152,5.16162923194134,5.91085465372075,5.18172550130688,4.34352513893064,5.6688312966072,5.27587353467642,4.01187463245256,4.32586086769905,5.411939153871,4.14818713122429,3.92963985818499,4.79173194289804,3.83699504310141,4.10925753619567,7.31940170353335,4.57785928410672,3.6715889102022,3.68610829953765,3.89674655892125,3.39698040231397,3.58089493647765,5.27353261212374,3.36867947371243,4.26352780725573
2023-06-05,5.51562251188043,4.71966754673821,3.8116332017274,4.07101233515117,3.6842703668043,3.99459404072493,3.59426045795083,4.2471690531708,5.242219501237,4.54502472077755,5.0284324618901,4.9302688084627,4.2321982984709,5.29879953581235,4.96318574480063,4.6388209621777,4.21430444273087,5.42882026876647,4.099908749088,3.93731233459065,4.63944249615102,3.82155936626527,4.88529750416246,6.08004964481863,4.72243241149214,3.99651985557899,3.69093096240775,4.49157487396516,3.54022297341839,3.70682220311671,4.47132297696357,3.48307189449364,4.17348867750522
2023-06-06,5.50580372861958,5.1938944615781,3.88043772701465,4.26107584310302,3.6483161687539,4.00628316621069,3.59376717894044,4.33314140379158,5.08015038245525,4.41920971862546,5.03026385259821,5.02730402978357,4.2819751778417,5.59271702659089,4.96414496616311,4.95807961390046,3.92146431561565,5.47381140186223,4.01961667405906,3.79749630267088,4.53756475943477,3.79554103073658,5.30595902683244,6.1184987366421,4.68366380423303,4.11819417226803,3.68738146255208,4.85556350167071,3.35615503641171,3.5190710938911,4.49832968705538,3.44475741411101,4.245711007177
2023-06-07,5.52365049497621,5.31411462499558,3.65626959749985,4.08203700339573,3.76394656051252,3.89801296675379,3.58611339931038,4.31921527844669,4.99176409404309,4.68945927962415,4.76128811398077,5.49210269312193,4.52501502330526,5.95802163564694,5.02184548819389,5.0916391113897,4.53938116084663,5.55551895930185,4.3939246871602,4.05186871890007,5.1124436901424,3.97271459833803,5.53340658722056,4.98192320211329,3.52214067391815,4.11843019199431,3.66896387072631,4.54310388759602,3.66680732535361,3.844578902912,4.53638686750003,3.52146364832398,4.32348594153613
2023-06-08,5.60430017672869,4.04238634978612,3.83459421234856,4.39367540735202,4.04282882665521,4.19997160349334,3.64434856744292,4.53730363085148,5.58860235668961,4.79965653981124,5.37186562549134,5.20013384291669,4.43795002064859,5.55671652573753,5.14676742117223,4.24949632401613,4.43894618604319,5.44485944833195,4.37992115966193,4.39576854413548,4.86954265657397,4.01315865131097,4.24674912386065,6.66974924158192,4.99921804349791,4.02610310011353,3.77369674195183,4.01114658992663,4.04976572005995,4.17457649287099,4.73192864230424,3.71750288812541,4.37853512589054
2023-06-09,5.72723925885385,4.96292350868439,4.19214008637418,5.89456400279825,4.58998579191644,4.08636006345637,3.73901388764952,5.69091838400835,5.48261465139932,5.32900777521575,5.78555050311527,4.4529851960425,4.0978780562994,4.45979386603112,5.65992822799483,4.98787734626123,4.53559884584194,5.63651837073627,4.2208787094757,4.85705484449664,4.42260262726742,3.95196532963343,4.90674208927588,6.21736600756332,5.02403816682771,4.73778271083883,3.76736664151041,4.76442197772281,4.41787512777465,4.49816632846625,5.65942416855095,3.99605931383733,4.07981761727978
2023-06-10,5.77459674735292,5.15097794766464,3.82782091501336,7.38355429674553,4.43562860218366,3.89543271942033,3.68627215465328,6.8234151452422,5.31633977630487,5.887466482241,6.14299422970435,4.61845655237246,4.17815258120053,4.74542488127581,6.11214262838888,5.13215368463487,4.58981214324923,5.94851609448463,4.23264677260202,4.93137942538524,4.47353766301359,3.96125488615686,5.34670103601686,5.48052536753228,3.75860254986038,4.48053049252682,3.71269538891507,4.40892987152286,4.31781098637621,4.40274258829084,6.61574566014178,3.92418634459729,4.07600395068215
2023-06-11,5.54209293211604,3.09932623706723,3.62815456826566,4.95701614059981,3.4789868274665,3.93621663707811,3.55755912225319,4.86340487499114,4.59399093080929,4.58133061176173,4.88019063914419,4.36583612503685,3.93749591758739,4.65013576631839,5.18492116259826,3.43304430474323,3.94397268633385,5.26364707132961,3.79392980161862,3.90233840754323,4.1507945069954,3.6650248648112,3.25530762331695,4.88340789749942,4.95999855054184,3.55729347829164,3.67172558699953,3.46073827322329,3.39471859014934,3.55002548470648,4.88071472829234,3.39902151567561,3.96596768754319
2023-06-12,5.38239694798461,3.19117108381592,3.24790451559224,2.83542647608219,3.0388111697655,3.756527195523,3.46503245386416,3.23787521130925,5.10454648744083,3.90945271366327,4.57524890992991,5.13721197676074,4.2777884046362,5.76840623257122,4.47285809699707,3.40386550380117,3.83347842630683,5.0351812622371,3.95238256821876,3.32700159046557,4.63627460200055,3.71522211138505,3.40576511558663,6.34753020304668,3.43226064056159,3.28101979773824,3.59709566460552,3.14938575709577,2.96697432294984,3.17689898067115,3.61357326903195,3.13973431592706,4.15033990315062
2023-06-13,5.39956304303321,3.96844119050382,3.29431763457307,3.36461720153008,3.0806358047387,3.74640611910614,3.47171181977074,3.84911793703309,5.70998440799737,4.9077497307925,4.97095281773039,5.66719436857771,4.5092727407594,6.0499001027312,4.80032817172911,3.97172946797421,4.93799094312227,5.2128645455081,4.40900345402993,3.60808841573113,5.47006725294655,3.88360759595469,4.20392393663795,5.7940059719284,3.19613954662032,3.44648781280341,3.59300251250675,3.60877577320848,3.2035526520029,3.46955441581181,4.36090696769919,3.14783257205431,4.22077701461179
2023-06-14,5.50764801034243,4.83661305379652,3.441628381931,4.05635590258037,3.57887554007578,3.92388286637503,3.54615159391163,4.44833749112285,6.26945566129474,5.43543412314714,5.56985429485348,6.08570690993096,4.792949834551,6.4621361232774,5.12362417294071,4.73337650409284,5.32296672302202,5.5494487797237,4.78197269104587,4.157658158513,5.84547837954988,4.12158915752569,5.19665509086343,6.56075112635042,3.24832304853641,3.79988585257335,3.67028467615647,4.06578283778825,3.77171277240267,3.99923311721406,4.92928191660219,3.43648984800039,4.4609255646746
2023-06-15,5.46787597398842,4.27549991611129,3.44737393119866,3.66026696790166,3.46923285665566,4.00889212868557,3.53193400338472,3.91171158369865,5.1139314408394,4.32046906854145,4.81220709909514,6.21991666850582,4.89723832846011,7.22389824736931,4.79797936718081,4.26715095187428,4.08822728405354,5.28460365770232,4.46714760865167,3.71720782686884,5.30988952519132,4.04098452565077,4.42229320051365,5.96875479526238,3.15384011992401,3.80071341069687,3.68365119483479,3.81778328177196,3.32864945424289,3.51204174071155,4.17823660616103,3.36363080679585,4.68491259579346
2023-06-16,5.43135685653945,4.59540290309961,3.46774444007392,3.47851447804521,3.34754548286909,3.68263013527569,3.51687807662849,3.82343612248916,5.43585943250492,4.50844548427247,4.93641239173666,5.20755438140991,4.3158324016511,5.64542573291095,4.76325665208457,4.45794540951033,4.35125362138045,5.26553728560704,4.13949704539372,3.61711649475674,4.90459853403796,3.79438623537792,4.69973952625205,6.20942488019435,3.07404754769167,3.83351132199848,3.58657363987823,4.06817282070965,3.22065592262159,3.43802715552274,4.20379451350136,3.27898069131671,4.10541154725392
2023-06-17,5.55678468478299,4.60924890851875,3.6623165372524,3.93710581184391,3.96676192651118,4.00616505598398,3.61264288299813,4.18662322137043,4.98653882234773,4.51734505547396,4.74657298167474,5.70874865710493,4.68253689780966,6.30426258661758,4.98396197564209,4.61650329236998,4.40779168006156,5.40248722798115,4.50697367424181,4.2041982735759,5.16145189758418,4.07516541773723,4.71404143894992,5.32607676125082,3.4538609111231,4.1825716303081,3.7123286241836,4.0854237791997,3.87526049360383,4.0204634928762,4.3745508579094,3.64843545971798,4.48866531846637
2023-06-18,5.59704367675136,4.28285969217529,3.64002383733779,4.46975571654385,3.96625596428015,4.10813858826071,3.6156611917444,4.71492816357194,5.90637128752713,5.28659300913804,5.49864646059094,5.70361728927341,4.66943096714222,6.00439679780485,5.25923862109989,4.42201215456215,5.06655859326809,5.53916505102027,4.7008119277551,4.49676249426539,5.46700756239314,4.14039615042511,4.59118776064122,6.30616637874572,4.13573102415456,3.94613222087879,3.74601292094239,3.89088860968431,4.14113518828241,4.30425732488806,5.01554009380762,3.6761882320407,4.45900280835369
2023-06-19,5.55159422330811,4.50632363186895,3.73447936629659,4.30728008659565,3.76768859862991,4.17423695346162,3.59986878573001,4.4641051779689,5.16243871603028,4.70814032969184,5.00593341267612,5.57473258262356,4.59370082681378,6.13786464977658,5.08256141307377,4.53076445829899,4.40698528047488,5.51555557891776,4.41531758287764,4.1344658382256,5.07467345704181,4.01182617621215,4.7995287105688,5.61553363850151,4.70399624294866,3.89339297517697,3.74835378887251,4.23492114904856,3.74354899533376,3.90074825344231,4.64911716272141,3.55068090704657,4.49198918761153
2023-06-20,5.48074790827845,3.40669056674253,3.53990667233796,4.28368601398632,3.29237493570794,3.83923022701674,3.52510742043627,4.41733980632165,4.81851294504892,4.61415852141827,4.74537187472458,4.53090524220872,3.97631454533665,4.72705343163869,5.00776019820905,3.61655893176907,4.27346206677568,5.24134059013854,3.89461893750522,3.7512954141091,4.45073404563998,3.66816265785597,3.6119975565927,4.85002894942384,4.61815824204256,3.47487461379853,3.63339658212222,3.57826804343903,3.28458876012637,3.48287357437976,4.60271356999472,3.28497392465762,3.92501373721421
2023-06-21,5.46424167570519,3.46102630059325,3.53281116528037,3.68928579335094,3.32937198257091,3.72003208584674,3.52920451511324,3.77208526671503,4.66530970005143,3.7312517507123,4.66423232848167,3.72091048242556,3.59414060626185,3.99779146597177,4.67495486263693,3.66977999238267,3.25049519459607,5.21278017684823,3.37042599897083,3.50031651558195,3.50738193089372,3.45064980484039,3.69626436791849,6.32376963111809,4.58732690355741,3.48184436346525,3.60481545227985,3.58136681620266,3.09019912379605,3.23454331012024,3.89406553597607,3.3086977946834,3.6847824809851
2023-06-22,5.67952609047646,5.32775932839736,4.1534306281379,4.20907607134805,4.70739158852016,4.13791317885955,3.74940327589717,4.40159590898348,4.63585313356696,4.44911229823709,4.58123997945087,4.81713328463549,4.30966715766037,4.95437850455561,5.14511898304042,5.29357023214406,4.42491218288546,5.59076207416608,4.39547041392988,4.7906560980741,4.64095689503165,4.06552509020102,5.36489483376787,4.77758070367454,4.70379127803525,4.80074940854619,3.7889351627248,4.85160017615567,4.55415887783564,4.62274688545317,4.42342968368171,4.06649145525449,4.25053115015152
2023-06-23,5.68762991567217,4.5845445882796,4.12127723430135,4.46809710904551,4.61570361774695,4.42599438016452,3.73867446798504,4.48024341455527,3.95785918047279,4.03541765684482,4.27797102489992,5.42756588355598,4.6627902280242,6.13188887239881,5.12906631634078,4.74515135414982,3.81649384200942,5.51412366708407,4.43397650368168,4.65880309690166,4.65210011451423,4.15445236187969,4.6388263347984,4.19469611110109,5.16559913523618,4.58273513324329,3.86371672082875,4.45509074351682,4.38198734738308,4.42037210487179,4.32261668026828,4.03154544327339,4.68192192786538
2023-06-24,5.64399615309264,4.37934524936446,3.969064869442,4.33683510650296,4.3509392620286,3.96489236257756,3.69270889866909,4.46200495711476,5.14040637503351,4.53450185622593,5.05194694402073,4.0422974116975,3.86564518668585,3.93951609939915,5.12997071761182,4.54728219058059,4.25533426699008,5.47457905861356,4.00671993988365,4.5583359453039,4.13212900915281,3.82371133745778,4.49700273604931,6.08038440260045,4.93044046727683,4.33976037800691,3.72767474157145,4.24453252971783,4.26122103366009,4.34841255144307,4.55122039600694,3.88470828705285,3.87568245473999
2023-06-25,5.50523451614313,4.17421398915405,3.84235829965737,2.46460296623878,3.95416456892598,3.92454247304808,3.63268765697069,3.00442316879289,4.15037993131011,3.5629421626591,3.6836552065104,4.19119613152179,3.88941019710841,4.21718150098632,4.48349384367821,4.31208950333762,4.0244669324808,5.22165536400084,3.93063100995355,4.0299905263585,4.19942046486791,3.7499991801148,4.32494379859213,4.29817288025337,4.90164744827975,4.04810138423505,3.69309078832091,4.12884582160317,3.86288580264687,3.99015643561193,3.20480137342546,3.65605044240985,3.8900021390291
2023-06-26,5.49500147202868,4.6222991329097,3.72891649569415,4.16033007235905,3.55207818763305,3.6034086185263,3.56910030149066,4.19316951403809,4.5000174319448,4.06515447754956,4.61752928136728,3.53265746216837,3.49091080475721,3.58334457538243,4.87789495711147,4.52891506923703,3.58696201759846,5.37679010817968,3.40396480055523,3.67718852864327,3.55147369642118,3.44664191413802,4.74110353471707,5.34372207280405,4.33542377252801,3.9414848370797,3.57866742377404,4.37552248218471,3.23401379406383,3.38515928371877,4.26459530302594,3.40188499298671,3.53513987848348
2023-06-27,5.53010832407383,4.20889227301941,3.75943317361484,3.24196542710734,3.86556109889608,4.03249622870425,3.61575610784571,3.54241708157737,4.92795824586825,3.86774703211406,4.6110801153526,4.54663071270453,4.08764961792075,4.87916579875352,4.6779828874065,4.34180639971128,3.78540400993142,5.37986224490873,3.95918662494641,4.00750215178476,4.23657880014491,3.79686148998086,4.4994945627773,6.34386312827761,4.92035634211837,3.88933473091031,3.71905747711925,4.07139711019186,3.74567492042926,3.86174444358372,3.73702360284426,3.6161128559011,4.10814423895665
2023-06-28,5.39741675497538,3.19747614551238,3.62122081151269,2.68292569835832,3.12806475462979,4.00197855608046,3.51625840018687,2.92551215205886,4.23116071604836,3.02130040017001,4.08353999755974,4.08962326919892,3.78349658317988,4.71192901932719,4.28227459125343,3.44592401922391,2.79895045941921,5.08755486151305,3.35614015680867,3.17893619686785,3.5321749404156,3.4658931864782,3.4980416570266,6.16134886314889,5.67871332919028,3.26079831162081,3.66870353314759,3.66538549450629,2.8421052555821,2.98618897300502,3.08021447574906,3.20136676892954,3.96903111543552
2023-06-29,5.39311504791978,4.15758731473019,3.30750976338156,3.67953384905317,2.9673935400521,3.76623815226788,3.45932008712319,3.93994050248304,5.24907280662075,4.48443155269874,4.88819323169337,5.44235548349687,4.40693340301185,6.09866764396154,4.7669373941454,4.08882857909394,4.18137791653525,5.28613542434758,4.08783595406817,3.36232479309138,4.94785470868974,3.75815043566212,4.44357801092897,5.89948022238101,3.4227513788735,3.37990647967763,3.59078476002936,3.78049571647437,2.89088010655992,3.1304111043282,4.29285924627111,3.0805928320356,4.22743511800037
2023-06-30,5.50534674721708,4.53357209051285,3.44576802189755,3.90577976601672,3.61140891062368,3.88663404451881,3.54997443734426,4.04002917185518,5.24124891530237,4.22690479531999,5.07043151483928,5.50507449274919,4.55510101141042,6.32275812930503,4.84500949234683,4.50544442289743,3.7883375704578,5.43231271063975,4.18312624436642,3.80609237125135,4.74518923244343,3.91414561118887,4.78826502398696,6.80561284637289,3.12678778290157,3.8435235370268,3.66187483510826,3.89296118428291,3.41635240612772,3.56469906277187,4.24210278704499,3.45289546872296,4.41109954567971
2023-07-01,5.54978594210632,4.51784274895143,3.7182409216399,4.00590563438935,3.83892432936287,4.25992516926525,3.60635782194654,4.29299513789631,5.4718981119628,4.82820581622488,5.08147682351652,6.15501056137379,4.89933825798575,6.82501692903401,5.04239237878411,4.55137510881946,4.69680732595281,5.48098368151223,4.7192001932111,4.22851135081204,5.55394826450732,4.17121275354098,4.78605326928515,5.91636503770769,4.45075068528895,3.95640853455264,3.77506381315361,4.18420505391575,3.88613774229467,4.05223563109733,4.57457187581991,3.59046801149374,4.72117670769358
2023-07-02,5.35311054984515,2.81351715731719,3.40578065243959,2.14305004533194,2.94077275595782,3.76903865479349,3.47384038946997,2.49069946791916,3.26444407216187,2.55675027563723,3.17210425721522,3.62474042517478,3.51828736566904,4.09645127966315,4.08107755713098,3.13732795411206,2.65229328574154,4.98763256918664,3.1294166834467,2.98624020332,3.23258080378064,3.32454806167242,3.16717893010706,4.20663235440895,5.08634682665463,3.03306901656617,3.59897062950259,3.23292049984062,2.68073089257609,2.83530207834192,2.58302694704542,3.10413044122166,3.69454915985787
2023-07-03,5.44991004905606,3.81896207890214,3.57908358892456,4.80336945170221,3.02494891991984,3.97695837169997,3.49489685190816,4.73387187436623,5.7062216186387,4.81236885774977,5.69287584691946,5.03125206515117,4.21473939651334,5.67204368406883,5.07365958720243,3.84937999233425,3.90730061001784,5.32228807791224,3.86516998614847,3.45061750368883,4.52532457038504,3.66650615609278,4.04133308034191,7.26827216710378,4.9235565452842,3.39555915636662,3.64988710460731,3.97262320511186,2.86580098412966,3.07856464797986,4.98109764803218,3.11692804296464,4.19875831603483
2023-07-04,5.62299246182125,3.87109169207625,3.75485196252681,6.10293917029568,3.71575679029191,4.21764948920582,3.59781901375562,5.81124966296425,5.66484464681268,5.45459417250442,6.01336548255371,5.3257552753757,4.46815316823877,5.8681780230924,5.62271658523412,4.05776116282181,4.37872343137073,5.5774662176672,4.27507220573862,4.27402125893722,4.83838708345664,3.94512823384554,4.12246058739829,6.53744572024557,5.17353434909504,3.76881546847112,3.75903831447058,3.95185352478738,3.6871634394376,3.83545323762785,5.85513798559559,3.53101764860395,4.43342096660293
2023-07-05,5.66312003210863,4.57011816768434,3.89381725316666,5.88870716022453,4.10468388874876,4.07690135681498,3.65450133974239,5.6865547927641,5.85507650854925,5.47734963100317,6.05831859714197,4.91253963791912,4.28341052300423,5.15080512237502,5.61796525211337,4.62978975370587,4.55710329896167,5.64108473900877,4.27191991862476,4.54179389679418,4.70157214287151,3.94781222304095,4.71789416303198,6.85013144383491,4.75068999083209,4.21601112064712,3.74071891258363,4.34548808869098,4.03412024593552,4.15908845759793,5.75875912897146,3.73599024796595,4.2188551925485
2023-07-06,5.54570435892998,3.82628711338825,3.69792155436737,4.32332718826014,3.65736126684148,3.94686654245003,3.5861229134423,4.232147032282,4.297230638989,3.76729801865542,4.62653211386723,3.93711038409376,3.76933844580449,4.35803958376479,4.8885194142927,4.02301875135441,3.13910144613931,5.42081401711217,3.49928355040223,3.80748781967657,3.52541157641882,3.57704409298008,4.13729825206386,5.73214150782812,5.12274535244911,3.67735524923731,3.68557691348008,3.87350982857903,3.38769507278584,3.48543164199904,4.17646715007164,3.50313069139718,3.91136856864258
2023-07-07,5.37851584948532,3.35952134269651,3.4199580999017,2.55745725953413,3.04583808598052,3.80909947090962,3.48545480643101,2.85324465751085,4.2771323940562,3.07103258800026,4.04661818445827,4.14807259557891,3.79595054846656,4.7436367761312,4.25316035550532,3.55032300970443,2.91857165029325,5.11393302106203,3.38665461404773,3.1269513751856,3.63493851230258,3.4637096249576,3.70617161006735,6.04535725079752,4.66702480026278,3.20969630372133,3.61309129704348,3.49381176186565,2.79051239895079,2.95063535167231,3.05184533192846,3.15287058669982,3.89410393129002
2023-07-08,5.46263565609577,3.51298615399551,3.59483654403019,4.2527845119382,3.19075193562158,3.89307238674809,3.51856029292601,4.19559155285334,4.49936492790115,3.9268480913855,4.71987325799515,4.18767182657233,3.82356891914153,4.71200133816436,4.82959056452186,3.67451785301217,3.24924029859975,5.26041198374242,3.47405439276998,3.42556021917876,3.74206829082688,3.50740757229579,3.75342750240916,5.78813874851817,5.07619783289673,3.41058485502508,3.64092226751113,3.76180891817026,2.92779594474203,3.08612861001958,4.25093101317861,3.22517268953414,3.92881673088132
2023-07-09,5.45487768673076,3.12900074122446,3.57668880534245,3.37124061378685,3.32082011274366,3.85007167409899,3.53414290540663,3.57153356330861,4.6593862025255,3.73319964994539,4.50581283446812,3.96098036049519,3.71531076416792,4.23648323863149,4.61169363932211,3.42990047085265,3.45208065488867,5.13023732705453,3.52122188452242,3.53784899428709,3.75696000781756,3.52117202040744,3.35775950484445,6.03148111196014,5.0434139798519,3.4143435644177,3.64022255054177,3.47467036085754,3.16909682050375,3.32268220790571,3.74697935801041,3.31104159234792,3.80249845330918
2023-07-10,5.49934808376761,3.7683803281521,3.66636462109914,4.27956287777504,3.44132936559064,4.08344099349613,3.55444729180769,4.43551638422681,5.372236254025,4.77534737096616,5.15666805277749,5.29863570574819,4.39948085002937,5.77672112530772,5.03575931665652,3.90730652505228,4.38338368674519,5.30189066950057,4.22312468573348,3.87067906596278,4.92449829202338,3.86889619592504,3.95904562969213,5.99129810712735,4.87981226562503,3.64460766767694,3.70486125807486,3.88722025062953,3.42677287274609,3.61778162792606,4.690337093145,3.36365863639457,4.32036179159183
2023-07-11,5.50093402168446,3.69428245596312,3.6654701254183,2.88264776566946,3.79638638633098,3.82553726905795,3.5967949978138,3.24412390658786,4.79570264312235,3.63760455133438,4.41537745753719,4.15348312083677,3.86855694908901,4.36718617310087,4.53758494742073,3.92706721482739,3.64641233255548,5.15915310214833,3.76898950150464,3.87132717979197,3.96992868422442,3.68308615757829,3.81761556263822,6.28534391403728,4.3213609635545,3.88412627019555,3.65918611591872,3.68555405084702,3.63023024303956,3.75095206334794,3.46000168797581,3.57082610801432,3.87783683897582
2023-07-12,5.98471974510017,6.12499481431532,4.83599047352097,6.36758739250492,6.05325689327925,5.27796506833506,3.98046708581523,6.31834706972196,7.24481728928952,6.46194904478852,7.06074259315593,7.55753102861619,5.92069961902686,8.21514679007371,6.17158826906767,6.18072622290729,5.88576466146092,6.09511633865271,6.06757657235669,6.40563399828254,6.7410688592587,5.07750448523227,6.14099859162892,8.62169076590415,6.42341342736622,5.73516870232127,4.17174255163813,5.67297971994318,6.19654687431717,6.17997660864788,6.41023736503335,4.84862313267192,5.74197279446496
2023-07-13,5.60448751865797,4.08451007070156,3.76976374727737,5.15412626625646,3.89381014528047,4.18331012852317,3.61803780925458,5.18838016242378,5.63216133805206,5.36889580535839,5.56108994158466,5.69423735382752,4.6582955791989,6.13162158009059,5.42041743159319,4.23201921846213,4.85031395126342,5.46710962770607,4.58693454432315,4.4029717559407,5.32313787364458,4.08899285117691,4.22639829896882,5.87581732844255,4.59501851755367,4.00327036176735,3.75788020444396,4.0014945335621,3.94776887725785,4.11065308835353,5.36881522857363,3.62132406910897,4.50753037531739
2023-07-14,5.45146532494394,3.73057283343759,3.40074934843856,4.11877502764739,3.15033315266946,3.78942658599463,3.49389134719375,4.24124577081034,5.49980941598464,4.5585847833415,5.27941590478613,4.74854478247321,4.08274024772458,5.16563075451304,4.9026418170035,3.83390764693469,4.01834298869785,5.31699386441225,3.86597428390354,3.56485456255272,4.45262170290656,3.6639372391713,4.04573046933525,6.79877962890642,4.10397152954543,3.37047310902149,3.61195520985656,3.61272581523897,3.08764309724247,3.28922388799558,4.52729119127354,3.20311530194486,4.00988385437955
2023-07-15,5.61739518055412,4.00553101645817,3.48248456811099,5.02762654762459,3.97167827341699,3.59110496142226,3.5990526633418,4.99824360719878,5.77056592231728,5.03140809119049,5.74563019331003,4.10999576675675,3.84950250216951,4.05100489971027,5.31812685253153,4.20362446471049,4.35657206367801,5.48542477679455,3.94285704320145,4.36752670913215,4.20149732189449,3.75197905441058,4.1964092727233,7.09161675710562,3.08256013799867,3.98992861795759,3.60925770534002,3.50560630173867,3.93802894019025,4.06430933713513,5.14603064879231,3.67458364165037,3.72366902568195
2023-07-16,5.4368698121408,4.16374634216502,3.34827691828414,4.05926971145873,3.17234509109344,3.78205860771922,3.48657875989033,4.22421502674914,5.50053068367521,4.63862662677731,5.22314746593785,5.57378445054773,4.50594064597748,6.29645581120857,4.89896145376088,4.12284980680821,4.165593797702,5.2893751512772,4.17036558184054,3.53308187051961,4.98710472870739,3.82918682043221,4.34561573147601,6.52746984388812,3.11080239418491,3.58245151015912,3.60591071162785,3.74736579396628,3.05132005538003,3.26891301358994,4.54216910549162,3.19254017689067,4.30881868825681
2023-07-17,5.42181169818828,3.30667769879704,3.29251043436315,3.47341153890655,3.13235320215597,3.69600959108355,3.48035969434942,3.71666433476855,5.75644322489439,4.25894800235088,5.30722022454034,4.77724224548954,4.10095969483964,5.27097437272292,4.67416632789501,3.50679838780112,3.82471216245327,5.12251295628472,3.83412222369397,3.44735408260171,4.40056870398279,3.65654102028575,3.51153100107043,7.79960040992047,3.47227055899735,3.36516813213313,3.58629231874454,3.23352953289587,3.03320554545417,3.23041864644258,4.09328671149532,3.19181372519149,4.00068876187346
2023-07-18,5.47407614109881,4.325136891125,3.42740608815248,3.80017024034112,3.46337540413126,3.75420289278173,3.52958953895051,3.99069189840335,5.29415954657331,4.32541405140347,5.03260694223171,5.15766717582861,4.33623116111107,5.75448738088534,4.81991367620808,4.3077917131839,3.95284751666236,5.32689720255317,4.06121095209345,3.70028822473525,4.65032403847281,3.80659644038538,4.50746708924519,6.58893945929669,3.1189321309264,3.77807161414729,3.61668423751441,3.81886027423074,3.29513967743237,3.47068348638342,4.25059643361038,3.36243350372904,4.18456354867534
2023-07-19,5.57781943924094,5.08793594294579,4.00833889163604,3.92173613012667,4.15724437261956,4.22438534813764,3.66858089385501,4.12014731810223,4.93470577318182,4.30275549091155,4.77263260222268,5.51758765452823,4.6135538942037,6.14889746653369,4.94932690159317,4.99366547296409,4.1175068957226,5.4608122716959,4.40260041060933,4.24369985768789,4.9030498465089,4.05246511728715,5.14120136437838,5.75864238725828,4.7203360251301,4.43021155602967,3.77749890228363,4.75818119014402,3.93548955103836,4.05136094875,4.25563107922041,3.74542367819847,4.545052333358
2023-07-20,5.48581579993461,4.83826114854925,3.50214671918174,4.28495676598399,3.42383581442566,3.92714180005257,3.53222314067007,4.50880285093414,5.34220350425131,5.00547386566996,5.04795792164497,5.84016242586925,4.65995467784958,6.40150269788496,5.08371147536767,4.68488740050327,4.74479490090687,5.50951830960314,4.48194245761471,3.88646568309836,5.41038036367123,3.98336082188721,5.13197884723016,5.27650138868755,3.57231609577928,3.76858165446971,3.65911259214975,4.22146319970041,3.43260049348545,3.65118176936425,4.80732910782863,3.3373217555054,4.42239150545265
2023-07-21,5.56324550025391,4.14875258819397,3.76981621916644,2.5482257475906,4.24356408968355,4.00733676801228,3.66184650713872,3.05891051219435,4.73951693393617,3.62904942544398,4.19766781756751,4.60669950296697,4.16529635571097,4.81629013698413,4.53719703996896,4.3753924968581,3.97049509364291,5.30777848224332,4.15545617641767,4.29821133189284,4.38291226546441,3.92358912795091,4.36335200071305,5.88622272789733,4.36476682779529,4.15176846982632,3.73598275314844,3.88300427191554,4.18094608847116,4.26780531345466,3.27745411662015,3.83578538601039,4.12661803534254
2023-07-22,5.69748191796744,4.70706409555288,4.22929003703913,3.54795406781548,4.88755951236446,4.53660684911962,3.78319356635669,3.94327791847092,5.49687938063193,4.4637094376357,4.99526906466294,5.69546569369854,4.80916295503918,6.07849026336697,5.0050613704661,4.90444570239051,4.62740028451827,5.49829521295897,4.84944500156418,5.00585192820808,5.24804212494435,4.34103874278281,4.79724134375968,6.6445535321321,5.48700037334951,4.73019082407539,3.9107369135168,4.5587910991218,4.89306000946951,4.94436473260907,4.13864124543779,4.19443614119817,4.74440167058112
2023-07-23,5.30813670401603,2.58020441070376,3.4329753373288,1.73464374794113,2.78984323459271,3.71525634402301,3.45759304620725,2.31044921054908,4.07442612447944,3.01287311936097,3.506871822598,3.61699360287271,3.45529815870822,3.77148464673054,4.04103995100112,2.91778551617629,3.32741103004219,4.8359418048608,3.26591692303629,2.9666447056216,3.60110735980118,3.31898090052987,2.8430460393573,4.91344298635487,5.30097590331329,2.97623831337389,3.57391361884533,3.21306460346562,2.68512054145276,2.8949731370541,2.64854009264867,3.01072244808379,3.56383589211286
2023-07-24,5.46826712357809,4.01397052402843,3.49453238229746,4.42636840039142,3.18697846961481,3.90818160287553,3.50749727421414,4.45410604763968,4.56803791220709,4.41049957205142,4.67805641519204,4.88609831544358,4.16651032195147,5.42559988872561,4.9830514775203,4.05187616022362,3.91027237097404,5.41610136107606,3.88474162031282,3.58731838532378,4.45693846979441,3.69209597966837,4.36755841645521,4.80854691920823,4.51596519632233,3.4171622079404,3.64469592865782,3.88505430448158,3.0795503901309,3.27133911250991,4.56767154972521,3.2218871774162,4.12966684390292
2023-07-25,5.55388639571595,3.80325696979877,3.61437400777905,4.99426335566367,3.56049855714867,3.98930352903387,3.56501476783224,4.87276376428042,5.12976757728648,4.63694781160335,5.33740699666333,4.74088637586581,4.15220894735585,5.23253874265146,5.18828430314241,3.97625577225006,3.84928427605524,5.44778267687628,3.9160193359387,3.93509678981883,4.30397061719154,3.75598243320012,4.07643493741637,6.29498036215924,4.668005423688,3.64986684931366,3.68982823148206,3.78002801517372,3.43337536088755,3.57669019117037,4.93828047272847,3.44211653591035,4.15386393802345
2023-07-26,5.39333589784926,2.89281422660701,3.42080994994526,3.40293065367193,2.91602134983456,3.76641561578931,3.47051273672098,3.44411080239463,3.55828286056117,3.10525945876384,3.82053493500273,3.76956548896503,3.58992127236175,4.3546547867121,4.46029913593067,3.17314021290144,2.67716872679885,5.0731267987469,3.13583002434522,3.04513383486178,3.26754888868534,3.33252205997251,3.16789837805441,4.61531284753235,4.91848237038581,3.10080546174343,3.59426275959523,3.30400163083413,2.59206840152987,2.74937855047539,3.44229297438377,3.07965803517264,3.75650724009642
2023-07-27,5.5026909456502,4.04705960583665,3.7792237120129,4.15129614291153,3.52464396646799,4.14778497602293,3.57464527071875,4.29786618713902,5.02274647863304,4.51549563298371,4.89136645853689,5.25441987696844,4.39310008495234,5.80296126405648,4.969344405605,4.12213663723815,4.16601237429459,5.3261720879151,4.16831188231791,3.85179217264822,4.79268834973104,3.86114002559892,4.21770980100712,5.59810899655338,5.1788295152505,3.76504082307045,3.72492398637363,4.16151964016904,3.4275578542766,3.60240302419099,4.49209962147083,3.40464038462451,4.35835139566874
2023-07-28,5.52178861368916,4.60575491546722,3.50156140394964,3.87132577745426,3.69656336280572,3.88257262558353,3.56706408929228,4.09363769690027,5.26531967149666,4.4509678940042,4.98639522504028,5.27042925718729,4.42745838597461,5.78352372101841,4.90916244431228,4.58957546693236,4.19500443784719,5.49153162821678,4.24279225790545,3.98721991942708,4.82242729476817,3.91716503483708,4.9257058793441,6.23735106334563,3.48616522973977,3.85173993665688,3.66741444148678,3.97804909755048,3.62696780837244,3.78379804913111,4.33014090721485,3.5084293033671,4.27459901331881
2023-07-29,5.54478043340795,4.59431202633239,3.50791997764189,4.07698639440227,3.80099694579168,3.87625309148692,3.57948818812341,4.18177342124385,4.62436915444319,4.16352160235143,4.63864592148653,5.22159439729194,4.43198973302574,5.87800270808136,4.92727063579965,4.59613589315192,3.83917775653261,5.49140565918306,4.15215383044198,3.99505262939212,4.5996474720797,3.90830617241929,4.85916195228576,5.37445581715043,3.24965394212321,3.95365733082824,3.67140610409329,3.93222731184183,3.62276677317091,3.75073755270047,4.26192664360777,3.5656255994091,4.30893761665014
2023-07-30,5.53718137633606,4.57018291046358,3.55860189343395,4.9519867607216,3.59417719232874,3.85159494863217,3.55742594108923,4.98939152970937,5.27366694545691,5.13834390984502,5.25286718430102,5.42459503790253,4.46863268903405,5.87136820002008,5.28414651629515,4.50785651895974,4.62248792098694,5.47541411619064,4.33256972588459,4.03658739789467,5.08185124003741,3.92331147018972,4.72081670425357,5.29339706174333,3.45499106829128,3.92789816663307,3.64847908370957,4.08069236534944,3.53517232794779,3.72787265542925,5.17027740802595,3.43143667037368,4.265948148898
2023-07-31,5.55020388183075,4.52809961658981,3.85670462690342,4.04759750706473,3.88769627372894,3.88955024604691,3.62390224322066,4.3122062527021,5.26496676978296,4.76276450131434,4.94798022335027,4.42451856460377,3.97549550054392,4.3524757672869,5.04438301634554,4.54341249523272,4.63209345529464,5.4036673689993,4.10001808439287,4.21056012332859,4.56876287383807,3.79602730761794,4.65266459628005,5.54005691151612,4.74988048949095,4.10523321337411,3.67671697287043,4.36443592505622,3.86121189869091,4.02473246638182,4.55615291506929,3.60515381463991,3.8997728530496
2023-08-01,5.58784014989636,4.3470468471733,3.72885365086774,4.83521192375995,3.85987707501655,4.10818616827084,3.61022869440027,4.8095815075035,5.03425034989938,4.6923258902433,5.15113073566652,5.25920954467902,4.45353468344231,5.82330920591026,5.21059437833875,4.42886031009234,4.13033615678328,5.52553469696101,4.24600580233637,4.18929284296155,4.73074851997973,3.94940058255131,4.58421655191842,5.74752333378927,4.50836867044044,3.958911373762,3.73665541352692,4.0991439018289,3.75311785857541,3.88378122193341,4.87684756395856,3.60407527355668,4.39137105734035
2023-08-02,5.67138867878276,5.0556764709627,4.02985633600123,4.59455427382268,4.47488082733654,4.15122036036058,3.71289203997705,4.70322457889378,5.43261884866409,4.82007828731195,5.31562005493796,4.78196987167411,4.2672363887727,4.90039307746977,5.25661180756181,5.07784806891689,4.49602681515306,5.67279810535216,4.35054907937548,4.72129248582595,4.64555354184273,4.02174602366096,5.27370343419859,6.35779728406979,4.97903317153482,4.46441193787206,3.78328813186925,4.63914088831098,4.41861725162396,4.50515451326117,4.81240712210348,3.95214963406656,4.2232379514598
2023-08-03,5.62749529725219,4.7883740614494,3.99259671718807,4.56079887963726,4.22112464889134,4.27029709987703,3.67838618700503,4.60419770054608,4.94012568409184,4.51918339088079,4.99625547730096,5.27096061867335,4.50615881714431,5.80336325546368,5.16048648767474,4.81760042689219,4.12292390463707,5.56759719581466,4.34536057956885,4.41842893291982,4.7343128916222,4.03523373669992,4.95921248230382,5.73398273009424,5.09760780822315,4.30678003174333,3.79844023670283,4.55461156661501,4.06709865043284,4.16403224995555,4.64855009094781,3.80247912662056,4.48517450226324
2023-08-04,5.56224011828339,4.66870011539822,3.95941554278793,4.18227674149592,3.94824047637747,4.04736718077758,3.64081601134562,4.28111776211496,4.82580846820671,4.2929120323375,4.8112825922783,4.57269307800203,4.09293446397284,4.88880761956321,4.98367923753479,4.65342158220665,3.94063216743885,5.42951164858257,3.97563922062095,4.09376640676546,4.28723812182174,3.79673617689539,4.76815030328971,5.68904154335244,5.09362789043894,4.188839709939,3.72064754838909,4.56109931383356,3.72611637768349,3.84969563496051,4.37546999307291,3.63539967832858,4.11203216838003
2023-08-05,5.56328588682033,3.48465740079834,3.69720197319311,3.20931840814663,4.04801718710728,4.05416114032853,3.63240186339761,3.49488436033315,3.74344287645179,3.49513807119637,3.70953701225516,4.72308099386495,4.22020286246914,5.17821330308615,4.6708008854451,3.84396910392372,3.64634456471808,5.21957557827456,4.04526929401845,4.14475246139888,4.25530885669758,3.88218435299294,3.63939453154,3.96569002192961,4.44136420660248,3.95587019588879,3.73805759465263,3.51129033854442,3.92145297150122,4.00719208006155,3.49503467185503,3.72928950244416,4.22401059738321
2023-08-06,5.7270475516343,4.80862702079213,3.88236735619746,3.87691105793707,4.86263021711281,4.15039256194047,3.75000590192956,4.15722861645149,4.88599202913009,4.3300923940042,4.67351031817734,4.68944638131313,4.29587208716495,4.71326954288647,5.0878125968574,5.03332778081091,4.44135984858006,5.7503410392095,4.47263557287447,5.0716384797033,4.58053640231989,4.13994057414148,5.23154269023853,5.55220210325702,4.46361693677761,4.46044222260258,3.81550206611179,4.12953756822729,4.93784659805211,4.96719446653444,4.20225557973946,4.20993824550494,4.2341773508616
2023-08-07,5.49524075985781,3.46960923008251,3.51478252373774,4.24556671892237,3.37188728044693,3.8615307856671,3.53288294942377,4.41010042162089,5.20147216993385,4.7306702106175,5.01054647713903,4.66633561893735,4.05851005185233,4.86140889151646,5.02373297903546,3.6900090390642,4.38365623198916,5.28901166604879,4.00040003088446,3.85413260664159,4.57967406833419,3.72979956593562,3.72566414719377,5.59643104001638,4.49212948117552,3.49009590884003,3.6454571735786,3.54144803305603,3.41087153191032,3.60392465657049,4.64857138559847,3.3359313940872,3.98232649301132
2023-08-08,5.47248936245881,4.40511675336852,3.70760255830573,3.76871492019378,3.47172267060694,3.83336582214702,3.55914902716208,3.93776509285801,4.62179451948491,4.0803152923238,4.53081449239241,4.36840710971015,3.92068457996982,4.6835810859502,4.78640518187171,4.36532776620868,3.79568684060339,5.33106405459283,3.74644091363105,3.65924917047108,4.13776554241601,3.62856887318679,4.57965674442315,5.31390613697821,4.61217100903337,3.80562477805176,3.63666753484942,4.26841995006453,3.25447684426337,3.42249691059537,4.09686125171073,3.3646996284193,3.92012891491711
2023-08-09,5.50832751976122,3.53539129605773,3.34688524884256,4.06339947610009,3.51823105753692,3.6564666686587,3.53196480473162,4.19569056489893,5.3258928025213,4.423009082736,5.144649245475,4.55461762316495,4.03537481209319,4.86669803315018,4.92012595657429,3.76140226341339,3.98055727717973,5.26503772823832,3.89553162929264,3.84725288790306,4.31523377314095,3.71640821492483,3.73497257165753,6.64401157865256,3.1716106773782,3.63245253888641,3.59980669882594,3.26154873918802,3.43977336425533,3.59939034069758,4.41338062834097,3.41613589809127,3.92085166196296
2023-08-10,6.21748880366382,7.01328544264626,5.22917143949708,8.6015715402128,6.99596037097202,5.20482771566823,4.13055943267063,8.30328944001901,8.02850104298039,8.23921563889215,8.10362616621915,6.7908288957869,5.58271911380288,6.41631221387869,7.18072486640413,7.02332841173787,7.40920872866496,6.52011961861393,6.40628698175965,7.6631394722585,6.96171149901795,5.2221975372928,6.9405980374204,7.94326940698498,6.71796611202227,6.5187650510548,4.2064712845115,6.29358712162564,7.39137722450154,7.34405167830572,8.28392783920265,5.38112730998996,5.32521629535175
2023-08-11,5.6752678025503,4.79076520118093,3.82386936656157,5.07125908514554,4.32905617809398,4.12708495769435,3.67650920643488,5.08559050833344,5.7405435223417,5.15018827928621,5.68594172986659,5.18552157099013,4.46507336712053,5.45531707398062,5.41025411483519,4.86945004761503,4.62219138086113,5.71552454139047,4.48450522233834,4.71404059597235,4.91294495691282,4.08767361285064,5.09069414302224,6.735123436825,4.39814444147421,4.26036302963732,3.77134707893713,4.26607729481672,4.3450640250851,4.44624877369947,5.20623985639126,3.87961855349197,4.35514333566868
2023-08-12,5.66041120272322,4.85654277935226,3.95279946224198,4.20883645387736,4.47461049382618,4.37302127986791,3.70622352174599,4.49579220690272,5.6498992449436,4.98247027006187,5.2561547978825,5.96855549662166,4.88506899667289,6.39935825178006,5.20876937203526,4.94007291971686,4.92751054875525,5.62056509681979,4.89366044936252,4.81233427414675,5.53585595708238,4.30990719462344,5.09692198204925,6.20616617105576,4.74122766529243,4.40483419645173,3.84370254493578,4.42238816220361,4.56322586093655,4.67012429947129,4.71827127123279,3.95904795484598,4.72307080870721
2023-08-13,5.73951620807357,4.94818161380812,3.97584857801788,6.07728724924856,4.53632385044627,4.32643045954268,3.71408014849386,5.9361496980306,5.74605678481855,5.78611525080051,5.92523195919571,5.949745117124,4.8785441900031,6.37405011376315,5.80425031523611,5.00392949242733,5.09239294472779,5.77668177831506,4.89100811665529,5.02678473249628,5.5204520529916,4.31091837568025,5.10198871804,5.87585769222706,4.48826201723878,4.53014599641599,3.83283933928307,4.47284185483423,4.58190005561126,4.68605923510728,5.97168079042472,3.98511518065918,4.70089680298139
2023-08-14,5.83593809880321,5.89159571068443,4.29300911287772,6.0014667132597,5.18715646508785,4.90170669322942,3.82278270502037,5.94242340027847,5.69440731056461,5.83597267303081,5.80880428017702,7.54973541463795,5.81293672189115,8.49220796763341,5.8947049189787,5.83957572695708,5.39210362883168,6.01353305817416,5.703443333522,5.58833273272484,6.53271234906399,4.83143237540698,6.08348151702399,5.55745927617543,5.02131724495662,5.05628549617459,4.02219385410005,5.14682972017136,5.26468081319147,5.3164171474872,5.92996662338791,4.35451431184177,5.57560686774897
2023-08-15,5.60991339783836,4.17719782416863,3.70152093052247,4.43108597123814,4.08600262278591,3.9744125480293,3.63481264643828,4.43710135353419,4.38727213534311,4.14981201176597,4.59999085941606,4.72923597528507,4.22072086123457,5.18712612780963,5.05769206071967,4.35220915115421,3.76289338959474,5.46110305197974,4.04328655631816,4.26164635930669,4.2611233027746,3.87913158504404,4.36175923798421,5.05256477264948,4.05422894806576,4.09438195758865,3.71617108937475,3.86641456402414,3.90512121781444,3.99295638385817,4.39651877643049,3.73804235128948,4.19401520311231
2023-08-16,5.66581107772279,4.41298900778717,3.80693161728733,5.2893738642041,4.27670673958185,3.95033625321217,3.66568650152836,5.15270723336234,4.98966288491449,4.785114951413,5.2843669488176,4.71891392859667,4.22233292074401,5.03308659328331,5.38698305683084,4.54374363802463,4.11733267996574,5.53271552744163,4.1506243439914,4.52317878120993,4.39153570605195,3.92745073097766,4.47900119789706,5.77157359058326,3.92981798919113,4.34804603141977,3.71795369919812,4.05469023760055,4.10256495820637,4.18981110632971,5.11251224495769,3.83446201720543,4.15820764882239
2023-08-17,5.76289197179022,5.51360663206892,4.30187669822962,6.01100899786083,4.7630416916875,4.35129838410211,3.77182502419504,5.81266723878565,5.20405161271009,5.3857876792769,5.57401601267149,5.08886649231024,4.45976874743363,5.29183163593838,5.74174222254713,5.45022067061892,4.70003451978023,5.84232231976082,4.53680102984277,5.06008984797538,4.84322353357177,4.14670974313108,5.60854411376969,5.37573647345825,5.52235327423032,4.82196309181042,3.84877612911639,5.14536366254479,4.64447258228384,4.71141581664307,5.722993430444,4.1009016558612,4.43219960924552
2023-08-18,5.70426313827292,5.39761135174051,4.02386731503591,5.8258190122468,4.45982839300607,4.23956187554753,3.70635013747755,5.73300210765969,6.27011095671048,5.78926087992969,6.26027085250374,5.83664883168338,4.79640080684366,6.24062661968352,5.70152055375981,5.29336708206189,5.03396393024397,5.75955365784667,4.79798374414087,4.86641847937778,5.44635918949134,4.24420360491546,5.4849645622543,7.14074363979056,4.35756863908874,4.63475674051995,3.80050147888372,4.8107034501987,4.42070614155398,4.54016732320106,5.88061212056572,3.92192395753776,4.61264960498876
2023-08-19,5.60429805156396,4.86580281652584,3.97227812835527,4.65043248754465,4.11607018607502,3.9272157196497,3.66097077649425,4.69323568544205,4.87840971683124,4.63726659233288,4.94533092490202,4.32095442345226,3.96800386969463,4.39263351590449,5.18774663282711,4.82666737358586,4.24083295896951,5.50251266387701,3.99804035558633,4.31916471966296,4.27528477176896,3.79560327553628,4.92535845026355,5.30315355066483,4.72854057290702,4.35637436028747,3.69792968548524,4.60700868362038,3.93072134796787,4.05148730386021,4.7530695379446,3.72687150925664,3.94704977522459
2023-08-20,5.6305211460761,5.01502629405597,3.79796537148285,5.17205472641746,4.13949812561348,3.80731403256849,3.64607822856648,5.10542192172005,5.90383490789069,5.09895174677348,5.90269545812773,4.5097547102598,4.07117681977122,4.63616375953183,5.36539068956818,4.94876506994194,4.34702461556396,5.61242040255871,4.08804025258765,4.41405316258497,4.40752193286808,3.84769048841644,5.12854659222103,7.41244377233846,3.77914845125268,4.35523045616367,3.66875581904475,4.42158266586375,3.97675979515251,4.0969143541071,5.24735026451713,3.74255457755885,3.97216750388655
2023-08-21,5.68414718664073,4.80617234871326,4.13861751137255,4.26611815919715,4.67573132057516,4.278603804259,3.74623583712809,4.44473258677139,5.2256757175471,4.59200589508834,5.06263553110113,5.16011429787462,4.49533573948709,5.44936553160459,5.16448049840847,4.91223370722182,4.43042811955037,5.51433024558637,4.51843082627782,4.80852627506431,4.82891822941612,4.14252605100984,4.83243735250183,6.11908685223261,4.96749052036023,4.68508432067648,3.82679577196002,4.56906764947196,4.5686755179349,4.63566695288469,4.5363821209261,4.05922195413739,4.44186230057434
2023-08-22,6.13378790928378,7.52357168944252,5.36499691440595,7.51749637204492,6.77872604055267,5.45895306424757,4.11746726335922,7.42976734230119,7.93442764562891,7.68780761409305,7.72114659137158,7.32074059614337,5.83748659271688,7.28931825013544,6.78113974726358,7.35210900503068,7.12816712904853,6.5062780261899,6.47064542036333,7.30622408082035,7.16953836523832,5.26010260327211,7.54284773522259,8.24716371906469,7.66391414160026,6.42537877662071,4.25792407801904,6.86266379151057,7.10397086753384,7.07468789216696,7.52543437506096,5.24806106035851,5.63240581354671
2023-08-23,5.94470217096851,5.86746847715432,5.04031858255416,5.47827745438209,6.00016305592508,5.25506777757725,3.99664899432551,5.71807236617094,6.62654380877486,6.2314244881277,6.19076423155555,6.5914124811127,5.38003275242535,6.6154291624278,5.95405253895166,5.98711840666469,6.24353869980772,5.97152209439719,5.84323559296608,6.39317775633423,6.43736241372047,4.89084978966051,5.89760603720553,6.72875019295147,7.84513169663373,5.64087939261779,4.16344737474149,5.86197770950665,6.28126604063009,6.28963124992413,5.87031048252277,4.82459055392406,5.29069093429867
2023-08-24,5.681642291862,4.62216762732946,3.90152596932079,5.67683961893122,4.22117305987898,4.08540301572517,3.67148912108049,5.38328065339785,5.23921363621991,4.78524215634216,5.68478514797289,4.41649788956919,4.07671797044756,4.75777593179289,5.45610360373715,4.71662584360495,3.80165022649288,5.7162336304756,3.95276767007961,4.48334180959331,4.04501005089998,3.84249319909882,4.88596106628809,6.81366939356887,4.96441050331917,4.19543786490475,3.75311091885713,4.3378065477122,4.01615132082963,4.08557529705069,5.29906560448949,3.81573848366186,4.13406497499112
2023-08-25,5.67912948688876,4.61895163818437,3.79222664741973,5.43277780692091,4.26631684658046,4.04183754460091,3.66557367217445,5.38123949762793,5.49289319761738,5.3162021838416,5.58355033973682,4.99657434917307,4.34999313694326,5.14779284766221,5.53150067563607,4.72409609795991,4.74250510513438,5.69371327294456,4.42294565516324,4.71875091845216,4.85629053232204,4.03496936139259,4.87703707590873,5.87920769960809,4.28273223769507,4.22479238296823,3.74480415806481,4.15518352673791,4.30070420455809,4.41363730764633,5.44902526281773,3.84220940076191,4.23018756776723
2023-08-26,5.61350553095982,4.54533037740212,3.84288816358468,5.14325423181482,3.96313671930467,4.11080051114635,3.63340935087011,5.31767826024342,6.44996319024194,5.96127707651067,6.03432188194347,5.41689112862806,4.4860974364938,5.39328587164334,5.5330922435077,4.5916584481456,5.56604611063223,5.58676828124853,4.69870973296839,4.6163669067753,5.53649826837327,4.08754295679004,4.76500683317349,6.58249426674906,4.85133593851986,4.07192226945759,3.74228290932904,4.32411497204772,4.18406250325547,4.37656991826119,5.67288132878478,3.65917463794438,4.28413240148603
2023-08-27,5.81919677050408,5.21191990295286,4.31880725582469,5.32149682196099,5.20077812152381,4.60021463419885,3.82956841671625,5.4767021103152,6.62723109775167,5.91850342382747,6.25557425205006,5.99529132188385,4.9772943758125,6.09209421425023,5.7328680994972,5.35119631804721,5.63988711292936,5.82986549064705,5.26789181454922,5.64258108288942,5.83613137177486,4.53592053222372,5.3649709216877,7.41716433149151,5.48436285168093,4.95678982722237,3.94654925842689,4.81929228858758,5.40843382849991,5.46840631060606,5.68154486985562,4.37537376218956,4.80937364792043
2023-08-28,5.76110820109087,5.78798166443366,4.12896189761742,5.46223536100466,4.92796663854177,4.22618284625587,3.77179557871253,5.57698471405632,6.44304307340021,5.98492979034854,6.14924724238416,5.86987532082985,4.85215727775076,5.95903460945221,5.73043264829526,5.67587243753583,5.62593840097137,5.81549346011174,5.10356233730035,5.33183507646056,5.7686313639857,4.40417774938229,5.8325706343085,6.81058471760206,4.03316073605725,5.01241191689489,3.82438460969738,4.95983003142345,5.01268598030678,5.11483262028912,5.79175514219431,4.18772367836272,4.58319647519825
2023-08-29,5.79548899693993,5.65554946385964,4.29057065040128,5.20250070294596,5.18259664849968,4.37314267932775,3.81990450874465,5.34714612428107,5.99513660983576,5.63698586790916,5.76368019980603,5.71305685964098,4.81762857928493,5.78472623867092,5.65254337130124,5.63887041266164,5.43326556084837,5.79522142427855,5.08441504404784,5.48957643469906,5.58522038846743,4.43349443881489,5.68024648412073,6.2764469686099,4.68114859849593,5.14431288029748,3.87986835584974,5.01317253982065,5.24428357023005,5.3073191355922,5.47647415806183,4.34103086054757,4.62443443045095
2023-08-30,5.73534526038478,5.91510153680019,4.26651856517358,6.52070840453183,4.52946823307599,4.36947355100992,3.73740428278617,6.24022768737044,5.62077299991165,5.85210532254877,6.00757219920734,5.67490532875835,4.71969337801954,6.07752832908041,5.9008845259275,5.67690733122806,4.94139829844268,5.90368743234927,4.70533489707585,4.91845878453613,5.2762159312076,4.20508863167003,5.99207141964204,5.70914636820798,5.27437624137973,4.78850980300006,3.83541357473548,5.40782076056341,4.39910783487118,4.5086980202099,6.21096207146976,3.94987256497721,4.61939445531017
2023-08-31,5.75845952351899,4.78836333632599,4.09025331228484,5.55973502633204,4.77988894062096,4.32246927219716,3.75509862123477,5.62543039869975,6.1109838235113,5.87906159103586,5.95073657259409,5.67717134475674,4.74928046352346,5.74848271732906,5.73570342919007,4.93514946051989,5.49520534002801,5.69268213132541,4.98787743075527,5.2765404614004,5.59262384254397,4.34409487995241,4.87112579059237,6.23377774396909,4.75214840170773,4.6927628198623,3.84685481255032,4.44494046987277,4.93750542110548,5.03712898632777,5.7772489853899,4.12743051212837,4.55707601648568
2023-09-01,6.89089037538091,6.34043276127749,7.09351539406785,5.52737197779805,6.59263213087404,7.14349496149248,7.03677989090048,5.80599747636343,6.88841522816973,6.24250808626651,6.50119308140974,6.98174186195326,6.97811981449919,7.14162565550676,6.45075849034683,6.41339637494589,6.58971833396436,6.65675075672438,6.82057888123438,6.43690628791177,6.86672693445752,6.9228195627635,6.24846765756819,7.47778202853613,7.87877220867833,6.72736765707195,7.07756375865381,6.91439874965682,6.52242897105286,6.55468238300147,5.97138072780083,6.80953073176552,7.06833700627104
2023-09-02,7.0109482882248,6.65630527285169,7.17205946864692,6.33892332194066,7.14187169087412,7.23729793238866,7.10979624464611,6.44181465302113,6.33336506165015,6.40173855223683,6.33479720058099,7.30486711167544,7.23101744348942,7.55115812229451,6.77140658311333,6.76295876237518,6.68470647121184,6.83565501151427,7.09288655204571,6.96445070705327,7.03342798318772,7.13406373176176,6.52521135909951,6.17642414434321,7.37159314650594,7.13211603288262,7.13569534962383,6.94938102470091,7.0584513425161,7.03225348374125,6.38035854445677,7.12593203013615,7.28106126291851
2023-09-03,6.89342776904159,7.12147397797713,7.10449234951427,6.42860424230849,6.42772923302277,6.88145984263464,7.01619849372776,6.49110746798498,6.53952297763488,6.55661160580223,6.5167998791167,6.07230278109788,6.46216451985231,5.86636010540143,6.70743301176175,6.95100480286027,6.62571177504514,6.89914880153861,6.43266923122303,6.35174077097211,6.35100493286454,6.67094126107607,7.13915909089048,6.3809304420501,7.93542084695839,6.70410284372163,6.99550462555941,7.42003415966793,6.3032083360412,6.35627011421481,6.53868249302083,6.70286220918189,6.59296753185807
2023-09-04,6.86392847195662,7.01177243667309,7.16307386669461,5.16927463910521,6.62290846481215,6.80079442185594,7.04259647290061,5.44745025603349,5.38809262828336,5.52899719403698,5.3093449960096,5.8298194063784,6.37002809930377,5.68266333127998,6.26240302199833,6.87976244825464,6.1212330775055,6.65192275130245,6.28375985292436,6.23452731678498,6.01360504874508,6.6310786509196,6.81696061491794,4.83943047418353,7.49559168845733,6.96751349399892,6.98258154412169,7.35133192482662,6.33738948794041,6.35628301544427,5.4182594457789,6.80109376254438,6.52761124911203
2023-09-05,6.41391584702634,3.70830489860181,5.84718710066084,3.17848796109669,4.02184854868498,6.13908840226513,6.61114632473861,3.46259907571944,3.61064835147927,3.30812703480479,3.73211638110969,4.93640149632015,5.65059177742443,5.63000343405928,5.03668136582067,3.97355246978509,3.70460905889414,5.87302546208717,4.72209170463084,3.65222595577982,4.4655316258645,5.7102057911727,3.89771011398657,4.03445860359688,6.34771574971507,4.51461328221588,6.66793481879773,4.85778832646629,3.52980992779835,3.68831125859175,3.47834299860062,5.36638637854535,5.98764587343488
2023-09-06,6.61951706420937,5.24680347180497,6.38394736488626,5.10919885693857,4.90829481248572,6.53877035619762,6.76783732323197,5.29496620205474,5.87896325894395,5.54367517013921,5.73907770816607,5.84782664664422,6.17664922399798,6.06552245826754,6.00581747828914,5.28207196144863,5.63899274010181,6.40061747958651,5.73192664431651,4.90556081212856,5.83671413839585,6.21479052159856,5.433048484057,6.07579814553724,7.33715538742397,5.3289750551752,6.82148052212176,6.06044218869223,4.7439814408118,4.90392493744123,5.48388633829244,5.85790245050802,6.35399760326631
2023-09-07,6.80813267972289,5.74623581478353,7.00216976605833,6.05026942971223,5.91041237051282,7.05601695171093,6.94790582123228,6.0616764636851,5.95497673123475,5.91716693479355,6.08691026781264,6.28987704851051,6.54527653023114,6.54291158773487,6.43291155728411,5.83764121447103,5.89411855958901,6.57024879941241,6.19778622485479,5.79861894157043,6.12967592182467,6.56282495256187,5.7150316303871,6.11857687608337,8.71170711736181,6.17311483286497,7.01447264547309,6.77448002155381,5.70319969500161,5.76892720078058,6.05714489457996,6.42264237046413,6.79347329265255
2023-09-08,7.10835871958198,6.86854061592166,7.26421685662833,5.6931131130638,7.79134269878755,7.07878702411922,7.20193795626192,6.06608248890967,6.16316987208329,6.34091657469169,5.88184645595673,6.00681113256677,6.62410410303447,5.32590260589325,6.7417101319291,7.11203099021318,7.22298871555596,7.03148224180655,7.02323894798745,7.65363090778189,6.59806155459396,7.09271398512398,6.96088416553586,5.3439037478454,7.65882447204914,7.35342365762867,7.14071600653438,6.91766708638642,7.96041180143871,7.88005031108541,6.01123764670127,7.5306410041196,6.70070384435658
2023-09-09,6.86517486929438,7.39209570219424,7.24538472431914,5.30620319537143,6.62690870539597,7.07110473165973,7.05021750061485,5.50705993043688,6.29077109640333,5.63612313443628,6.11361152713804,6.71001037840225,6.84740638707386,7.06478159518064,6.26729691650448,7.15547278617924,5.90532132692434,6.73017086016822,6.51996693535673,6.17459539940198,6.3807328661464,6.79850144655493,7.21710135794997,7.2376413001916,7.76247608905622,7.03128390265276,7.05216280241711,7.67145217554763,6.25493357949226,6.26519221182716,5.56234209106984,6.79617259020544,7.0071843765328
2023-09-10,6.53488173766329,5.2892698648528,6.50019436159641,3.74186513094504,4.74302036411354,6.58529839677544,6.75942893334668,3.95909337447818,3.90084779236075,3.69276439069546,4.08879738602852,5.14976725601903,5.84250287885317,5.74735664304836,5.32748027077105,5.27190050901045,4.05122043939908,6.24260444920585,5.04922816326125,4.27240203403997,4.71036226235389,5.93213486092801,5.47141438774095,4.32018115985334,8.14102444063314,5.24858367184385,6.82212587409675,6.32696866078571,4.20146465532039,4.30782803199393,3.90463178623168,5.7577738850413,6.26242472656568
2023-09-11,7.33670441057883,8.24750862245839,8.20950261994336,7.94938877847998,8.74856154019861,8.36724964679512,7.40883380936685,7.89434065266354,7.685226972826,7.7389172087306,7.71790903656277,8.56909491855538,8.10276669633844,8.76069253324516,7.616822632522,8.30841466196751,7.85783616261906,7.52944614176572,8.26727715798438,8.67956977294421,8.19099874757243,7.88636844874751,8.25450521305298,7.82740786903193,10.7335577852046,8.24300572267575,7.53123624371691,8.6010513302974,8.90192059162505,8.74951131310227,7.73592644227687,8.0601869260562,8.23653369587
2023-09-12,7.0761041766571,7.46584008716718,7.42779879601978,7.32684693776731,7.28928275113285,7.33273350042006,7.15422917838593,7.19749483687492,6.36818510377639,6.77836195421595,6.68923753250089,6.65136532694622,6.90664358170248,6.61019430241793,7.09635480385481,7.41175567862616,6.73476893089788,7.18823231569623,6.90057313980913,7.18600835451687,6.64725887893842,7.03296851878983,7.52922706141082,6.0952137270029,8.67770677891261,7.2189847024033,7.16978525469227,7.69442906137069,7.20132865877622,7.15589484037186,7.01235710516238,7.21343666191065,7.07741047852376
2023-09-13,6.77219090211255,5.38305708078551,6.43270411013835,5.84311105602767,5.65202884382582,6.56270016732901,6.86216547425665,5.88641874745282,6.30023873949378,5.88433162651207,6.30296433100899,5.93374795272561,6.33232445934361,6.07462773638961,6.33755373320899,5.54834961120807,5.8062385594566,6.56823999707048,6.00729314750957,5.62267411810415,5.90547957583663,6.43824712283801,5.51973647375289,7.00872385850098,6.52736433101029,5.81442526057665,6.87495628901017,5.87004562321047,5.51840639756681,5.59944939288257,5.9643467117522,6.29378633266653,6.45662675041396
2023-09-14,6.99188957657226,6.64078773827669,6.85085964529024,7.25735369758163,6.75142867613707,7.00248387453561,7.03197141225936,7.08217891032516,6.25605618416893,6.6218544227394,6.63250690534923,7.14673902867817,7.10958496643855,7.5106466579188,6.9734792065867,6.6889842638566,6.43107043205928,6.97358075128556,6.84772562315684,6.70172799328473,6.78616563613218,6.98917245101182,6.67362224407281,6.11960433244994,6.4966094995363,6.77410341998301,7.0527829872112,6.65114065395834,6.63112402276369,6.62625334570892,6.92501666188773,6.90935867336118,7.13886680653709
2023-09-15,7.09050500689576,6.70504500493846,7.30038339735819,6.21179503814717,7.58283115577036,7.6531141506251,7.17946936837184,6.60535702298985,7.81729512539711,7.39237263453995,7.16298072448008,8.55252463533575,7.91607349634001,8.68835356156493,6.99391050713384,6.9304910662678,8.01571529993617,6.98157582726126,8.03304530991694,7.68826380306166,8.38760769406802,7.61678341612913,6.71758013201026,7.61804798177064,7.97603857215738,7.26952729935522,7.27737170838273,6.97389040543981,7.90951877854798,7.89311648542788,6.82187452189995,7.40223595952939,7.81472544894903
2023-09-16,7.42893803836504,9.87030885353259,8.79445759834091,7.32559765234528,9.73689572243469,8.40651276029109,7.5750518864053,7.56415608607172,7.76735641801658,7.83769197830058,7.43342612176619,8.52431019999369,8.15379226682326,8.28289698778738,7.61318794018581,9.6270373196841,8.54980265980546,7.57701553598686,8.66074917286492,9.37610580733548,8.52314735926078,8.11143742539916,9.47784943020859,7.29524759637883,10.6689296739567,9.46115404079297,7.58639840204803,9.85462278244172,9.80472310338169,9.60991961510583,7.46375993887287,8.57134848611266,8.2071985387104
2023-09-17,6.88073224876838,6.08635427975396,7.17819939630706,6.6468109888457,6.22203141755073,7.14608943682851,7.00267093779515,6.48630591475055,5.6899366085505,5.94672707604318,6.12390272398274,6.06430102480777,6.47871479276507,6.28191872656353,6.6248023135309,6.15514539600471,5.74868261314654,6.7224182648904,6.15262266922616,6.05792582987743,5.89118751054493,6.58132110220822,6.05696808390013,5.80453765512619,9.12857616509287,6.41578921502857,7.05642854566541,7.07321623749359,5.94839459187092,5.97097889477624,6.32442557767107,6.60060877167875,6.79185164315807
2023-09-18,6.98617121440873,5.9264860870677,6.83255466905085,6.69768654642753,6.72667308759008,6.81099031278399,7.03311494700548,6.77929529153497,5.9507074787045,6.70936997897272,6.06540781370024,5.85898147670738,6.40632854578487,5.3320700601754,6.90854656140554,6.20092962333202,7.0387222018193,6.9062146646084,6.60786858638551,6.8804856316166,6.41342025158908,6.78083566392632,6.10264847876496,4.53688690641041,7.30817536652094,6.49458148661843,7.00827345695633,6.26635849317646,6.89821792616704,6.91503035949044,6.6946522325364,6.92613710498857,6.47986717709207
2023-09-19,6.99587550272328,6.23465556987009,6.88275493955565,5.87103880299782,7.10728524489115,7.12511368611871,7.07836860435846,6.07256240824985,5.99518581555456,6.10196532406174,5.93295720542732,7.63551374827584,7.41360584161979,8.04911888494733,6.61823919784668,6.46238558592171,6.5949032473421,6.75362769916929,7.20176597318581,6.92307544970386,7.19020982417395,7.20808380780558,6.14725766944784,5.63380850150742,6.18598370770893,6.98994634065216,7.10814547092212,6.32011505273159,7.07039326042713,7.03922208210794,6.00774671640925,7.11986936298567,7.37804326044687
2023-09-20,6.85741592049507,6.20846541017762,6.95618083647537,4.90295234916432,6.45280985883196,7.04665219186224,7.00997461272424,5.21805962684999,5.73877767020921,5.40955785932831,5.52947977819472,6.3820631565631,6.67499842862478,6.53568969670293,6.16166564306686,6.32438984737742,5.97524268404993,6.68477155924741,6.450236798747,6.19937737497978,6.25361581372578,6.74869810318476,6.32199941195324,5.9411370219246,7.95012174770349,6.45119228480908,7.04880206599907,6.71530646061853,6.333562111133,6.3434035303896,5.24704195982686,6.74955141190068,6.85879996563074
2023-09-21,7.10226358050367,7.83075652524418,7.7999806525558,5.6519488622683,7.97927493140235,7.52164262043582,7.26993082886653,5.96293624616876,6.31136376002305,6.13382974879291,6.06968770502839,6.89792574760251,7.11343280414661,6.78773813612547,6.66914644664049,7.78320428855172,6.85276290938824,6.98583639477152,7.22616969189189,7.54175697252494,6.90042534782771,7.25401670451887,7.60558532614922,6.29687509415575,8.90495346688053,7.91994298943624,7.25527809250567,8.11197552513793,7.84246712701725,7.74665225292841,5.89786474358171,7.58805461100662,7.2677139978828
2023-09-22,6.78930292906685,7.53524204305149,7.10526436993239,4.77408874300939,6.28049615521584,6.5617918349409,6.99490048511948,4.97125482051876,4.91759686616014,4.78681989620092,5.00705814479771,4.81790311308548,5.81399998434478,4.6547005748114,5.96295420148672,7.19613689508858,5.21143597206083,6.7194479439143,5.59683641256469,5.6953354598518,5.02376057153941,6.26876576146323,7.47627216846635,5.17262690607906,7.61327574930042,6.77028535527883,6.89716645241814,7.7007657066516,5.76277320435878,5.77767839710864,4.87938955019496,6.59729350990362,6.11068541240391
2023-09-23,6.80533160082235,5.9533211704765,6.74899479177703,6.64439643029458,5.70184865873342,6.53418322599927,6.89876308171819,6.53677385948795,5.1216909318279,6.07650828586176,5.595552538076,4.88729151637854,5.76599458287055,4.48831452735427,6.61747216619584,5.97041750729124,6.03473661178212,6.74646903022019,5.68724545032152,5.74713331429251,5.4097149999807,6.22505247543212,6.1098415428298,3.80320727298336,7.93487860055611,5.942781235772,6.86695898349685,6.61335672754322,5.56006380971416,5.64848526330762,6.3907935085111,6.31159916211068,6.01027645643546
2023-09-24,6.94588418196826,6.51490212580282,6.99387193484418,7.09721243349574,6.50790843320013,7.20561759930842,7.01780574065769,7.02609672640832,6.56721381141081,6.87748174051112,6.73370472314098,7.43320860994325,7.20961251671282,7.77978767437407,6.95139422535981,6.54239898599133,6.77909778577532,6.91066545526018,6.97298071734404,6.5713882948489,7.13918024178346,7.00766331634233,6.55607748127621,6.15976797382878,7.68748539044632,6.60504147813182,7.09076465177777,6.9038763538391,6.48057297515159,6.5209345753376,6.99600956446372,6.76783877067876,7.26095248754655
2023-09-25,7.22902157178951,7.91219830793215,7.5316203021981,7.18454602280864,8.30411770692478,7.09790228443516,7.28423598570834,7.24433006818785,6.90916875086057,7.1486695117385,6.92045268719572,6.06751064229022,6.70661226436188,5.31912123791632,7.27670833465289,7.94730048235116,7.49223267561191,7.29176018755216,7.18662050502164,8.14507683201412,6.68429620718393,7.21110182652754,7.83665333951818,6.55246839043554,7.40416425361988,7.99408082073058,7.16886011592284,7.62301533284567,8.36063135075606,8.24573761755459,7.09587514555801,7.79481831203245,6.75075098812094
2023-09-26,7.50767219714133,10.0559436456402,8.93330027449385,9.52976923198914,9.68063109555481,8.40639931674115,7.58236165394383,9.31279487791556,8.55960973193481,9.10152228870041,8.69061271173201,8.07823035214632,7.89369728424348,7.52450203041874,8.34628863601964,9.75226501917119,9.0104440824196,7.83851287942385,8.55593872399544,9.61824592814464,8.41233423515584,8.01439236868995,9.6977879534658,7.97435012704168,11.4931423667045,9.43921666567835,7.58197101238191,10.1829094045469,9.80440242854158,9.62969348183923,9.12038838986633,8.5366164504041,7.99098855976932
2023-09-27,7.08952055515935,7.70058618394102,7.3213262119636,6.98634260486825,7.50031793207173,7.01804598822465,7.16636835322769,7.11894491260718,7.22746936960179,7.36692789151795,7.03923624643831,6.42722290143466,6.76864399124333,5.82971239630221,7.15245132171565,7.61488076648283,7.6559937729542,7.16593339203402,7.12520931595777,7.50813662833605,7.00674300295154,7.08555365697042,7.68512634451615,6.6550592915973,7.45303222762325,7.4508074482815,7.09780342622415,7.56375049363647,7.60455658595804,7.58852529981588,7.15847178115569,7.32594307081849,6.76339496676818
2023-09-28,6.98233561332089,7.76482027020538,7.12969758111852,4.86811635245362,7.45148074348257,6.65420073191469,7.13679891185398,5.3213413676376,6.30731987385955,5.78388206662156,5.83970587999126,5.93869880989816,6.52589527712916,5.52525840441544,6.33465206327421,7.61503180681294,6.61499748133214,6.84062765336902,6.69325252396979,6.97818172930466,6.31001001543713,6.89684759998603,7.56883085198956,6.54789338877598,5.86199071475632,7.58673157004,6.99446014370469,7.32923673241068,7.26391306031577,7.21993267392945,5.39247149008416,7.27738637237098,6.52530859166434
2023-09-29,7.01638010279669,6.72234269925918,7.33956639863292,6.68267222205936,7.11257929345873,7.47012926884339,7.12265252684039,6.82501615012202,7.33622347812373,7.14111133962051,7.08417311233428,7.90154426950657,7.51408934504865,8.1322832696387,6.96994913654037,6.79675373536274,7.33780953100266,6.85408308985383,7.44963713934812,7.10357950068929,7.68203815499325,7.28431652640463,6.55804746404361,7.30593449290774,8.2084304509299,7.15686695752896,7.1935231191471,7.24163923284024,7.1616586289811,7.17251213762299,6.93023479995005,7.10355274128213,7.52320503309489
2023-09-30,6.99544762988641,6.80470260256971,7.35541979879919,6.13075707207254,7.09733733211955,7.67457370641107,7.12358920762734,6.37432959511106,7.21881773488516,6.80246048242728,6.84790803401183,8.47957888706515,7.8305464053594,9.02808814221451,6.77546512751714,6.8670223150401,7.15720003066145,6.85806385295937,7.61768580868957,7.0216696397633,7.93266986772321,7.40226329197576,6.72152866319274,7.42729105337794,8.49719320708706,7.09778687291552,7.24784776176456,7.31889292551388,7.13814830357869,7.14150744632722,6.50752887848233,7.10045651735812,7.84824292674372
2023-10-01,6.68139405843423,5.07814129378084,6.5974906534773,6.173611642807,5.06256071603602,6.63141483797838,6.80656036103407,6.08906506746866,5.54285743174702,5.81666810712679,5.8505397911429,5.60204589688218,6.06937468665824,5.76844599036338,6.3343830357443,5.1686281454208,5.58794275283102,6.40664460249028,5.64041485920581,5.07803226278246,5.62039735925232,6.18387253488176,5.10318977827467,5.28290723549682,8.00487615634319,5.51474252935472,6.85269052414358,6.20901184460427,4.82084602364104,4.96047264938214,6.09150294498553,5.93820708787749,6.3214703026283
2023-10-02,7.04134742530987,8.14655785813539,7.7633794319871,7.35801317228336,7.19151583469987,7.40976866144923,7.17170492170498,7.49110635498565,7.78011797978977,7.98197670019773,7.46997983767692,6.77599820888552,6.87538666167648,6.15569250499208,7.29890626382982,7.85162196727042,8.15430378087072,7.19659519451804,7.25665533337794,7.33937510593277,7.45148726235961,7.08488836358449,8.09403169345509,6.84726944269911,9.89493850207241,7.40024620243184,7.17592466882134,8.58347480849024,7.33465286298544,7.38511230997069,7.66331356016433,7.12702338158409,6.95536196245641
2023-10-03,7.12966209039227,7.82551719669136,7.7815998715073,7.55262623974665,7.60487167206871,7.39090892710843,7.22661370378716,7.49556077409782,6.8378095804714,7.31459909259808,6.99065355130993,6.01501168084887,6.57868276939466,5.37164704692091,7.29519910557027,7.73215452301554,7.38780455005751,7.26576427137684,6.92786920371468,7.57985013699673,6.6116573378994,7.00654734215376,7.82684535822053,6.17421617692924,9.89240893991824,7.52099750111367,7.20144903502966,8.25977682340563,7.62945210487976,7.5855487686879,7.37750237345164,7.38698825089877,6.79214140608698
2023-10-04,7.09155620626007,7.78724214122021,7.47876123352743,6.16150567522666,7.70607942127163,7.25442416708529,7.20779693147839,6.44390115846847,7.0998111430349,6.82861799059298,6.73408439739606,6.67832621529206,6.94548253896692,6.27032727317406,6.88177220794455,7.72967996190038,7.36951249305329,7.13581946897516,7.21938803341598,7.54871752783848,7.02836297605902,7.18417056217802,7.7912993301152,7.07096858711725,8.10423490902682,7.56752812343362,7.17330242905688,7.74984868301449,7.7684752416493,7.71767292231021,6.50282696126138,7.44862366907536,7.00068203954219
2023-10-05,7.17760178605019,8.5583686504896,7.71032386799783,6.02329788196593,8.39926558106687,7.22334774278393,7.30845909149347,6.34005358910804,7.01346798335507,6.65750867969297,6.64340135020509,6.61477722915873,6.99714986581224,6.13211413030151,6.89808030669498,8.40183776584381,7.34490923573467,7.17946935015363,7.35762512796626,7.99009832299143,6.96550991011392,7.31842135212662,8.3295994453975,7.20250872959071,7.43134986308006,8.30725730782901,7.20031632042895,8.17573777766631,8.32423331617059,8.21031196336191,6.32660677949424,7.82075529026423,7.0186900778612
2023-10-06,6.96481472236095,6.99210014003337,7.32196901887919,6.81039032106534,6.75386918155777,7.10896866140923,7.07849553522942,6.87294072186293,7.15667182108478,7.06120572014056,7.03019423403045,6.25272707540031,6.59057891987202,5.89204803737583,6.93419376154219,6.93010416679564,7.10199906597931,6.94324535448677,6.71219358891161,6.77534945161769,6.66305541247712,6.82611445553185,6.97264257173928,7.10392637018384,8.76403129041506,6.89099957480584,7.0763887507363,7.52437222089192,6.75407046149265,6.79116687158121,6.96167870822399,6.89709120025036,6.72808618235934
2023-10-07,7.07776708945926,7.4773079246013,7.56360892498063,6.28918257473342,7.68605869148893,7.22524305641841,7.20969654893586,6.44339588494537,6.36054305639754,6.43526365909199,6.31020054712815,6.63728651401325,6.92926600009283,6.45918013794638,6.8310377886965,7.44557168447804,6.86779458410887,6.90929601065092,7.03460085981833,7.3475498662124,6.74672334074305,7.1143044136417,7.17020445770671,6.14062709975312,7.90275398195337,7.75143920507556,7.15845635968022,7.70558686563031,7.52477657390182,7.46107137990365,6.35421832663966,7.41348930082255,7.02735440392946
2023-10-08,7.45181872748204,9.64359803850282,8.34844737983845,7.96212061557738,9.72533178869897,8.217932514973,7.52718196432838,8.27468943399693,9.20699073304674,9.10755459063933,8.49656640470322,9.94823138669008,8.86063406857926,9.81479831096945,7.989403289194,9.45025223190371,9.75667320410377,7.56697486686915,9.45381633124779,9.69724225608971,9.89500833379891,8.47826499153057,9.18484669631403,8.47114669861555,8.12627027569612,9.46329393040595,7.5369092172704,9.08223171160326,10.0731232419595,9.93807684616696,8.41733124217736,8.56342025049607,8.55438414697732
2023-10-09,7.55056554752804,10.8556748924113,8.45326512304293,9.25314230629409,10.0526841281519,8.55184107819688,7.57514350302328,9.23421829220033,9.14754903336476,9.47375985223656,8.91490839396128,11.1768359935933,9.5703253204369,11.6613132284478,8.40032375485013,10.420063711307,9.67260016137541,8.00041851078213,9.90738340142537,10.0200241864482,10.4540089731833,8.80350876930999,10.5433124740336,8.41426142234558,7.97227099978945,9.77342853864999,7.64275996918854,9.73488679762036,10.3055419633442,10.1285498179765,9.17503312529453,8.7438133868569,9.22326390026415
2023-10-10,7.02601650819152,7.89643589216457,7.53278203098662,6.194254340328,7.46667915898278,7.13353287170216,7.17688014405376,6.50304223681439,6.95045019490798,6.9935371999775,6.56919873785247,6.99806781806557,7.04564066067055,6.68197695977973,6.87661470903483,7.68311671724904,7.56488978451296,6.89668999762707,7.26192447300577,7.26215398986579,7.31862127180162,7.1553095432502,7.54413477319656,6.2013432063598,7.57321644000556,7.75218548348129,7.11628181505736,7.97635802161452,7.40850385739477,7.41302584455362,6.61283513499092,7.26781669664387,7.01829454577712
2023-10-11,6.94184822816784,8.14093153832031,7.34844133824376,5.85342518461636,7.03225240170398,6.83121112782083,7.10599645971115,6.09427881942333,6.03797829919796,6.27525513203241,5.90436187363957,6.13302862494414,6.55127322900709,5.81278268314909,6.60694451012122,7.77731487340201,6.79106419006653,6.91454577421927,6.63960024786339,6.70032675148834,6.47939627640274,6.81292673434232,7.91760619617715,5.25076110904609,7.24677951961166,7.45194216713171,7.0098996301275,8.03385319004614,6.79453056681251,6.80970072190805,6.10048297973487,7.01519210955864,6.61217677419053
2023-10-12,7.16880248737586,8.70467679714035,7.83547013658888,6.63305787820679,8.26482761300525,7.3643711363737,7.30211967522644,6.92684697925271,7.80698603009569,7.48842913821307,7.30855300150935,7.27061630757991,7.28879313436158,6.81475184138626,7.16389509695854,8.45195013438221,8.01892235205885,7.16858855163653,7.68920995310093,8.03144597809908,7.65064047986484,7.44050548421438,8.35936302234039,7.70343044899825,7.85455298297129,8.35890661145203,7.22462626655776,8.49087862996346,8.27389253194344,8.21390941925524,7.04450049897041,7.72540415758174,7.23525484356854
2023-10-13,7.12702501774183,9.50597043457614,7.71777316379576,5.82824911929494,8.16839298031939,7.78497923613868,7.28031269920545,6.51923736209137,8.42459800908806,7.96281049740455,7.27772751506367,9.5364886766144,8.44182090307156,9.58568080548607,7.07227400439285,9.05852855598121,9.05629080774493,7.37741074680214,8.75264753969458,8.15888115449849,9.46784754753672,7.97450326806704,9.47321357816884,7.47924728130184,7.68558601108594,8.20943120958347,7.33226351520401,8.79729695215702,8.49472452762945,8.49700102607502,6.92429054112466,7.67916589739218,8.15014116313507
2023-10-14,7.52988477243818,10.7222646336415,8.37433489511388,8.42150038311931,10.0842035636299,7.98112358098211,7.57295680595344,8.61698014019929,8.65524698120565,9.08059448577004,8.24030712369939,8.92366827513877,8.37157040827213,8.33748380860992,8.16312433017567,10.3476431555336,9.71436790860886,7.95303723424655,9.18266583331261,10.0240220378933,9.27456262198662,8.35100975313367,10.4902368350522,7.38000393390695,7.81317608051806,9.6969207488595,7.49720495533642,9.53854625784133,10.4141342834162,10.2342766330253,8.58188222431938,8.77381918953437,8.10222711679791
2023-10-15,7.17607393328314,9.00641189657392,7.75780171757261,7.85725616465098,7.96086751304764,7.52023926973303,7.25987868376944,8.02529907157658,8.53414226551593,8.69441656641331,8.06863478646401,8.11544089782116,7.66441762875953,7.68552070316625,7.64937605779367,8.63714068956473,8.94546760431253,7.43351070060128,8.12244447835742,8.13969752485132,8.54202532116981,7.60010073633383,8.89066716267902,7.5100503347224,8.23487881828667,8.05980135165155,7.24951486325143,8.68182917551082,8.21828868901585,8.22812653683767,8.22810955542278,7.55922423988262,7.50264195687228
2023-10-16,7.22341607971362,8.85380548486139,7.93402685612449,7.21178043135528,8.4212807482576,7.62678331996592,7.33263509654646,7.43499199288018,7.70142951385036,7.87113673111216,7.34299838070178,7.8752469415637,7.62713614062762,7.52984083264106,7.41665301602395,8.61436971612618,8.38097076065236,7.33167191285753,8.03593809193371,8.32105353348818,8.13348738601779,7.63810370874235,8.60752996138268,6.85799923485491,8.42101496002368,8.39473017153165,7.30541812388367,8.64909734214601,8.54045068210279,8.47475354414439,7.48446227457387,7.82497332113781,7.55472800601591
2023-10-17,7.52937492309552,11.0005245594036,8.59957752963,9.1099232104157,9.99758235721963,8.78884099002803,7.58192650189835,9.16316126788939,9.41986481004507,9.61252485706048,9.03116232856573,11.8412106936106,9.90186472249289,12.5341802308616,8.37659669401867,10.5003348250703,9.87018208801921,7.96517271006559,10.1659333384904,9.97688922468557,10.9307589400745,8.9327303570796,10.6363580045181,8.6849866651202,8.61335252934979,9.8153635327421,7.69913337222603,10.0480830330325,10.2643011314248,10.1084192559606,9.18898540415495,8.70226512992615,9.54199083722799
2023-10-18,7.27961792347295,8.15193082517569,7.96203851469615,7.73333521425453,8.54641519180333,7.84872434395437,7.35465690621412,7.81875187202572,7.57713144392289,7.96734271254715,7.44244951326829,8.12228094768664,7.7967749015357,7.91753444903349,7.58984145352303,8.14960375761222,8.32149565588402,7.32508223476838,8.15519684927495,8.52714880607837,8.20541505702341,7.74123973233687,7.93429161587311,6.69530239812144,8.97997287141457,8.29700651667898,7.3769767945874,8.26666141110099,8.72737619282506,8.63232549638162,7.75764263872583,7.91962402088064,7.77169233451778
2023-10-19,7.26080004969129,11.0384109166579,8.036325073614,7.38780332689452,8.78080495709965,8.36557212872484,7.37810940059112,7.72089518109799,8.62127510108307,8.57995268364914,7.94575747198711,11.8800554399562,9.76241669459445,12.9511305539462,7.61189864657555,10.2691121455944,9.17313253849225,7.73552026327151,9.68184106305388,8.67230378483058,10.7237053143638,8.58707163360908,10.854179435869,7.70293037350247,7.33179328157568,8.99246573402239,7.5125103841814,9.79127489185388,8.91826434810122,8.87097680434547,7.92817836898563,7.99254982277106,9.34822807035312
2023-10-20,7.04597000904378,8.83460883885682,7.69782622643045,5.79263792384403,7.69016687681194,7.55450805191461,7.220579963955,6.02559628782047,6.31097175945921,6.11798819044294,6.15297712510525,7.8443012774627,7.57216607501278,8.2944105359517,6.6380819570867,8.44167677289164,6.6457019170333,7.1366825907253,7.38447765114562,7.19507088449907,7.32196391890902,7.34241178223502,8.6759077330498,6.44032408172878,8.19450289578841,7.9087540588111,7.24077641747929,8.62191644032586,7.40980796728979,7.34519912823071,5.97335829956004,7.39752686611476,7.64836243130945
2023-10-21,6.73161147953841,6.62027066305517,6.79693850813781,5.11115930286784,5.71927105411224,6.41618206720528,6.90167391119196,5.2451194684659,4.70041319369925,5.00787100053915,4.90843201887947,4.58062621330798,5.61671326509844,4.31040738581302,6.03572168222094,6.43933298126562,5.33156037753197,6.64924921573234,5.41115336351144,5.39467466314858,4.95610538999773,6.10774039275354,6.72060436209852,4.21397688691306,7.58337848429188,6.13604040220857,6.83159956242134,7.02417412708733,5.34971443658793,5.4177923904054,5.15627421650546,6.30020214740458,5.9078277531067
2023-10-22,7.02282965797204,7.54746164134406,7.14849015176226,7.3650338744302,7.01370478666202,7.11709137543073,7.08953159782489,7.19342928364663,6.15989106219648,6.70639188837931,6.5643304579024,7.13788878584577,7.12327441991069,7.41940909028663,7.04691032133713,7.38714402387463,6.57828626775331,7.10848251267658,6.92852696703047,6.87823753761361,6.84537857682921,7.03842252558751,7.52223505637366,5.71373609413714,7.10834101394551,7.15514406880044,7.09284891093154,7.44564828723722,6.82719508794466,6.81111268170585,7.00486578890786,7.03814263128317,7.17709360620305
2023-10-23,7.13211053614624,8.21118042392041,7.55713080871564,6.92247496933087,7.81532301326712,7.47735583760372,7.22667110361377,7.09475698525726,7.37108249837405,7.39857939960073,7.11303070232286,7.70787097003246,7.49033642174463,7.60323745110153,7.18085107896172,8.0519377614567,7.76857992724824,7.26555143445405,7.68031735142644,7.75518789610739,7.76003118270758,7.43888610029729,8.18291972318818,6.9374632754022,8.04814910548425,7.74249637973424,7.23587420036673,8.03775913554402,7.909535798362,7.86864434791033,7.13544118171705,7.50033366908416,7.45905921588327
2023-10-24,7.33488920351442,8.53568482351132,7.71465468708992,8.11402396175182,8.76720402747881,7.63341341380532,7.35642893557979,7.99717857793289,7.23740562018355,7.64744984281186,7.44641606915526,7.97160553123367,7.78099373843874,7.95935123682809,7.64422346887405,8.49840231189059,7.74612738778584,7.521808808379,8.01158059290511,8.62493986542916,7.79971929839795,7.73763681646092,8.43699220191867,6.93753256033951,7.42847169063142,8.4004134316946,7.33608781020112,8.01243183516726,8.81834213974276,8.6653486959509,7.75637497769324,8.05385866757124,7.73064922829848
2023-10-25,6.98205659011795,8.5220735927343,7.28434749868001,6.70295708634012,7.06501090046929,6.98892009618908,7.10347907783295,7.07536220607726,8.12260795259059,8.09720082502759,7.41407866457717,7.55831227117175,7.2417907985072,7.0862513933384,7.14138233943713,8.07572334009958,8.57005517554667,7.11920624451998,7.59573218302085,7.21659326436825,8.13347679830539,7.22679312235426,8.39957183140258,6.94108502199957,6.89152791639328,7.46463226482441,7.05401966225501,8.13038856305404,7.25362224905562,7.35041880302123,7.43686959912366,7.03542364166554,7.02668403906737
2023-10-26,7.17269873145824,9.75275956244734,7.85435287788501,8.70162955467167,7.93619755847241,7.28639436956172,7.25734811750218,8.58803121466774,8.11708961014001,8.72581026953973,8.10656262892562,7.87678874775739,7.52244365230769,7.57077143984935,7.82318426568183,9.10337324340944,8.57074816798288,7.41778155909042,7.8522742348511,7.93592880925936,8.18743014367646,7.46152748439768,9.31904744018164,6.94253757872322,7.39109082943262,8.46341931327188,7.17397838543962,9.21212477513395,7.87627574292803,7.88895482260548,8.63129731216235,7.49490382211593,7.35421352011568
2023-10-27,7.32290003133347,9.51693677406657,8.31945447364359,7.77888890213859,8.96768308047833,7.71265841951609,7.43419181522686,7.62651205572738,6.76308195310645,7.04934457044073,7.10456899409462,6.89098149845544,7.23095037436934,6.66427506652354,7.44912849726447,9.19768780345025,7.13106425525579,7.48942928113796,7.48513616954468,8.46097107987866,6.90616764737897,7.47526807211135,9.16215368853154,6.93502554835689,9.21534289633438,8.92679433277371,7.35670878891431,9.31548854348963,8.68262149587328,8.4991368714377,7.29713476060468,8.12436692222617,7.40604316515074
2023-10-28,7.31736235106639,8.16242322727837,7.45245382825958,7.12330219890947,8.82424013864874,7.72472341385608,7.33983845715496,7.23655033125086,7.08434814043984,7.18216014922584,7.0144078362549,8.92554244575134,8.31174721814933,9.32162796492222,7.34635059006442,8.2647917250201,7.66699442710815,7.44140836591413,8.38524144276816,8.63539988690797,8.32466381099226,7.97845282856364,8.16329183642894,6.9359226243667,6.42155500104213,8.27300895814142,7.36925943178259,7.41026760502264,8.95930368582911,8.79152630640798,7.06249415040025,8.10684419148008,8.1564899080667
2023-10-29,7.21436703793159,8.8462339137941,8.37187974499681,7.50369869254876,8.27717212977175,8.15097783157088,7.36157558059298,7.55894749414687,7.42204606181928,7.63910375838226,7.33329641438171,7.94160828379869,7.66695589564624,7.87843738217436,7.41549381277684,8.58521120025744,7.88741594819461,7.37589574660919,7.88311673414599,8.12630486926087,7.90769997330542,7.58770009649673,8.65758181277972,6.93807507859295,11.2244102969653,8.26460811875823,7.43432206546312,9.3552103023922,8.28361536694432,8.20594110464714,7.5044549037178,7.74479866223322,7.83457230339699
2023-10-30,7.3794679234891,9.19610042004935,8.46752321546444,6.87443442681198,9.44163809847607,8.19424531667808,7.5107021675753,7.08933760267977,7.11381176590198,7.14338701661045,6.92361362740244,8.05477623321564,7.90330527448602,7.92238993969989,7.34863206419913,9.10015160819051,7.85593891124193,7.47955680425311,8.26911952624389,9.01971893593777,7.93806054271827,7.92223272913658,8.93373661244681,6.93569594798416,9.98690220737265,9.04944582596708,7.51881615020622,9.15746648342674,9.45213170927533,9.24578269915601,6.90852716037975,8.42432068771899,8.00416091284048
2023-10-31,7.250822443219,9.23662165696858,7.93756894349194,6.67020912956854,8.6956257135536,8.0614418295028,7.36706782072636,7.0228163774806,7.6121191222305,7.58537875870179,7.10775762822304,9.54537228625234,8.56575404492714,9.91256768094211,7.28014906446864,8.97622233106215,8.34605259986862,7.4452782970467,8.70570518054048,8.51391919976614,9.04665793079417,8.07513933785663,9.11392259167168,6.93810346746112,8.23550095719108,8.52407307576822,7.43894556176968,8.73931807738822,8.84507757567381,8.74648327476555,7.07890396526099,7.9916675716975,8.41148200169837
2023-11-01,7.29497642876942,8.52982864299985,7.99356659774157,7.68771370601996,8.76394857918609,7.58436797631742,7.37866766182065,7.70150791010387,7.34016237398644,7.61923683012833,7.34590776369646,7.52732226713827,7.51410537399403,7.24594914655972,7.52080703499494,8.43092302972264,7.88617269762557,7.26888057127667,7.86532564293009,8.50795266788473,7.65332244561737,7.61680060596709,8.09820391818312,6.9376959782958,8.03765201553226,8.67417704447527,7.31425757558879,8.4046750277858,8.72500989275689,8.59650605615126,7.55575101604142,8.01917571792038,7.49920036890778
2023-11-02,7.1297014479105,7.48911670870858,7.53443313089111,7.7461557620121,7.61522654227,7.47452913907813,7.19952885391602,7.70718376040701,7.4476527919673,7.73075481265404,7.45213139317047,7.81245809338192,7.51804156171779,7.82541949077179,7.4018227838821,7.45248228847333,7.73546788635068,7.09953122725654,7.62359819131351,7.63840977389649,7.76983928069514,7.39676200603482,7.26451735104834,6.93860053633716,8.05186333626541,7.64562302194359,7.22150241346745,7.70441771268349,7.66420437171292,7.64220850466776,7.68930724390685,7.37905464987945,7.4925530085401
2023-11-03,7.17840113570447,9.32462271575035,7.74310857124739,8.45943150799924,7.75588796517178,7.65623709175342,7.23710643283615,8.42529224880083,8.15315375040435,8.68969439678604,8.0331139343952,8.14169503729132,7.67306328651076,7.88954245913706,7.77521294990094,8.86695944114314,8.66928471701372,7.68274840195165,8.0037677254706,8.01597566295573,8.39128953490714,7.55030194327025,9.48707792580423,6.94246650414739,8.98740118401467,7.7790487552895,7.27659959685576,8.93216491116743,8.0009647291742,8.00915233213656,8.49856396272419,7.45654922104994,7.59409633712038
2023-11-04,7.3233578842589,9.79994497805959,7.86222966692544,7.8327419144003,8.82035362690634,7.98750269947523,7.37560726239091,7.96084653690247,7.88751794678709,8.23689245717817,7.64845609214279,9.45884785883351,8.53368541870821,9.67736912113143,7.69889024337275,9.44475267911539,8.66050716323403,7.78091099273107,8.77614975525539,8.8135183695768,9.09916994108227,8.11011741705675,9.87510314400032,6.94033122869762,7.87454279233195,8.54493854760248,7.42931871352285,8.87880295698812,9.05163967260965,8.94609756008906,7.93186012820553,8.07196033587696,8.33755235289574
2023-11-05,7.19733024399277,9.17128400326752,7.38361053131665,9.04467985131749,7.66891390823177,7.63648204594622,7.19216410546965,9.08123887733674,9.0173854919717,9.77135035419405,8.64724777810385,9.46954345298158,8.3304796554981,9.32162796492222,8.12154226616851,8.75908547363963,9.78898038738077,7.78263921082047,8.73820192692668,8.3028966460636,9.66848877734467,7.88865049163011,9.4523341256301,6.94701662263248,7.50820749024631,7.60031997478782,7.27036944698881,8.36782454057884,8.23709027951165,8.30219112036553,9.32022872918298,7.42006440196889,7.97668894884507
2023-11-06,7.20558314615976,10.0347723875355,8.01385157816594,8.07347527951602,8.18682655185223,7.86483868593118,7.30875184311251,7.92393752376147,7.26232703119108,7.64660503689392,7.47021042232855,8.71378217787618,8.06770551815531,9.18941365134635,7.51702402160589,9.41955369697952,7.56130616157245,7.61214253204279,7.9925751221249,7.93919416036653,8.14485390099639,7.6783725640709,9.89425625242822,6.93788255170487,8.67096092409231,8.4177968816128,7.34804486881022,9.49702892179332,7.99503594160088,7.9200198405531,7.77555653589423,7.6666452930014,8.06227760657312
2023-11-07,7.50205758444791,10.2822920691852,8.55745475890631,9.67328238128607,9.56184901741452,8.21656928883582,7.53144514311931,9.38825899637021,8.00880599879463,8.94771608804119,8.34440366065536,8.43330863929158,8.08139842765363,8.13026934252417,8.35621633057996,9.92103538389196,8.83940057859297,7.98691720897453,8.60922696196556,9.53322840507818,8.51539037922907,8.06063966908386,10.1156951850761,6.9422529615488,9.92129389648126,9.25990065907576,7.52832020202765,9.81191384916716,9.68855455616588,9.51238380255469,9.09861308801665,8.47909305474573,8.07667880317342
2023-11-08,7.54771350895172,10.5972356952005,8.71771352607883,8.16828153128656,10.2590463967871,8.2242655702561,7.62927305624613,8.21931520253251,7.61735150491898,8.08339818706979,7.59890416954473,8.26328910254595,8.09275577331633,7.85735123013781,7.93871264042709,10.2882107729072,8.62790921516677,7.89483250344574,8.7212841976736,9.88974230232842,8.35957210548408,8.19288620341262,10.2997459108554,6.93891251518773,9.43858096011145,9.82356537376199,7.57113049631603,9.89616295297569,10.3205833466612,10.0680459949077,7.94216833771234,8.87480270184916,8.08350280615342
2023-11-09,7.24409994586222,8.82563400111262,7.8150854715277,8.16831614674236,8.33348164442923,7.69884329069737,7.30872675630254,8.06658397266035,7.48796310681536,7.91495358624985,7.60220338421886,8.5907273498952,8.01807771660914,8.82917721756181,7.62460196831792,8.56354249689601,7.92158473690035,7.38003171867301,8.10537400186376,8.20487801443465,8.24940694315099,7.72906690136343,8.52781100344219,6.93894550178641,7.72003572341795,8.38266204460585,7.31788994870403,8.49623205228518,8.29391848009652,8.21294620888672,7.94596012502648,7.76814202881395,7.92579107627521
2023-11-10,7.2946770721918,8.28752771836505,7.61740298017483,8.16693725058519,8.39927178602499,7.58668954809128,7.30745103174356,8.01757656834327,7.2298584614727,7.65135906168226,7.47078017077394,7.37792540621438,7.42832401294314,7.16727812359505,7.61794083346779,8.28164918041208,7.65710780574963,7.60241596605339,7.7057144940335,8.39661346871081,7.43562364867351,7.53685300576405,8.44650270961026,6.93763149065737,8.21461372942765,7.92935389886873,7.30724075144783,7.91520034756165,8.53676209294507,8.40793498494721,7.79491543022941,7.86565359059541,7.46384921303745
2023-11-11,7.41780529765374,9.70108691897827,8.35829641367598,8.16620180432683,9.43925097205496,7.89899902378207,7.49519770007839,8.04040142488317,7.13540526065081,7.56644240699562,7.40068445683096,7.72593291589246,7.72498967186848,7.56195032455886,7.71433582865908,9.44442106858289,7.74278602238622,7.62840301081316,8.06844165825226,9.0331730200741,7.64129952022529,7.81568454155257,9.35871988763155,6.9369306513931,8.80995881318128,9.2181973231189,7.43621734904204,9.25991640068403,9.30887323099115,9.10034264733773,7.71435442854961,8.40268920411434,7.78234009751545
2023-11-12,7.23378812632313,9.63619480000477,8.07210119344465,8.16690084595787,8.38486996834136,7.45263368410383,7.33618491703726,7.98459647879575,7.19508173388871,7.60837102205342,7.46731042935721,7.12971397996473,7.24598083996409,6.91339238297254,7.55308463212894,9.13687300555428,7.50339289646157,7.4418566315145,7.47040922671345,8.05591061518717,7.23497828453003,7.37618748135209,9.24982254468081,6.93759679907803,8.31860184865166,8.65129389085182,7.24875034782997,9.27302557542077,8.12732793247188,8.03229931049725,7.79092765653572,7.77033124929855,7.2979764589412
2023-11-13,7.30618346896338,9.77334220396931,8.26590838400511,8.16837123127721,8.70122404250768,8.31844579600236,7.39999459847386,8.10118518170994,7.52708110142966,7.96260094307437,7.60745351603141,9.37674047325429,8.48887587339799,9.85718641304972,7.69150235027538,9.36698077501044,8.08331518531017,7.69372440717578,8.53098062999432,8.55342871401714,8.74920626650735,8.00683292730908,9.68756213438469,6.93899799427575,9.83318961185229,8.60659856456832,7.50390967239723,9.50319505962365,8.71262520506462,8.59744354444251,7.95199410134226,7.98557885100299,8.4901142521242
2023-11-14,7.3041799439966,10.0208726795431,8.08657324641689,8.16735205969306,8.76745706214042,7.87283731999398,7.38564665938068,8.04490629000789,7.31861103204648,7.74496740516338,7.51031581357052,8.68927549264885,8.13240111175567,8.99645908320034,7.64563816907577,9.53277491560745,7.79495726404633,7.64839367687807,8.21293796122646,8.47628523401677,8.22420162394496,7.84002224992874,9.79399619232853,6.93802678060096,8.17418220923999,8.8117440212567,7.3864482645552,9.33376552718649,8.62889783413603,8.50053882597731,7.84035374316731,8.0051613196223,8.08247014618776
2023-11-15,7.30491814196439,10.088347344508,8.39936576874198,8.16590537997615,8.73695901710679,8.26159006340989,7.41607891608285,7.96684441725911,7.02430453944,7.43811804383808,7.37243211853408,8.66174199451231,8.13665748798753,9.14148487219026,7.58425903629978,9.59362803890129,7.39409002276841,7.72017276625952,8.09816329333813,8.38668770690528,8.00319975678146,7.81177986673963,9.96843588448172,6.93664817552016,10.2376786666044,8.71958597031493,7.48823876138596,9.8473848897389,8.53398910711132,8.38490684898292,7.68188401709414,7.99587049936905,8.27086029915571
2023-11-16,7.4236079775781,9.75833558038763,8.17224582147445,8.1680209006455,9.40816828099408,7.98976805879758,7.47529229544653,8.14198620694157,7.50849938252339,7.95618084387155,7.57406334582382,8.59752166995833,8.17292427223627,8.58001969567356,7.79851229110964,9.51195827079454,8.26272023067937,7.74575841207928,8.51851470239077,9.18323753104485,8.38534005003633,8.04153436282155,9.59807571096286,6.93866414872363,8.29022611924793,9.06114431967649,7.46262770279182,9.03924123380199,9.47319694640768,9.28693165628772,7.91361877984443,8.40071979579852,8.10095306297889
2023-11-17,7.50283309738476,8.94054451943326,8.22814247582781,8.16952918410218,9.78819901125251,8.3215789329903,7.53138561243985,8.26410761870353,7.85128645590096,8.32241492924833,7.71781852102826,9.38419633910857,8.63969511946627,9.39368567003218,7.94565739702441,9.02081069748488,8.86929494281147,7.69039643051741,9.09317477046113,9.72116164226844,9.10968352855265,8.37337861660356,8.78256951052782,6.94010145873245,8.71412166751368,9.10422835631262,7.58003420382035,8.52198423969942,10.1067532459669,9.8970184793892,8.07883659787742,8.64779628165956,8.50950727162263
2023-11-18,7.15753499730225,8.39985318173762,7.60508237701582,8.16692987012334,7.71534760486508,7.42682438492343,7.21720978248076,7.94734003633734,7.166726188701,7.57038404841802,7.47007673563314,7.42996727704227,7.34360063109417,7.47044606682601,7.47506848854866,8.14915233646243,7.33165606455363,7.35884141036941,7.39264418552629,7.63407049055363,7.32993406796349,7.30652577959053,8.30106171094903,6.93762445748888,8.10331803344317,7.78387086913895,7.21299922056351,8.24862694063301,7.61973025956641,7.56807591852624,7.79410697224572,7.42907309840246,7.38478241802332
2023-11-19,7.148038448847,7.70692859218579,7.57612251884598,8.16600189384782,7.62823597197484,8.03558080972436,7.20514989490099,7.89219003353972,6.97346219734397,7.36778194418073,7.38163089908826,9.73713545666376,8.5818687958745,10.9453087332967,7.42533309022166,7.61802422389576,7.0510081457384,7.19768260388353,8.09921490379262,7.52119671066068,8.45513358124346,7.76666623849697,7.52067424137607,6.93674014785674,8.24033800302112,7.66570099141768,7.36989043301106,7.87625297816079,7.49222071770484,7.43289129776317,7.69245617527602,7.3853027029207,8.5643802745912
2023-11-20,7.46820868929507,8.9507453226229,8.18402889307371,8.16805369368835,9.49659094991255,8.30908669152035,7.49568546316549,8.16647607999689,7.53522092294441,7.98897063719114,7.57718886549928,8.7866956425501,8.31034938972254,8.7758563639445,7.84628218882616,9.00305335570953,8.37702039656673,7.80011944634703,8.69387372855624,9.43319673514137,8.53722843749211,8.16089074397162,9.03215262296933,6.93869539866441,9.48932531501417,8.74408303131999,7.56317346329765,8.60383564988847,9.77352734978631,9.56259091811101,7.91721093950244,8.49706482438578,8.30934279344569
2023-11-21,7.41853231209278,10.0713857406866,8.54404779846271,8.16657220679215,9.38135493955068,8.38192222138337,7.51045410802004,8.06085455643276,7.21117003706868,7.6455373598564,7.43598768253643,8.58181944328729,8.17875976089941,8.75204943293248,7.73100328898472,9.74186377083557,7.84758265877522,7.82858352665225,8.39367175430733,9.06120333428037,8.16490019092684,8.00555254926597,9.98169254688623,6.93728362428314,10.4145965861554,9.05167808307718,7.56308580058844,9.76534421984043,9.33929508074964,9.13555424464118,7.75492842466689,8.38405058172413,8.29375500706447
2023-11-22,7.30491814196439,9.34635628333715,8.04540674522436,8.16660776417161,8.74095683504408,7.78790788294423,7.37965710913219,8.00492710980489,7.16735571403745,7.58730542650366,7.43937667237897,8.24701523494831,7.90586500098436,8.45078504723005,7.61443205721689,9.02949616519767,7.58956210582862,7.4989827773566,8.006662217498,8.43218019290975,7.87576560960749,7.73482599991156,9.03300258249231,6.93731750848254,8.16391600980585,8.73045689139409,7.36430480070944,8.92618893106187,8.58246391643728,8.44324114635136,7.75882339057906,7.99723207452723,7.90073538891116
2023-11-23,7.34871589728107,8.82150926660035,8.08402354858794,8.16660776417161,8.89030044929595,8.01313607524035,7.40704211096001,8.02723008446503,7.18703762097729,7.6126650075534,7.43937667237897,8.3595263660579,8.00203436096582,8.5411942419291,7.65995858097666,8.71781689839743,7.69284256572678,7.53741276692657,8.15114014355329,8.67555360317374,7.98009261217544,7.8358837086238,8.64926291301735,6.93731750848254,8.96604309994465,8.58908948909334,7.43993989347595,8.64700816761278,8.87516494972292,8.7112631637317,7.75882339057906,8.11313317861418,8.04374099801199
2023-11-24,7.18380440644165,8.79894273330882,7.8685284567073,8.16660776417161,8.00808302425568,7.65196161739038,7.27335679725365,7.94325279442439,7.11292942541925,7.51717869124021,7.43937667237897,8.162421410384,7.76111785869257,8.52869764769263,7.48853776610441,8.45367349555329,7.30396111522241,7.28753277171942,7.68550191465027,7.75918079760167,7.71166773817342,7.5036825248352,8.43319678867877,6.93731750848254,8.21298022204594,8.25151780710966,7.28235080853996,8.70243102533644,7.7730590673471,7.70208106879576,7.75882339057906,7.56778170899947,7.78073928109847
2023-11-25,7.24674357071568,7.40320384921969,7.17527310926562,8.16660776417161,8.07012439708283,7.25705546861867,7.22393497223282,7.97530308046723,7.14121313003278,7.55362144557932,7.43937667237897,7.44278878178199,7.42783440623219,7.38285782615784,7.55396124128079,7.5567069010398,7.45237935686119,7.38304564404345,7.58825139071708,8.10891833409821,7.37762826499896,7.46095490303574,7.47827328610143,6.93731750848254,6.43764735603317,7.6334925572351,7.20292430437872,6.94324139732884,8.19368241399894,8.08723966103375,7.75882339057906,7.68237359316614,7.36212190965407
2023-11-26,7.21302467916627,7.7627487027805,7.5181116397185,8.16660776417161,7.98352870102709,7.44362205243205,7.24356251333984,7.95813252963976,7.12606047938228,7.53409768330037,7.43937667237897,7.50130787011737,7.43144160653826,7.52335171138038,7.51891141038928,7.75583718325251,7.37286608954193,7.29842993659741,7.52722862822103,7.92155070378556,7.37701015892922,7.41410556665438,7.6444795930363,6.93731750848254,7.66852926674894,7.8195008481206,7.23872172473766,7.66535165672791,7.96833857328394,7.88089563103599,7.75882339057906,7.60280981315461,7.44679144035822
2023-11-27,7.5449608511305,8.85209600548008,8.2772850025712,8.16940909748222,10.0360948115225,8.03945136082007,7.56656474143895,8.27904918679991,7.84576043669061,8.32130098787913,7.70637301122313,8.06552552035154,7.97037030950461,7.43057737031068,7.98428932041127,9.01120099570575,8.93521747451269,7.69347029138517,8.72965851499944,9.94747741245557,8.40932624568936,8.16431557583759,8.66179296972658,6.93998702288152,8.67134517328128,9.25172014237096,7.52164164900213,8.43567138957892,10.3800058968196,10.144847444772,8.0656822738429,8.79478236992074,7.8938332223062
2023-11-28,7.28706190873439,9.88036894771601,8.28332170457708,8.16606846016831,8.61097367292324,8.06952097150242,7.3897687925657,7.966593625021,7.04949402609441,7.46241746751677,7.38797536505864,8.21117709638082,7.87887580276583,8.49782501197741,7.57270358762639,9.41658349093143,7.39736772594118,7.67868878122278,7.91133025917822,8.29802747392719,7.7617232607101,7.68694090404696,9.76792058226886,6.93680358184739,9.886555533831,8.60020482407832,7.43094963520383,9.62401006965084,8.42591056643434,8.28917906497172,7.69974786980264,7.92644675153113,8.00764868499804
2023-11-29,7.38086113666145,7.8724332235597,7.92195201786052,8.16600604802143,8.96380500566715,7.81630982753019,7.40476115277024,8.01097473596549,7.07893449804885,7.50347225131139,7.38202683524458,7.4505549645037,7.54980754339746,7.24962490399245,7.66752412216032,8.07005723297434,7.60118859666734,7.45561219671843,7.86965896459435,8.81520448221245,7.42623803832491,7.68874970444178,7.75842519396017,6.93674410655248,8.76207454126603,8.3871539807504,7.400298578144,7.87973691816564,9.04846481219994,8.85800353853254,7.69291122468719,8.18590158028189,7.63768763013153
2023-11-30,7.18486192222151,8.50268869123343,7.60775071923561,8.16831614674236,7.94206606008887,7.61484413225467,7.2418014640091,8.03641840525574,7.46134262683491,7.88065384986197,7.60220338421886,8.75516705052834,8.05738666290708,9.1652162771129,7.56302572379897,8.24817540435211,7.78189423721987,7.30950236362717,8.01948825273455,7.87570681087651,8.28216546045454,7.65990489129924,8.25123368265655,6.93894550178641,7.34711576879781,8.05878480756465,7.27338305813458,8.19838379919337,7.89802990991609,7.85043688650236,7.94596012502648,7.54686804289631,7.94230624624678
2023-12-01,14.6456151490211,15.2944060059955,14.1587525636621,15.6277899809435,12.9363104505941,14.1314468244868,13.9888515495726,15.2991702191179,12.5156454767589,14.5469855523087,13.3850575408375,14.8620544189306,14.3085231980394,15.4297325591668,14.8259326092493,14.7361177190741,14.0615446925769,14.7997283895946,13.8830120433815,13.143865199121,14.4864092449886,13.8808218110909,15.2691334517447,9.58196430775678,14.843532275275,13.817818145821,14.055924218104,15.3085771229143,12.6037228734863,12.7996690677493,15.0938755423969,13.3427334497162,14.3084956399969
2023-12-02,14.509263898124,13.3845903770669,13.9502217050781,15.5427625559205,12.1427774484035,14.0827769086894,13.8714259903755,14.7451037394831,12.0523470871075,13.017983531146,13.5493664582477,14.6169158593603,14.1675105038137,16.3023247269602,14.3257549157697,13.1074514130645,11.5612340772657,14.1620304302104,12.8981401466335,11.888551906175,13.1043371192338,13.4662311321097,12.9480246204832,12.3301655771138,14.6337433430634,13.3238645805337,13.9925241148281,14.331655140606,11.1737895216052,11.3348314927165,14.3394180096618,12.8748123153247,14.4312214054232
2023-12-03,14.5205181914025,13.6757530214067,13.7033042820834,14.745027933337,12.4061715440761,13.7201580416972,13.8776127710182,14.8802849077154,15.3633648637758,15.7024952928255,14.9952719071266,15.4114590293879,14.4555158232982,15.6241262055516,14.6992598359958,13.3879110717676,15.3873363266583,14.1893258902165,14.2889363645981,12.931088904431,15.5321306518815,13.93665769153,13.291144573329,13.7675504179044,12.9019497092201,13.4878205247401,13.9145461078931,14.0072431547526,12.4107316390679,12.7384086087234,15.3595096391047,13.0301274234537,14.1395172456556
2023-12-04,14.7262696281023,15.3082316296142,13.9357140214777,17.3000611717374,13.0134684076614,13.8757129558661,13.9750323663263,16.641501763173,12.8705341079214,15.4800275732752,14.1327675476347,14.8138878233022,14.2825702085056,15.2290692572868,15.4076627147063,14.7640344315022,14.4839147372954,14.9802181690374,13.960532586282,13.449236864408,14.5941205553835,13.9072525955018,15.2805476222641,9.47160436643049,13.4830951246047,13.8658469585843,13.9940695681938,14.9537421414739,12.7489782325139,12.9495829884613,16.3245205104281,13.3882310392287,14.1655813717053
2023-12-05,14.7055062495839,15.3637357113817,14.2149074132775,15.5016053998762,13.3232252530784,14.0871190216118,14.0413849337727,15.1738660942261,11.7305990531205,14.1667388024403,12.7813324802446,14.4454285340505,14.153698545658,14.8685716335858,14.8041934656804,14.8761083264682,13.8801312725469,14.8441602877643,13.8094442137319,13.4161418103128,14.1549211121206,13.8871781835604,15.3263707309561,8.29405696662195,14.6365339316173,14.0586625034242,14.0690125473287,15.2545869379258,12.9573620191984,13.1004458909918,14.8083280287375,13.5708847840545,14.1854582267294
2023-12-06,14.9408921449328,14.8911802954401,14.6626427430046,15.5134388164727,14.7264915342738,14.4972937006811,14.2572289732522,15.6313836196293,15.4636442519881,16.1110706616209,15.2282561827886,15.2042460819938,14.6738909011687,14.7764683853861,15.3163936608369,14.8343401655325,16.1683152870645,14.8406590391147,15.0999759517838,15.1274739408196,15.689610338489,14.565063364752,14.6313388893482,13.7084325431788,15.2158822250661,14.9321591075106,14.2664053530682,15.0279698859971,14.9602418611777,15.0581084966902,15.8005851038704,14.398346210785,14.4905380793801
2023-12-07,15.0538188316717,16.0401249743084,14.8165952521852,15.5069266078452,15.3997103416833,15.4650033614094,14.3544690931259,15.3161639572051,14.2667273612754,14.7476782592702,14.6928019459518,18.0793446192676,16.3921034348414,19.6358733915139,15.1384667819051,15.8583672243071,14.5214756422722,15.2380678870892,15.8581292527612,15.3097334757172,16.3963907495857,15.2644382705749,16.0129400335901,14.051328512608,15.235611410907,15.3512202293801,14.5646566541526,15.5696063633883,15.2404973607174,15.1782351401909,15.0675953364781,14.7953218969721,16.2778757384976
2023-12-08,14.8488147772822,14.9022104023197,14.6785333166955,16.3341766622529,13.9786736942229,13.9759851449357,14.1685994609701,16.0384719001138,14.9758500997164,15.7817291615523,15.3459452288845,12.5648581962252,13.1973656906907,11.5534367825689,15.317702340782,14.6738411364589,15.1048502228271,14.8560012531004,13.660250760803,14.3218675217967,13.6852889997988,13.7318475751427,14.7015211309591,13.8792856030788,16.3255959838084,14.4666620364891,14.0806253100489,15.3930742977495,13.9126256568477,14.0386047357962,16.0418923774892,13.957381851308,13.3135462101334
2023-12-09,14.7131418781297,14.3883268965645,14.4537088002792,15.6968983726595,13.324438925928,14.5083483005776,14.0663001986886,15.5938573025584,15.6167824719705,15.9194082381545,15.5604032649332,15.6553656362272,14.7359309298142,15.95929145235,15.0832970301574,14.1360866751242,15.3263050802553,14.5798656852025,14.6082882071876,13.7693454751753,15.55267474745,14.2295637513955,14.1102256054458,14.7551906737051,15.9198486737078,14.0594179830697,14.1795337801652,15.0803037216124,13.3130214941449,13.5280529466955,15.8663747033033,13.5716004482739,14.6456907119513
2023-12-10,14.8410926776417,14.9160379983225,14.3942054756205,16.6341928390995,13.8061166599302,14.8238659914401,14.1208277813317,16.0732456684635,14.3760963847183,15.1827036767078,15.2033087070722,16.4889450572202,15.3245181400969,17.7154379246376,15.2436063303658,14.6706011340543,14.1154478809569,14.9583959001447,14.7115241673702,14.0172121420898,15.3227821385007,14.4764563424701,14.8661360322245,14.0563366349234,15.3515437233957,14.2475525423667,14.2971856341398,15.0667388929563,13.5382748778065,13.6265859051621,15.87785058718,13.868899878389,15.3148127967868
2023-12-11,15.0291975931705,14.2847071440782,14.769554022505,17.6829484741601,14.6639169344088,14.7839075995611,14.2638625829881,17.2927155782088,15.1798337503452,16.9298526470743,15.7080507054995,15.5061772546625,14.838939431993,15.2456061350251,15.9964388476755,14.3905771890256,16.2996809169483,14.9806344884217,15.1865028100421,15.3446173921063,15.8194944449922,14.6259333297929,14.0432008572151,12.5081896848316,16.3412220057574,14.7574989269149,14.3415583653779,14.8947457410248,14.9451246002629,15.0392232751244,17.1894867774845,14.3775699401453,14.728831643756
2023-12-12,14.8329127935004,14.4218627690291,14.4926495400327,18.8352537859003,13.3285842606551,14.4854034561673,14.068517933775,17.9005461210124,15.6653935644828,16.9039975769716,16.7281422217617,15.5193734512838,14.6833688145589,16.0410541765775,15.985537387092,14.1395067903529,15.0236495038009,14.8311655541296,14.3901578119415,13.9289116888017,15.1751280565175,14.1536018957196,14.0294203973581,14.873487137622,15.7795465657607,14.1636754956249,14.1707294913916,15.1478645920148,13.120433329171,13.3105967998747,17.7952652183448,13.5619657744399,14.6539176212585
2023-12-13,14.71812465654,11.4642735826184,13.4486709846522,14.3582156579946,13.2169769141119,14.3507543756829,13.9710565398026,14.3925435895765,13.6620132645829,14.3416391210773,13.8251119276911,15.8917519477356,14.9584748968726,16.6864100148727,14.5596224532952,12.1099608703552,14.2980924497011,14.3112320477938,14.5546848191846,13.7119128984544,15.2041429614687,14.3223534394001,11.6303836344111,12.3700791256824,13.5961206193897,13.0302244907334,14.1614149207343,12.1349003620481,13.4482058842299,13.5773683336667,14.4072529545823,13.622553014807,14.8291528807067
2023-12-14,14.5877998565835,12.8276121414982,13.532011319037,12.2511424640435,13.0939065030462,14.3275294509781,13.957972049027,13.009171880401,14.8848797871749,14.5239866592351,13.8115197467906,16.7540009291146,15.3198084731672,17.3684840924173,14.0546664280815,13.0489092444933,15.3814959909645,14.2545688797809,15.1132904017488,13.5602542653844,16.3447566923878,14.5089614629833,12.977386667293,13.551010849098,13.2632914167186,13.2545476669507,14.1385115938264,13.0285040049249,13.4927377995568,13.7169414558957,13.5737036633588,13.5142322672942,14.9746412051216
2023-12-15,14.7830011040937,13.5513080103048,14.3747769951357,16.1281495027234,13.5280996551328,14.5946968488314,14.0878935934944,16.0057124592208,15.1853184577911,16.202524504911,15.2775451163844,15.7943905305885,14.8411512071024,15.9507157077936,15.3162728109792,13.5981983625982,15.756333391919,14.571448030708,14.853427575561,14.1684082142313,15.8166463184186,14.3670110510134,13.3249505777445,13.1329005468881,15.9427414686063,13.9587188357662,14.222171983367,14.4358064814397,13.7290416967223,13.9280125959683,16.1737969726565,13.7187159946629,14.7149650434707
2023-12-16,14.1754990401873,11.4510814402879,12.455581486433,10.5401121837753,10.9978551521565,12.2855236045793,13.5955345840547,10.8307531313239,9.77341561330154,10.3951862743184,10.2134735538363,10.8353348827261,12.0344675998226,11.0234991289269,12.6064670302968,11.5531076853513,10.8358038033329,13.558555011575,11.2862311029102,10.6369351353969,10.9245436270339,12.43159221459,11.5379212819502,8.69810544314511,10.3192326102671,11.8512925068549,13.4705760356709,11.6540669719931,10.3083293054883,10.5457217686076,10.729184984836,12.2899612913344,12.1992655394064
2023-12-17,14.3456562140136,11.3914272718973,12.4493670420932,13.0505096395835,11.3981127028168,12.4966005075037,13.6436218370316,12.9058410724261,10.9611427781912,12.0681729962867,11.7891604042169,11.9380215890328,12.6559527427279,12.2554853884002,13.5590924056257,11.6022949536523,11.7723858199537,13.846660282134,11.9771886127139,11.4117681967055,11.8750643793943,12.8193216395337,11.4550561003947,9.67128250646299,9.7980730153201,12.0823934406955,13.5525967928393,11.4341434547577,10.9012051298373,11.127314851699,12.7141287672094,12.5281245973921,12.6689349012501
2023-12-18,14.438721701469,11.4779649996991,12.8648468706004,12.1398427747758,12.0668733479246,13.355934695616,13.7725041404273,12.2056736798883,10.4552090379885,11.4374793788163,11.1359729883475,13.1717958922507,13.4379283350414,13.9808499903263,13.3534432757349,11.8689954533388,11.6606771713992,14.0101621023976,12.6283012523719,11.9588807385917,12.5074699255298,13.2913587056053,11.7787398568581,9.2158339856918,12.006563929631,12.2773200388701,13.8275534949845,11.8032940355741,11.6864784966317,11.8225646914455,11.9347252211863,12.9487685132053,13.5663433374133
2023-12-19,14.7259296391732,13.1814061769775,14.3513006280869,15.1749150964937,13.2700279895374,14.7087709908945,14.0613310751767,15.1469122278545,13.3274191604056,15.0385837555058,13.6653589909291,15.1975384893848,14.5341415920695,15.3973589194487,14.9018952142199,13.328701700587,15.0192783690933,14.5754172058566,14.4410869901632,13.8227005413931,15.1602113866119,14.1712988668075,13.2534494922089,10.1972685669362,17.2172470077424,13.490317913119,14.2444960898352,14.3358962431315,13.4542037226189,13.6331689819726,15.1187141937617,13.6031004060327,14.5925103846645
2023-12-20,15.1294131989957,15.3306804629336,14.8337708523172,17.4354091269736,15.4001629313415,13.9817788844126,14.3555966826027,16.9715347594904,15.0821056115421,16.2684308146656,15.7389838954259,12.3363094339727,13.2776564114743,10.9205675739634,15.8839949348836,15.3130204231516,15.5722877186764,15.2037603249675,14.0990757749445,15.7061122827673,13.6909204657223,14.0870498498354,15.0911094395734,13.860978518562,15.1795125057647,15.3825314427343,14.1724605901522,15.2113658837236,15.4421598588225,15.425541669289,16.7196657028839,14.7919025324444,13.3165095347638
2023-12-21,15.0147874745636,17.2282965857133,14.8046247902828,16.594975558527,14.9813202853257,14.8609083394897,14.2990939249177,16.3885621174248,15.5956100099757,16.3184561476431,15.7749044956401,16.4869299582592,15.4066284369688,16.8047855055472,15.6180704177017,16.6298002761417,15.8608279847961,15.5329099864556,15.4888581199692,15.2985018128872,16.1775398229442,14.8633367966683,17.3348657329391,14.4487024216602,15.2557183146325,15.2495349309786,14.3738136501429,16.3697635305547,15.0423329134507,15.0991269104174,16.395417116496,14.5297512318808,15.2085777177215
2023-12-22,14.9683114103517,14.9724635722761,14.9275227777745,16.0775577456893,14.793557597686,15.205240072155,14.2908850916199,16.0083175950188,15.5453282291583,16.177524467718,15.542225031436,17.1825299632493,15.7502601918714,17.7774576145284,15.4523826010114,14.892241799074,15.9180795312497,14.8646397982367,15.711987781829,15.1400523405473,16.6196084043174,14.9765352417121,14.6267961709201,14.2419899659515,16.3276931845177,15.0577227501323,14.4543394876376,15.4258504389674,14.9129212064246,14.9924254441842,16.0943191087839,14.4279356644458,15.588069922114
2023-12-23,14.5522652631437,11.9004442310238,13.3168776701205,15.1408376931193,12.1442424455329,14.1500841317463,13.8228926609045,14.9453263554863,14.8235243895887,14.9784932550434,14.9917720330808,16.0708506264218,14.8799151877866,17.1488810955187,14.6435313674481,12.1493684482561,14.1717376125176,14.2498616266178,14.211782901715,12.7601083757939,15.2477200692671,14.0288576340185,11.9921415324248,14.5498547769022,13.5777125782736,12.5810988378651,14.0334465573614,12.6451065503762,12.1949734172758,12.448850865076,15.1705748167693,12.9640236231729,14.7336989818053
2023-12-24,14.6620262346786,14.8066565884174,14.1423146986673,16.8447883340705,12.6490980742378,14.5437596758454,13.9568976817987,16.2018781493567,14.9072132560281,15.4878637087892,15.677353759693,15.9467084442463,14.8655885737994,17.0908148221882,15.1651062482795,14.3448427768481,14.0169294157101,14.8994083409112,14.1582367026997,13.0729640957421,15.0093102408316,14.0499452146685,14.9157623039037,14.8600288126324,15.7909430333709,13.445296706697,14.1517676971193,15.1622055617939,12.3655312205545,12.5758628013969,16.1942619613801,13.1963893009804,14.8977277325637
2023-12-25,14.688265451363,12.6092728970747,13.7120145208931,16.6380894432082,12.7203530063772,14.2891185739913,13.9273166191882,15.9727008975426,14.5436167822033,15.0643540062235,15.420390110585,15.6903038774689,14.7775556188082,16.8727097424256,15.0656036179048,12.7569999662138,13.6246385885636,14.4606409816784,14.0319039677144,13.1372135221974,14.6687075911013,14.0293104768268,12.510559650723,14.8153026369695,14.1243164209072,13.2072556727819,14.0984869294136,13.3326708090253,12.483618537254,12.6515478329348,15.8725073586484,13.2719540796797,14.7664271350612
2023-12-26,14.8608221031851,12.5019342535212,13.4892940502476,17.7489185918744,13.3063704927691,14.0510890936197,13.9833534224879,17.1262647937405,15.3281930048359,16.4941074274084,16.0621973308768,15.0689128878466,14.495125940827,15.2059867558613,15.7361981255234,12.8908964721886,15.2311026626916,14.8741324769257,14.4444579049085,14.2448555849068,15.06870144431,14.1921978597179,12.774631952319,14.1282291021975,13.3514377500262,13.2044797078565,14.0846156953768,12.7056341449057,13.6353274125287,13.7919623946662,17.0638987264941,13.6611749197377,14.3123343535296
2023-12-27,14.8446436518965,12.9616225360901,13.7893603372098,15.3996847776687,13.8666827464451,14.2101273501187,14.0779012672107,15.6880064866853,16.0433666196091,16.7448793874673,15.4480054098527,15.7370509319129,14.8384029763024,15.2398558371456,15.3373904549968,13.3245896760575,16.9352366493359,14.6834736993054,15.3278778951262,14.8377440944957,16.4031531191576,14.576097224514,13.0832986165384,13.5042067085873,13.6589822531424,13.737946841834,14.1565552459292,13.1314084301561,14.5951052378077,14.7946467386861,16.0996189872697,13.969632708266,14.4408211729847
2023-12-28,14.2513666339884,11.6354723834761,13.3440350296106,10.7269781178179,11.3690288034762,12.9668396175728,13.7342399151928,11.1554914366012,10.0511448630611,11.0270160079717,10.2902957531706,10.1355564926587,11.6817698035571,9.54805448902763,12.8530291117068,11.7941366073817,11.7699501963165,13.7236599112912,11.409865577479,11.2125029627862,10.9945126872635,12.4470968649664,11.831733390482,7.9420494159641,15.0956669572914,12.0059040210177,13.6738922285629,12.8959421732663,10.9527092651359,11.1896939336464,11.1097090531234,12.5179108253928,12.1037956909147
2023-12-29,15.0435676843864,14.1644970964664,13.8372983275645,17.3965481294839,14.5527740441738,14.6741424626668,14.1665206055279,17.0397347995283,16.6348619785094,16.9842203484855,16.8016948793351,17.0855602224997,15.7153654580812,17.5905042974775,15.897475275653,14.4005780765221,16.1141314872468,15.3270651559405,15.7371990712274,15.4074921234322,16.5991119510926,14.9957274551469,14.5744216745278,16.275153101505,13.1933505109578,14.1290574902416,14.3240876963524,13.5425955613233,15.0649152798177,15.1331984894434,17.1207080037407,14.3784712568866,15.3507384888626
2023-12-30,14.6235068734197,12.0503615036396,13.3582305438729,14.754005000812,12.6014481290963,13.7283021635837,13.8851598415384,14.3743986025309,11.2617980523898,13.1054170026329,12.432537412953,13.4056165354952,13.6013407951078,13.919839973536,14.3561875856715,12.3939313966853,12.6705449595292,14.3907094127872,13.0541245629212,12.8117032007449,13.0110160345522,13.5143694039364,12.2911718083048,9.20682413999398,13.6232944036525,12.7437967668785,13.9550179999108,12.5881086090282,12.3584783274056,12.4793994507946,13.9503364566127,13.2481048107019,13.7497906260625
2023-12-31,14.8867048770576,14.5269982763009,14.1599059347879,15.3833594951034,14.1356092751428,14.6140758159969,14.1480633249184,15.6507135587485,14.2556737377287,16.2355585184513,14.0844835069573,15.9661178932323,15.0076087409632,15.6197934009478,15.3382810390868,14.5660878498897,16.777647555237,15.1377409753534,15.4413492978854,15.0130697219089,16.4384716421344,14.6846825843478,14.9757763300728,9.79522390121497,15.3623237200724,13.9376043072278,14.2784776014882,14.3948429524206,14.815644988559,14.9782689119507,15.7780267233381,14.1243779614232,14.7304852318283
